# Blender 4.3.2
# www.blender.org
mtllib Bone_Collision1.mtl
o Bone_Collision1
v -0.018441 -0.002470 0.030252
v -0.018093 -0.002747 0.030475
v -0.018280 -0.003142 0.030090
v -0.017984 -0.002079 0.030710
v -0.017752 -0.003211 0.030464
v -0.018127 -0.003683 0.029868
v -0.017713 -0.002572 0.030787
v -0.018542 -0.002041 0.030202
v -0.018342 -0.000708 0.030069
v -0.018402 -0.001451 0.030264
v -0.018166 -0.000748 0.030303
v -0.017721 -0.002039 0.030868
v -0.017708 -0.001132 0.030790
v -0.017843 -0.000516 0.030519
v -0.018144 -0.000274 0.030057
v -0.017771 0.000341 0.030054
v -0.016128 -0.013693 0.031830
v -0.016249 -0.013008 0.031942
v -0.016893 -0.011613 0.031112
v -0.016379 -0.012132 0.032088
v -0.016496 -0.011144 0.032189
v -0.016560 -0.010355 0.032269
v -0.016585 -0.009814 0.032293
v -0.016701 -0.011353 0.031612
v -0.016571 -0.009261 0.032270
v -0.016537 -0.008860 0.032229
v -0.016457 -0.008314 0.032145
v -0.016381 -0.007976 0.032069
v -0.016138 -0.007228 0.031815
v -0.015935 -0.018680 0.030222
v -0.016716 -0.017182 0.029610
v -0.016021 -0.016756 0.030895
v -0.016024 -0.018298 0.030367
v -0.016114 -0.017595 0.030517
v -0.015890 -0.017970 0.030729
v -0.016485 -0.015843 0.030184
v -0.016634 -0.014942 0.030179
v -0.016079 -0.014748 0.031346
v -0.016031 -0.015562 0.031108
v -0.015925 -0.014776 0.031623
v -0.017327 -0.013336 0.029713
v -0.016729 -0.013541 0.030708
v -0.016059 -0.014057 0.031756
v -0.016019 -0.014309 0.031684
v -0.017298 -0.011653 0.030327
v -0.017115 -0.011038 0.030776
v -0.017047 -0.012662 0.030485
v -0.016725 -0.012455 0.031196
v -0.017607 -0.009159 0.030154
v -0.017734 -0.009706 0.029882
v -0.017189 -0.009569 0.030884
v -0.016914 -0.009856 0.031464
v -0.017488 -0.008553 0.030344
v -0.017110 -0.008987 0.031065
v -0.017324 -0.008122 0.030538
v -0.016943 -0.008459 0.031307
v -0.017053 -0.007816 0.030864
v -0.017730 -0.007199 0.029483
v -0.017013 -0.007484 0.030752
v -0.017088 -0.007019 0.030286
v -0.016615 -0.006925 0.030843
v -0.016825 -0.006648 0.030248
v -0.016509 -0.007456 0.031487
v -0.016411 -0.006647 0.030765
v -0.016533 -0.006390 0.030176
v -0.015955 -0.006834 0.031623
v -0.016185 -0.006148 0.030021
v -0.015783 -0.006013 0.030288
v -0.017502 -0.003818 0.030175
v -0.016855 -0.004611 0.029920
v -0.016162 -0.003802 0.030117
v -0.017290 -0.002510 0.030962
v -0.017206 -0.002807 0.030878
v -0.017322 -0.003336 0.030537
v -0.017097 -0.003886 0.030225
v -0.016710 -0.002279 0.031150
v -0.016734 -0.002850 0.030912
v -0.016961 -0.003519 0.030447
v -0.016650 -0.003336 0.030540
v -0.016638 -0.003834 0.030227
v -0.016242 -0.003003 0.030745
v -0.016341 -0.002425 0.031103
v -0.015937 -0.002677 0.030894
v -0.016197 -0.003398 0.030388
v -0.017394 -0.000992 0.030980
v -0.017111 -0.002058 0.031109
v -0.017269 -0.001549 0.031076
v -0.017178 -0.000518 0.031007
v -0.017011 -0.000932 0.031163
v -0.016844 -0.001603 0.031231
v -0.016922 -0.000519 0.031135
v -0.016472 -0.001850 0.031289
v -0.016428 -0.000673 0.031334
v -0.016340 -0.001073 0.031397
v -0.016046 -0.001322 0.031426
v -0.015907 -0.001886 0.031296
v -0.015731 -0.000421 0.031429
v -0.017525 0.000453 0.030227
v -0.017364 0.000927 0.030001
v -0.017288 -0.000056 0.030652
v -0.016975 0.001010 0.030330
v -0.017229 0.000382 0.030479
v -0.016967 0.001285 0.030156
v -0.016707 -0.000074 0.031048
v -0.016556 0.000393 0.030846
v -0.016650 0.000637 0.030666
v -0.016714 0.000906 0.030472
v -0.016720 0.001332 0.030166
v -0.016482 0.000717 0.030584
v -0.016495 0.000984 0.030297
v -0.016145 -0.000350 0.031339
v -0.016093 0.000153 0.031099
v -0.016284 0.000414 0.030867
v -0.016262 0.000595 0.030581
v -0.016297 0.000806 0.030161
v -0.015993 0.000277 0.030988
v -0.016134 0.000395 0.030731
v -0.016022 0.000287 0.030473
v -0.016066 0.000593 0.030076
v -0.016398 0.001362 0.029816
v -0.015727 -0.018926 0.030270
v -0.015441 -0.018465 0.031143
v -0.015370 -0.018803 0.031010
v -0.015571 -0.019057 0.030274
v -0.015164 -0.019121 0.030815
v -0.015365 -0.019167 0.030277
v -0.014995 -0.019246 0.030645
v -0.015132 -0.019239 0.030287
v -0.014753 -0.019316 0.030423
v -0.015704 -0.016744 0.031392
v -0.015559 -0.017878 0.031242
v -0.015636 -0.017317 0.031326
v -0.015745 -0.016272 0.031443
v -0.015795 -0.015732 0.031483
v -0.015850 -0.006654 0.031524
v -0.015731 -0.006530 0.031462
v -0.015572 -0.006143 0.030926
v -0.015575 -0.006376 0.031359
v -0.015371 -0.005929 0.030638
v -0.015119 -0.006062 0.031188
v -0.014740 -0.005568 0.030136
v -0.014695 -0.005833 0.030996
v -0.014683 -0.005620 0.030452
v -0.014184 -0.005515 0.030470
v -0.014145 -0.005599 0.030661
v -0.013978 -0.005386 0.030058
v -0.015882 -0.002282 0.031116
v -0.015561 -0.002953 0.030586
v -0.015592 -0.003380 0.030169
v -0.015511 -0.003699 0.029902
v -0.015558 -0.002153 0.031115
v -0.015183 -0.002620 0.030687
v -0.015044 -0.002137 0.030944
v -0.014890 -0.002975 0.030235
v -0.015023 -0.003237 0.029964
v -0.014750 -0.002287 0.030703
v -0.014468 -0.002609 0.030225
v -0.014340 -0.002141 0.030468
v -0.015565 -0.001612 0.031333
v -0.015723 -0.000861 0.031448
v -0.015383 -0.001299 0.031364
v -0.015301 -0.000750 0.031391
v -0.014879 -0.000556 0.031205
v -0.014662 -0.001145 0.031060
v -0.014240 -0.000872 0.030720
v -0.014429 -0.000440 0.030812
v -0.014396 -0.001334 0.030840
v -0.014235 -0.000456 0.030607
v -0.014227 -0.001684 0.030601
v -0.015623 0.000086 0.031330
v -0.015694 0.000246 0.031212
v -0.015761 0.000315 0.030802
v -0.015911 0.000196 0.030416
v -0.015880 0.000320 0.030081
v -0.015611 0.000335 0.031016
v -0.015370 0.000180 0.030515
v -0.015377 0.000058 0.031349
v -0.015342 0.000220 0.031181
v -0.015215 0.000158 0.030586
v -0.015442 0.000116 0.030049
v -0.015203 -0.000124 0.031329
v -0.015042 -0.000003 0.031176
v -0.015246 0.000244 0.031032
v -0.015005 0.000096 0.030765
v -0.015132 0.000080 0.030311
v -0.014855 -0.000331 0.031150
v -0.014999 0.000017 0.030369
v -0.014653 -0.000260 0.030943
v -0.014651 -0.000149 0.030820
v -0.014713 -0.000059 0.030602
v -0.014642 -0.000072 0.030272
v -0.014331 -0.000277 0.030485
v -0.014631 -0.000168 0.030015
v -0.014618 -0.000107 0.029757
v -0.014108 -0.000376 0.030372
v -0.014275 -0.000135 0.030096
v -0.013546 -0.005431 0.030254
v -0.014079 -0.002424 0.029993
v -0.013934 -0.000876 0.030368
v -0.014103 -0.000538 0.030463
v -0.013875 -0.001950 0.030104
v -0.013903 -0.001359 0.030335
v -0.013821 -0.000552 0.030226
v -0.013449 -0.001026 0.029938
v -0.013506 -0.000198 0.029886
v -0.014077 -0.000176 0.030221
v -0.013884 -0.000265 0.030208
v -0.013835 0.000021 0.030029
v -0.013659 -0.000032 0.029956
v -0.024976 -0.009715 0.008145
v -0.024938 -0.005759 0.008582
v -0.024888 -0.013092 0.008104
v -0.025129 -0.012617 0.006942
v -0.025195 -0.010675 0.006733
v -0.024877 -0.011563 0.008490
v -0.025206 -0.008387 0.006760
v -0.025222 -0.007464 0.006464
v -0.025138 -0.006308 0.006780
v -0.025051 -0.005530 0.007523
v -0.024891 -0.004141 0.008134
v -0.024919 -0.004061 0.007426
v -0.025036 -0.004968 0.007082
v -0.024967 -0.004503 0.006874
v -0.025204 -0.014820 0.004791
v -0.025007 -0.015067 0.005874
v -0.025116 -0.015016 0.004758
v -0.024935 -0.015205 0.005193
v -0.025162 -0.013771 0.006388
v -0.025195 -0.014318 0.005833
v -0.025251 -0.013169 0.005909
v -0.025145 -0.014711 0.005734
v -0.025251 -0.014405 0.005105
v -0.025285 -0.013560 0.005188
v -0.025257 -0.013227 0.004970
v -0.025254 -0.011949 0.005747
v -0.025243 -0.012453 0.005307
v -0.025211 -0.011609 0.005347
v -0.025134 -0.011821 0.005111
v -0.025117 -0.012197 0.004941
v -0.025015 -0.011350 0.004996
v -0.025277 -0.009795 0.006045
v -0.025280 -0.010415 0.005748
v -0.025247 -0.008950 0.005673
v -0.025239 -0.010630 0.005355
v -0.025184 -0.008966 0.005511
v -0.025169 -0.010110 0.005301
v -0.025142 -0.010635 0.005129
v -0.025038 -0.009828 0.005234
v -0.024976 -0.010649 0.005031
v -0.025259 -0.008687 0.005867
v -0.025192 -0.007470 0.005806
v -0.025055 -0.008006 0.005566
v -0.025081 -0.008947 0.005403
v -0.024917 -0.009018 0.005329
v -0.025142 -0.006422 0.006381
v -0.025225 -0.007232 0.006133
v -0.025165 -0.006805 0.006013
v -0.025092 -0.006411 0.006120
v -0.025115 -0.006883 0.005869
v -0.024912 -0.005869 0.006034
v -0.025028 -0.007202 0.005698
v -0.024866 -0.006454 0.005851
v -0.025034 -0.005473 0.006436
v -0.024933 -0.004783 0.006481
v -0.024894 -0.005000 0.006293
v -0.025146 -0.014928 0.004465
v -0.024948 -0.015171 0.004594
v -0.024975 -0.015049 0.004377
v -0.025235 -0.014590 0.004623
v -0.025238 -0.014199 0.004613
v -0.025224 -0.013406 0.004790
v -0.025171 -0.013611 0.004625
v -0.025160 -0.014426 0.004413
v -0.025022 -0.013163 0.004582
v -0.025063 -0.014734 0.004301
v -0.025023 -0.014144 0.004357
v -0.024975 -0.011738 0.004908
v -0.023390 -0.012039 0.014627
v -0.023271 -0.010139 0.015820
v -0.023384 -0.008343 0.015834
v -0.023157 -0.008710 0.016706
v -0.023156 -0.007868 0.016840
v -0.023373 -0.006391 0.015977
v -0.023149 -0.006875 0.016869
v -0.023169 -0.006174 0.016704
v -0.023208 -0.005321 0.016285
v -0.023110 -0.004773 0.016345
v -0.023166 -0.003881 0.015447
v -0.023150 -0.000484 0.015863
v -0.023089 -0.000832 0.015789
v -0.023409 0.000154 0.015397
v -0.023156 0.000234 0.016010
v -0.023050 0.001304 0.015938
v -0.023295 -0.000219 0.015666
v -0.023296 0.000608 0.015616
v -0.023885 -0.014963 0.012478
v -0.023463 -0.015910 0.013740
v -0.023266 -0.015550 0.014727
v -0.023161 -0.016343 0.014093
v -0.023363 -0.016163 0.013738
v -0.023516 -0.013706 0.013838
v -0.023912 -0.009226 0.013880
v -0.023515 -0.010703 0.014689
v -0.023538 -0.009868 0.014902
v -0.023750 -0.008370 0.014619
v -0.023620 -0.007768 0.015118
v -0.023910 -0.006988 0.014431
v -0.024113 -0.005928 0.013954
v -0.023594 -0.006532 0.015290
v -0.023549 -0.005727 0.015354
v -0.023861 -0.004252 0.014114
v -0.023926 -0.005041 0.014271
v -0.023317 -0.004338 0.015458
v -0.023486 -0.004947 0.015342
v -0.023696 -0.003813 0.014217
v -0.023757 -0.003444 0.013758
v -0.023661 -0.003046 0.013533
v -0.023260 -0.003579 0.014940
v -0.023453 -0.003326 0.014292
v -0.023301 -0.003088 0.014279
v -0.023029 -0.003261 0.014971
v -0.023126 -0.002772 0.014052
v -0.023642 -0.000256 0.013862
v -0.023505 -0.000430 0.014811
v -0.023421 -0.000728 0.014630
v -0.023255 -0.001035 0.013825
v -0.023493 -0.000639 0.013598
v -0.023226 -0.001001 0.015278
v -0.023314 -0.000669 0.015376
v -0.023125 -0.001410 0.014998
v -0.023084 -0.001286 0.015212
v -0.023225 -0.001141 0.014709
v -0.023178 -0.001535 0.014528
v -0.023134 -0.001769 0.014090
v -0.023246 -0.001266 0.014062
v -0.023763 0.001625 0.014087
v -0.023800 0.001030 0.013977
v -0.023603 -0.000084 0.014527
v -0.023635 0.000450 0.014521
v -0.023651 0.001046 0.014490
v -0.023758 0.000524 0.013827
v -0.023859 0.000841 0.013362
v -0.023451 -0.000238 0.015200
v -0.023453 0.000802 0.015046
v -0.023569 0.000618 0.014763
v -0.023848 0.001978 0.013670
v -0.023782 0.002370 0.013746
v -0.023629 0.001698 0.014380
v -0.023632 0.002367 0.014146
v -0.023527 0.003315 0.013810
v -0.023348 0.001676 0.014930
v -0.023288 0.002132 0.014849
v -0.023358 0.002940 0.014404
v -0.023132 0.001973 0.015288
v -0.023019 0.002699 0.015003
v -0.023112 0.003024 0.014719
v -0.023368 0.004032 0.013539
v -0.023062 0.003638 0.014431
v -0.023169 0.003941 0.014050
v -0.023796 -0.015785 0.012410
v -0.024021 -0.015335 0.011850
v -0.023566 -0.015446 0.013637
v -0.023602 -0.015964 0.013051
v -0.023755 -0.015534 0.012832
v -0.023676 -0.016025 0.012411
v -0.023511 -0.016212 0.012331
v -0.023722 -0.016110 0.011691
v -0.023461 -0.016222 0.013066
v -0.023223 -0.016392 0.013414
v -0.023250 -0.016390 0.012938
v -0.023259 -0.016318 0.011879
v -0.024054 -0.012899 0.011947
v -0.023644 -0.013129 0.013389
v -0.024102 -0.011820 0.012108
v -0.023720 -0.012124 0.013360
v -0.024355 -0.010071 0.011984
v -0.024333 -0.011793 0.011239
v -0.024107 -0.009876 0.012974
v -0.024318 -0.007449 0.013225
v -0.024428 -0.007967 0.012608
v -0.024487 -0.006285 0.012847
v -0.024561 -0.007179 0.012354
v -0.024658 -0.006389 0.011989
v -0.024617 -0.005869 0.012216
v -0.024312 -0.006448 0.013414
v -0.024536 -0.005180 0.012431
v -0.024333 -0.005244 0.013232
v -0.024178 -0.004396 0.013344
v -0.024429 -0.004379 0.012467
v -0.024300 -0.003679 0.012394
v -0.024415 -0.003412 0.011553
v -0.024032 -0.003633 0.013218
v -0.023945 -0.003080 0.012896
v -0.024142 -0.002971 0.012163
v -0.023928 -0.002567 0.012225
v -0.023461 -0.002858 0.013657
v -0.023675 -0.002516 0.012715
v -0.023798 -0.002211 0.011925
v -0.023474 -0.002507 0.013021
v -0.023119 -0.002621 0.013698
v -0.023228 -0.002415 0.013055
v -0.023583 -0.000344 0.013442
v -0.023628 -0.002128 0.012084
v -0.023559 -0.000468 0.012566
v -0.023374 -0.000768 0.013286
v -0.023325 -0.000860 0.012891
v -0.023424 -0.000616 0.013031
v -0.023472 -0.002096 0.012212
v -0.023374 -0.001005 0.012161
v -0.023187 -0.001328 0.013688
v -0.023179 -0.001173 0.013281
v -0.022998 -0.001445 0.013203
v -0.023124 -0.001124 0.012850
v -0.023283 -0.002019 0.012093
v -0.023261 -0.000975 0.012585
v -0.023167 -0.001299 0.012235
v -0.023958 0.001336 0.012955
v -0.023920 0.000663 0.012693
v -0.023858 0.000195 0.012445
v -0.023955 0.000585 0.012235
v -0.023881 0.000217 0.012083
v -0.023652 0.000010 0.013201
v -0.023478 -0.000407 0.012949
v -0.023625 -0.000223 0.012543
v -0.023712 -0.000172 0.012041
v -0.024024 0.001718 0.012113
v -0.024000 0.002570 0.012110
v -0.023823 0.002964 0.013206
v -0.023993 0.002125 0.012814
v -0.023944 0.002940 0.012511
v -0.023742 0.003467 0.012930
v -0.023866 0.003325 0.012217
v -0.023605 0.003499 0.013419
v -0.023651 0.003793 0.012378
v -0.023660 0.003758 0.012127
v -0.023539 0.003905 0.012894
v -0.023398 0.004186 0.013008
v -0.023182 0.004588 0.012401
v -0.023211 0.004391 0.013402
v -0.023124 0.004658 0.012939
v -0.023096 0.004620 0.012123
v -0.024382 -0.014995 0.010409
v -0.024288 -0.015635 0.010296
v -0.024212 -0.015496 0.010889
v -0.023983 -0.015806 0.011408
v -0.024090 -0.015895 0.010566
v -0.023970 -0.016009 0.010378
v -0.023901 -0.015959 0.011339
v -0.023816 -0.016075 0.011064
v -0.023556 -0.016213 0.011641
v -0.023709 -0.016120 0.010532
v -0.023061 -0.016324 0.011543
v -0.022922 -0.016225 0.010635
v -0.024392 -0.013927 0.010480
v -0.024061 -0.013932 0.011795
v -0.024502 -0.011465 0.010596
v -0.024417 -0.012777 0.010571
v -0.024742 -0.009622 0.009797
v -0.024543 -0.010337 0.010912
v -0.024724 -0.008585 0.010311
v -0.024503 -0.008838 0.011850
v -0.024625 -0.008864 0.011088
v -0.024667 -0.006889 0.011773
v -0.024740 -0.006526 0.011218
v -0.024803 -0.007286 0.009918
v -0.024851 -0.005419 0.009490
v -0.024717 -0.005582 0.011405
v -0.024655 -0.004975 0.011610
v -0.024768 -0.005330 0.010750
v -0.024722 -0.004205 0.010210
v -0.024602 -0.004217 0.011332
v -0.024579 -0.003410 0.010438
v -0.024228 -0.002615 0.011227
v -0.024392 -0.002677 0.010411
v -0.024074 -0.002219 0.011106
v -0.024246 -0.001935 0.009416
v -0.023878 -0.001975 0.011227
v -0.023909 -0.001754 0.010591
v -0.023675 -0.001820 0.011345
v -0.023666 -0.000241 0.011399
v -0.023672 -0.001502 0.010546
v -0.023517 -0.001239 0.010101
v -0.023457 -0.001914 0.011781
v -0.023524 -0.000744 0.011951
v -0.023423 -0.001747 0.011522
v -0.023305 -0.001506 0.011584
v -0.023372 -0.001489 0.011213
v -0.023508 -0.000932 0.011534
v -0.023436 -0.001482 0.010881
v -0.023413 -0.001207 0.010979
v -0.023371 -0.001278 0.010783
v -0.023438 -0.000564 0.010787
v -0.023328 -0.001206 0.010368
v -0.023288 -0.000993 0.010502
v -0.023114 -0.001799 0.011742
v -0.023216 -0.001665 0.011693
v -0.023120 -0.000362 0.010286
v -0.023951 0.000575 0.011813
v -0.023864 0.000286 0.011654
v -0.023931 0.000701 0.011555
v -0.023945 0.001328 0.011613
v -0.023822 0.000478 0.011252
v -0.023745 0.000829 0.010960
v -0.023740 0.001356 0.011021
v -0.023769 0.000012 0.011878
v -0.023672 0.000085 0.011174
v -0.023614 0.000193 0.010970
v -0.023549 0.000526 0.010654
v -0.023520 0.000800 0.010579
v -0.023431 0.000229 0.010637
v -0.023431 0.001775 0.010652
v -0.023277 0.001115 0.010372
v -0.023137 0.000303 0.010296
v -0.023268 0.000611 0.010324
v -0.023993 0.001918 0.011751
v -0.023846 0.003246 0.011921
v -0.023843 0.003007 0.011709
v -0.023868 0.001895 0.011326
v -0.023710 0.002911 0.011389
v -0.023698 0.001772 0.010971
v -0.023511 0.002500 0.010929
v -0.023548 0.002913 0.011149
v -0.023000 0.003229 0.010663
v -0.023087 0.002355 0.010457
v -0.023650 0.003645 0.011845
v -0.023527 0.003633 0.011580
v -0.023322 0.004145 0.011886
v -0.023167 0.003673 0.011112
v -0.024797 -0.014806 0.007825
v -0.024486 -0.015166 0.009718
v -0.024530 -0.015315 0.009030
v -0.024488 -0.015486 0.008416
v -0.024258 -0.015769 0.009810
v -0.024375 -0.015624 0.009250
v -0.024204 -0.015827 0.009463
v -0.024120 -0.015787 0.008532
v -0.023972 -0.015988 0.009727
v -0.023845 -0.015856 0.008420
v -0.023705 -0.016036 0.009594
v -0.022858 -0.016050 0.009443
v -0.024694 -0.013962 0.009051
v -0.024634 -0.013219 0.009509
v -0.024602 -0.014734 0.009317
v -0.024709 -0.011791 0.009501
v -0.024709 -0.010367 0.009824
v -0.024922 -0.007600 0.008721
v -0.024834 -0.004424 0.009097
v -0.024758 -0.003453 0.008617
v -0.024717 -0.003072 0.007964
v -0.024565 -0.002778 0.009222
v -0.024569 -0.002564 0.008391
v -0.024408 -0.002216 0.008990
v -0.024329 -0.001886 0.008115
v -0.024054 -0.001659 0.009673
v -0.024114 -0.001509 0.008541
v -0.023763 -0.001305 0.009709
v -0.023881 -0.001260 0.009050
v -0.023833 -0.001071 0.008274
v -0.023676 -0.000974 0.008764
v -0.023362 -0.001032 0.009722
v -0.023463 -0.000873 0.009044
v -0.023426 -0.000684 0.008292
v -0.023106 -0.001074 0.010086
v -0.023073 -0.000895 0.010190
v -0.023113 -0.000616 0.008782
v -0.023137 -0.000501 0.008229
v -0.022944 0.001094 0.010075
v -0.024785 -0.015052 0.007405
v -0.024733 -0.015252 0.007088
v -0.024493 -0.015523 0.007496
v -0.024604 -0.015422 0.007097
v -0.024298 -0.015687 0.008431
v -0.024415 -0.015561 0.007129
v -0.024097 -0.015705 0.007513
v -0.024072 -0.015603 0.006739
v -0.023492 -0.015724 0.007364
v -0.024884 -0.014180 0.007781
v -0.024827 -0.003971 0.006664
v -0.024830 -0.003666 0.007143
v -0.024701 -0.003309 0.007004
v -0.024556 -0.002495 0.007771
v -0.024493 -0.002475 0.007256
v -0.024723 -0.003595 0.006706
v -0.024482 -0.002942 0.006791
v -0.024225 -0.002305 0.006837
v -0.024325 -0.001967 0.007499
v -0.024276 -0.002100 0.007088
v -0.023978 -0.001280 0.007795
v -0.024053 -0.001582 0.007324
v -0.024097 -0.001923 0.006994
v -0.023653 -0.001230 0.007142
v -0.024053 -0.002240 0.006726
v -0.023614 -0.000838 0.007922
v -0.023751 -0.001072 0.007544
v -0.023734 -0.001614 0.006896
v -0.023415 -0.000766 0.007541
v -0.023342 -0.001437 0.006811
v -0.023154 -0.000509 0.007885
v -0.023187 -0.000832 0.007212
v -0.024811 -0.015307 0.005993
v -0.024676 -0.015379 0.005627
v -0.024598 -0.015292 0.004770
v -0.024530 -0.015480 0.006420
v -0.024323 -0.015491 0.005973
v -0.024023 -0.015366 0.005102
v -0.024851 -0.009850 0.005170
v -0.024740 -0.011369 0.004868
v -0.024453 -0.009851 0.005131
v -0.023879 -0.009473 0.005210
v -0.021659 -0.010081 0.005083
v -0.024529 -0.008090 0.005477
v -0.024852 -0.007197 0.005656
v -0.024621 -0.006704 0.005740
v -0.024297 -0.006388 0.005796
v -0.024014 -0.005630 0.005939
v -0.022795 -0.007544 0.005618
v -0.024714 -0.003864 0.006482
v -0.024636 -0.004073 0.006338
v -0.024659 -0.005333 0.006028
v -0.024379 -0.003885 0.006277
v -0.024315 -0.004875 0.006062
v -0.023869 -0.003603 0.006262
v -0.022815 -0.004289 0.006165
v -0.023441 -0.003817 0.006210
v -0.024333 -0.003138 0.006527
v -0.024077 -0.003297 0.006371
v -0.023827 -0.002236 0.006612
v -0.023602 -0.002263 0.006538
v -0.023202 -0.002633 0.006394
v -0.023241 -0.001939 0.006575
v -0.024766 -0.015016 0.004272
v -0.024633 -0.014897 0.004213
v -0.024572 -0.015238 0.004551
v -0.024511 -0.015157 0.004370
v -0.023646 -0.015106 0.004210
v -0.023686 -0.014957 0.004150
v -0.023240 -0.015265 0.004487
v -0.023162 -0.015227 0.004307
v -0.023029 -0.015153 0.004145
v -0.023066 -0.014987 0.004084
v -0.024755 -0.013270 0.004470
v -0.024832 -0.014734 0.004220
v -0.024783 -0.014406 0.004244
v -0.024298 -0.012613 0.004559
v -0.023753 -0.014499 0.004192
v -0.023317 -0.014765 0.004127
v -0.022389 -0.013074 0.004449
v -0.024776 -0.012265 0.004680
v -0.024537 -0.010867 0.004928
v -0.021613 -0.002197 0.023168
v -0.021548 -0.002852 0.022573
v -0.021316 -0.002235 0.023763
v -0.021356 -0.002861 0.023216
v -0.022010 -0.001011 0.022761
v -0.021732 -0.001227 0.023326
v -0.021909 -0.000460 0.023101
v -0.021580 -0.000824 0.023676
v -0.021570 -0.001996 0.023389
v -0.021436 -0.001301 0.023862
v -0.022018 0.001033 0.022687
v -0.021777 0.000332 0.023378
v -0.021821 0.000913 0.023202
v -0.021780 0.001374 0.023094
v -0.021998 0.000373 0.022942
v -0.021539 0.000181 0.023755
v -0.021487 0.000810 0.023762
v -0.021323 0.000801 0.023942
v -0.021822 0.001596 0.022793
v -0.021387 0.001565 0.023589
v -0.021584 0.001750 0.023165
v -0.021343 0.002002 0.023273
v -0.021485 0.001968 0.022892
v -0.021450 -0.012986 0.021179
v -0.021373 -0.010869 0.021844
v -0.021845 -0.010659 0.021001
v -0.021651 -0.009698 0.021559
v -0.021234 -0.009433 0.022248
v -0.022044 -0.008107 0.021197
v -0.021645 -0.007166 0.022099
v -0.021732 -0.008228 0.021758
v -0.021354 -0.007877 0.022429
v -0.021894 -0.007258 0.021634
v -0.022015 -0.006320 0.021361
v -0.022246 -0.007043 0.020841
v -0.021694 -0.006232 0.022031
v -0.021715 -0.005762 0.021913
v -0.021291 -0.006160 0.022726
v -0.022130 -0.005844 0.021005
v -0.022017 -0.005029 0.020994
v -0.021927 -0.004642 0.020934
v -0.021745 -0.004484 0.021087
v -0.021663 -0.005120 0.021797
v -0.021707 -0.004728 0.021462
v -0.021497 -0.004647 0.021694
v -0.021476 -0.004382 0.021377
v -0.021452 -0.005527 0.022338
v -0.021131 -0.004838 0.022506
v -0.021318 -0.004070 0.022412
v -0.021298 -0.004840 0.022206
v -0.021278 -0.004616 0.022186
v -0.021375 -0.004491 0.021817
v -0.021401 -0.004182 0.021661
v -0.021473 -0.004293 0.020923
v -0.021381 -0.004175 0.021024
v -0.021986 -0.002390 0.021691
v -0.021707 -0.002486 0.022554
v -0.021877 -0.002526 0.022039
v -0.021633 -0.002826 0.022180
v -0.021886 -0.002675 0.021672
v -0.021652 -0.003049 0.021693
v -0.021764 -0.002918 0.021306
v -0.021925 -0.002635 0.021328
v -0.021784 -0.002927 0.021015
v -0.021551 -0.003538 0.021441
v -0.021647 -0.003384 0.021035
v -0.021291 -0.003687 0.022814
v -0.021470 -0.003640 0.022125
v -0.021407 -0.003981 0.021177
v -0.022223 -0.000480 0.021817
v -0.022194 -0.000456 0.020528
v -0.022042 -0.001343 0.022499
v -0.022169 -0.000449 0.022372
v -0.022120 -0.001342 0.022132
v -0.021957 -0.002093 0.022097
v -0.022011 -0.002030 0.021802
v -0.022050 -0.002079 0.021266
v -0.022178 -0.000812 0.021170
v -0.022122 -0.001289 0.020880
v -0.022213 0.000307 0.022159
v -0.022233 0.000109 0.021450
v -0.022213 0.000582 0.021527
v -0.022236 0.000459 0.020548
v -0.022144 0.000167 0.022573
v -0.022131 0.000881 0.022227
v -0.022003 0.001407 0.022137
v -0.022161 0.000974 0.021169
v -0.021967 0.001531 0.021448
v -0.021727 0.001808 0.022691
v -0.021772 0.001902 0.022072
v -0.021888 0.001751 0.021273
v -0.021810 0.002119 0.020835
v -0.021536 0.002066 0.022163
v -0.021666 0.002013 0.021621
v -0.021607 0.002122 0.021388
v -0.021622 0.002345 0.020935
v -0.021209 0.002243 0.021829
v -0.021428 0.002205 0.021450
v -0.021443 0.002500 0.020899
v -0.021777 -0.016781 0.019245
v -0.021445 -0.017113 0.019822
v -0.021653 -0.017083 0.019151
v -0.021470 -0.016668 0.020314
v -0.021288 -0.017081 0.020445
v -0.021417 -0.017289 0.019232
v -0.022174 -0.014200 0.018896
v -0.021912 -0.016239 0.019229
v -0.022115 -0.015670 0.018811
v -0.021749 -0.014517 0.020073
v -0.021459 -0.016345 0.020550
v -0.021651 -0.015627 0.020195
v -0.022009 -0.013583 0.019557
v -0.021691 -0.013290 0.020501
v -0.022237 -0.011102 0.019866
v -0.021953 -0.011487 0.020500
v -0.022147 -0.012402 0.019571
v -0.022685 -0.009171 0.018946
v -0.022522 -0.010661 0.019058
v -0.022364 -0.009781 0.019933
v -0.022149 -0.010186 0.020418
v -0.022669 -0.007954 0.019293
v -0.022270 -0.008291 0.020603
v -0.022393 -0.007816 0.020342
v -0.022742 -0.006918 0.019044
v -0.022539 -0.007063 0.019907
v -0.022427 -0.006231 0.020213
v -0.022647 -0.006133 0.019343
v -0.022583 -0.005647 0.019433
v -0.022562 -0.005098 0.019139
v -0.022313 -0.004400 0.019519
v -0.022266 -0.005126 0.020338
v -0.022164 -0.004029 0.019538
v -0.022091 -0.004510 0.020413
v -0.021930 -0.004337 0.020624
v -0.022009 -0.004208 0.020281
v -0.021706 -0.004241 0.020757
v -0.021959 -0.002418 0.020674
v -0.021932 -0.004004 0.020146
v -0.022006 -0.003769 0.019615
v -0.021993 -0.002865 0.020065
v -0.022017 -0.002245 0.019903
v -0.021993 -0.003002 0.019553
v -0.021989 -0.002214 0.019692
v -0.021947 -0.003352 0.019188
v -0.021891 -0.002566 0.020895
v -0.021703 -0.004019 0.020469
v -0.021928 -0.003103 0.020353
v -0.021722 -0.003771 0.020466
v -0.021878 -0.003750 0.020094
v -0.021911 -0.003463 0.020104
v -0.021967 -0.003638 0.019647
v -0.021921 -0.002558 0.019262
v -0.021459 -0.004013 0.020865
v -0.021569 -0.003986 0.020700
v -0.022096 -0.001988 0.020659
v -0.022128 -0.001676 0.020434
v -0.022043 -0.002058 0.020201
v -0.022114 -0.001222 0.020264
v -0.021992 -0.001752 0.019734
v -0.022090 -0.000627 0.019834
v -0.021946 -0.001389 0.019465
v -0.021851 -0.000811 0.019237
v -0.021903 -0.000181 0.019306
v -0.021848 -0.002035 0.019249
v -0.022220 0.000763 0.020754
v -0.022148 -0.000313 0.020044
v -0.022183 0.000461 0.020218
v -0.022095 0.001382 0.020583
v -0.022133 0.001128 0.020208
v -0.022009 0.001158 0.019634
v -0.021853 0.001116 0.019274
v -0.021931 0.001903 0.020667
v -0.022019 0.001605 0.020024
v -0.021969 0.001605 0.019662
v -0.021743 0.002247 0.020579
v -0.021887 0.002009 0.020349
v -0.021864 0.001880 0.019650
v -0.021819 0.001548 0.019280
v -0.021401 0.002539 0.020698
v -0.021613 0.002160 0.019799
v -0.021777 0.001864 0.019404
v -0.021476 0.002060 0.019234
v -0.021236 0.002407 0.019741
v -0.021125 0.002320 0.019244
v -0.022349 -0.016734 0.017220
v -0.021932 -0.016855 0.018550
v -0.022091 -0.016871 0.017910
v -0.022039 -0.017006 0.017620
v -0.021819 -0.017081 0.018271
v -0.021637 -0.017177 0.018755
v -0.021730 -0.017180 0.017802
v -0.021452 -0.017306 0.018813
v -0.021333 -0.017342 0.018261
v -0.021576 -0.017207 0.017165
v -0.022505 -0.015984 0.017424
v -0.022435 -0.016492 0.017283
v -0.022107 -0.016481 0.018435
v -0.022441 -0.013787 0.018095
v -0.022315 -0.012733 0.018859
v -0.022732 -0.010409 0.018262
v -0.022638 -0.011788 0.018002
v -0.022580 -0.012616 0.017902
v -0.022850 -0.007563 0.018486
v -0.022883 -0.008727 0.018135
v -0.023031 -0.006290 0.017351
v -0.022952 -0.005601 0.017491
v -0.022889 -0.004852 0.017247
v -0.022612 -0.004279 0.017788
v -0.022694 -0.004603 0.017895
v -0.022371 -0.003821 0.017915
v -0.022238 -0.003532 0.017586
v -0.021926 -0.003436 0.018983
v -0.022000 -0.003555 0.018799
v -0.022088 -0.003355 0.017447
v -0.021736 -0.002609 0.018757
v -0.021729 -0.002210 0.018929
v -0.021773 -0.003256 0.018675
v -0.021816 -0.003352 0.018398
v -0.021595 -0.003215 0.018264
v -0.021511 -0.003011 0.018380
v -0.021366 -0.003117 0.017904
v -0.021344 -0.003056 0.018148
v -0.021290 -0.002776 0.018194
v -0.021305 -0.002982 0.017409
v -0.021718 -0.001682 0.018997
v -0.021756 -0.001116 0.019027
v -0.021572 -0.000732 0.018749
v -0.021479 -0.001740 0.018640
v -0.021503 -0.001313 0.018637
v -0.021332 -0.002159 0.018406
v -0.021274 -0.000173 0.018440
v -0.021659 -0.000100 0.018846
v -0.021699 0.001165 0.019034
v -0.021532 0.001406 0.018862
v -0.021459 -0.000180 0.018590
v -0.021178 0.000755 0.018441
v -0.021513 0.001884 0.019042
v -0.021191 0.001289 0.018527
v -0.021183 0.001723 0.018643
v -0.022413 -0.016757 0.016680
v -0.022458 -0.016773 0.016119
v -0.022216 -0.016936 0.017123
v -0.022262 -0.016902 0.016191
v -0.022010 -0.017009 0.016248
v -0.022020 -0.016939 0.015439
v -0.021986 -0.017085 0.017096
v -0.021648 -0.017055 0.016015
v -0.021308 -0.017015 0.015578
v -0.023006 -0.015429 0.015795
v -0.023186 -0.015936 0.014783
v -0.022573 -0.015291 0.017399
v -0.022840 -0.015952 0.016188
v -0.022790 -0.016322 0.016029
v -0.022687 -0.016545 0.015985
v -0.023325 -0.012950 0.014647
v -0.022694 -0.013344 0.017199
v -0.022954 -0.014458 0.016068
v -0.022984 -0.012105 0.016252
v -0.023064 -0.010331 0.016628
v -0.022930 -0.004205 0.016422
v -0.022686 -0.004120 0.017172
v -0.022887 -0.003720 0.015937
v -0.022641 -0.003379 0.015926
v -0.022619 -0.003710 0.016631
v -0.022463 -0.003525 0.016709
v -0.022508 -0.003041 0.015373
v -0.022326 -0.003265 0.016332
v -0.022005 -0.003088 0.016464
v -0.022097 -0.002965 0.015741
v -0.021978 -0.002623 0.015529
v -0.022016 -0.002192 0.015746
v -0.021872 -0.002894 0.015665
v -0.021529 -0.002949 0.016937
v -0.021671 -0.002857 0.015755
v -0.021549 -0.002667 0.015583
v -0.021615 -0.002407 0.015676
v -0.021410 -0.002806 0.015828
v -0.022823 -0.001101 0.015978
v -0.022791 -0.001439 0.015688
v -0.022775 -0.000714 0.016270
v -0.022643 -0.001742 0.015605
v -0.022467 -0.000720 0.016510
v -0.022531 -0.001256 0.016160
v -0.022480 -0.001965 0.015624
v -0.022113 -0.000352 0.016824
v -0.022198 -0.001297 0.016344
v -0.022330 -0.001432 0.016150
v -0.022207 -0.001822 0.015854
v -0.022041 -0.000923 0.016621
v -0.021944 -0.001953 0.015856
v -0.021709 -0.001267 0.016540
v -0.021694 -0.000272 0.017000
v -0.021579 -0.001371 0.016479
v -0.021600 -0.001972 0.015923
v -0.021337 -0.000493 0.016972
v -0.022915 -0.000252 0.016264
v -0.022990 0.000275 0.016255
v -0.022876 0.001140 0.016291
v -0.022671 0.000128 0.016616
v -0.022738 0.000753 0.016571
v -0.022408 0.000127 0.016817
v -0.022586 0.001214 0.016668
v -0.022124 0.000210 0.016975
v -0.022398 0.000733 0.016874
v -0.022332 0.001254 0.016883
v -0.021715 0.000957 0.017209
v -0.021679 0.001388 0.017253
v -0.021360 0.000639 0.017269
v -0.022904 0.001994 0.015860
v -0.022916 0.002447 0.015426
v -0.022564 0.002249 0.016334
v -0.022593 0.002534 0.016079
v -0.022464 0.002975 0.015702
v -0.022388 0.001870 0.016688
v -0.022147 0.003022 0.016435
v -0.022268 0.003103 0.016112
v -0.021873 0.001808 0.017092
v -0.022040 0.002139 0.016899
v -0.021772 0.002918 0.016840
v -0.021577 0.002279 0.017221
v -0.021552 0.002665 0.017121
v -0.021084 0.002892 0.017278
v -0.022010 0.003380 0.016041
v -0.021809 0.003541 0.016376
v -0.021761 0.003662 0.016152
v -0.021757 0.003690 0.015698
v -0.021588 0.003725 0.016387
v -0.021542 0.003789 0.016139
v -0.021624 0.003765 0.015789
v -0.021258 0.003371 0.016946
v -0.021410 0.003750 0.015816
v -0.022756 -0.016598 0.015262
v -0.022778 -0.016603 0.014813
v -0.022754 -0.016618 0.014074
v -0.022473 -0.016789 0.015312
v -0.022469 -0.016741 0.014490
v -0.022019 -0.016795 0.014273
v -0.023008 -0.016358 0.014810
v -0.022936 -0.016526 0.014118
v -0.023021 -0.002094 0.014708
v -0.022899 -0.002876 0.014562
v -0.022989 -0.002596 0.014342
v -0.023030 -0.002560 0.014024
v -0.022844 -0.003076 0.014948
v -0.022398 -0.002828 0.015265
v -0.022683 -0.002603 0.015055
v -0.022687 -0.002859 0.014972
v -0.022854 -0.002775 0.014681
v -0.022477 -0.002580 0.015281
v -0.022143 -0.002896 0.015460
v -0.022266 -0.002630 0.015386
v -0.021968 -0.002806 0.015566
v -0.022882 -0.001527 0.015413
v -0.022890 -0.001792 0.015274
v -0.022921 0.002990 0.014918
v -0.022748 0.002962 0.015132
v -0.021519 0.002953 0.014371
v -0.021340 0.003016 0.014009
v -0.022812 0.003338 0.014745
v -0.022965 0.003762 0.014470
v -0.022970 0.003979 0.014261
v -0.023053 0.004186 0.013889
v -0.022795 0.003827 0.014470
v -0.022826 0.004171 0.013960
v -0.022831 0.004313 0.013666
v -0.022180 0.003539 0.015305
v -0.022550 0.003257 0.014945
v -0.022573 0.003353 0.014789
v -0.022595 0.003522 0.014599
v -0.022422 0.003681 0.014422
v -0.022556 0.003871 0.014324
v -0.022560 0.003982 0.014126
v -0.022362 0.003380 0.014821
v -0.022397 0.003361 0.014612
v -0.022257 0.003455 0.014428
v -0.022156 0.003550 0.015100
v -0.021976 0.003580 0.015017
v -0.022185 0.003263 0.014633
v -0.021836 0.003477 0.014234
v -0.021888 0.003746 0.015305
v -0.021946 0.003197 0.014591
v -0.022012 0.003320 0.014369
v -0.021715 0.003572 0.014040
v -0.021699 0.003807 0.015413
v -0.021709 0.003737 0.015173
v -0.021251 0.003263 0.014722
v -0.021715 0.003157 0.014586
v -0.021719 0.003137 0.014344
v -0.021588 0.003215 0.014166
v -0.021460 0.003801 0.015435
v -0.021471 0.003710 0.015218
v -0.021406 0.003425 0.014909
v -0.021262 0.003198 0.013777
v -0.021499 0.003517 0.013661
v -0.022362 -0.016704 0.013865
v -0.021780 -0.016549 0.012609
v -0.022907 -0.016539 0.013276
v -0.022412 -0.016528 0.012614
v -0.023018 -0.002388 0.013709
v -0.022938 -0.002406 0.013481
v -0.023035 -0.002427 0.013207
v -0.023045 -0.001744 0.013632
v -0.022823 -0.002232 0.013281
v -0.022851 -0.002393 0.012913
v -0.023028 -0.002329 0.012787
v -0.022859 -0.001422 0.012824
v -0.023038 -0.002126 0.012183
v -0.022808 -0.001656 0.012328
v -0.022942 -0.002015 0.011951
v -0.022943 -0.001687 0.012113
v -0.022791 -0.001914 0.013135
v -0.022705 -0.002250 0.013076
v -0.022773 -0.002397 0.012560
v -0.022664 -0.001667 0.012583
v -0.022733 -0.002365 0.012223
v -0.022676 -0.002042 0.012075
v -0.022499 -0.002243 0.012843
v -0.022599 -0.001829 0.012794
v -0.022352 -0.002367 0.012559
v -0.022414 -0.001955 0.012575
v -0.022457 -0.002279 0.012281
v -0.022466 -0.001971 0.012268
v -0.023041 0.004479 0.013453
v -0.022964 0.004837 0.013000
v -0.022809 0.004668 0.013323
v -0.022900 0.004934 0.012464
v -0.022583 0.004936 0.013067
v -0.022297 0.004098 0.013623
v -0.022236 0.004476 0.013289
v -0.022312 0.004860 0.013018
v -0.021935 0.003829 0.013624
v -0.021950 0.004035 0.013402
v -0.021984 0.004553 0.013003
v -0.022148 0.004949 0.012753
v -0.021947 0.004735 0.012484
v -0.021787 0.004488 0.012274
v -0.022020 0.004821 0.011924
v -0.021711 0.004147 0.013039
v -0.021653 0.004292 0.012702
v -0.021727 0.004476 0.012106
v -0.021098 0.003278 0.013542
v -0.021581 0.003854 0.013212
v -0.021559 0.004174 0.012344
v -0.022801 0.004929 0.013026
v -0.022796 0.005002 0.012693
v -0.022737 0.004939 0.012080
v -0.022581 0.005023 0.012754
v -0.022431 0.005150 0.012434
v -0.022548 0.005122 0.012303
v -0.022374 0.005091 0.012601
v -0.022367 0.005161 0.012279
v -0.022118 0.005053 0.012436
v -0.022173 0.004984 0.011858
v -0.022050 0.004909 0.012623
v -0.020405 -0.016421 0.011774
v -0.021083 -0.016169 0.010172
v -0.021045 -0.016315 0.011105
v -0.023055 -0.001915 0.011918
v -0.023043 -0.001727 0.011923
v -0.022824 0.003031 0.010421
v -0.022653 0.002351 0.010063
v -0.022712 0.004689 0.011617
v -0.022869 0.004257 0.011350
v -0.022986 0.003772 0.010980
v -0.022529 0.003449 0.010366
v -0.022494 0.004245 0.010952
v -0.022391 0.004964 0.011745
v -0.022149 0.004727 0.011222
v -0.022206 0.004521 0.011000
v -0.022230 0.004069 0.010652
v -0.022226 0.003529 0.010230
v -0.021982 0.004747 0.011347
v -0.021958 0.004651 0.011066
v -0.021892 0.004443 0.010802
v -0.021784 0.004104 0.010478
v -0.021733 0.003742 0.010148
v -0.021712 0.004561 0.011692
v -0.021778 0.004615 0.011107
v -0.021709 0.004476 0.010798
v -0.021550 0.004425 0.011900
v -0.021457 0.004339 0.011691
v -0.021455 0.004266 0.011395
v -0.021431 0.004265 0.011229
v -0.021533 0.004420 0.011011
v -0.021510 0.004464 0.010836
v -0.021341 0.004245 0.010446
v -0.021520 -0.016014 0.009184
v -0.022914 -0.000529 0.010079
v -0.022998 -0.000996 0.009883
v -0.022685 -0.000838 0.009550
v -0.022987 -0.000734 0.009229
v -0.022692 -0.000798 0.009788
v -0.022541 -0.000646 0.009750
v -0.022800 -0.000773 0.009363
v -0.022544 -0.000844 0.009469
v -0.022290 -0.000735 0.009542
v -0.022356 -0.000748 0.009229
v -0.022102 -0.000519 0.008828
v -0.021983 -0.000565 0.009420
v -0.022130 -0.000753 0.009240
v -0.021878 -0.000697 0.009305
v -0.021785 -0.000686 0.009017
v -0.021626 -0.000600 0.009231
v -0.021359 -0.000682 0.009012
v -0.021248 -0.000589 0.008780
v -0.022766 0.000739 0.009931
v -0.022692 0.000435 0.009926
v -0.022593 -0.000438 0.008662
v -0.022430 -0.000187 0.009726
v -0.022171 0.000963 0.009630
v -0.022214 0.001396 0.009664
v -0.022108 -0.000191 0.009542
v -0.022179 0.000615 0.009658
v -0.021971 -0.000350 0.008485
v -0.021688 0.000668 0.009481
v -0.021650 -0.000271 0.009329
v -0.021600 0.001041 0.009427
v -0.021178 0.000625 0.009341
v -0.022554 0.001537 0.009862
v -0.022172 0.003090 0.010000
v -0.022341 0.002240 0.009847
v -0.021924 0.002058 0.009615
v -0.021681 0.002428 0.009585
v -0.021402 0.003140 0.009666
v -0.021284 0.001508 0.009376
v -0.021317 0.002006 0.009403
v -0.021254 0.003433 0.009735
v -0.021112 -0.015564 0.006397
v -0.022933 -0.000477 0.007575
v -0.022713 -0.000576 0.007301
v -0.022957 -0.001132 0.006875
v -0.022393 -0.000680 0.007120
v -0.022410 -0.001052 0.006847
v -0.021876 -0.000568 0.007178
v -0.021894 -0.001262 0.006727
v -0.021802 -0.000901 0.006921
v -0.022769 -0.000343 0.008123
v -0.022599 -0.000301 0.007796
v -0.022363 -0.000267 0.008165
v -0.022199 -0.000338 0.007516
v -0.021865 -0.000242 0.008137
v -0.021955 -0.000223 0.007878
v -0.021787 -0.000271 0.007628
v -0.021501 -0.000423 0.007365
v -0.021128 -0.015225 0.004304
v -0.021506 -0.008262 0.005497
v -0.021619 -0.006342 0.005908
v -0.021394 -0.005162 0.006110
v -0.020988 -0.004540 0.006188
v -0.022388 -0.002642 0.006374
v -0.021078 -0.003061 0.006334
v -0.022647 -0.001594 0.006627
v -0.022183 -0.001869 0.006528
v -0.020647 -0.015154 0.004108
v -0.020244 -0.014966 0.004009
v -0.020871 -0.013234 0.004395
v -0.020558 -0.014737 0.004043
v -0.022252 -0.011447 0.004786
v -0.019535 -0.010674 0.026339
v -0.019757 -0.017191 0.024595
v -0.020177 -0.016689 0.023773
v -0.019621 -0.017549 0.024759
v -0.019484 -0.017983 0.024698
v -0.019826 -0.014365 0.024775
v -0.019840 -0.013146 0.025028
v -0.019895 -0.012187 0.025072
v -0.020043 -0.011360 0.024566
v -0.019829 -0.011303 0.025292
v -0.019628 -0.011980 0.025894
v -0.019458 -0.010997 0.026546
v -0.019922 -0.010097 0.024640
v -0.019767 -0.009509 0.025103
v -0.019846 -0.009422 0.024819
v -0.019533 -0.008809 0.026173
v -0.019664 -0.010700 0.025859
v -0.020095 -0.007706 0.024523
v -0.019815 -0.008595 0.025033
v -0.019685 -0.007956 0.025583
v -0.019933 -0.007505 0.024939
v -0.019927 -0.006991 0.024990
v -0.019928 -0.006451 0.024925
v -0.019762 -0.005883 0.024938
v -0.019652 -0.007101 0.025651
v -0.019622 -0.006307 0.025447
v -0.019714 -0.005390 0.024578
v -0.020130 -0.002035 0.024871
v -0.019995 -0.002716 0.024604
v -0.019764 -0.002139 0.024964
v -0.019387 -0.002666 0.024775
v -0.020797 -0.001258 0.024666
v -0.020964 -0.000718 0.024541
v -0.020487 -0.000411 0.024989
v -0.020729 -0.001679 0.024625
v -0.020504 -0.000851 0.024979
v -0.020349 -0.001722 0.024879
v -0.020295 -0.001020 0.025116
v -0.019845 -0.001027 0.025348
v -0.019798 -0.000439 0.025464
v -0.019267 -0.000412 0.025713
v -0.020623 0.000216 0.024784
v -0.020623 0.000711 0.024646
v -0.020430 0.000313 0.024990
v -0.020275 0.001110 0.024874
v -0.020498 0.001120 0.024461
v -0.019967 0.000389 0.025417
v -0.020151 0.000642 0.025214
v -0.020089 0.000980 0.025168
v -0.020068 -0.000148 0.025333
v -0.019480 0.000058 0.025717
v -0.019680 0.000925 0.025510
v -0.019832 0.001163 0.025318
v -0.019960 0.001518 0.024901
v -0.020043 0.001595 0.024664
v -0.019632 0.001348 0.025289
v -0.019779 0.001582 0.024947
v -0.019603 0.001864 0.024679
v -0.020403 -0.017318 0.023040
v -0.020640 -0.016960 0.022610
v -0.020244 -0.017703 0.023100
v -0.019858 -0.017724 0.024053
v -0.020184 -0.017292 0.023604
v -0.019933 -0.017865 0.023642
v -0.020029 -0.017934 0.023156
v -0.020070 -0.017964 0.022742
v -0.019750 -0.018001 0.023818
v -0.019816 -0.018049 0.023306
v -0.019846 -0.018058 0.022735
v -0.019530 -0.018117 0.024193
v -0.019593 -0.018128 0.023715
v -0.020664 -0.016265 0.022688
v -0.020295 -0.014774 0.023633
v -0.019917 -0.015127 0.024462
v -0.020679 -0.012979 0.022927
v -0.020368 -0.013100 0.023669
v -0.020101 -0.012847 0.024397
v -0.020606 -0.011949 0.023203
v -0.020410 -0.011408 0.023614
v -0.020242 -0.012119 0.024069
v -0.020774 -0.010937 0.022863
v -0.020678 -0.009475 0.023061
v -0.020239 -0.009758 0.023809
v -0.020478 -0.009704 0.023368
v -0.020111 -0.010136 0.024123
v -0.019980 -0.009086 0.024436
v -0.020682 -0.008727 0.023192
v -0.020372 -0.007435 0.024056
v -0.020358 -0.008717 0.023716
v -0.020129 -0.008783 0.024143
v -0.021255 -0.006987 0.022752
v -0.020683 -0.007192 0.023599
v -0.020410 -0.006513 0.024092
v -0.020297 -0.006852 0.024278
v -0.020368 -0.006198 0.024126
v -0.020143 -0.006001 0.024411
v -0.021214 -0.005164 0.022549
v -0.020946 -0.005592 0.023139
v -0.020899 -0.003392 0.023599
v -0.020746 -0.005313 0.023266
v -0.020965 -0.004551 0.022918
v -0.020672 -0.005099 0.023192
v -0.020612 -0.004595 0.023262
v -0.020683 -0.004875 0.023128
v -0.020279 -0.005781 0.024127
v -0.020301 -0.004922 0.023445
v -0.020425 -0.004885 0.023315
v -0.020087 -0.005586 0.024274
v -0.020297 -0.005097 0.023598
v -0.020231 -0.004621 0.023459
v -0.019847 -0.005077 0.024047
v -0.019951 -0.004891 0.023621
v -0.019967 -0.004656 0.023527
v -0.019657 -0.005219 0.024450
v -0.019734 -0.004314 0.023685
v -0.019533 -0.005060 0.024343
v -0.019549 -0.004926 0.024011
v -0.021000 -0.002449 0.024082
v -0.021105 -0.003028 0.023666
v -0.021179 -0.002687 0.023689
v -0.021134 -0.003221 0.023405
v -0.021088 -0.003815 0.023131
v -0.020944 -0.002851 0.023904
v -0.020647 -0.002384 0.024440
v -0.020629 -0.002667 0.024301
v -0.020583 -0.003442 0.023859
v -0.020326 -0.002642 0.024504
v -0.020194 -0.003301 0.024151
v -0.020327 -0.003775 0.023842
v -0.020003 -0.003965 0.023855
v -0.019839 -0.003425 0.024186
v -0.019626 -0.003157 0.024401
v -0.021174 -0.001039 0.024272
v -0.021143 -0.001492 0.024229
v -0.020914 -0.002034 0.024333
v -0.021172 -0.000383 0.024235
v -0.021259 0.000025 0.024103
v -0.021250 0.001193 0.023910
v -0.020877 0.000830 0.024335
v -0.020663 0.000940 0.024467
v -0.020575 0.001299 0.024250
v -0.020779 0.001300 0.024211
v -0.020986 0.001396 0.024052
v -0.021209 0.001873 0.023607
v -0.020956 0.002214 0.023565
v -0.021072 0.002228 0.023315
v -0.021194 0.002140 0.022908
v -0.020902 0.002009 0.023772
v -0.020876 0.002345 0.023171
v -0.020866 0.002247 0.022681
v -0.020691 0.002200 0.023733
v -0.020680 0.002416 0.023349
v -0.020552 0.002457 0.023122
v -0.020289 0.001516 0.024286
v -0.020100 0.001950 0.023990
v -0.020182 0.002079 0.023862
v -0.020223 0.002254 0.023683
v -0.020018 0.002356 0.023408
v -0.020192 0.002452 0.023073
v -0.020195 0.002457 0.022920
v -0.019909 0.002019 0.024101
v -0.019813 0.001976 0.024364
v -0.019788 0.002148 0.023872
v -0.019851 0.002165 0.023697
v -0.019986 0.002410 0.022809
v -0.019589 0.002035 0.024410
v -0.019578 0.002152 0.023279
v -0.019550 0.002165 0.022711
v -0.021187 -0.016713 0.021196
v -0.021136 -0.017084 0.021048
v -0.021006 -0.017361 0.021014
v -0.020786 -0.017136 0.022083
v -0.020690 -0.017412 0.022047
v -0.020579 -0.017590 0.022035
v -0.020772 -0.017533 0.021413
v -0.020484 -0.017524 0.022604
v -0.020467 -0.017721 0.021939
v -0.020530 -0.017726 0.021307
v -0.020351 -0.017801 0.021187
v -0.020300 -0.017805 0.022574
v -0.020207 -0.017882 0.021999
v -0.020063 -0.017901 0.021590
v -0.019970 -0.017875 0.021196
v -0.019488 -0.018118 0.022699
v -0.021337 -0.014471 0.021136
v -0.021006 -0.014349 0.021963
v -0.020989 -0.016297 0.021875
v -0.021152 -0.013685 0.021719
v -0.021234 -0.012451 0.021802
v -0.021030 -0.011743 0.022351
v -0.021087 -0.010551 0.022357
v -0.021033 -0.004868 0.022706
v -0.021219 0.002134 0.022432
v -0.021137 0.002234 0.021607
v -0.021200 0.002272 0.021337
v -0.021188 0.002595 0.020855
v -0.020610 0.002253 0.022063
v -0.020889 0.002644 0.020694
v -0.020643 0.002257 0.021826
v -0.020534 0.002294 0.021026
v -0.020409 0.002141 0.021526
v -0.020440 0.002135 0.021346
v -0.020067 0.002422 0.022681
v -0.020164 0.002359 0.022441
v -0.020144 0.002248 0.021828
v -0.020173 0.002084 0.021159
v -0.019911 0.002331 0.022101
v -0.020147 0.001965 0.021360
v -0.020018 0.002153 0.021035
v -0.019776 0.002253 0.021946
v -0.019760 0.001984 0.021606
v -0.019942 0.001673 0.021351
v -0.019891 0.001849 0.021123
v -0.019715 0.002296 0.022507
v -0.019647 0.002272 0.022186
v -0.019398 0.002006 0.021802
v -0.019745 0.001538 0.021349
v -0.019698 0.001808 0.021131
v -0.019663 0.002148 0.021008
v -0.021053 -0.017394 0.020605
v -0.021158 -0.017384 0.019920
v -0.021276 -0.017281 0.019927
v -0.021168 -0.017432 0.019075
v -0.020802 -0.017591 0.020913
v -0.020868 -0.017544 0.019930
v -0.021023 -0.017468 0.019949
v -0.020677 -0.017611 0.019904
v -0.020477 -0.017634 0.019740
v -0.019767 -0.017812 0.020635
v -0.021050 0.002655 0.020643
v -0.020786 0.002674 0.020421
v -0.021052 0.002552 0.020122
v -0.020888 0.002516 0.019420
v -0.020647 0.002625 0.019879
v -0.020305 0.002599 0.020562
v -0.020406 0.002688 0.020382
v -0.020519 0.002618 0.019131
v -0.020262 0.002318 0.020917
v -0.020339 0.002664 0.019271
v -0.020196 0.002655 0.020350
v -0.019985 0.002588 0.019604
v -0.020060 0.002640 0.019020
v -0.019729 0.002331 0.020902
v -0.019911 0.002492 0.020726
v -0.019911 0.002528 0.020446
v -0.019638 0.002414 0.020729
v -0.019530 0.002340 0.019639
v -0.021077 -0.017327 0.017661
v -0.020915 -0.017456 0.018578
v -0.020370 -0.017498 0.018641
v -0.019774 -0.017283 0.017252
v -0.020920 -0.002747 0.017917
v -0.020995 -0.003001 0.017814
v -0.021055 -0.003017 0.017574
v -0.020687 -0.002823 0.017759
v -0.020641 -0.002964 0.017570
v -0.020511 -0.001999 0.017852
v -0.020309 -0.002503 0.017678
v -0.020189 -0.002837 0.017518
v -0.019711 -0.002434 0.017473
v -0.021152 -0.001654 0.018310
v -0.020929 -0.000390 0.018215
v -0.020931 -0.001876 0.018146
v -0.020871 -0.000953 0.018143
v -0.020670 -0.001603 0.018023
v -0.020040 -0.001180 0.017807
v -0.020248 -0.000698 0.017927
v -0.019865 -0.001494 0.017732
v -0.019900 -0.001841 0.017636
v -0.019663 -0.000868 0.017751
v -0.019507 -0.000457 0.017755
v -0.020919 0.000124 0.018209
v -0.020909 0.000562 0.017329
v -0.020706 0.001080 0.017583
v -0.020886 0.001366 0.017611
v -0.020606 0.000559 0.018079
v -0.020602 0.001119 0.018144
v -0.020124 0.000174 0.017872
v -0.020411 0.000764 0.017543
v -0.020373 0.001324 0.017684
v -0.020121 0.000807 0.017917
v -0.021173 0.002132 0.018917
v -0.021175 0.002228 0.017435
v -0.020632 0.002528 0.018942
v -0.020998 0.002049 0.018673
v -0.020981 0.001589 0.017607
v -0.020583 0.002435 0.018764
v -0.020444 0.002211 0.018511
v -0.020523 0.001524 0.018208
v -0.020567 0.002216 0.017624
v -0.020721 0.002595 0.017474
v -0.020452 0.001957 0.018356
v -0.020347 0.001794 0.017707
v -0.020427 0.002706 0.017432
v -0.020324 0.002622 0.018917
v -0.020057 0.001765 0.018157
v -0.020328 0.002257 0.017649
v -0.019986 0.002548 0.018746
v -0.020174 0.002476 0.018670
v -0.019854 0.001971 0.017694
v -0.020067 0.002259 0.017605
v -0.020222 0.002619 0.017423
v -0.019603 0.002240 0.018328
v -0.019693 0.002394 0.018514
v -0.019626 0.001330 0.017855
v -0.019858 0.002335 0.017482
v -0.020010 0.002475 0.017336
v -0.019716 0.002525 0.018951
v -0.019593 0.002494 0.018708
v -0.019491 0.002108 0.018175
v -0.019269 0.001864 0.017959
v -0.019864 -0.016980 0.015316
v -0.019724 -0.017153 0.016402
v -0.019618 -0.017064 0.015679
v -0.020900 -0.002715 0.016367
v -0.021107 -0.002750 0.015570
v -0.021093 -0.002413 0.015597
v -0.020835 -0.002821 0.017092
v -0.020787 -0.002717 0.015646
v -0.020825 -0.002431 0.015494
v -0.020393 -0.002922 0.017340
v -0.020199 -0.002739 0.016976
v -0.020214 -0.002641 0.016671
v -0.020548 -0.002668 0.015710
v -0.020619 -0.002491 0.015399
v -0.019594 -0.002476 0.016253
v -0.019283 -0.002424 0.015871
v -0.019937 -0.002904 0.017302
v -0.020024 -0.002585 0.015696
v -0.019842 -0.002757 0.017380
v -0.019950 -0.002820 0.017122
v -0.019633 -0.002793 0.017092
v -0.021119 -0.001255 0.016586
v -0.021075 -0.001558 0.016356
v -0.021231 -0.001970 0.015922
v -0.021084 -0.000467 0.016995
v -0.020702 -0.000863 0.016781
v -0.020769 -0.001363 0.016480
v -0.020776 -0.001624 0.016261
v -0.020714 -0.001926 0.015849
v -0.020174 -0.000429 0.016913
v -0.020131 -0.000871 0.016646
v -0.019859 -0.001599 0.015986
v -0.020008 -0.001421 0.016228
v -0.020117 -0.001841 0.015715
v -0.019761 -0.000805 0.016639
v -0.019564 -0.001091 0.016372
v -0.019739 -0.001849 0.015596
v -0.021098 0.000298 0.017215
v -0.020581 0.000187 0.017204
v -0.020532 -0.000244 0.017031
v -0.020120 -0.000077 0.017115
v -0.019926 0.000595 0.017526
v -0.019593 -0.000182 0.017057
v -0.020774 0.003219 0.017191
v -0.020600 0.003182 0.017193
v -0.020419 0.002971 0.017252
v -0.020298 0.002845 0.017092
v -0.020208 0.002717 0.017267
v -0.020049 0.002444 0.017014
v -0.020271 0.002867 0.016837
v -0.019969 0.002332 0.016529
v -0.020071 0.002616 0.016495
v -0.020279 0.003322 0.016362
v -0.020027 0.003023 0.015947
v -0.020062 0.003103 0.015734
v -0.019704 0.002309 0.017285
v -0.019921 0.002296 0.016860
v -0.020052 0.002860 0.016272
v -0.019881 0.002306 0.016006
v -0.019898 0.002800 0.015813
v -0.019679 0.002210 0.016920
v -0.019564 0.002074 0.016323
v -0.019687 0.002077 0.016294
v -0.019749 0.002085 0.016036
v -0.019522 0.002212 0.015515
v -0.019725 0.002397 0.015719
v -0.021047 0.003446 0.016992
v -0.021068 0.003895 0.016417
v -0.021059 0.003848 0.016207
v -0.021239 0.003714 0.015948
v -0.021028 0.003811 0.016658
v -0.020908 0.003711 0.016061
v -0.020843 0.003504 0.015638
v -0.020813 0.003757 0.016787
v -0.020719 0.003832 0.016596
v -0.020821 0.003880 0.016393
v -0.020660 0.003587 0.016894
v -0.020548 0.003493 0.016811
v -0.020660 0.003793 0.016418
v -0.020639 0.003626 0.016100
v -0.020461 0.003242 0.017010
v -0.020451 0.003519 0.016216
v -0.020310 0.003336 0.015729
v -0.020186 0.003291 0.015957
v -0.020820 -0.016768 0.013986
v -0.019927 -0.016843 0.014437
v -0.020091 -0.016947 0.015039
v -0.020208 -0.016801 0.014032
v -0.020366 -0.002512 0.015296
v -0.019978 -0.002563 0.015337
v -0.019781 -0.002530 0.015212
v -0.019439 -0.002529 0.015404
v -0.020153 -0.002183 0.015444
v -0.019891 -0.002198 0.015338
v -0.021267 0.002911 0.014382
v -0.021273 0.002898 0.014133
v -0.020889 0.002916 0.014327
v -0.020978 0.002779 0.014082
v -0.021130 0.002822 0.013903
v -0.020777 0.002723 0.013939
v -0.020594 0.003180 0.014641
v -0.020598 0.002788 0.014179
v -0.020388 0.003160 0.014822
v -0.020394 0.002796 0.014336
v -0.020192 0.002635 0.014209
v -0.020241 0.002568 0.013954
v -0.020065 0.003038 0.015554
v -0.020107 0.002974 0.015279
v -0.019969 0.002726 0.014867
v -0.020148 0.002737 0.014586
v -0.019822 0.002743 0.015523
v -0.019869 0.002640 0.015053
v -0.019897 0.002664 0.014566
v -0.020037 0.002549 0.013785
v -0.019660 0.002439 0.015487
v -0.019535 0.002251 0.015297
v -0.019717 0.002448 0.015034
v -0.019713 0.002550 0.014801
v -0.019667 0.002637 0.014591
v -0.019616 0.002676 0.014306
v -0.019821 0.002656 0.013591
v -0.019332 0.002913 0.014318
v -0.020991 0.003540 0.015377
v -0.020961 0.003436 0.015074
v -0.020826 0.003236 0.014670
v -0.020467 0.003312 0.015518
v -0.020467 0.003265 0.015304
v -0.020579 0.003291 0.014915
v -0.020207 -0.016684 0.013453
v -0.018777 -0.016650 0.013250
v -0.020350 -0.016601 0.012897
v -0.021096 0.002970 0.013714
v -0.020757 0.002738 0.013678
v -0.020462 0.002658 0.013427
v -0.020705 0.003135 0.013347
v -0.020487 0.003087 0.012985
v -0.020347 0.002512 0.013673
v -0.020212 0.002571 0.013307
v -0.020214 0.002732 0.013050
v -0.020301 0.003020 0.012847
v -0.020017 0.002568 0.013337
v -0.019751 0.002660 0.012891
v -0.019924 0.002819 0.012814
v -0.019655 0.002793 0.013690
v -0.019657 0.002823 0.013486
v -0.019618 0.002775 0.013248
v -0.019560 0.002736 0.013057
v -0.019576 0.002975 0.012702
v -0.021268 0.003821 0.013039
v -0.021288 0.003922 0.012744
v -0.021262 0.003861 0.012351
v -0.021222 0.004039 0.011919
v -0.020883 0.003248 0.013435
v -0.020981 0.003631 0.012968
v -0.020991 0.003472 0.012542
v -0.021015 0.003492 0.012317
v -0.020998 0.003743 0.011932
v -0.020863 0.003441 0.013187
v -0.020807 0.003336 0.012317
v -0.020807 0.003530 0.012096
v -0.020605 0.003192 0.012760
v -0.020593 0.003149 0.012557
v -0.020551 0.003306 0.012290
v -0.020449 0.003691 0.012061
v -0.020295 0.003207 0.012509
v -0.020125 0.003179 0.012675
v -0.019914 0.003559 0.012601
v -0.020092 0.003955 0.012029
v -0.019917 0.003265 0.012706
v -0.019908 0.003767 0.012422
v -0.019712 0.004411 0.011886
v -0.019688 0.003480 0.012664
v -0.019692 0.003729 0.012575
v -0.019662 0.004359 0.012005
v -0.020617 -0.016249 0.010574
v -0.020652 -0.016323 0.011048
v -0.020362 -0.016253 0.010704
v -0.021225 0.004082 0.011165
v -0.021234 0.004351 0.010804
v -0.021113 0.004339 0.010556
v -0.021027 0.003773 0.011656
v -0.021012 0.003798 0.011458
v -0.021002 0.004224 0.010871
v -0.020597 0.004337 0.010209
v -0.020768 0.004393 0.010353
v -0.020768 0.003704 0.011861
v -0.020814 0.003843 0.011526
v -0.020742 0.004423 0.010706
v -0.020843 0.004421 0.010543
v -0.020556 0.003871 0.011805
v -0.020478 0.004304 0.011238
v -0.020061 0.004234 0.011641
v -0.020317 0.004666 0.010781
v -0.020330 0.004668 0.010581
v -0.020221 0.004629 0.010435
v -0.019947 0.004516 0.011220
v -0.020069 0.004759 0.010811
v -0.019876 0.004783 0.010587
v -0.019765 0.004566 0.011308
v -0.019669 0.004838 0.010848
v -0.019848 0.004589 0.010305
v -0.019438 0.004776 0.011628
v -0.019433 0.004880 0.011172
v -0.020682 -0.016119 0.009757
v -0.020285 -0.015784 0.007755
v -0.020797 -0.016046 0.009324
v -0.020176 -0.016011 0.009174
v -0.018063 -0.015757 0.007573
v -0.021024 -0.000657 0.009022
v -0.020836 -0.000643 0.008804
v -0.020673 -0.000584 0.008989
v -0.020356 -0.000649 0.008800
v -0.020335 -0.000637 0.008939
v -0.019965 -0.000573 0.009229
v -0.019951 -0.000695 0.008997
v -0.019499 -0.000126 0.009466
v -0.019788 -0.000701 0.009315
v -0.019704 -0.000769 0.009026
v -0.021161 -0.000481 0.009151
v -0.020986 0.001066 0.009281
v -0.020645 0.000648 0.009272
v -0.020473 0.001050 0.009204
v -0.020709 -0.000415 0.009110
v -0.020446 0.000120 0.009193
v -0.020027 -0.000540 0.008594
v -0.020140 0.000599 0.009265
v -0.020233 0.001033 0.009197
v -0.020292 -0.000443 0.009137
v -0.019892 0.000481 0.009303
v -0.019774 0.001033 0.009260
v -0.019580 0.000507 0.009412
v -0.019164 -0.000602 0.008575
v -0.021020 0.002485 0.009394
v -0.020796 0.003226 0.009513
v -0.020480 0.002230 0.009252
v -0.020356 0.003386 0.009494
v -0.019929 0.003273 0.009464
v -0.020090 0.002276 0.009248
v -0.019811 0.001702 0.009237
v -0.019644 0.002396 0.009316
v -0.020971 0.003870 0.009893
v -0.020689 0.003664 0.009674
v -0.020260 0.003902 0.009751
v -0.019812 0.004106 0.009875
v -0.019778 0.003792 0.009673
v -0.019541 0.004360 0.010105
v -0.020713 -0.000673 0.007157
v -0.019134 -0.001633 0.006657
v -0.021018 -0.001011 0.006875
v -0.020283 -0.000529 0.007382
v -0.019508 -0.000841 0.007159
v -0.019950 -0.000951 0.006999
v -0.019190 -0.000725 0.007384
v -0.019336 -0.001276 0.006831
v -0.018943 -0.000664 0.007607
v -0.020395 -0.000402 0.008321
v -0.020412 -0.000344 0.008105
v -0.020492 -0.000325 0.007870
v -0.020305 -0.000395 0.007656
v -0.019195 -0.000521 0.007973
v -0.020429 -0.010574 0.004945
v -0.021185 -0.007380 0.005708
v -0.020277 -0.008888 0.005336
v -0.020323 -0.007752 0.005622
v -0.020547 -0.006524 0.005894
v -0.019346 -0.006858 0.005788
v -0.019634 -0.007821 0.005584
v -0.019224 -0.006156 0.005917
v -0.019840 -0.005348 0.006080
v -0.019713 -0.004554 0.006175
v -0.019466 -0.003355 0.006285
v -0.020528 -0.002364 0.006434
v -0.018926 -0.002324 0.006433
v -0.019866 -0.001859 0.006560
v -0.019354 -0.015222 0.004299
v -0.019612 -0.015162 0.004122
v -0.019555 -0.015052 0.004017
v -0.019596 -0.014935 0.003980
v -0.018926 -0.012419 0.004507
v -0.018981 -0.014466 0.004037
v -0.020350 -0.011799 0.004677
v -0.018372 -0.012562 0.028301
v -0.018053 -0.014076 0.028278
v -0.018469 -0.011305 0.028482
v -0.018530 -0.009848 0.028630
v -0.018832 -0.009680 0.028125
v -0.017731 -0.011147 0.029678
v -0.018782 -0.008145 0.028101
v -0.018501 -0.008629 0.028700
v -0.018203 -0.008130 0.029118
v -0.018552 -0.007688 0.028385
v -0.018515 -0.009073 0.028697
v -0.017897 -0.007636 0.029462
v -0.018369 -0.005974 0.028297
v -0.018391 -0.007209 0.028425
v -0.018085 -0.006679 0.028498
v -0.018143 -0.006433 0.028437
v -0.017848 -0.006395 0.028776
v -0.017924 -0.006896 0.028919
v -0.017701 -0.006658 0.028985
v -0.017837 -0.005404 0.029184
v -0.017605 -0.006344 0.028973
v -0.018850 -0.003854 0.028229
v -0.018524 -0.004545 0.028876
v -0.018754 -0.004091 0.028628
v -0.018602 -0.004577 0.028544
v -0.018566 -0.004668 0.028361
v -0.018763 -0.004282 0.028115
v -0.018391 -0.004292 0.029270
v -0.018258 -0.004821 0.029036
v -0.018423 -0.004824 0.028611
v -0.018488 -0.005131 0.028482
v -0.018107 -0.004350 0.029543
v -0.018231 -0.005352 0.028826
v -0.018268 -0.005085 0.028820
v -0.017942 -0.004756 0.029436
v -0.018066 -0.004994 0.029058
v -0.017839 -0.003747 0.030041
v -0.017688 -0.004511 0.029761
v -0.017788 -0.005097 0.029259
v -0.019062 -0.002052 0.029188
v -0.019090 -0.002435 0.028888
v -0.019072 -0.002500 0.028316
v -0.018796 -0.002351 0.029800
v -0.018932 -0.002827 0.029268
v -0.018755 -0.003469 0.029088
v -0.018873 -0.003390 0.028719
v -0.019061 -0.002726 0.028681
v -0.018933 -0.003205 0.028309
v -0.018669 -0.003017 0.029699
v -0.018514 -0.003536 0.029528
v -0.019063 -0.001492 0.028864
v -0.019113 -0.001842 0.028681
v -0.019083 -0.001592 0.028362
v -0.018755 -0.001779 0.029885
v -0.018998 -0.001617 0.029309
v -0.018838 -0.001210 0.029437
v -0.018884 -0.000955 0.029138
v -0.018799 -0.000629 0.028971
v -0.018926 -0.001018 0.028489
v -0.018565 -0.000416 0.029414
v -0.018725 -0.000453 0.028639
v -0.018404 0.000188 0.028869
v -0.018437 -0.000049 0.029295
v -0.018397 0.000188 0.028271
v -0.018172 -0.000149 0.029843
v -0.018072 0.000513 0.029151
v -0.018218 0.000481 0.028582
v -0.018124 0.000598 0.028342
v -0.017946 0.000304 0.029692
v -0.018024 0.000696 0.028820
v -0.017968 0.000776 0.028108
v -0.017675 0.000640 0.029668
v -0.017762 0.000909 0.029226
v -0.017789 0.000988 0.028679
v -0.017773 0.000937 0.028177
v -0.018282 -0.018437 0.026718
v -0.018027 -0.018514 0.026929
v -0.017990 -0.018398 0.027245
v -0.018003 -0.018589 0.026560
v -0.017629 -0.018519 0.027597
v -0.017535 -0.018678 0.027044
v -0.017711 -0.018658 0.026550
v -0.018838 -0.017679 0.026323
v -0.019001 -0.017080 0.026162
v -0.018499 -0.017317 0.027019
v -0.018259 -0.015753 0.027611
v -0.018383 -0.017727 0.027112
v -0.018267 -0.018009 0.027181
v -0.018511 -0.018156 0.026678
v -0.018578 -0.018294 0.026343
v -0.017914 -0.018273 0.027515
v -0.018095 -0.017231 0.027650
v -0.017646 -0.018118 0.028001
v -0.018838 -0.015618 0.026608
v -0.018681 -0.014878 0.027019
v -0.018187 -0.015003 0.027843
v -0.019140 -0.012798 0.026789
v -0.018688 -0.014106 0.027205
v -0.019056 -0.014173 0.026463
v -0.018275 -0.014235 0.027886
v -0.019286 -0.011862 0.026787
v -0.019019 -0.011769 0.027378
v -0.018739 -0.012252 0.027765
v -0.019462 -0.010008 0.026607
v -0.019160 -0.009696 0.027457
v -0.019160 -0.010747 0.027327
v -0.018822 -0.010789 0.027978
v -0.019304 -0.008905 0.027019
v -0.019355 -0.007705 0.026604
v -0.019492 -0.007786 0.026208
v -0.019053 -0.007793 0.027419
v -0.019008 -0.008850 0.027768
v -0.019520 -0.006695 0.025839
v -0.019096 -0.007218 0.027085
v -0.019165 -0.006788 0.026695
v -0.019183 -0.006359 0.026371
v -0.018979 -0.005987 0.026409
v -0.018763 -0.007240 0.027778
v -0.018860 -0.006810 0.027325
v -0.018951 -0.006311 0.026769
v -0.018564 -0.006452 0.027559
v -0.018657 -0.006361 0.027307
v -0.018581 -0.006091 0.027336
v -0.018635 -0.006007 0.026955
v -0.018435 -0.006672 0.027952
v -0.018405 -0.006455 0.027962
v -0.018515 -0.005848 0.027987
v -0.018536 -0.006283 0.027555
v -0.018652 -0.004938 0.028008
v -0.018658 -0.004526 0.027970
v -0.018638 -0.005522 0.027476
v -0.018677 -0.004710 0.027617
v -0.018636 -0.004290 0.027542
v -0.018619 -0.004565 0.027306
v -0.018570 -0.005720 0.026953
v -0.018571 -0.005717 0.026695
v -0.018494 -0.004039 0.027149
v -0.018500 -0.005061 0.026847
v -0.018369 -0.004245 0.026834
v -0.018388 -0.005301 0.026552
v -0.018213 -0.005112 0.026358
v -0.018119 -0.003837 0.026675
v -0.018812 -0.003846 0.027816
v -0.018883 -0.003184 0.027951
v -0.018898 -0.002606 0.027761
v -0.018784 -0.003059 0.027623
v -0.018701 -0.003880 0.027440
v -0.018778 -0.001801 0.027377
v -0.018625 -0.002897 0.027329
v -0.018488 -0.003685 0.027046
v -0.018466 -0.002172 0.027058
v -0.018468 -0.002855 0.027127
v -0.018265 -0.003915 0.026822
v -0.018158 -0.002663 0.026843
v -0.018084 -0.003469 0.026636
v -0.018157 -0.002277 0.026811
v -0.017630 -0.002445 0.026451
v -0.017857 -0.004068 0.026362
v -0.017647 -0.003716 0.026349
v -0.019027 -0.002002 0.028089
v -0.018917 -0.001182 0.027863
v -0.018971 -0.001641 0.027782
v -0.018743 -0.001317 0.027302
v -0.018823 -0.001180 0.027544
v -0.018611 -0.000356 0.027810
v -0.018661 -0.000683 0.027474
v -0.018523 -0.001517 0.026979
v -0.018518 -0.000321 0.027531
v -0.018519 -0.000826 0.027070
v -0.018371 -0.000418 0.027064
v -0.018307 -0.000877 0.026725
v -0.018178 -0.001505 0.026620
v -0.018087 -0.000394 0.026600
v -0.018006 -0.001209 0.026414
v -0.017686 -0.001737 0.026272
v -0.018465 0.000069 0.027851
v -0.018234 0.000556 0.027751
v -0.018150 0.000674 0.027904
v -0.018303 0.000302 0.027424
v -0.018192 0.000057 0.026980
v -0.017842 0.001167 0.027668
v -0.017942 0.000893 0.027199
v -0.017927 0.001033 0.027427
v -0.017965 0.000647 0.026987
v -0.017890 0.000322 0.026689
v -0.017635 0.001063 0.027965
v -0.017844 0.001063 0.027873
v -0.017729 0.001302 0.027540
v -0.017771 0.001103 0.027164
v -0.017711 0.000554 0.026660
v -0.017654 0.000946 0.026883
v -0.017813 -0.000432 0.026301
v -0.018666 -0.018395 0.025496
v -0.018667 -0.018401 0.024690
v -0.018348 -0.018494 0.026227
v -0.018526 -0.018446 0.025441
v -0.018197 -0.018530 0.025627
v -0.017794 -0.018561 0.025531
v -0.019579 -0.016839 0.025036
v -0.019356 -0.018167 0.024599
v -0.019451 -0.017821 0.024958
v -0.019130 -0.018174 0.025182
v -0.019127 -0.018262 0.024862
v -0.018942 -0.017785 0.026059
v -0.018988 -0.018093 0.025683
v -0.018893 -0.018267 0.025502
v -0.018896 -0.018338 0.025117
v -0.018655 -0.018355 0.025850
v -0.019494 -0.015403 0.025330
v -0.019401 -0.014304 0.025712
v -0.019570 -0.012866 0.025795
v -0.019473 -0.005885 0.025423
v -0.019468 -0.005592 0.025139
v -0.019267 -0.005198 0.024894
v -0.019072 -0.005011 0.024755
v -0.019004 -0.005514 0.025791
v -0.018774 -0.005243 0.025655
v -0.019051 -0.004884 0.024398
v -0.018372 -0.004884 0.025187
v -0.018451 -0.005421 0.026318
v -0.018521 -0.005101 0.025641
v -0.018612 -0.004754 0.024399
v -0.018261 -0.005248 0.026133
v -0.018252 -0.005003 0.025609
v -0.017991 -0.004951 0.026202
v -0.018037 -0.005105 0.026115
v -0.018023 -0.005107 0.025902
v -0.017809 -0.004648 0.024709
v -0.017877 -0.005086 0.026085
v -0.017816 -0.004904 0.026102
v -0.017800 -0.005087 0.025865
v -0.017656 -0.004755 0.025180
v -0.019372 -0.002197 0.025022
v -0.019036 -0.002974 0.024574
v -0.018886 -0.002475 0.024904
v -0.018501 -0.002711 0.024711
v -0.018422 -0.002081 0.025115
v -0.017857 -0.002565 0.024645
v -0.017614 -0.003511 0.026349
v -0.017623 -0.003271 0.026339
v -0.019497 -0.001322 0.025393
v -0.018869 -0.000493 0.025811
v -0.018844 -0.001198 0.025578
v -0.018715 -0.001588 0.025406
v -0.018358 -0.000644 0.025827
v -0.018330 -0.001132 0.025642
v -0.018154 -0.001401 0.025508
v -0.018023 -0.000766 0.025759
v -0.017946 -0.001819 0.025206
v -0.017669 -0.001326 0.026169
v -0.017863 -0.000907 0.026269
v -0.017556 -0.000866 0.026055
v -0.017617 -0.001008 0.025603
v -0.017715 -0.001341 0.025466
v -0.019405 0.000454 0.025760
v -0.019060 0.001158 0.025764
v -0.018912 0.000199 0.025969
v -0.018953 0.000593 0.025946
v -0.018978 0.000953 0.025875
v -0.018608 0.000164 0.026035
v -0.018577 0.000629 0.026062
v -0.018442 0.001251 0.025961
v -0.018233 0.000396 0.026077
v -0.018135 0.000729 0.026102
v -0.018180 0.001104 0.026030
v -0.018020 -0.000159 0.025883
v -0.017621 -0.000042 0.026294
v -0.017746 0.000685 0.026038
v -0.018787 0.001493 0.025520
v -0.019117 0.001716 0.025054
v -0.019199 0.001916 0.024716
v -0.018612 0.001358 0.025821
v -0.018975 0.001815 0.024925
v -0.019301 0.002055 0.024352
v -0.018533 0.001641 0.025306
v -0.018688 0.001885 0.024697
v -0.017885 0.001570 0.025725
v -0.018240 0.001773 0.025000
v -0.017873 0.001757 0.024847
v -0.017819 0.001396 0.025962
v -0.017911 0.001488 0.025911
v -0.017872 0.001689 0.025262
v -0.019331 -0.018232 0.024171
v -0.019081 -0.018315 0.024543
v -0.019122 -0.018277 0.023908
v -0.018649 -0.018342 0.024070
v -0.019227 -0.018081 0.022337
v -0.017486 -0.018422 0.024517
v -0.019320 -0.004852 0.023922
v -0.019352 -0.004824 0.023727
v -0.019376 -0.004378 0.023623
v -0.019431 -0.004649 0.023547
v -0.019085 -0.004703 0.023492
v -0.018923 -0.004790 0.023799
v -0.018998 -0.004382 0.023531
v -0.018795 -0.004768 0.023458
v -0.018694 -0.004423 0.023430
v -0.018433 -0.004417 0.023350
v -0.018720 -0.004691 0.023355
v -0.018519 -0.004782 0.023595
v -0.018495 -0.004760 0.023288
v -0.017500 -0.004178 0.023269
v -0.017340 -0.004547 0.023750
v -0.017867 -0.004671 0.023636
v -0.018086 -0.004675 0.023361
v -0.017690 -0.004454 0.023162
v -0.017504 -0.004540 0.024190
v -0.017854 -0.004758 0.023293
v -0.019388 -0.003493 0.024157
v -0.019208 -0.003856 0.023925
v -0.019032 -0.003526 0.024074
v -0.018566 -0.003093 0.024408
v -0.017996 -0.003140 0.024172
v -0.018140 -0.003386 0.023915
v -0.017783 -0.003179 0.023935
v -0.019439 0.002135 0.023929
v -0.019445 0.002099 0.023453
v -0.019406 0.002093 0.023031
v -0.019246 0.002096 0.023289
v -0.019141 0.001977 0.022866
v -0.018861 0.002068 0.023615
v -0.018964 0.002081 0.023216
v -0.018463 0.001780 0.022787
v -0.018500 0.001931 0.024320
v -0.018511 0.001991 0.023684
v -0.018498 0.001911 0.023251
v -0.018094 0.001876 0.024000
v -0.018315 0.001903 0.023416
v -0.018258 0.001666 0.023202
v -0.018385 0.001778 0.023105
v -0.018304 0.001638 0.022951
v -0.018035 0.001668 0.023517
v -0.018019 0.001749 0.023647
v -0.018060 0.001669 0.023416
v -0.018037 0.001450 0.023169
v -0.018148 0.001375 0.022885
v -0.017770 0.001800 0.024097
v -0.017713 0.001696 0.023703
v -0.017785 0.001400 0.023090
v -0.017865 0.001550 0.023244
v -0.017880 0.001292 0.022939
v -0.018251 -0.017913 0.021237
v -0.017887 0.001266 0.022018
v -0.019413 0.001833 0.021524
v -0.019357 0.001718 0.021367
v -0.019494 0.001852 0.021185
v -0.019327 0.001834 0.021162
v -0.019128 0.001908 0.022553
v -0.019223 0.001941 0.022102
v -0.019184 0.001641 0.021346
v -0.019040 0.001593 0.020952
v -0.018987 0.001850 0.022581
v -0.018904 0.001640 0.022173
v -0.019019 0.001708 0.021790
v -0.019021 0.001503 0.021370
v -0.019004 0.001508 0.021107
v -0.018816 0.001913 0.022804
v -0.018741 0.001547 0.021917
v -0.018550 0.001468 0.021783
v -0.018768 0.001664 0.021288
v -0.018649 0.001907 0.021185
v -0.018453 0.001745 0.022427
v -0.018507 0.001650 0.022161
v -0.018539 0.001597 0.021573
v -0.018543 0.001876 0.021364
v -0.018434 0.002011 0.021260
v -0.018201 0.001385 0.021807
v -0.018329 0.001636 0.021582
v -0.018270 0.001919 0.021398
v -0.018013 0.002002 0.021083
v -0.018105 0.001582 0.022723
v -0.018031 0.001570 0.022381
v -0.017979 0.001345 0.021718
v -0.017871 0.001373 0.022712
v -0.017851 0.001481 0.021630
v -0.017814 0.001891 0.021408
v -0.017696 0.001988 0.021282
v -0.018716 -0.017754 0.020236
v -0.019592 -0.017437 0.018234
v -0.018696 -0.017588 0.019140
v -0.018447 -0.017749 0.020163
v -0.019474 0.002249 0.020849
v -0.019262 0.002270 0.020306
v -0.019360 0.002360 0.019380
v -0.019302 0.002231 0.020682
v -0.019134 0.002159 0.020329
v -0.019177 0.002189 0.019996
v -0.019084 0.001754 0.020860
v -0.019110 0.001981 0.020704
v -0.018996 0.001891 0.020503
v -0.019017 0.002016 0.020157
v -0.018719 0.002116 0.019885
v -0.018999 0.002401 0.019122
v -0.018774 0.001705 0.020913
v -0.018753 0.001868 0.020450
v -0.018781 0.002030 0.020087
v -0.018728 0.002238 0.019434
v -0.018653 0.001924 0.020873
v -0.018535 0.002010 0.020804
v -0.018545 0.002036 0.020247
v -0.018026 0.002202 0.019464
v -0.018118 0.001963 0.020432
v -0.018173 0.002027 0.019919
v -0.017808 0.001965 0.020563
v -0.017651 0.001989 0.020101
v -0.017652 0.002083 0.019775
v -0.019260 -0.017351 0.017463
v -0.019075 -0.017461 0.018318
v -0.018829 -0.017290 0.017297
v -0.018303 -0.017505 0.018668
v -0.016948 -0.017353 0.017747
v -0.019240 -0.002034 0.017431
v -0.019128 -0.001493 0.017571
v -0.019115 -0.000566 0.017693
v -0.018651 -0.001274 0.017578
v -0.018561 -0.000496 0.017676
v -0.017951 -0.001117 0.017656
v -0.017914 -0.000543 0.017714
v -0.019015 0.000322 0.017642
v -0.017953 0.000182 0.017664
v -0.018333 0.000809 0.017663
v -0.017968 0.001162 0.017743
v -0.017858 0.000678 0.017690
v -0.019166 0.002449 0.018906
v -0.019351 0.002370 0.018509
v -0.018969 0.002064 0.017514
v -0.019400 0.002225 0.017456
v -0.018997 0.002386 0.018743
v -0.019062 0.002156 0.018154
v -0.019134 0.002246 0.018296
v -0.019113 0.001868 0.017635
v -0.018976 0.002300 0.018554
v -0.018916 0.001934 0.017975
v -0.018979 0.002187 0.017413
v -0.018523 0.002263 0.018453
v -0.019938 0.001542 0.017728
v -0.018372 0.002399 0.019107
v -0.018236 0.002408 0.018907
v -0.018151 0.002333 0.018620
v -0.018191 0.002119 0.018185
v -0.018556 0.001246 0.017436
v -0.017781 0.001988 0.018087
v -0.018542 0.001212 0.017713
v -0.018181 0.001629 0.017869
v -0.017617 0.002427 0.019114
v -0.017545 0.001691 0.017991
v -0.019237 -0.017298 0.017192
v -0.019297 -0.017172 0.016545
v -0.019244 -0.016944 0.015106
v -0.017706 -0.017056 0.015845
v -0.019334 -0.002610 0.017298
v -0.019374 -0.002732 0.017078
v -0.019353 -0.002550 0.016682
v -0.018931 -0.002687 0.017088
v -0.018981 -0.002433 0.016319
v -0.018914 -0.002539 0.017245
v -0.018661 -0.002368 0.015911
v -0.018447 -0.002626 0.016882
v -0.017978 -0.002511 0.016643
v -0.018304 -0.001999 0.017357
v -0.018272 -0.002539 0.017243
v -0.018169 -0.002678 0.017095
v -0.017815 -0.002363 0.015990
v -0.017829 -0.002407 0.017359
v -0.017748 -0.002659 0.017089
v -0.017816 -0.002596 0.017270
v -0.017423 -0.002512 0.016680
v -0.019445 -0.000409 0.016884
v -0.019216 -0.001555 0.015786
v -0.019201 -0.001309 0.016055
v -0.018872 -0.000726 0.016379
v -0.018875 -0.001215 0.015973
v -0.018100 -0.001236 0.015320
v -0.018234 -0.000253 0.016390
v -0.018112 -0.000674 0.015856
v -0.017976 -0.001103 0.015364
v -0.018055 -0.002110 0.017354
v -0.019223 0.000364 0.017332
v -0.019064 -0.000294 0.016849
v -0.018906 0.000358 0.017249
v -0.018727 0.000246 0.017095
v -0.018761 -0.000290 0.016718
v -0.018562 0.000837 0.017317
v -0.018150 0.000971 0.017111
v -0.018274 0.000428 0.016931
v -0.018001 0.000714 0.016893
v -0.017824 0.001334 0.016918
v -0.017687 0.001044 0.016741
v -0.017883 0.000064 0.016360
v -0.019103 0.002286 0.017260
v -0.019425 0.002202 0.016556
v -0.019294 0.002016 0.016023
v -0.019371 0.001962 0.015888
v -0.019302 0.002020 0.015531
v -0.019186 0.002279 0.016955
v -0.019221 0.002264 0.016522
v -0.019041 0.002232 0.016189
v -0.018872 0.002306 0.016508
v -0.018801 0.002024 0.015560
v -0.018472 0.001964 0.017207
v -0.018641 0.002141 0.017111
v -0.018806 0.002282 0.016726
v -0.018749 0.002193 0.015844
v -0.019249 0.001512 0.017686
v -0.018383 0.001721 0.017266
v -0.018441 0.002323 0.016840
v -0.018458 0.002363 0.016642
v -0.018497 0.002392 0.016280
v -0.018418 0.002435 0.016154
v -0.018340 0.002449 0.015889
v -0.018386 0.002371 0.015718
v -0.018314 0.002124 0.016985
v -0.018088 0.002364 0.016625
v -0.018154 0.002586 0.015753
v -0.018165 0.002766 0.015568
v -0.017675 0.001652 0.016767
v -0.018154 0.001935 0.017017
v -0.018100 0.002254 0.016794
v -0.017909 0.002556 0.016442
v -0.018019 0.002605 0.016111
v -0.017878 0.002833 0.015800
v -0.017866 0.003103 0.015624
v -0.017880 0.002135 0.016743
v -0.017829 0.002329 0.016635
v -0.017840 0.002471 0.016551
v -0.017846 0.002742 0.016053
v -0.017721 0.003074 0.015716
v -0.016935 -0.016743 0.013963
v -0.019493 -0.002477 0.015228
v -0.019231 -0.002472 0.015485
v -0.019035 -0.002476 0.015217
v -0.018353 -0.002348 0.015356
v -0.018206 -0.002360 0.014940
v -0.019484 -0.002196 0.015195
v -0.019124 -0.001843 0.015316
v -0.019264 -0.002408 0.015233
v -0.019185 -0.002240 0.015065
v -0.019219 -0.001718 0.015512
v -0.018630 -0.002379 0.014922
v -0.018899 -0.002266 0.014851
v -0.018728 -0.001945 0.014963
v -0.018734 -0.002151 0.014847
v -0.018440 -0.001608 0.015040
v -0.018637 -0.002265 0.014672
v -0.018463 -0.002346 0.014648
v -0.018435 -0.001935 0.014732
v -0.018453 -0.002227 0.014474
v -0.017536 -0.002271 0.014648
v -0.018263 -0.002352 0.014448
v -0.018187 -0.001942 0.014508
v -0.018191 -0.002271 0.014282
v -0.018035 -0.001930 0.014387
v -0.017840 -0.001459 0.014653
v -0.017929 -0.001674 0.014512
v -0.017985 -0.002315 0.014253
v -0.017874 -0.002188 0.014142
v -0.017786 -0.001923 0.014174
v -0.019466 0.002288 0.014992
v -0.019429 0.002573 0.014736
v -0.019415 0.002763 0.014529
v -0.019355 0.003253 0.014002
v -0.019208 0.002098 0.015271
v -0.019177 0.002311 0.014972
v -0.019200 0.002698 0.014792
v -0.019135 0.002910 0.014739
v -0.019206 0.003046 0.014353
v -0.018970 0.001973 0.015493
v -0.018913 0.002123 0.015304
v -0.018954 0.002312 0.015178
v -0.018986 0.002900 0.015003
v -0.019023 0.003127 0.014580
v -0.018659 0.002195 0.015393
v -0.018725 0.002476 0.015329
v -0.018710 0.002820 0.015342
v -0.018499 0.002270 0.015535
v -0.018421 0.002523 0.015474
v -0.018492 0.003093 0.015446
v -0.019276 0.003379 0.013942
v -0.018883 0.003244 0.014980
v -0.018900 0.003320 0.014799
v -0.018860 0.003468 0.014450
v -0.018962 0.003525 0.014174
v -0.018931 0.003596 0.013931
v -0.018601 0.003367 0.015260
v -0.018661 0.003720 0.014813
v -0.018672 0.003684 0.014309
v -0.018441 0.003787 0.015084
v -0.018469 0.003891 0.014804
v -0.018402 0.003838 0.014257
v -0.018150 0.003928 0.013926
v -0.018340 0.003334 0.015463
v -0.018253 0.003681 0.015310
v -0.018174 0.004014 0.014970
v -0.018108 0.004068 0.014741
v -0.018070 0.003566 0.015457
v -0.017788 0.004063 0.015100
v -0.018084 0.003981 0.014185
v -0.017564 0.003570 0.015485
v -0.017672 0.003885 0.015306
v -0.017873 0.004097 0.014748
v -0.017891 0.003976 0.014086
v -0.019480 0.003158 0.013709
v -0.019422 0.003144 0.013491
v -0.019323 0.002913 0.013099
v -0.019414 0.002922 0.012740
v -0.019225 0.003061 0.013258
v -0.019103 0.003005 0.012863
v -0.018971 0.003047 0.013070
v -0.019330 0.003452 0.012630
v -0.019408 0.003946 0.012399
v -0.019447 0.004449 0.012006
v -0.019267 0.003366 0.013697
v -0.019222 0.003149 0.012714
v -0.019167 0.003732 0.012494
v -0.018868 0.003980 0.012220
v -0.019228 0.004606 0.011884
v -0.019045 0.003444 0.013650
v -0.018726 0.003349 0.013414
v -0.018849 0.003092 0.012775
v -0.018956 0.003466 0.012631
v -0.018966 0.004865 0.011639
v -0.018383 0.003732 0.013730
v -0.018714 0.003135 0.013045
v -0.018769 0.003281 0.012665
v -0.018467 0.003927 0.012244
v -0.018682 0.004349 0.011829
v -0.018568 0.003181 0.012852
v -0.018516 0.003468 0.012513
v -0.018255 0.003673 0.013435
v -0.018079 0.003722 0.012917
v -0.018190 0.003553 0.012739
v -0.018366 0.003407 0.012610
v -0.018133 0.003570 0.012309
v -0.018221 0.003913 0.012175
v -0.018168 0.004279 0.011918
v -0.018044 0.003808 0.013411
v -0.017868 0.003897 0.013555
v -0.017838 0.003801 0.012755
v -0.017790 0.003583 0.012343
v -0.017869 0.003738 0.012219
v -0.017912 0.003952 0.012139
v -0.018075 -0.016207 0.010447
v -0.018765 -0.001365 0.010905
v -0.018900 -0.001343 0.010571
v -0.018792 -0.001012 0.010505
v -0.018827 -0.001311 0.010353
v -0.018357 -0.000810 0.010927
v -0.018504 -0.001579 0.011064
v -0.018340 -0.000604 0.010857
v -0.018551 -0.001575 0.010605
v -0.018702 -0.001614 0.010518
v -0.018572 -0.001402 0.010317
v -0.018363 -0.001644 0.010822
v -0.018226 -0.001391 0.010451
v -0.018340 -0.001256 0.011089
v -0.018182 -0.001569 0.011040
v -0.018118 -0.001582 0.010867
v -0.017766 -0.001230 0.011462
v -0.017926 -0.000903 0.011300
v -0.018017 -0.001566 0.011277
v -0.017697 -0.000373 0.011419
v -0.018587 -0.000356 0.010420
v -0.018441 -0.000123 0.010655
v -0.018627 0.000103 0.010314
v -0.018362 0.000469 0.010337
v -0.018324 0.000065 0.010694
v -0.018174 -0.000251 0.010959
v -0.018055 0.000386 0.010757
v -0.017808 0.000057 0.011102
v -0.017912 0.000844 0.010706
v -0.017669 0.001304 0.010842
v -0.018074 0.001629 0.010275
v -0.018099 0.002296 0.010205
v -0.017954 0.003235 0.010472
v -0.019435 0.004893 0.011025
v -0.019264 0.004944 0.010935
v -0.019338 0.004792 0.010624
v -0.019207 0.004830 0.011660
v -0.019168 0.004412 0.010267
v -0.018880 0.004724 0.010739
v -0.018737 0.004841 0.011568
v -0.018794 0.004405 0.010454
v -0.018725 0.004927 0.011411
v -0.018679 0.004886 0.011180
v -0.018501 0.004461 0.010724
v -0.018447 0.003940 0.010337
v -0.018385 0.004604 0.011608
v -0.018153 0.004535 0.011458
v -0.018395 0.004682 0.011192
v -0.018060 0.004395 0.011735
v -0.018082 0.004378 0.011213
v -0.018082 0.004097 0.010854
v -0.018047 0.003699 0.010570
v -0.017796 0.004153 0.011668
v -0.017715 0.003883 0.011348
v -0.017780 0.003726 0.010979
v -0.019163 0.005001 0.011417
v -0.019212 0.005009 0.011232
v -0.018941 0.004991 0.011156
v -0.019335 -0.000888 0.009483
v -0.019423 -0.000610 0.009567
v -0.019364 -0.000862 0.009233
v -0.019613 -0.000838 0.009261
v -0.019257 -0.000934 0.009724
v -0.019165 -0.000730 0.008941
v -0.019064 -0.000878 0.009964
v -0.018903 -0.000773 0.010172
v -0.019069 -0.001120 0.009894
v -0.019152 -0.000573 0.009812
v -0.018966 -0.001140 0.009771
v -0.019028 -0.000994 0.009488
v -0.019009 -0.001259 0.010119
v -0.018548 -0.000973 0.009498
v -0.018341 -0.000867 0.009154
v -0.018917 -0.000597 0.008368
v -0.018561 -0.001235 0.010041
v -0.018051 -0.001321 0.010349
v -0.018250 -0.000754 0.008406
v -0.017658 -0.001316 0.010297
v -0.017874 -0.000916 0.008818
v -0.017544 -0.001156 0.009579
v -0.019302 0.000952 0.009441
v -0.019152 -0.000004 0.009700
v -0.019133 0.000449 0.009666
v -0.018969 0.000694 0.009692
v -0.018986 0.001021 0.009609
v -0.018862 -0.000233 0.010033
v -0.018833 0.000281 0.009977
v -0.018604 0.000851 0.009933
v -0.019427 0.003250 0.009550
v -0.019397 0.001849 0.009353
v -0.019346 0.002332 0.009390
v -0.018892 0.002705 0.009637
v -0.019084 0.003319 0.009684
v -0.018906 0.001904 0.009568
v -0.018620 0.002220 0.009752
v -0.018462 0.001736 0.009889
v -0.018608 0.002915 0.009851
v -0.018242 0.003129 0.010168
v -0.019318 0.003863 0.009814
v -0.018792 0.003878 0.010050
v -0.018607 0.003486 0.009972
v -0.018722 -0.001159 0.006995
v -0.018287 -0.000746 0.007999
v -0.018118 -0.001298 0.007005
v -0.018370 -0.001517 0.006780
v -0.018044 -0.000977 0.007463
v -0.018001 -0.001805 0.006667
v -0.017649 -0.000980 0.008254
v -0.018006 -0.000879 0.007743
v -0.017697 -0.001279 0.007226
v -0.016904 -0.015325 0.004911
v -0.018852 -0.010521 0.004891
v -0.018440 -0.009550 0.005077
v -0.017637 -0.007768 0.005454
v -0.017105 -0.008660 0.005222
v -0.017274 -0.005887 0.005829
v -0.018086 -0.004866 0.006057
v -0.017632 -0.004060 0.006146
v -0.017994 -0.003062 0.006282
v -0.017755 -0.002620 0.006373
v -0.017977 -0.002199 0.006488
v -0.018453 -0.015263 0.004539
v -0.018409 -0.014920 0.003980
v -0.018310 -0.015038 0.004028
v -0.016434 -0.015109 0.004180
v -0.018869 -0.014775 0.003986
v -0.016921 -0.014135 0.004019
v -0.016891 -0.011952 0.004525
v -0.017152 -0.018405 0.028519
v -0.016576 -0.018414 0.029356
v -0.016895 -0.018678 0.028544
v -0.016945 -0.018753 0.028198
v -0.016586 -0.018685 0.029054
v -0.016618 -0.018873 0.028248
v -0.016301 -0.018691 0.029524
v -0.016394 -0.018898 0.028793
v -0.016239 -0.018868 0.029254
v -0.016133 -0.018988 0.028567
v -0.015986 -0.018901 0.029745
v -0.015941 -0.019014 0.029274
v -0.017058 -0.017567 0.029010
v -0.017325 -0.016957 0.028756
v -0.017446 -0.017909 0.028375
v -0.016635 -0.016854 0.029799
v -0.016719 -0.017948 0.029392
v -0.017468 -0.015502 0.028743
v -0.016820 -0.015815 0.029633
v -0.016792 -0.015237 0.029811
v -0.017162 -0.014712 0.029402
v -0.017609 -0.011847 0.029740
v -0.017501 -0.012623 0.029694
v -0.017348 -0.006485 0.029199
v -0.017438 -0.006754 0.029485
v -0.017397 -0.006253 0.029110
v -0.017148 -0.006569 0.029638
v -0.016905 -0.006280 0.029307
v -0.016846 -0.006369 0.029602
v -0.017043 -0.006142 0.029263
v -0.016566 -0.006221 0.029442
v -0.016709 -0.005968 0.029340
v -0.016467 -0.006022 0.029321
v -0.016226 -0.006117 0.029652
v -0.016248 -0.006046 0.029361
v -0.015736 -0.005919 0.029823
v -0.015981 -0.006047 0.029400
v -0.017639 -0.004893 0.029514
v -0.017370 -0.005374 0.029450
v -0.017467 -0.005115 0.029453
v -0.017384 -0.004661 0.029817
v -0.017231 -0.004971 0.029605
v -0.017169 -0.004606 0.029899
v -0.017040 -0.005350 0.029548
v -0.017039 -0.005079 0.029599
v -0.016847 -0.004904 0.029693
v -0.016633 -0.005294 0.029577
v -0.016557 -0.004899 0.029662
v -0.016511 -0.004540 0.029906
v -0.016328 -0.005787 0.029342
v -0.016095 -0.004410 0.029835
v -0.016230 -0.005101 0.029556
v -0.015813 -0.004643 0.029520
v -0.016018 -0.005801 0.029217
v -0.017524 0.001139 0.029333
v -0.017601 0.001140 0.029016
v -0.017598 0.001108 0.028647
v -0.017615 0.000992 0.028165
v -0.017443 0.001089 0.028536
v -0.017308 0.001181 0.029808
v -0.017396 0.001241 0.029235
v -0.017394 0.001206 0.028864
v -0.017490 0.000918 0.028126
v -0.017207 0.001332 0.029693
v -0.017167 0.001345 0.029488
v -0.016986 0.001339 0.029430
v -0.017163 0.001179 0.028909
v -0.016995 0.000944 0.028554
v -0.017095 0.000781 0.028283
v -0.016963 0.001081 0.028859
v -0.016680 0.001115 0.028866
v -0.016697 0.000856 0.028437
v -0.016705 0.000725 0.028282
v -0.016300 0.001332 0.029012
v -0.016305 0.000925 0.028442
v -0.015989 0.001064 0.029533
v -0.015737 0.000789 0.029519
v -0.016130 0.001335 0.029496
v -0.016085 0.001353 0.029278
v -0.016102 0.001308 0.029035
v -0.016069 0.000879 0.028423
v -0.016990 0.001424 0.029887
v -0.016847 0.001465 0.029707
v -0.016724 0.001480 0.029895
v -0.016732 0.001380 0.029443
v -0.016522 0.001448 0.029769
v -0.016534 0.001441 0.029388
v -0.016296 0.001445 0.029405
v -0.017443 -0.018477 0.027962
v -0.017589 -0.018618 0.027350
v -0.017227 -0.018611 0.028095
v -0.017231 -0.018701 0.027693
v -0.017120 -0.018751 0.027081
v -0.016995 -0.018782 0.027567
v -0.016897 -0.018753 0.026814
v -0.016411 -0.018919 0.028024
v -0.016399 -0.018763 0.026738
v -0.017594 0.001194 0.027138
v -0.017394 0.001067 0.027903
v -0.017350 0.001178 0.027074
v -0.017394 0.001019 0.026862
v -0.017319 0.000752 0.026572
v -0.017335 0.000530 0.026413
v -0.017248 0.000788 0.028059
v -0.017143 0.001016 0.027805
v -0.017095 0.001115 0.027569
v -0.017121 0.001166 0.027208
v -0.017092 0.000879 0.026649
v -0.016824 0.000674 0.028071
v -0.016902 0.000885 0.027709
v -0.016977 0.000972 0.027424
v -0.016893 0.000989 0.027241
v -0.017019 0.001054 0.027015
v -0.016869 0.000938 0.026800
v -0.016719 0.000756 0.027801
v -0.016700 0.000917 0.026976
v -0.016701 0.000827 0.026574
v -0.016514 0.000561 0.028116
v -0.016575 0.000596 0.027870
v -0.016512 0.000690 0.027472
v -0.016518 0.000831 0.026770
v -0.016297 0.000407 0.027888
v -0.016175 0.000310 0.027621
v -0.016349 0.000698 0.027091
v -0.016218 0.000764 0.026622
v -0.015895 0.000553 0.028101
v -0.015940 0.000259 0.027626
v -0.016120 0.000379 0.027375
v -0.015836 0.000566 0.026896
v -0.015992 0.000741 0.026545
v -0.017624 0.001317 0.027751
v -0.017586 0.001360 0.027566
v -0.017397 0.001303 0.027738
v -0.017383 0.001335 0.027553
v -0.015783 -0.018473 0.024834
v -0.017461 -0.004025 0.026117
v -0.017567 -0.004931 0.025925
v -0.017407 -0.004832 0.025913
v -0.017531 -0.005000 0.025678
v -0.017273 -0.004759 0.025194
v -0.016952 -0.003774 0.025905
v -0.017131 -0.004984 0.025678
v -0.016999 -0.004977 0.025461
v -0.016973 -0.004536 0.024484
v -0.016931 -0.004906 0.025682
v -0.016774 -0.004856 0.025222
v -0.016565 -0.004604 0.024695
v -0.016504 -0.004765 0.025519
v -0.016355 -0.004156 0.025588
v -0.016564 -0.004935 0.025408
v -0.016484 -0.004903 0.025197
v -0.016114 -0.004694 0.024808
v -0.016237 -0.004651 0.025417
v -0.016228 -0.004958 0.025246
v -0.015953 -0.004788 0.025262
v -0.016046 -0.004810 0.024961
v -0.017434 -0.002082 0.024846
v -0.017184 -0.003065 0.026108
v -0.017128 -0.002404 0.026145
v -0.016999 -0.003492 0.026008
v -0.016922 -0.003301 0.026004
v -0.016216 -0.002973 0.025748
v -0.016596 -0.002415 0.025925
v -0.015785 -0.003754 0.025467
v -0.015998 -0.002329 0.025733
v -0.015924 -0.003391 0.025632
v -0.017342 -0.002141 0.026207
v -0.017247 -0.000691 0.025887
v -0.017335 -0.001661 0.026026
v -0.017200 -0.001366 0.025904
v -0.017273 -0.001621 0.025148
v -0.017123 -0.001146 0.025376
v -0.016964 -0.001872 0.025920
v -0.016844 -0.001622 0.025801
v -0.016472 -0.002123 0.025848
v -0.016490 -0.001166 0.025602
v -0.016810 -0.001435 0.025064
v -0.016780 -0.001919 0.024679
v -0.016188 -0.001543 0.025568
v -0.016486 -0.000902 0.025207
v -0.016055 -0.001848 0.024350
v -0.015505 -0.002150 0.025593
v -0.016241 -0.000678 0.025525
v -0.015731 -0.001004 0.024773
v -0.017493 0.001143 0.025938
v -0.017295 0.000804 0.025886
v -0.017111 0.001144 0.025753
v -0.016710 0.000659 0.026253
v -0.016983 0.000811 0.025712
v -0.016818 0.000441 0.025640
v -0.016875 0.000939 0.025571
v -0.016906 0.001277 0.025107
v -0.016753 0.000381 0.026025
v -0.016628 0.000715 0.025469
v -0.016774 0.001063 0.025306
v -0.016707 0.001139 0.025117
v -0.016284 0.000714 0.026249
v -0.016464 0.000479 0.026017
v -0.016227 0.000021 0.025690
v -0.016403 0.000641 0.025420
v -0.016556 0.001081 0.025212
v -0.016260 0.001149 0.025199
v -0.015822 0.000701 0.026338
v -0.015958 0.000524 0.026004
v -0.016376 0.000084 0.025443
v -0.016180 0.000660 0.025358
v -0.016062 0.001078 0.025224
v -0.017489 0.001545 0.025727
v -0.017350 0.001387 0.025824
v -0.017450 0.001612 0.025074
v -0.017503 0.001644 0.024605
v -0.017081 0.001402 0.025462
v -0.017165 0.001499 0.025346
v -0.017359 0.001552 0.024807
v -0.017257 0.001391 0.024627
v -0.016985 0.001181 0.024747
v -0.016710 0.001198 0.024939
v -0.016718 0.001287 0.024718
v -0.016490 0.001371 0.025000
v -0.016483 0.001508 0.024651
v -0.016151 0.001585 0.024538
v -0.015785 0.001321 0.025040
v -0.015771 0.001457 0.024894
v -0.015801 0.001600 0.024671
v -0.016981 -0.017968 0.021613
v -0.017596 -0.004721 0.023341
v -0.017450 -0.004626 0.023159
v -0.017293 -0.004487 0.023053
v -0.016747 -0.004492 0.023510
v -0.017121 -0.004603 0.023322
v -0.017001 -0.004173 0.023105
v -0.016661 -0.004466 0.023907
v -0.016977 -0.004525 0.023023
v -0.016739 -0.004551 0.023007
v -0.016580 -0.004207 0.022962
v -0.015852 -0.004534 0.024340
v -0.016369 -0.004474 0.023105
v -0.015770 -0.004437 0.023785
v -0.016253 -0.004219 0.022904
v -0.016222 -0.003979 0.023026
v -0.015998 -0.004414 0.023039
v -0.016116 -0.004381 0.022947
v -0.017202 -0.002959 0.024015
v -0.017563 -0.003282 0.023803
v -0.017184 -0.003746 0.023447
v -0.017244 -0.003059 0.023813
v -0.016530 -0.002644 0.024026
v -0.016869 -0.003109 0.023740
v -0.016515 -0.003332 0.023429
v -0.016551 -0.003813 0.023166
v -0.015983 -0.002435 0.023907
v -0.016199 -0.003631 0.023155
v -0.015969 -0.002866 0.023578
v -0.016000 -0.003346 0.023133
v -0.016023 -0.003828 0.023005
v -0.017352 0.001550 0.024298
v -0.017570 0.001745 0.023990
v -0.017594 0.001673 0.023560
v -0.017672 0.001546 0.023340
v -0.017679 0.001276 0.022882
v -0.017513 0.001391 0.023348
v -0.017435 0.001353 0.023117
v -0.017321 0.001500 0.023171
v -0.017471 0.001432 0.022860
v -0.017281 0.001663 0.022951
v -0.017215 0.001273 0.024508
v -0.017219 0.001280 0.024256
v -0.017181 0.001446 0.024026
v -0.017204 0.001468 0.023813
v -0.017078 0.001409 0.023689
v -0.016936 0.001128 0.024496
v -0.016901 0.001087 0.024237
v -0.016950 0.001413 0.023864
v -0.016951 0.001544 0.023577
v -0.016946 0.001772 0.022929
v -0.016761 0.001793 0.022925
v -0.016603 0.001459 0.024274
v -0.016743 0.001530 0.024003
v -0.016366 0.001551 0.024267
v -0.016165 0.001698 0.024045
v -0.016463 0.001773 0.023167
v -0.016475 0.001892 0.022910
v -0.016011 0.001910 0.023243
v -0.016125 0.002034 0.022912
v -0.015714 0.001854 0.024233
v -0.015557 -0.017937 0.021520
v -0.017662 0.001144 0.022343
v -0.017675 0.001071 0.022031
v -0.017439 0.001288 0.022487
v -0.017412 0.001128 0.022257
v -0.017348 0.001041 0.022018
v -0.017263 0.001287 0.022264
v -0.017239 0.001207 0.022078
v -0.017664 0.001212 0.022556
v -0.017641 0.001152 0.021798
v -0.017487 0.001623 0.021679
v -0.017582 0.002027 0.021003
v -0.017310 0.001526 0.022603
v -0.017372 0.001221 0.021869
v -0.017157 0.001412 0.021841
v -0.017442 0.001950 0.021484
v -0.017007 0.002151 0.020943
v -0.017131 0.001571 0.022475
v -0.017117 0.001165 0.022066
v -0.017018 0.001683 0.021809
v -0.017054 0.001977 0.021546
v -0.017000 0.001445 0.022263
v -0.016913 0.001301 0.022120
v -0.016824 0.001518 0.021821
v -0.016802 0.002140 0.021379
v -0.016620 0.001761 0.022800
v -0.016659 0.001584 0.022517
v -0.016760 0.001504 0.022242
v -0.016772 0.001442 0.022083
v -0.016622 0.002055 0.021540
v -0.016626 0.002112 0.021075
v -0.016288 0.001966 0.022290
v -0.016447 0.001730 0.022066
v -0.016521 0.001547 0.021876
v -0.016470 0.001602 0.021700
v -0.016296 0.001873 0.021586
v -0.016518 0.002243 0.021260
v -0.016507 0.002247 0.021063
v -0.016295 0.001937 0.022521
v -0.016177 0.001919 0.022100
v -0.016244 0.001648 0.021803
v -0.016285 0.002235 0.021301
v -0.016225 0.002409 0.021008
v -0.015908 0.002050 0.022737
v -0.016045 0.001739 0.021810
v -0.016099 0.001747 0.021545
v -0.016064 0.002084 0.021381
v -0.016028 0.002398 0.020977
v -0.017371 0.002042 0.020278
v -0.017405 0.002148 0.019824
v -0.017236 0.002548 0.019179
v -0.017087 0.002139 0.020543
v -0.017115 0.002234 0.020017
v -0.016840 0.002241 0.020751
v -0.016538 0.002832 0.019346
v -0.016544 0.002450 0.020549
v -0.016570 0.002614 0.019868
v -0.016377 0.002325 0.020760
v -0.016268 0.002701 0.020243
v -0.016278 0.002942 0.019398
v -0.016112 0.002573 0.020468
v -0.016087 0.002900 0.019933
v -0.015988 0.002503 0.020771
v -0.015976 0.002852 0.020125
v -0.016081 0.002948 0.019664
v -0.016056 0.002838 0.019239
v -0.016084 0.002947 0.019395
v -0.017454 -0.002473 0.017490
v -0.017116 -0.002514 0.017706
v -0.017289 -0.002635 0.017536
v -0.017053 -0.002725 0.017542
v -0.016819 -0.002922 0.018023
v -0.016837 -0.002460 0.017963
v -0.016780 -0.002824 0.017594
v -0.016923 -0.002688 0.017830
v -0.016391 -0.001906 0.018393
v -0.016536 -0.003014 0.017979
v -0.016590 -0.001809 0.018152
v -0.016151 -0.002941 0.017841
v -0.016302 -0.002773 0.017435
v -0.016279 -0.003064 0.018890
v -0.016373 -0.003136 0.018672
v -0.016473 -0.002896 0.018523
v -0.016433 -0.003033 0.018230
v -0.016299 -0.003069 0.018153
v -0.015995 -0.003397 0.019166
v -0.015988 -0.003060 0.019201
v -0.016026 -0.002419 0.019002
v -0.016130 -0.003366 0.018906
v -0.016129 -0.003280 0.018633
v -0.016105 -0.003221 0.018412
v -0.015829 -0.003027 0.017970
v -0.017422 -0.001139 0.017764
v -0.017525 -0.001909 0.017542
v -0.017341 -0.000543 0.017833
v -0.016862 -0.001623 0.017933
v -0.016955 -0.000971 0.017992
v -0.016551 -0.001234 0.018240
v -0.016133 -0.001948 0.018737
v -0.016329 -0.001325 0.018419
v -0.016039 -0.001337 0.018668
v -0.017489 0.001027 0.017810
v -0.017120 0.000250 0.017854
v -0.017201 0.000750 0.017848
v -0.016671 -0.000240 0.018091
v -0.016647 0.000980 0.018118
v -0.016485 0.000406 0.018148
v -0.016213 0.001465 0.018451
v -0.015992 -0.000006 0.018511
v -0.015981 0.000465 0.018509
v -0.017515 0.002462 0.018900
v -0.017556 0.002358 0.018635
v -0.017307 0.002097 0.018229
v -0.017515 0.002193 0.018320
v -0.017114 0.002581 0.018952
v -0.017091 0.002478 0.018721
v -0.017013 0.002344 0.018485
v -0.017066 0.002216 0.018358
v -0.016874 0.001660 0.018167
v -0.016537 0.002880 0.019135
v -0.016866 0.002061 0.018323
v -0.016745 0.002607 0.018766
v -0.016531 0.002744 0.018879
v -0.016780 0.002375 0.018520
v -0.016470 0.002507 0.018708
v -0.016513 0.001974 0.018427
v -0.016234 0.002894 0.019143
v -0.016180 0.001877 0.018589
v -0.016014 0.002239 0.018893
v -0.016006 0.001599 0.018637
v -0.017407 -0.002687 0.017349
v -0.017075 -0.002682 0.017203
v -0.017445 -0.002308 0.015344
v -0.016810 -0.002507 0.016523
v -0.016950 -0.002370 0.015483
v -0.016297 -0.002581 0.016310
v -0.015968 -0.002696 0.016233
v -0.015973 -0.002801 0.017250
v -0.017596 -0.000321 0.015650
v -0.017596 0.000736 0.016508
v -0.017587 0.000348 0.016273
v -0.017254 0.001149 0.016263
v -0.017181 0.000629 0.015906
v -0.017183 0.000255 0.015618
v -0.016973 0.000929 0.015723
v -0.016937 0.001575 0.015897
v -0.017377 0.001554 0.016495
v -0.017393 0.001954 0.016463
v -0.017492 0.002779 0.016214
v -0.017631 0.002904 0.015998
v -0.017170 0.002546 0.016155
v -0.017268 0.002737 0.016148
v -0.017433 0.002959 0.016068
v -0.017116 0.001598 0.016180
v -0.017137 0.002045 0.016207
v -0.017180 0.003238 0.015901
v -0.016878 0.002448 0.015871
v -0.017012 0.003187 0.015834
v -0.016842 0.002918 0.015749
v -0.017444 0.003484 0.015573
v -0.017421 0.003300 0.015803
v -0.017202 0.003471 0.015692
v -0.016968 0.003428 0.015576
v -0.016796 0.003144 0.015571
v -0.016622 -0.002395 0.014953
v -0.016247 -0.002524 0.014757
v -0.016228 -0.002493 0.013808
v -0.015971 -0.002683 0.014633
v -0.017701 -0.001159 0.014995
v -0.017467 -0.000839 0.015073
v -0.017666 -0.002278 0.014370
v -0.017702 -0.002197 0.014115
v -0.017196 -0.000907 0.014590
v -0.017549 -0.001403 0.014357
v -0.017509 -0.002238 0.014057
v -0.017613 -0.001934 0.013971
v -0.017431 -0.002152 0.013848
v -0.017122 -0.000583 0.014803
v -0.017185 -0.002209 0.013926
v -0.017230 -0.001165 0.014109
v -0.017128 -0.001384 0.013647
v -0.016915 -0.000481 0.014469
v -0.016941 -0.002172 0.013460
v -0.016944 -0.000745 0.014129
v -0.017022 -0.000958 0.013779
v -0.016638 -0.002281 0.013685
v -0.016754 -0.000499 0.013809
v -0.017226 -0.000183 0.015269
v -0.016911 0.000503 0.015309
v -0.016965 -0.000022 0.014950
v -0.016718 0.000970 0.015212
v -0.016712 0.000200 0.014501
v -0.016738 -0.000329 0.014083
v -0.016584 0.001095 0.014872
v -0.016498 0.001400 0.014656
v -0.016487 0.000892 0.014290
v -0.016594 0.000261 0.014023
v -0.016424 0.001569 0.014225
v -0.016461 0.000887 0.013738
v -0.016421 0.001487 0.013855
v -0.016639 0.002325 0.015430
v -0.016689 0.002719 0.015535
v -0.016751 0.003124 0.014316
v -0.016607 0.002958 0.015133
v -0.016548 0.002617 0.015106
v -0.016506 0.002126 0.014892
v -0.016631 0.003037 0.014941
v -0.016514 0.002606 0.014364
v -0.016615 0.002861 0.014235
v -0.016460 0.002303 0.014342
v -0.017673 0.004077 0.014787
v -0.017529 0.003839 0.014231
v -0.017739 0.003941 0.014138
v -0.017337 0.003666 0.015390
v -0.017512 0.004007 0.015111
v -0.017480 0.004006 0.014808
v -0.017234 0.003579 0.014004
v -0.017221 0.003747 0.015146
v -0.017213 0.003648 0.014496
v -0.016906 0.003456 0.015208
v -0.016973 0.003476 0.014766
v -0.016971 0.003242 0.013664
v -0.015606 -0.016566 0.013006
v -0.016258 -0.016288 0.011105
v -0.016366 -0.002325 0.012831
v -0.016013 -0.002644 0.013189
v -0.016165 -0.002462 0.012407
v -0.015983 -0.002674 0.012327
v -0.017433 -0.001892 0.013740
v -0.017153 -0.002139 0.013514
v -0.017398 -0.001999 0.013560
v -0.017218 -0.001909 0.013301
v -0.017194 -0.001799 0.012160
v -0.017180 -0.001450 0.012210
v -0.017291 -0.000624 0.011940
v -0.016909 -0.000848 0.013444
v -0.017223 -0.002041 0.013197
v -0.016985 -0.001247 0.013272
v -0.017110 -0.001990 0.012858
v -0.017070 -0.001664 0.012896
v -0.016909 -0.000957 0.013050
v -0.016935 -0.000977 0.012770
v -0.017033 -0.001949 0.012432
v -0.017096 -0.001722 0.012578
v -0.016919 -0.000607 0.012700
v -0.017143 -0.001752 0.012373
v -0.017002 -0.000538 0.012429
v -0.016979 -0.001884 0.012004
v -0.016813 -0.000620 0.013368
v -0.016746 -0.002065 0.012505
v -0.016528 -0.002142 0.012261
v -0.017181 -0.000349 0.012030
v -0.016876 0.000012 0.012338
v -0.017004 0.000144 0.012034
v -0.016657 -0.000167 0.013140
v -0.016736 -0.000118 0.012763
v -0.016823 0.000408 0.012317
v -0.016813 0.001608 0.012294
v -0.016618 -0.000123 0.013527
v -0.016582 0.000355 0.013117
v -0.016568 0.001317 0.012972
v -0.016671 0.000328 0.012749
v -0.016475 0.001235 0.013374
v -0.017237 0.003151 0.012128
v -0.017025 0.003198 0.012910
v -0.016834 0.003012 0.013549
v -0.016942 0.002882 0.012665
v -0.016778 0.002459 0.012816
v -0.016862 0.002232 0.012338
v -0.016543 0.002339 0.013704
v -0.016496 0.001678 0.013323
v -0.017648 0.003836 0.013045
v -0.017642 0.003701 0.012573
v -0.017601 0.003604 0.012169
v -0.017751 0.003893 0.012091
v -0.017336 0.003693 0.013358
v -0.017487 0.003810 0.013466
v -0.017557 0.003522 0.012293
v -0.017233 0.003527 0.013065
v -0.017178 0.003282 0.012563
v -0.016304 -0.002242 0.011336
v -0.016164 -0.002419 0.011225
v -0.016216 -0.002362 0.010330
v -0.017758 -0.001457 0.011443
v -0.017601 -0.000754 0.011582
v -0.017752 -0.001625 0.011252
v -0.017544 -0.001601 0.011127
v -0.017408 -0.001482 0.011830
v -0.017624 -0.001623 0.011557
v -0.017357 -0.001698 0.011746
v -0.017253 -0.001735 0.011586
v -0.017258 -0.001489 0.010607
v -0.017063 -0.001531 0.010434
v -0.016964 -0.001505 0.009960
v -0.016708 -0.001798 0.010749
v -0.016477 -0.002046 0.011128
v -0.016470 -0.001990 0.010340
v -0.017586 0.000472 0.011193
v -0.017429 0.001341 0.011153
v -0.017272 0.000177 0.011641
v -0.017200 0.001194 0.011546
v -0.016961 0.001416 0.011958
v -0.017669 0.001835 0.010727
v -0.017705 0.002425 0.010673
v -0.017443 0.003060 0.011295
v -0.017464 0.002627 0.011070
v -0.017255 0.002952 0.011794
v -0.017393 0.002036 0.011121
v -0.017128 0.002264 0.011663
v -0.017621 0.003858 0.011926
v -0.017803 0.003323 0.010709
v -0.017362 0.003304 0.011906
v -0.017501 0.003588 0.011641
v -0.016658 -0.015806 0.007950
v -0.015970 -0.015975 0.009223
v -0.016319 -0.002388 0.008644
v -0.016091 -0.002646 0.010066
v -0.015703 -0.003679 0.010677
v -0.017228 -0.001232 0.009025
v -0.017064 -0.001342 0.008461
v -0.016875 -0.001512 0.009167
v -0.016628 -0.001779 0.009819
v -0.016765 -0.001628 0.008681
v -0.016605 -0.001855 0.008521
v -0.016356 -0.002164 0.009542
v -0.016300 -0.015574 0.006619
v -0.015981 -0.015446 0.006180
v -0.016186 -0.003863 0.006961
v -0.016020 -0.005305 0.006489
v -0.016719 -0.002617 0.006711
v -0.016492 -0.002666 0.007055
v -0.016541 -0.002831 0.006806
v -0.016414 -0.002503 0.007623
v -0.016296 -0.002954 0.007451
v -0.016342 -0.003325 0.006845
v -0.017576 -0.001701 0.006844
v -0.017535 -0.002058 0.006622
v -0.017433 -0.001271 0.007475
v -0.017296 -0.001722 0.006965
v -0.017360 -0.001182 0.007934
v -0.017081 -0.001414 0.007828
v -0.017044 -0.002328 0.006648
v -0.016978 -0.001719 0.007315
v -0.016978 -0.001998 0.006955
v -0.016794 -0.001744 0.007732
v -0.016751 -0.002229 0.006999
v -0.016609 -0.002025 0.007735
v -0.016661 -0.002127 0.007322
v -0.016362 -0.015251 0.004686
v -0.016152 -0.015140 0.004444
v -0.017004 -0.010208 0.004876
v -0.016167 -0.009938 0.004923
v -0.016172 -0.007900 0.005354
v -0.015971 -0.009036 0.005119
v -0.015974 -0.008181 0.005300
v -0.016566 -0.006018 0.005781
v -0.016350 -0.005873 0.005831
v -0.015987 -0.006155 0.005942
v -0.015971 -0.006652 0.005728
v -0.016187 -0.005823 0.005885
v -0.016110 -0.006948 0.005587
v -0.017031 -0.004711 0.006030
v -0.016647 -0.004757 0.006031
v -0.016353 -0.004059 0.006343
v -0.016261 -0.005215 0.005991
v -0.016392 -0.004449 0.006173
v -0.016030 -0.005452 0.006264
v -0.016208 -0.004238 0.006489
v -0.016156 -0.005187 0.006108
v -0.017188 -0.002681 0.006431
v -0.017205 -0.003320 0.006258
v -0.016882 -0.002824 0.006488
v -0.016854 -0.003385 0.006297
v -0.016702 -0.003917 0.006211
v -0.016635 -0.003460 0.006367
v -0.016372 -0.003550 0.006601
v -0.016908 -0.014879 0.003980
v -0.016489 -0.014995 0.004052
v -0.016630 -0.015195 0.004359
v -0.016027 -0.015049 0.004310
v -0.016029 -0.014857 0.004123
v -0.016658 -0.014643 0.003948
v -0.016418 -0.014754 0.003981
v -0.016443 -0.014193 0.004019
v -0.016349 -0.013337 0.004227
v -0.016140 -0.014424 0.004043
v -0.016163 -0.013292 0.004285
v -0.016380 -0.011976 0.004532
v -0.015969 -0.011340 0.004730
v -0.016134 -0.011980 0.004582
v -0.016491 -0.010931 0.004721
v -0.016169 -0.011223 0.004688
v -0.015996 -0.010435 0.004867
v -0.015745 -0.019044 0.029842
v -0.015674 -0.019097 0.029234
v -0.015796 -0.019011 0.028371
v -0.015455 -0.019163 0.029853
v -0.015152 -0.019209 0.029684
v -0.014266 -0.019302 0.030088
v -0.014008 -0.019277 0.029938
v -0.015806 -0.005952 0.029393
v -0.015711 -0.004913 0.029411
v -0.015663 -0.005501 0.029153
v -0.015632 -0.004327 0.029664
v -0.015512 -0.005910 0.029338
v -0.015642 -0.005860 0.029092
v -0.015537 -0.005707 0.029012
v -0.014994 -0.005631 0.029771
v -0.015249 -0.004281 0.029466
v -0.015380 -0.005797 0.028955
v -0.015190 -0.003959 0.029565
v -0.014848 -0.005628 0.029341
v -0.015154 -0.004517 0.029236
v -0.015002 -0.005788 0.029033
v -0.015095 -0.004848 0.029104
v -0.015179 -0.005821 0.028961
v -0.015023 -0.005371 0.028856
v -0.014956 -0.005648 0.028901
v -0.014901 -0.005575 0.028712
v -0.014347 -0.005467 0.029158
v -0.014804 -0.004277 0.029049
v -0.014582 -0.005668 0.028736
v -0.014540 -0.004706 0.028788
v -0.014729 -0.005700 0.028624
v -0.014204 -0.005385 0.029566
v -0.014563 -0.005411 0.028546
v -0.014268 -0.005534 0.028735
v -0.014198 -0.004394 0.028507
v -0.014311 -0.005382 0.028469
v -0.014336 -0.005062 0.028481
v -0.014244 -0.004752 0.028497
v -0.014263 -0.005306 0.028320
v -0.014982 -0.003421 0.029758
v -0.014469 -0.003612 0.029236
v -0.014526 -0.003995 0.028948
v -0.014292 -0.002796 0.029836
v -0.014356 -0.003204 0.029404
v -0.014119 -0.002915 0.029470
v -0.015740 0.000929 0.029240
v -0.015895 0.001125 0.029033
v -0.015924 0.001003 0.028765
v -0.015524 0.000161 0.029832
v -0.015551 0.000506 0.029518
v -0.015688 0.000798 0.028795
v -0.015365 0.000499 0.028737
v -0.015642 0.000568 0.028278
v -0.015292 0.000005 0.029856
v -0.015266 0.000039 0.029624
v -0.015343 0.000350 0.029294
v -0.015424 0.000541 0.028986
v -0.015390 0.000442 0.028286
v -0.015136 0.000129 0.029433
v -0.015137 0.000283 0.029195
v -0.015152 0.000425 0.028849
v -0.015159 0.000431 0.028267
v -0.015009 -0.000154 0.029924
v -0.014901 -0.000125 0.029729
v -0.014874 0.000046 0.029452
v -0.014984 0.000265 0.029293
v -0.014899 0.000539 0.029110
v -0.014789 0.000730 0.028779
v -0.014929 0.000574 0.028332
v -0.014705 0.000822 0.028585
v -0.014564 0.000294 0.029365
v -0.014385 0.000654 0.029293
v -0.014549 0.000786 0.029141
v -0.014658 0.000833 0.028961
v -0.014469 0.001131 0.028753
v -0.014522 0.000873 0.028381
v -0.014365 0.000073 0.029740
v -0.014271 0.000155 0.029550
v -0.014412 0.001111 0.028951
v -0.014440 0.001090 0.028550
v -0.014238 0.000081 0.029902
v -0.014083 0.000479 0.029437
v -0.014250 0.001042 0.029139
v -0.014221 0.001202 0.028837
v -0.014160 0.001112 0.028522
v -0.014302 0.000732 0.028201
v -0.014695 -0.018928 0.027719
v -0.014563 -0.018546 0.025379
v -0.015763 0.000222 0.027369
v -0.015754 0.000382 0.027178
v -0.015694 0.000678 0.026625
v -0.015450 0.000319 0.027870
v -0.015486 0.000184 0.027637
v -0.015490 0.000108 0.027411
v -0.015510 0.000581 0.026619
v -0.015398 0.000155 0.027183
v -0.015394 0.000367 0.026871
v -0.015142 0.000262 0.027804
v -0.015016 0.000104 0.027436
v -0.015183 0.000186 0.027166
v -0.015166 0.000380 0.026821
v -0.015304 0.000616 0.026488
v -0.014584 0.000380 0.027749
v -0.014963 0.000166 0.027036
v -0.014947 0.000273 0.026795
v -0.014932 0.000507 0.026532
v -0.014477 0.000536 0.028094
v -0.014650 0.000133 0.027434
v -0.014629 0.000195 0.027197
v -0.014687 0.000302 0.026849
v -0.014572 0.000489 0.026699
v -0.014535 0.000521 0.026556
v -0.014335 0.000329 0.027619
v -0.014473 0.000396 0.027059
v -0.014146 0.000616 0.027923
v -0.014240 0.000317 0.027397
v -0.014274 0.000527 0.026977
v -0.014270 0.000558 0.026759
v -0.014315 0.000463 0.026495
v -0.015810 -0.004826 0.024978
v -0.015469 -0.004605 0.025155
v -0.015545 -0.004764 0.024992
v -0.015549 -0.004730 0.024792
v -0.015018 -0.004536 0.025110
v -0.015217 -0.003819 0.025318
v -0.014826 -0.004705 0.024964
v -0.014841 -0.003807 0.025316
v -0.014498 -0.004721 0.024711
v -0.014629 -0.004575 0.025133
v -0.014464 -0.004726 0.024967
v -0.014301 -0.004630 0.025209
v -0.015490 -0.003036 0.025552
v -0.015387 -0.003321 0.025516
v -0.015298 -0.002502 0.025582
v -0.015159 -0.003457 0.025460
v -0.015018 -0.002994 0.025495
v -0.014901 -0.003518 0.025448
v -0.014794 -0.002333 0.025573
v -0.014693 -0.003158 0.025515
v -0.014408 -0.003477 0.025597
v -0.014416 -0.003220 0.025620
v -0.014468 -0.002687 0.025635
v -0.014415 -0.002246 0.025655
v -0.014497 -0.003923 0.025359
v -0.014235 -0.003788 0.025547
v -0.015792 -0.001261 0.025443
v -0.015909 -0.000477 0.025486
v -0.015623 -0.000415 0.024986
v -0.015641 -0.001426 0.024459
v -0.015289 -0.001842 0.025498
v -0.015285 -0.001028 0.025400
v -0.015309 -0.000462 0.025505
v -0.015405 -0.000899 0.024613
v -0.014937 -0.002096 0.025534
v -0.014884 -0.001421 0.025465
v -0.014796 -0.000846 0.025479
v -0.014531 -0.001715 0.025552
v -0.014430 -0.001022 0.025573
v -0.014327 -0.000486 0.025736
v -0.015813 0.000113 0.025703
v -0.015708 0.000852 0.025186
v -0.015709 0.000039 0.025153
v -0.015360 0.000516 0.026069
v -0.015300 0.000621 0.026305
v -0.015509 0.000268 0.025829
v -0.015412 -0.000113 0.025619
v -0.015596 0.001130 0.025092
v -0.015218 0.000538 0.024913
v -0.015177 0.000982 0.024892
v -0.015262 0.001306 0.024880
v -0.015039 0.000251 0.025947
v -0.015025 -0.000113 0.024594
v -0.014940 0.000474 0.024669
v -0.014855 -0.000470 0.025577
v -0.015023 -0.000100 0.025715
v -0.014850 0.000939 0.024597
v -0.014749 0.000471 0.026304
v -0.014343 0.000285 0.026246
v -0.014379 -0.000153 0.025901
v -0.015290 0.001510 0.024800
v -0.015380 0.001732 0.024614
v -0.015010 0.001536 0.024614
v -0.014755 -0.018075 0.022470
v -0.013488 -0.018174 0.023267
v -0.015909 -0.004257 0.022746
v -0.015536 -0.004359 0.022709
v -0.015058 -0.004534 0.024108
v -0.015053 -0.004419 0.023177
v -0.015180 -0.004329 0.022289
v -0.014570 -0.004575 0.023946
v -0.014639 -0.004464 0.022684
v -0.014215 -0.004702 0.024440
v -0.014317 -0.004586 0.022887
v -0.015641 -0.003196 0.023035
v -0.015886 -0.003927 0.022827
v -0.015677 -0.003527 0.022842
v -0.015470 -0.002688 0.023342
v -0.015233 -0.002069 0.023570
v -0.015166 -0.002816 0.022768
v -0.015037 -0.002495 0.022941
v -0.015540 -0.001827 0.024052
v -0.015337 -0.001419 0.024232
v -0.014930 -0.000666 0.024265
v -0.015127 -0.002211 0.023303
v -0.014977 -0.001182 0.024006
v -0.014970 -0.001834 0.023427
v -0.014674 -0.000580 0.023959
v -0.014696 -0.001125 0.023601
v -0.014742 -0.001589 0.023214
v -0.014777 -0.001995 0.022875
v -0.014469 -0.000658 0.023458
v -0.014472 -0.001061 0.023092
v -0.014337 -0.000618 0.023043
v -0.014654 0.001398 0.024237
v -0.014655 0.000103 0.024226
v -0.014610 0.000753 0.024283
v -0.014446 0.000029 0.023822
v -0.014424 0.000670 0.023962
v -0.014430 0.001424 0.023644
v -0.014332 0.000390 0.023649
v -0.014287 0.000814 0.023498
v -0.014254 0.000357 0.023299
v -0.014214 -0.000347 0.022658
v -0.014201 0.000297 0.022785
v -0.014258 0.000940 0.022914
v -0.015625 0.002187 0.022943
v -0.015667 0.002142 0.023085
v -0.015175 0.001961 0.024409
v -0.015201 0.002136 0.024190
v -0.015167 0.002246 0.023961
v -0.015350 0.002305 0.023175
v -0.015155 0.002360 0.023436
v -0.015170 0.002358 0.023150
v -0.014972 0.001895 0.024400
v -0.014949 0.002254 0.024040
v -0.014946 0.002388 0.023486
v -0.014943 0.002254 0.023070
v -0.014801 0.001755 0.024306
v -0.014820 0.002178 0.023980
v -0.014663 0.001816 0.024046
v -0.014630 0.002001 0.023750
v -0.014735 0.002207 0.023513
v -0.014473 0.001692 0.023268
v -0.014608 0.001971 0.023261
v -0.014396 0.001364 0.022731
v -0.015717 -0.004259 0.022595
v -0.015678 -0.004202 0.022441
v -0.015504 -0.004268 0.022391
v -0.015453 -0.004227 0.022078
v -0.015275 -0.004246 0.021985
v -0.015185 -0.004174 0.021680
v -0.014973 -0.004288 0.021837
v -0.014995 -0.004217 0.021504
v -0.014891 -0.004172 0.021123
v -0.014743 -0.004351 0.021889
v -0.014387 -0.004469 0.021386
v -0.014290 -0.004574 0.022073
v -0.014126 -0.004683 0.021522
v -0.015711 -0.003959 0.022621
v -0.015533 -0.003962 0.022369
v -0.015444 -0.003996 0.022210
v -0.015357 -0.003974 0.022083
v -0.015074 -0.003144 0.022321
v -0.015082 -0.003429 0.022048
v -0.015217 -0.003950 0.021762
v -0.015159 -0.003973 0.021529
v -0.014877 -0.002604 0.022371
v -0.014879 -0.002900 0.021807
v -0.014991 -0.003386 0.021717
v -0.014805 -0.002678 0.021490
v -0.015107 -0.003994 0.021152
v -0.014984 -0.003436 0.021279
v -0.015084 -0.003753 0.020966
v -0.014737 -0.002157 0.022588
v -0.014666 -0.002164 0.022246
v -0.014636 -0.002120 0.021937
v -0.014700 -0.002197 0.021514
v -0.014833 -0.002581 0.021187
v -0.014766 -0.002071 0.021152
v -0.014642 -0.001204 0.020970
v -0.014480 -0.001385 0.022563
v -0.014394 -0.001170 0.022119
v -0.014389 -0.000521 0.021272
v -0.014313 -0.000849 0.022640
v -0.014248 -0.000619 0.022127
v -0.014353 -0.000717 0.021623
v -0.014640 0.001219 0.021217
v -0.014423 0.001003 0.021915
v -0.014456 0.000485 0.021009
v -0.014221 0.000459 0.022499
v -0.014240 -0.000205 0.021865
v -0.014313 0.000054 0.021419
v -0.014420 0.000773 0.021463
v -0.015832 0.002099 0.022303
v -0.015660 0.002018 0.021995
v -0.015635 0.001766 0.021592
v -0.015846 0.001657 0.021584
v -0.015873 0.001836 0.021346
v -0.015862 0.002218 0.021035
v -0.015437 0.002203 0.022696
v -0.015406 0.002171 0.022267
v -0.015635 0.001732 0.021348
v -0.015509 0.001919 0.021173
v -0.015475 0.002135 0.020976
v -0.015385 0.001865 0.021653
v -0.015180 0.001798 0.021200
v -0.015174 0.002152 0.022333
v -0.015163 0.001909 0.021837
v -0.015232 0.001753 0.021367
v -0.015208 0.002068 0.020893
v -0.014905 0.002079 0.022533
v -0.014861 0.001764 0.021976
v -0.015050 0.001692 0.021357
v -0.014839 0.001562 0.020983
v -0.014627 0.001530 0.022057
v -0.014764 0.001469 0.021343
v -0.014547 0.001751 0.022799
v -0.015714 -0.017642 0.019675
v -0.013482 -0.017414 0.018578
v -0.014430 -0.004336 0.020290
v -0.014476 -0.004203 0.019188
v -0.014134 -0.004678 0.020800
v -0.014270 -0.004510 0.019905
v -0.014135 -0.004738 0.019504
v -0.015831 -0.003388 0.019409
v -0.015571 -0.003286 0.019746
v -0.015577 -0.002925 0.019663
v -0.015497 -0.003550 0.019798
v -0.015632 -0.003558 0.019437
v -0.015371 -0.003563 0.020056
v -0.015401 -0.002401 0.019768
v -0.015162 -0.003694 0.020629
v -0.015234 -0.003721 0.020457
v -0.015142 -0.002733 0.020304
v -0.015178 -0.003824 0.020399
v -0.015326 -0.003362 0.020153
v -0.015274 -0.003701 0.019873
v -0.015174 -0.003666 0.019529
v -0.015061 -0.003992 0.020802
v -0.014951 -0.002636 0.020755
v -0.015044 -0.002423 0.020481
v -0.014857 -0.004060 0.020551
v -0.014830 -0.004002 0.020235
v -0.014640 -0.004074 0.019820
v -0.014793 -0.003804 0.018989
v -0.015538 -0.001971 0.019517
v -0.015571 -0.001771 0.019355
v -0.015411 -0.000802 0.019232
v -0.015208 -0.002072 0.020131
v -0.015144 -0.001008 0.019749
v -0.014913 -0.002138 0.020796
v -0.014861 -0.000591 0.020113
v -0.014561 -0.000285 0.020645
v -0.015134 0.000087 0.019452
v -0.015166 0.000967 0.019480
v -0.014883 0.001318 0.020191
v -0.014995 -0.000158 0.019699
v -0.014928 0.000900 0.019887
v -0.015166 0.001437 0.019620
v -0.014838 0.000275 0.019981
v -0.014497 0.000024 0.020764
v -0.014691 0.000985 0.020576
v -0.015875 0.002489 0.020787
v -0.015892 0.002915 0.019939
v -0.015731 0.002795 0.019827
v -0.015906 0.002930 0.019729
v -0.015889 0.002862 0.019487
v -0.015673 0.002640 0.020441
v -0.015665 0.002722 0.020207
v -0.015550 0.002446 0.019647
v -0.015591 0.001910 0.019199
v -0.015354 0.002302 0.020723
v -0.015386 0.002442 0.020444
v -0.015304 0.002347 0.020258
v -0.015319 0.002297 0.020063
v -0.015594 0.002340 0.019449
v -0.015223 0.002211 0.020671
v -0.015045 0.001722 0.020094
v -0.015197 0.001818 0.019774
v -0.014901 0.001661 0.020660
v -0.014277 -0.017164 0.016904
v -0.014693 -0.003925 0.017249
v -0.014364 -0.004414 0.018530
v -0.015720 -0.003470 0.019047
v -0.015732 -0.003207 0.018462
v -0.015476 -0.003442 0.019069
v -0.015533 -0.003016 0.017406
v -0.015339 -0.003421 0.018900
v -0.015375 -0.003281 0.018403
v -0.015039 -0.003569 0.018860
v -0.015251 -0.003248 0.017769
v -0.014969 -0.003531 0.018143
v -0.015065 -0.003396 0.017456
v -0.014685 -0.003897 0.018566
v -0.014751 -0.003782 0.017848
v -0.015891 -0.001804 0.018930
v -0.015534 -0.000459 0.019004
v -0.015694 0.000293 0.018775
v -0.015593 0.001310 0.018994
v -0.015374 0.000153 0.019132
v -0.014451 -0.016948 0.015648
v -0.014017 -0.016907 0.015658
v -0.014562 -0.005674 0.015286
v -0.014210 -0.007467 0.015779
v -0.014710 -0.004640 0.015397
v -0.014570 -0.004337 0.016742
v -0.014619 -0.004435 0.016199
v -0.014396 -0.005184 0.016486
v -0.015704 -0.002841 0.016212
v -0.015393 -0.003065 0.016709
v -0.015336 -0.003134 0.016161
v -0.015165 -0.003468 0.015346
v -0.015066 -0.003416 0.016562
v -0.015204 -0.016829 0.014749
v -0.014892 -0.016595 0.013460
v -0.014310 -0.016714 0.014566
v -0.014262 -0.016453 0.013436
v -0.014800 -0.006619 0.013519
v -0.014948 -0.005371 0.013571
v -0.014496 -0.007707 0.014348
v -0.014883 -0.004768 0.014366
v -0.015119 -0.004070 0.013945
v -0.015801 -0.002837 0.014074
v -0.015621 -0.002941 0.015122
v -0.015551 -0.003132 0.014070
v -0.015299 -0.003267 0.015367
v -0.015336 -0.003532 0.013900
v -0.014927 -0.003833 0.015614
v -0.014968 -0.016379 0.012307
v -0.014570 -0.016494 0.013232
v -0.014425 -0.016367 0.012905
v -0.014640 -0.016289 0.012326
v -0.014312 -0.016173 0.012552
v -0.014134 -0.016019 0.012628
v -0.014390 -0.012180 0.011996
v -0.014481 -0.010450 0.012536
v -0.014918 -0.008043 0.011720
v -0.014555 -0.009047 0.013120
v -0.014993 -0.006601 0.012466
v -0.015247 -0.004478 0.012641
v -0.015754 -0.002955 0.013093
v -0.015951 -0.002739 0.011729
v -0.015537 -0.003326 0.013097
v -0.015729 -0.003145 0.011927
v -0.015332 -0.003834 0.013085
v -0.015582 -0.003578 0.011808
v -0.015309 -0.016367 0.011952
v -0.015638 -0.015999 0.009594
v -0.015293 -0.016137 0.010715
v -0.014948 -0.016021 0.010699
v -0.014837 -0.015674 0.009767
v -0.014627 -0.015881 0.010958
v -0.014640 -0.015483 0.010093
v -0.014611 -0.015078 0.009912
v -0.014431 -0.015681 0.011164
v -0.014660 -0.014635 0.009666
v -0.014277 -0.013982 0.011587
v -0.014700 -0.010977 0.011037
v -0.014669 -0.012428 0.010550
v -0.014971 -0.010643 0.009695
v -0.015068 -0.009325 0.009772
v -0.014718 -0.009775 0.011640
v -0.015207 -0.008132 0.009756
v -0.015542 -0.004638 0.010625
v -0.015285 -0.006770 0.010501
v -0.015334 -0.004676 0.011895
v -0.015921 -0.003100 0.010119
v -0.015391 -0.015947 0.009585
v -0.015456 -0.015521 0.007514
v -0.015300 -0.015836 0.009229
v -0.015136 -0.015766 0.009297
v -0.015039 -0.015595 0.009051
v -0.014909 -0.015436 0.009127
v -0.015203 -0.015373 0.007851
v -0.014880 -0.014914 0.008728
v -0.014811 -0.015247 0.009257
v -0.015234 -0.014511 0.007094
v -0.014732 -0.014136 0.009459
v -0.015135 -0.010967 0.008678
v -0.015052 -0.011992 0.008800
v -0.015421 -0.008454 0.008073
v -0.015857 -0.005206 0.008131
v -0.015968 -0.003682 0.008814
v -0.015845 -0.015692 0.007637
v -0.015674 -0.015628 0.007538
v -0.015673 -0.015394 0.006610
v -0.015398 -0.015142 0.006824
v -0.015279 -0.014947 0.007069
v -0.015145 -0.013644 0.007682
v -0.015407 -0.013633 0.006383
v -0.015503 -0.011505 0.006493
v -0.015373 -0.011633 0.007218
v -0.015453 -0.009954 0.007092
v -0.015691 -0.007314 0.006955
v -0.015422 -0.009245 0.007566
v -0.015603 -0.008460 0.006653
v -0.015857 -0.005999 0.007247
v -0.015557 -0.007387 0.007996
v -0.016063 -0.003952 0.007866
v -0.015848 -0.015142 0.005262
v -0.015531 -0.015310 0.006743
v -0.015696 -0.014958 0.005408
v -0.015589 -0.014713 0.005549
v -0.015679 -0.014306 0.004817
v -0.015654 -0.013147 0.005094
v -0.015442 -0.014200 0.006111
v -0.015826 -0.011202 0.004896
v -0.015645 -0.011884 0.005497
v -0.015721 -0.012236 0.005079
v -0.015756 -0.010787 0.005099
v -0.015895 -0.010341 0.004944
v -0.015838 -0.009416 0.005083
v -0.015674 -0.009152 0.005470
v -0.015714 -0.009501 0.005247
v -0.015787 -0.009855 0.005087
v -0.015580 -0.009283 0.006295
v -0.015785 -0.007905 0.005512
v -0.015860 -0.008124 0.005363
v -0.015947 -0.007505 0.005490
v -0.015726 -0.008054 0.005674
v -0.015715 -0.008633 0.005451
v -0.015772 -0.008689 0.005294
v -0.015849 -0.006770 0.005916
v -0.015801 -0.007163 0.005833
v -0.015874 -0.007164 0.005646
v -0.015890 -0.014935 0.004386
v -0.015863 -0.013028 0.004576
v -0.015847 -0.014711 0.004327
v -0.015840 -0.014252 0.004342
v -0.015949 -0.013600 0.004353
v -0.015980 -0.014307 0.004149
v -0.015757 -0.013650 0.004675
v -0.015836 -0.012162 0.004788
v -0.015923 -0.011785 0.004715
v -0.015979 -0.012855 0.004469
v -0.013356 -0.019203 0.029484
v -0.013600 -0.019236 0.029680
v -0.013103 -0.019172 0.029311
v -0.012683 -0.019122 0.029064
v -0.012459 -0.019091 0.028902
v -0.012235 -0.019060 0.028754
v -0.013463 -0.005227 0.028651
v -0.013658 -0.005298 0.028467
v -0.013954 -0.003949 0.028482
v -0.013842 -0.005392 0.028336
v -0.014078 -0.005349 0.028280
v -0.014071 -0.005049 0.028198
v -0.013971 -0.004805 0.028135
v -0.013692 -0.005284 0.029525
v -0.013960 -0.004342 0.028225
v -0.012914 -0.005190 0.029280
v -0.013009 -0.005297 0.029810
v -0.012875 -0.005143 0.028603
v -0.013110 -0.005137 0.027461
v -0.012684 -0.005250 0.029575
v -0.012621 -0.005163 0.027814
v -0.012379 -0.005230 0.029394
v -0.012465 -0.005181 0.028886
v -0.013978 -0.003166 0.029021
v -0.013581 -0.002584 0.029215
v -0.013573 -0.002263 0.029540
v -0.013714 -0.003184 0.028638
v -0.013731 -0.003618 0.028354
v -0.013658 -0.002920 0.028833
v -0.013302 -0.002120 0.029239
v -0.013296 -0.002450 0.028821
v -0.013469 -0.002981 0.028289
v -0.013178 -0.002419 0.028442
v -0.013466 -0.001895 0.029687
v -0.013473 -0.001539 0.029869
v -0.013275 -0.000732 0.029719
v -0.013219 -0.001566 0.029519
v -0.013228 -0.001115 0.029667
v -0.013007 -0.001075 0.029270
v -0.013054 -0.000633 0.029299
v -0.013048 -0.001575 0.029140
v -0.013076 -0.001931 0.028879
v -0.012964 -0.001801 0.028596
v -0.012905 -0.000641 0.028810
v -0.012877 -0.001104 0.028791
v -0.012836 -0.000949 0.028474
v -0.012976 -0.001933 0.028018
v -0.012894 -0.001534 0.028061
v -0.012879 -0.000459 0.028217
v -0.012822 -0.001052 0.028095
v -0.013870 0.000192 0.029876
v -0.013845 0.000373 0.029645
v -0.014049 0.000927 0.029242
v -0.014004 0.001140 0.028968
v -0.013975 0.001157 0.028784
v -0.014044 0.000737 0.028162
v -0.013815 0.000621 0.029385
v -0.013845 0.000917 0.029180
v -0.013890 0.001058 0.028603
v -0.013751 0.000798 0.028359
v -0.013586 0.000347 0.029619
v -0.013620 0.000760 0.029186
v -0.013513 0.000793 0.029034
v -0.013595 0.000898 0.028708
v -0.013409 0.000322 0.029447
v -0.013261 -0.000002 0.029443
v -0.013405 0.000700 0.028876
v -0.013315 0.000504 0.028492
v -0.013112 -0.000149 0.029200
v -0.013270 0.000428 0.029073
v -0.013031 -0.000141 0.028874
v -0.013227 0.000400 0.028631
v -0.013041 0.000016 0.028423
v -0.013162 -0.018680 0.026363
v -0.011561 -0.018937 0.028141
v -0.014048 -0.005380 0.028069
v -0.013859 -0.005139 0.027865
v -0.013753 -0.004165 0.027953
v -0.013720 -0.004725 0.027704
v -0.013718 -0.004289 0.027746
v -0.013593 -0.005297 0.028086
v -0.013607 -0.005228 0.027854
v -0.013686 -0.005169 0.027597
v -0.013606 -0.005078 0.027254
v -0.013537 -0.004417 0.027197
v -0.013593 -0.004085 0.027332
v -0.013577 -0.004005 0.027120
v -0.013537 -0.004887 0.026978
v -0.013522 -0.004277 0.026679
v -0.013429 -0.005224 0.027824
v -0.013377 -0.005107 0.027069
v -0.013335 -0.005045 0.026461
v -0.013506 -0.004907 0.026605
v -0.012955 -0.005122 0.027041
v -0.012983 -0.005104 0.026291
v -0.012681 -0.005184 0.026937
v -0.012704 -0.005221 0.026339
v -0.012329 -0.005257 0.027821
v -0.012311 -0.005357 0.027085
v -0.013479 -0.003176 0.028016
v -0.013579 -0.003844 0.027711
v -0.013520 -0.003651 0.026988
v -0.013619 -0.003876 0.026545
v -0.013546 -0.003369 0.026625
v -0.013593 -0.002611 0.026438
v -0.013319 -0.002790 0.028013
v -0.013372 -0.002970 0.027567
v -0.013391 -0.002841 0.027130
v -0.013467 -0.002706 0.026760
v -0.013130 -0.002386 0.028114
v -0.013206 -0.002497 0.027590
v -0.013056 -0.002036 0.027453
v -0.013108 -0.001803 0.027004
v -0.013377 -0.000570 0.026494
v -0.013399 -0.001849 0.026459
v -0.013187 -0.001194 0.026655
v -0.013196 -0.000704 0.026741
v -0.012903 -0.001555 0.027621
v -0.012901 -0.000619 0.027631
v -0.012843 -0.000957 0.027709
v -0.012959 -0.001407 0.027207
v -0.012987 -0.000885 0.027149
v -0.013870 0.000572 0.027762
v -0.013988 0.000474 0.027414
v -0.014060 0.000565 0.026874
v -0.014046 0.000429 0.026566
v -0.013848 0.000686 0.028111
v -0.013821 0.000528 0.027503
v -0.013834 0.000560 0.027109
v -0.013740 0.000450 0.026860
v -0.013903 0.000193 0.026414
v -0.013572 0.000641 0.028218
v -0.013624 0.000564 0.027809
v -0.013630 0.000508 0.027236
v -0.013473 0.000436 0.027363
v -0.013384 0.000434 0.027830
v -0.013234 -0.000153 0.027026
v -0.013499 0.000212 0.026913
v -0.013449 -0.000131 0.026681
v -0.013160 0.000208 0.028078
v -0.013245 0.000192 0.027488
v -0.013057 -0.000368 0.027309
v -0.012987 -0.000181 0.027909
v -0.012763 -0.018399 0.024760
v -0.014001 -0.004568 0.025424
v -0.014057 -0.004799 0.024982
v -0.013930 -0.004804 0.025286
v -0.013753 -0.004730 0.025636
v -0.013603 -0.004884 0.024902
v -0.013624 -0.004017 0.026241
v -0.013574 -0.004770 0.026056
v -0.013641 -0.004834 0.025817
v -0.013664 -0.004866 0.025542
v -0.013505 -0.004924 0.026345
v -0.013458 -0.004964 0.026070
v -0.013311 -0.004995 0.025148
v -0.013030 -0.005120 0.025457
v -0.012962 -0.005275 0.024738
v -0.012659 -0.005316 0.025866
v -0.012431 -0.005502 0.025922
v -0.013968 -0.003854 0.025724
v -0.014081 -0.003472 0.025820
v -0.014088 -0.003040 0.025824
v -0.014042 -0.002632 0.025882
v -0.013974 -0.002153 0.025889
v -0.013782 -0.003898 0.025934
v -0.013796 -0.003536 0.026128
v -0.013772 -0.003259 0.026121
v -0.013790 -0.002597 0.026141
v -0.014046 -0.001509 0.025744
v -0.014121 -0.000904 0.025713
v -0.013646 -0.001710 0.026101
v -0.013643 -0.000643 0.026139
v -0.013658 -0.001134 0.026038
v -0.013413 -0.001130 0.026302
v -0.013972 -0.000384 0.025975
v -0.013741 -0.000166 0.026311
v -0.011843 -0.018185 0.023702
v -0.012802 -0.006065 0.022961
v -0.014022 -0.004733 0.022833
v -0.013792 -0.004808 0.024290
v -0.013795 -0.004816 0.023782
v -0.013722 -0.004898 0.023197
v -0.013451 -0.005154 0.023000
v -0.013348 -0.005069 0.024120
v -0.013165 -0.005301 0.023705
v -0.012818 -0.005493 0.024441
v -0.013069 -0.005621 0.022990
v -0.012838 -0.017775 0.020924
v -0.012162 -0.017859 0.021645
v -0.013380 -0.006146 0.020364
v -0.013618 -0.005578 0.020335
v -0.012959 -0.006382 0.021766
v -0.012940 -0.006834 0.021219
v -0.012721 -0.007368 0.021460
v -0.013933 -0.004859 0.021598
v -0.013832 -0.004886 0.022411
v -0.013711 -0.005059 0.021961
v -0.013564 -0.005323 0.021534
v -0.013237 -0.005865 0.021588
v -0.013234 -0.005681 0.022075
v -0.014196 -0.000098 0.022313
v -0.012784 -0.017556 0.019698
v -0.012252 -0.017717 0.020866
v -0.012509 -0.017460 0.019446
v -0.012737 -0.010821 0.019427
v -0.012571 -0.012799 0.018982
v -0.013080 -0.007318 0.020206
v -0.013034 -0.008332 0.019700
v -0.013546 -0.006290 0.019395
v -0.013953 -0.004927 0.020542
v -0.013770 -0.005246 0.020421
v -0.013939 -0.005227 0.019158
v -0.013838 -0.005664 0.018854
v -0.013355 -0.017095 0.016929
v -0.013139 -0.017352 0.018397
v -0.012849 -0.017374 0.018731
v -0.012711 -0.017233 0.018339
v -0.012806 -0.016912 0.017140
v -0.012334 -0.017260 0.018955
v -0.012555 -0.017176 0.018416
v -0.012438 -0.017041 0.018338
v -0.012562 -0.016696 0.017433
v -0.012511 -0.016507 0.017452
v -0.012612 -0.015505 0.017160
v -0.013011 -0.013293 0.016853
v -0.012805 -0.014410 0.016973
v -0.012976 -0.011618 0.018063
v -0.013021 -0.010177 0.018746
v -0.013665 -0.007601 0.017879
v -0.013516 -0.009008 0.017649
v -0.014047 -0.006078 0.017344
v -0.013702 -0.006889 0.018191
v -0.014120 -0.006616 0.016651
v -0.013587 -0.006634 0.018852
v -0.014327 -0.004675 0.017762
v -0.013947 -0.005713 0.018183
v -0.013673 -0.017086 0.016679
v -0.013723 -0.016808 0.015501
v -0.013277 -0.016877 0.016275
v -0.013029 -0.017023 0.017024
v -0.013226 -0.016712 0.015896
v -0.013101 -0.016589 0.015888
v -0.012749 -0.016756 0.016993
v -0.012993 -0.016450 0.015959
v -0.012966 -0.015335 0.015931
v -0.012722 -0.016047 0.016642
v -0.012952 -0.016293 0.015953
v -0.013507 -0.011778 0.015954
v -0.013710 -0.010103 0.016272
v -0.013892 -0.008968 0.016253
v -0.013889 -0.016626 0.014682
v -0.013580 -0.016664 0.015195
v -0.013644 -0.016434 0.014535
v -0.013701 -0.016173 0.013852
v -0.013599 -0.015849 0.013853
v -0.013758 -0.014847 0.013339
v -0.013480 -0.016156 0.014459
v -0.013369 -0.015931 0.014600
v -0.013033 -0.015921 0.015597
v -0.013403 -0.015630 0.014420
v -0.013853 -0.013565 0.013564
v -0.013611 -0.012913 0.014844
v -0.013423 -0.014857 0.014534
v -0.013854 -0.011963 0.014468
v -0.014136 -0.009266 0.015050
v -0.014185 -0.010862 0.013753
v -0.013982 -0.016326 0.013515
v -0.014002 -0.015890 0.012803
v -0.014188 -0.015147 0.011650
v -0.014310 -0.015450 0.011320
v -0.013903 -0.015649 0.012888
v -0.013821 -0.015390 0.013058
v -0.014097 -0.014555 0.012104
v -0.014159 -0.012128 0.013065
v -0.011994 -0.019020 0.028558
v -0.011302 -0.005780 0.028547
v -0.012047 -0.005315 0.028460
v -0.012044 -0.005280 0.029235
v -0.011819 -0.005359 0.029014
v -0.011537 -0.005542 0.028787
v -0.011315 -0.018891 0.027924
v -0.010591 -0.018731 0.027144
v -0.011494 -0.018445 0.025329
v -0.010643 -0.018798 0.027486
v -0.010941 -0.007975 0.026575
v -0.011782 -0.005940 0.026793
v -0.011698 -0.006222 0.026451
v -0.011151 -0.006017 0.028350
v -0.010917 -0.006446 0.028172
v -0.011483 -0.006571 0.026506
v -0.011368 -0.007019 0.026255
v -0.010982 -0.007076 0.027224
v -0.010832 -0.006620 0.028132
v -0.010711 -0.006910 0.028062
v -0.011048 -0.007514 0.026651
v -0.012096 -0.005599 0.026748
v -0.011999 -0.005429 0.027812
v -0.011670 -0.005707 0.027726
v -0.010698 -0.018437 0.025566
v -0.009995 -0.018677 0.027051
v -0.010624 -0.018246 0.024735
v -0.010994 -0.010595 0.025129
v -0.010656 -0.012586 0.025133
v -0.010892 -0.008734 0.026227
v -0.010701 -0.010770 0.025808
v -0.011411 -0.008445 0.024959
v -0.012370 -0.005858 0.025049
v -0.012200 -0.006248 0.024809
v -0.011852 -0.006788 0.025092
v -0.011585 -0.007526 0.025116
v -0.011807 -0.017952 0.022310
v -0.011450 -0.017990 0.022760
v -0.011220 -0.018221 0.024215
v -0.011135 -0.017945 0.022886
v -0.010910 -0.018089 0.023858
v -0.010945 -0.017884 0.022980
v -0.010714 -0.017959 0.023633
v -0.010831 -0.017757 0.022914
v -0.010642 -0.017692 0.023202
v -0.010604 -0.017172 0.023159
v -0.010890 -0.016603 0.022647
v -0.011088 -0.015141 0.022963
v -0.010737 -0.015075 0.023889
v -0.011295 -0.013179 0.023314
v -0.011052 -0.012445 0.024227
v -0.010924 -0.014351 0.023780
v -0.011681 -0.011250 0.022937
v -0.012181 -0.008534 0.022509
v -0.011869 -0.009726 0.022943
v -0.011219 -0.011141 0.024305
v -0.011470 -0.009841 0.024120
v -0.011938 -0.007422 0.024111
v -0.012170 -0.007948 0.022919
v -0.011794 -0.008509 0.023777
v -0.012328 -0.006483 0.023961
v -0.012475 -0.006603 0.023257
v -0.012353 -0.007150 0.022996
v -0.011912 -0.017665 0.020937
v -0.011452 -0.017850 0.022183
v -0.011634 -0.017644 0.021225
v -0.011326 -0.017737 0.021999
v -0.011560 -0.017500 0.021044
v -0.011276 -0.017400 0.021508
v -0.011247 -0.017225 0.021498
v -0.011411 -0.016882 0.021054
v -0.011195 -0.017622 0.021995
v -0.010964 -0.017416 0.022311
v -0.010962 -0.017161 0.022275
v -0.011906 -0.014516 0.020737
v -0.011554 -0.014711 0.021858
v -0.011248 -0.016307 0.021792
v -0.011854 -0.013215 0.021635
v -0.011509 -0.013586 0.022562
v -0.012242 -0.010382 0.021412
v -0.012385 -0.009369 0.021371
v -0.012282 -0.017470 0.019773
v -0.012059 -0.017488 0.020166
v -0.011839 -0.017480 0.020532
v -0.012122 -0.017157 0.019182
v -0.012006 -0.016960 0.019255
v -0.011758 -0.017271 0.020323
v -0.011892 -0.016691 0.019537
v -0.011627 -0.017200 0.020582
v -0.011621 -0.017008 0.020497
v -0.011655 -0.016689 0.020360
v -0.012077 -0.015691 0.019210
v -0.011771 -0.016034 0.020201
v -0.012219 -0.016169 0.018463
v -0.011470 -0.016338 0.021081
v -0.012079 -0.013079 0.020877
v -0.012409 -0.015034 0.018226
v -0.012055 -0.014030 0.020453
v -0.012492 -0.011511 0.019998
v -0.012309 -0.016963 0.018516
v -0.012240 -0.016694 0.018456
v -0.012252 -0.016378 0.018331
v -0.010448 -0.018781 0.027386
v -0.010213 -0.018729 0.027236
v -0.009782 -0.018629 0.026929
v -0.009553 -0.018556 0.026787
v -0.009335 -0.018457 0.026675
v -0.009128 -0.018273 0.026554
v -0.009045 -0.018050 0.026480
v -0.009038 -0.017410 0.026474
v -0.009152 -0.016544 0.026579
v -0.009291 -0.015535 0.026722
v -0.009396 -0.014774 0.026818
v -0.009643 -0.013085 0.027063
v -0.009761 -0.013715 0.026552
v -0.009521 -0.013848 0.026952
v -0.009743 -0.012436 0.027173
v -0.009856 -0.011770 0.027269
v -0.010513 -0.008915 0.027098
v -0.010096 -0.010180 0.027504
v -0.009974 -0.010959 0.027400
v -0.010400 -0.008154 0.027777
v -0.010420 -0.008005 0.027817
v -0.010336 -0.008532 0.027715
v -0.010218 -0.009235 0.027642
v -0.010300 -0.008717 0.027703
v -0.010535 -0.007505 0.027928
v -0.010037 -0.018466 0.026110
v -0.010451 -0.018113 0.024464
v -0.010276 -0.018237 0.025042
v -0.010207 -0.018060 0.024640
v -0.009871 -0.018327 0.025802
v -0.010006 -0.018188 0.025241
v -0.009766 -0.018170 0.025563
v -0.010076 -0.017165 0.024501
v -0.009901 -0.017999 0.025044
v -0.009688 -0.017851 0.025290
v -0.009798 -0.017675 0.025019
v -0.009413 -0.018341 0.026328
v -0.009616 -0.018056 0.025610
v -0.009332 -0.018051 0.026061
v -0.009368 -0.017789 0.025879
v -0.009335 -0.017411 0.025952
v -0.010246 -0.015395 0.024875
v -0.009729 -0.016730 0.025390
v -0.010146 -0.013494 0.025872
v -0.009704 -0.015702 0.025882
v -0.010363 -0.011730 0.026189
v -0.010328 -0.017956 0.024304
v -0.010487 -0.017541 0.023465
v -0.010314 -0.016606 0.024130
v -0.010200 -0.017830 0.024360
v -0.010136 -0.017583 0.024336
v -0.014679 -0.001657 0.030978
v -0.014944 -0.001231 0.031226
v -0.015090 -0.001589 0.031206
v -0.017324 -0.000104 0.026065
v -0.016763 -0.000889 0.025689
v -0.016641 -0.000148 0.025731
v -0.016797 -0.000489 0.025711
v -0.017175 0.000177 0.026094
v -0.017058 0.000111 0.025693
v -0.016396 -0.000430 0.025358
v -0.018992 0.001652 0.017829
v -0.019603 0.000505 0.017749
v -0.018990 0.001070 0.017700
v -0.018903 0.001658 0.017603
v -0.019066 0.001001 0.017575
v -0.019945 0.000980 0.017680
vn -0.6501 -0.3955 0.6488
vn -0.4205 -0.4571 0.7837
vn -0.5872 -0.3039 0.7503
vn -0.4317 -0.2646 0.8623
vn -0.4832 -0.4414 0.7560
vn -0.6151 -0.4052 0.6763
vn -0.8565 0.1097 0.5044
vn -0.7554 -0.0034 0.6552
vn -0.7215 0.1591 0.6739
vn -0.4533 -0.0438 0.8903
vn -0.5916 -0.0282 0.8057
vn -0.5851 0.1484 0.7973
vn -0.7003 0.2527 0.6676
vn -0.6161 0.3116 0.7234
vn -0.7421 0.4244 0.5188
vn -0.7957 0.3049 0.5233
vn -0.7200 0.5108 0.4698
vn -0.5966 0.4325 0.6760
vn -0.9192 -0.0598 0.3892
vn -0.9219 -0.1118 0.3710
vn -0.9317 -0.0910 0.3518
vn -0.8857 0.1436 0.4415
vn -0.8563 0.2470 0.4536
vn -0.8686 0.1455 0.4737
vn -0.8597 -0.0819 0.5042
vn -0.8390 -0.1677 0.5177
vn -0.8516 -0.1186 0.5106
vn -0.8108 -0.2956 0.5052
vn -0.8137 -0.2253 0.5358
vn -0.7842 -0.3834 0.4880
vn -0.7642 -0.4773 0.4338
vn -0.8415 -0.1484 0.5194
vn -0.8664 -0.1011 0.4889
vn -0.8582 -0.1896 0.4771
vn -0.8704 -0.1458 0.4703
vn -0.8423 -0.2039 0.4989
vn -0.8655 -0.2168 0.4516
vn -0.8658 -0.2119 0.4534
vn -0.8645 -0.2082 0.4576
vn -0.8228 -0.2702 0.5000
vn -0.8519 -0.1273 0.5081
vn -0.8674 -0.1732 0.4665
vn -0.8700 -0.1084 0.4809
vn -0.8873 -0.1680 0.4294
vn -0.8968 -0.1173 0.4265
vn -0.8479 -0.1695 0.5023
vn -0.9395 0.0255 0.3416
vn -0.8812 -0.2047 0.4261
vn -0.8988 -0.1638 0.4066
vn -0.8411 -0.0720 0.5361
vn -0.8620 -0.0277 0.5062
vn -0.8925 -0.0799 0.4439
vn -0.8961 -0.0528 0.4407
vn -0.9295 -0.0080 0.3687
vn -0.9127 0.0586 0.4045
vn -0.8908 0.0285 0.4536
vn -0.8211 0.2431 0.5164
vn -0.8474 0.1496 0.5094
vn -0.7809 0.3659 0.5064
vn -0.8279 0.2246 0.5140
vn -0.7875 0.3291 0.5212
vn -0.7250 0.4726 0.5010
vn -0.7590 0.3989 0.5146
vn -0.6164 0.6452 0.4514
vn -0.6644 0.5565 0.4988
vn -0.5994 0.6532 0.4626
vn -0.5041 0.7859 0.3583
vn -0.7086 0.4835 0.5140
vn -0.6541 0.5896 0.4738
vn -0.5929 0.6745 0.4400
vn -0.4284 0.8802 0.2040
vn -0.4142 0.8794 0.2346
vn -0.4423 0.8120 0.3809
vn -0.0702 -0.4611 0.8846
vn -0.2845 -0.5146 0.8089
vn -0.1422 -0.4969 0.8561
vn 0.0352 -0.5160 0.8559
vn 0.1432 -0.4551 0.8788
vn 0.2218 -0.4945 0.8404
vn 0.2840 -0.4478 0.8478
vn -0.2999 -0.4680 0.8313
vn -0.2774 -0.2570 0.9257
vn -0.2049 -0.4211 0.8836
vn -0.1886 -0.5152 0.8361
vn -0.1132 -0.2950 0.9488
vn 0.0134 -0.5379 0.8429
vn 0.0004 -0.4994 0.8664
vn 0.1241 -0.5844 0.8019
vn 0.1715 -0.5847 0.7929
vn 0.2113 -0.5195 0.8279
vn 0.2328 -0.5922 0.7715
vn 0.0447 -0.4109 0.9106
vn 0.1691 -0.4560 0.8738
vn -0.5077 0.1335 0.8511
vn -0.2919 -0.1325 0.9472
vn -0.4665 0.3331 0.8194
vn -0.3947 0.0051 0.9188
vn -0.3761 0.0889 0.9223
vn -0.3865 0.2721 0.8812
vn -0.2947 -0.0543 0.9540
vn -0.2049 0.0125 0.9787
vn -0.2662 0.1499 0.9522
vn -0.1273 -0.1911 0.9733
vn 0.0808 -0.3087 0.9477
vn -0.0483 -0.1067 0.9931
vn -0.0285 0.1160 0.9928
vn -0.5174 0.3856 0.7639
vn -0.4236 0.4857 0.7646
vn -0.7059 0.5094 0.4921
vn -0.3949 0.6743 0.6240
vn -0.5200 0.4015 0.7539
vn -0.3632 0.3982 0.8423
vn -0.2328 0.5407 0.8083
vn -0.0986 0.5780 0.8101
vn 0.0125 0.5943 0.8041
vn 0.1743 0.7434 0.6458
vn 0.3034 0.7110 0.6343
vn 0.5977 0.5482 0.5851
vn -0.2431 0.2673 0.9324
vn -0.2479 0.5520 0.7962
vn 0.1251 0.7424 0.6582
vn 0.6220 0.6967 0.3573
vn 0.7094 0.5561 0.4330
vn -0.0880 0.4389 0.8942
vn -0.0287 0.8961 0.4428
vn 0.4758 0.8525 0.2164
vn 0.7203 0.5341 0.4426
vn 0.5328 0.7169 0.4497
vn -0.7301 -0.4909 0.4753
vn -0.6834 -0.6439 0.3441
vn -0.5381 -0.7829 0.3124
vn -0.3908 -0.9133 0.1148
vn -0.5462 -0.8013 0.2442
vn -0.3335 -0.9324 0.1394
vn -0.1349 -0.9895 -0.0520
vn -0.2563 -0.9664 0.0176
vn -0.8224 -0.1677 0.5436
vn -0.8335 -0.1378 0.5351
vn -0.8016 -0.2194 0.5562
vn -0.7888 -0.3129 0.5290
vn -0.5222 0.7490 0.4077
vn -0.4543 0.7866 0.4182
vn -0.2637 0.9251 0.2731
vn -0.3698 0.8811 0.2946
vn -0.2623 0.9025 0.3416
vn -0.1157 0.9751 0.1890
vn -0.1154 0.9400 0.3210
vn 0.2870 -0.6131 0.7360
vn 0.3475 -0.6176 0.7055
vn 0.3324 -0.5630 0.7567
vn 0.3616 -0.4428 0.8205
vn 0.2314 -0.4497 0.8627
vn 0.4547 -0.6591 0.5990
vn 0.4529 -0.6859 0.5695
vn 0.5682 -0.5468 0.6149
vn 0.5690 -0.6486 0.5056
vn 0.0399 -0.0013 0.9992
vn 0.1684 -0.2718 0.9475
vn 0.2231 -0.1388 0.9649
vn 0.2602 0.0089 0.9655
vn 0.5171 0.0679 0.8532
vn 0.7009 0.0547 0.7111
vn 0.6979 0.2834 0.6577
vn -0.1726 0.7272 0.6643
vn 0.6442 0.7636 0.0426
vn 0.1256 0.9862 -0.1079
vn 0.4664 0.8843 -0.0217
vn 0.6486 0.6370 0.4166
vn 0.0880 0.9902 0.1085
vn 0.2043 0.4467 0.8710
vn 0.3066 0.7807 0.5445
vn 0.4330 0.8912 0.1355
vn 0.3063 0.9301 -0.2029
vn 0.2148 0.9581 -0.1896
vn 0.3521 0.9355 -0.0302
vn 0.3972 0.1942 0.8969
vn 0.5768 0.5272 0.6240
vn 0.6192 0.1774 0.7649
vn 0.6929 0.3898 0.6065
vn 0.6346 0.6845 0.3588
vn 0.4774 0.8749 -0.0818
vn 0.4845 0.8707 0.0842
vn 0.3785 0.8932 -0.2428
vn 0.4447 0.8925 -0.0749
vn 0.7433 0.3944 0.5403
vn 0.6117 0.7523 0.2446
vn 0.5210 0.5537 0.6496
vn 0.2069 0.9776 0.0394
vn -0.1847 0.7791 0.5990
vn 0.6927 0.3104 0.6510
vn 0.7073 0.0646 0.7040
vn 0.6868 -0.3476 0.6384
vn 0.6071 -0.4184 0.6755
vn 0.6401 -0.5173 0.5680
vn 0.7143 -0.1134 0.6906
vn 0.6599 -0.2543 0.7070
vn 0.7346 -0.2128 0.6443
vn 0.7273 -0.0129 0.6862
vn 0.6114 0.1532 0.7763
vn 0.7157 0.2400 0.6559
vn -0.0512 0.6471 0.7607
vn 0.3865 0.2090 0.8983
vn 0.2716 0.6050 0.7485
vn 0.5555 0.4586 0.6936
vn -0.9867 -0.0342 0.1588
vn -0.9829 -0.0888 0.1612
vn -0.9840 -0.0467 0.1717
vn -0.9650 -0.2351 0.1164
vn -0.9186 -0.3769 0.1191
vn -0.9727 -0.1878 0.1362
vn -0.9860 -0.0289 0.1642
vn -0.9908 -0.0139 0.1343
vn -0.9873 -0.0210 0.1575
vn -0.9919 -0.0095 0.1268
vn -0.9932 0.0041 0.1160
vn -0.9941 0.0214 0.1060
vn -0.9971 0.0329 0.0690
vn -0.9951 0.0523 0.0842
vn -0.9972 0.0712 0.0230
vn -0.9943 0.0680 0.0827
vn -0.9909 0.1154 0.0693
vn -0.9947 0.1008 -0.0210
vn -0.9871 0.1601 0.0050
vn -0.9820 0.1495 -0.1156
vn -0.9966 -0.0193 0.0798
vn -0.9864 -0.0698 0.1490
vn -0.9950 -0.0918 0.0395
vn -0.9869 -0.1098 0.1186
vn -0.9998 -0.0029 -0.0201
vn -0.9610 -0.2763 0.0114
vn -0.8742 -0.4764 0.0937
vn -0.9988 0.0026 -0.0492
vn -0.9989 0.0027 0.0478
vn -0.9924 0.0571 -0.1088
vn -0.9830 0.0599 -0.1736
vn -0.9261 0.0814 -0.3684
vn -0.9758 -0.0061 -0.2186
vn -0.9994 -0.0032 -0.0334
vn -0.9672 0.0066 -0.2541
vn -0.9704 0.0559 -0.2348
vn -0.8186 0.1291 -0.5597
vn -0.8510 0.1153 -0.5123
vn -0.7438 0.0949 -0.6616
vn -0.5601 0.0785 -0.8247
vn -0.3344 0.1383 -0.9322
vn -0.5002 0.1772 -0.8476
vn -0.1964 0.1939 -0.9612
vn -0.8994 0.0981 -0.4261
vn -0.9963 0.0697 -0.0496
vn -0.9935 0.0491 0.1030
vn -0.5451 0.1532 -0.8242
vn -0.5544 0.1713 -0.8144
vn -0.2114 0.1807 -0.9605
vn -0.9904 0.1070 -0.0879
vn -0.9402 0.2032 -0.2735
vn -0.7414 0.2423 -0.6258
vn -0.9638 0.1921 -0.1849
vn -0.4774 0.1777 -0.8605
vn -0.9641 0.1547 -0.2157
vn -0.9414 0.1655 -0.2941
vn -0.8109 0.2036 -0.5486
vn -0.4740 -0.8491 -0.2332
vn -0.8189 -0.5736 -0.0162
vn -0.8393 -0.3794 -0.3893
vn -0.9786 -0.0794 -0.1896
vn -0.9635 0.0532 -0.2623
vn -0.9501 0.0893 -0.2990
vn -0.8175 0.1481 -0.5565
vn -0.7843 0.0685 -0.6165
vn -0.5552 -0.0954 -0.8262
vn -0.8456 0.1494 -0.5125
vn -0.9669 -0.0790 0.2425
vn -0.9713 -0.0730 0.2266
vn -0.9739 -0.0822 0.2116
vn -0.9762 -0.0506 0.2109
vn -0.9650 -0.0431 0.2587
vn -0.9779 -0.0165 0.2085
vn -0.9593 0.0247 0.2813
vn -0.9760 0.0144 0.2175
vn -0.9546 0.1031 0.2794
vn -0.9391 0.0559 0.3392
vn -0.9277 0.1350 0.3480
vn -0.8983 0.3321 0.2879
vn -0.9030 0.2371 0.3584
vn -0.9381 0.2014 0.2818
vn -0.9119 -0.1065 0.3964
vn -0.8441 -0.2011 0.4971
vn -0.8719 0.0005 0.4896
vn -0.9490 0.0152 0.3149
vn -0.9637 -0.0971 0.2487
vn -0.9368 -0.2610 0.2328
vn -0.9561 -0.1539 0.2495
vn -0.9650 -0.0742 0.2513
vn -0.8510 -0.4935 0.1793
vn -0.8310 -0.5348 0.1529
vn -0.9688 -0.0246 0.2467
vn -0.9680 -0.0193 0.2500
vn -0.9681 -0.0039 0.2506
vn -0.9649 -0.0818 0.2494
vn -0.9654 -0.0397 0.2578
vn -0.9691 -0.0400 0.2432
vn -0.9559 -0.1141 0.2708
vn -0.9588 -0.1028 0.2647
vn -0.9579 -0.0856 0.2739
vn -0.9481 -0.0724 0.3096
vn -0.9487 -0.0357 0.3142
vn -0.9315 -0.0305 0.3625
vn -0.9428 -0.0047 0.3332
vn -0.9358 0.0292 0.3513
vn -0.9264 0.1045 0.3617
vn -0.9507 0.0855 0.2981
vn -0.9107 0.2035 0.3594
vn -0.8677 0.3400 0.3628
vn -0.8763 0.2996 0.3772
vn -0.8027 0.4417 0.4008
vn -0.7016 0.5782 0.4165
vn -0.7936 0.4823 0.3708
vn -0.8065 0.4426 0.3919
vn -0.6993 0.5975 0.3924
vn -0.9203 -0.2606 0.2918
vn -0.8241 -0.3406 0.4526
vn -0.9524 -0.2966 0.0701
vn -0.9413 -0.2254 0.2512
vn -0.8570 -0.4261 0.2898
vn -0.8800 -0.4027 0.2519
vn -0.9827 -0.1729 -0.0665
vn -0.9664 -0.0542 0.2514
vn -0.9769 -0.1905 0.0964
vn -0.9916 -0.1225 -0.0404
vn -0.9816 -0.1186 0.1496
vn -0.9735 -0.0439 0.2243
vn -0.9850 -0.1488 0.0874
vn -0.9688 -0.2474 0.0138
vn -0.9591 -0.2348 0.1583
vn -0.9811 -0.1576 0.1124
vn -0.9791 -0.0493 0.1975
vn -0.9255 0.1144 0.3609
vn -0.9548 0.0361 0.2951
vn -0.9583 -0.1153 0.2613
vn -0.9214 -0.3840 0.0602
vn -0.9496 0.0736 0.3047
vn -0.8946 0.1309 0.4273
vn -0.8944 0.1836 0.4078
vn -0.9441 0.1614 0.2873
vn -0.8629 0.2172 0.4563
vn -0.8328 0.2622 0.4876
vn -0.8841 0.2838 0.3712
vn -0.9310 0.1417 0.3364
vn -0.8887 0.1841 0.4200
vn -0.8963 0.2425 0.3712
vn -0.8915 0.1659 0.4216
vn -0.7826 0.3469 0.5169
vn -0.7487 0.4769 0.4604
vn -0.9595 -0.1672 0.2266
vn -0.9352 -0.2658 0.2340
vn -0.9286 -0.3176 0.1918
vn -0.9100 -0.3800 0.1656
vn -0.6019 -0.7975 0.0424
vn -0.8111 -0.5666 0.1450
vn -0.6600 -0.7476 0.0736
vn -0.5841 -0.8085 0.0715
vn -0.7725 -0.6297 0.0825
vn -0.4758 -0.8795 -0.0116
vn -0.9642 -0.0565 0.2590
vn -0.9680 -0.0137 0.2505
vn -0.9598 -0.1018 0.2616
vn -0.9611 -0.0878 0.2618
vn -0.9670 -0.1069 0.2311
vn -0.9684 -0.0893 0.2327
vn -0.9792 -0.0879 0.1829
vn -0.9665 -0.1007 0.2362
vn -0.9776 -0.0656 0.1999
vn -0.9534 -0.0775 0.2917
vn -0.9508 -0.1002 0.2932
vn -0.9884 -0.0144 0.1510
vn -0.9678 -0.0035 0.2518
vn -0.9479 -0.0178 0.3181
vn -0.9331 0.1760 0.3137
vn -0.9611 0.1598 0.2255
vn -0.9742 0.0860 0.2086
vn -0.9385 0.2428 0.2454
vn -0.9020 0.3502 0.2524
vn -0.9544 0.2404 0.1772
vn -0.9079 0.2767 0.3149
vn -0.8657 0.3858 0.3191
vn -0.8610 0.3545 0.3647
vn -0.8191 0.4903 0.2977
vn -0.7068 0.6051 0.3663
vn -0.6685 0.6333 0.3899
vn -0.6932 0.6787 0.2424
vn -0.7591 0.5516 0.3457
vn -0.5069 0.7738 0.3798
vn -0.1763 0.9346 0.3090
vn -0.9389 -0.3391 -0.0583
vn -0.8994 -0.4317 -0.0681
vn -0.9455 -0.3088 -0.1033
vn -0.8639 -0.5033 -0.0180
vn -0.8942 -0.4437 -0.0601
vn -0.9380 -0.3449 0.0339
vn -0.5589 0.7498 0.3541
vn -0.2686 0.8689 0.4157
vn -0.9282 -0.3234 0.1842
vn -0.9337 -0.3364 0.1227
vn -0.8666 -0.4424 0.2309
vn -0.9495 -0.2638 -0.1700
vn -0.8728 -0.4685 -0.1369
vn -0.8503 -0.4048 -0.3363
vn -0.7827 -0.6190 -0.0646
vn 0.0328 0.9020 0.4305
vn -0.8067 -0.5693 0.1586
vn -0.9929 -0.0480 0.1089
vn -0.9901 -0.1339 0.0421
vn -0.9339 -0.3447 0.0953
vn -0.9768 -0.1677 0.1335
vn -0.9595 -0.2806 0.0241
vn -0.9369 -0.3493 0.0169
vn -0.9137 -0.3872 0.1235
vn -0.9516 -0.3072 -0.0096
vn -0.9618 -0.2646 0.0696
vn -0.9748 0.0616 0.2143
vn -0.9535 0.2020 0.2237
vn -0.9923 0.0440 0.1161
vn -0.9799 0.1813 0.0837
vn -0.9995 -0.0178 -0.0252
vn -0.9903 0.1101 -0.0847
vn -0.9506 0.3086 -0.0343
vn -0.9231 0.3443 0.1711
vn -0.9107 0.3176 0.2643
vn -0.8653 0.4798 -0.1449
vn -0.8894 0.4558 0.0342
vn -0.8615 0.4080 0.3023
vn -0.8907 0.4399 0.1149
vn -0.8858 0.4543 0.0951
vn -0.8142 0.5758 -0.0741
vn -0.7202 0.6026 0.3439
vn -0.7961 0.5978 0.0944
vn -0.9729 -0.1814 0.1431
vn -0.9503 -0.2358 0.2034
vn -0.9750 -0.0879 0.2041
vn -0.9660 -0.1224 0.2278
vn -0.9186 -0.3724 0.1320
vn -0.8756 -0.4530 0.1676
vn -0.5601 -0.8273 0.0425
vn -0.7805 -0.6126 0.1247
vn -0.7602 -0.6428 0.0937
vn -0.4080 -0.9130 -0.0005
vn -0.2837 -0.9573 -0.0563
vn -0.5380 -0.8430 0.0028
vn -0.2733 -0.9606 -0.0511
vn -0.9722 -0.0273 0.2326
vn -0.9716 -0.0546 0.2303
vn -0.9772 -0.0711 0.2002
vn -0.9821 -0.0814 0.1698
vn -0.9903 -0.0385 0.1337
vn -0.9887 -0.0656 0.1350
vn -0.9941 -0.0393 0.1014
vn -0.9960 -0.0208 0.0864
vn -0.9905 -0.0526 0.1267
vn -0.9934 0.0345 0.1096
vn -0.9957 0.0444 0.0816
vn -0.9862 0.0928 0.1369
vn -0.9888 0.1169 0.0932
vn -0.9834 0.0315 0.1788
vn -0.9794 0.1463 0.1394
vn -0.9726 0.2005 0.1180
vn -0.9133 0.3581 0.1940
vn -0.9385 0.3156 0.1401
vn -0.8584 0.4666 0.2130
vn -0.8971 0.4247 0.1222
vn -0.7257 0.6110 0.3164
vn -0.7503 0.6027 0.2716
vn -0.7638 0.6054 0.2239
vn -0.5837 0.7491 0.3132
vn -0.5637 0.7648 0.3118
vn -0.3506 0.8106 0.4691
vn -0.7001 0.5704 0.4295
vn -0.9848 0.1175 0.1278
vn -0.9520 -0.0859 0.2939
vn -0.9579 -0.2818 0.0540
vn -0.9748 -0.1723 -0.1414
vn -0.8437 0.5034 0.1864
vn -0.9790 0.1525 -0.1352
vn -0.9916 -0.0881 -0.0943
vn -0.7194 0.6940 -0.0268
vn -0.8918 0.1575 -0.4242
vn -0.9292 -0.1010 -0.3555
vn -0.6479 0.3437 0.6798
vn -0.7386 0.0131 0.6740
vn -0.9870 -0.1368 -0.0841
vn -0.9318 -0.1813 -0.3143
vn -0.9766 -0.0737 -0.2019
vn -0.9063 -0.0060 -0.4226
vn -0.8845 0.0322 -0.4655
vn -0.9740 -0.0250 -0.2252
vn -0.9364 -0.3355 -0.1032
vn -0.9382 -0.3080 -0.1580
vn -0.9377 -0.2028 -0.2822
vn -0.8150 -0.1789 -0.5512
vn -0.8852 -0.1857 -0.4265
vn -0.7932 0.0225 -0.6085
vn -0.7333 0.1334 -0.6667
vn -0.7982 -0.1603 -0.5807
vn -0.6779 0.1158 -0.7260
vn -0.7306 0.0175 -0.6825
vn -0.6767 -0.0975 -0.7298
vn -0.9807 0.0379 -0.1919
vn -0.9239 0.2971 -0.2410
vn -0.9106 0.2282 -0.3445
vn -0.9241 0.0799 -0.3737
vn -0.8304 0.0872 -0.5503
vn -0.7608 0.2126 -0.6132
vn -0.8419 0.2501 -0.4781
vn -0.6693 0.3284 -0.6665
vn -0.7690 0.2796 -0.5749
vn -0.7644 0.4411 -0.4703
vn -0.8414 0.4414 -0.3118
vn -0.7468 0.5431 -0.3838
vn -0.7320 0.6129 -0.2974
vn -0.7050 0.4448 -0.5524
vn -0.9403 -0.3282 0.0897
vn -0.7887 -0.6134 0.0404
vn -0.8460 -0.5327 0.0227
vn -0.6441 -0.7639 -0.0408
vn -0.3740 -0.9223 -0.0972
vn -0.6117 -0.7903 -0.0364
vn -0.3846 -0.9208 -0.0651
vn -0.1603 -0.9791 -0.1251
vn -0.1424 -0.9816 -0.1268
vn -0.0546 -0.9892 -0.1357
vn -0.1393 -0.9845 -0.1067
vn -0.9835 -0.0497 0.1739
vn -0.9766 -0.0449 0.2105
vn -0.9823 -0.0446 0.1818
vn -0.9868 -0.0434 0.1560
vn -0.9962 -0.0227 0.0837
vn -0.9970 0.0226 0.0746
vn -0.9817 0.1761 0.0719
vn -0.9621 0.2562 0.0937
vn -0.9725 0.2327 0.0015
vn -0.9557 0.2907 0.0470
vn -0.8285 0.5363 0.1610
vn -0.8584 0.5091 0.0631
vn -0.9064 0.4224 -0.0010
vn -0.6861 0.6934 0.2200
vn -0.7741 0.6172 0.1408
vn -0.7657 0.6420 0.0390
vn -0.6718 0.7275 0.1396
vn -0.5337 0.8211 0.2022
vn -0.5350 0.8169 0.2156
vn -0.3319 0.8991 0.2854
vn -0.5865 0.8058 0.0812
vn -0.6241 0.7724 -0.1177
vn -0.3596 0.8972 0.2562
vn -0.4335 0.8955 0.1013
vn -0.6124 0.1087 -0.7830
vn -0.8159 -0.5772 0.0344
vn -0.6417 -0.7669 -0.0015
vn -0.7220 -0.6903 0.0463
vn -0.8329 -0.5322 0.1520
vn -0.4197 -0.9045 -0.0751
vn -0.1286 -0.9841 -0.1222
vn -0.0289 -0.9884 -0.1493
vn -0.2012 -0.9733 -0.1109
vn -0.0221 -0.9884 -0.1500
vn -0.9658 0.2401 -0.0977
vn -0.9315 0.2366 -0.2762
vn -0.9219 0.3186 -0.2204
vn -0.9514 0.3034 -0.0526
vn -0.9160 0.3352 -0.2206
vn -0.7918 0.3479 -0.5021
vn -0.6816 0.4265 -0.5946
vn -0.8029 0.4433 -0.3985
vn -0.9315 0.3539 0.0845
vn -0.8862 0.4376 -0.1521
vn -0.7728 0.5384 -0.3359
vn -0.8191 0.5637 -0.1067
vn -0.6689 0.4915 -0.5577
vn -0.5336 0.4028 -0.7437
vn -0.7015 0.6503 -0.2916
vn -0.6738 0.7347 -0.0780
vn -0.5471 0.6036 -0.5800
vn -0.4862 0.4950 -0.7201
vn -0.3416 0.3533 -0.8709
vn -0.5579 0.7625 -0.3276
vn -0.3761 0.6966 -0.6110
vn -0.2946 0.4802 -0.8262
vn -0.4632 0.8799 -0.1059
vn -0.3476 0.8665 -0.3583
vn -0.3610 -0.9290 -0.0811
vn -0.6647 -0.7467 0.0256
vn -0.6576 -0.7533 -0.0093
vn -0.1096 -0.9871 -0.1171
vn -0.0179 -0.9862 -0.1646
vn -0.1520 -0.9714 -0.1825
vn -0.0181 -0.9804 -0.1962
vn -0.0006 -0.9672 -0.2539
vn -0.2727 0.1605 -0.9486
vn -0.0972 0.1939 -0.9762
vn -0.1491 0.2053 -0.9673
vn -0.0196 0.1853 -0.9825
vn -0.0445 0.1979 -0.9792
vn 0.0069 0.2016 -0.9795
vn -0.3445 0.2343 -0.9091
vn -0.6586 0.2266 -0.7176
vn -0.3064 0.2044 -0.9297
vn -0.0001 0.1896 -0.9819
vn -0.0931 0.2073 -0.9738
vn 0.0279 0.1981 -0.9798
vn -0.7444 0.3029 -0.5951
vn -0.5334 0.2632 -0.8039
vn -0.2924 0.2577 -0.9209
vn -0.0876 0.1802 -0.9797
vn 0.0297 0.1658 -0.9857
vn -0.8785 0.3324 -0.3430
vn -0.5150 0.3399 -0.7869
vn -0.2509 0.2651 -0.9310
vn -0.0968 0.1979 -0.9754
vn -0.2007 0.2967 -0.9336
vn -0.0719 0.2071 -0.9757
vn -0.1488 0.3213 -0.9352
vn -0.1172 -0.8095 -0.5753
vn -0.4658 -0.6081 -0.6428
vn -0.0851 -0.6055 -0.7913
vn -0.2312 -0.4943 -0.8380
vn -0.0673 -0.1875 -0.9800
vn -0.1225 -0.2094 -0.9701
vn -0.1175 -0.9278 -0.3540
vn -0.0464 -0.9356 -0.3501
vn -0.0525 -0.1198 -0.9914
vn -0.2444 -0.0499 -0.9684
vn -0.4652 0.1888 -0.8648
vn -0.1963 0.1954 -0.9609
vn -0.0536 0.1979 -0.9788
vn -0.1603 0.1331 -0.9781
vn -0.0354 0.1702 -0.9848
vn -0.0580 0.1442 -0.9878
vn -0.0130 0.1960 -0.9805
vn -0.2728 0.2052 -0.9399
vn -0.0099 0.2089 -0.9779
vn -0.9036 -0.3375 0.2637
vn -0.8845 -0.2871 0.3677
vn -0.8995 -0.2686 0.3446
vn -0.9361 -0.1094 0.3343
vn -0.8943 -0.1212 0.4308
vn -0.9036 -0.0432 0.4261
vn -0.8515 -0.0312 0.5235
vn -0.8440 -0.1100 0.5250
vn -0.7905 -0.0518 0.6102
vn -0.8665 0.0389 0.4976
vn -0.8054 0.0253 0.5921
vn -0.7837 0.1417 0.6047
vn -0.8755 0.1430 0.4616
vn -0.8615 0.2655 0.4328
vn -0.7527 0.0560 0.6560
vn -0.7721 0.4935 0.4004
vn -0.8811 0.3937 0.2620
vn -0.8982 -0.1054 0.4268
vn -0.8695 -0.0745 0.4883
vn -0.8566 -0.0973 0.5067
vn -0.9032 -0.0925 0.4191
vn -0.8290 -0.0945 0.5512
vn -0.8914 -0.0538 0.4500
vn -0.9043 -0.0799 0.4194
vn -0.8588 -0.1076 0.5009
vn -0.8944 -0.0404 0.4455
vn -0.8613 -0.0536 0.5053
vn -0.8318 -0.1189 0.5422
vn -0.9357 -0.0032 0.3529
vn -0.8817 0.0355 0.4705
vn -0.8459 -0.0563 0.5304
vn -0.8503 0.0444 0.5244
vn -0.9155 0.0422 0.4001
vn -0.8894 0.1099 0.4437
vn -0.9279 0.0953 0.3604
vn -0.8584 0.2321 0.4575
vn -0.9061 0.1958 0.3750
vn -0.7950 0.4047 0.4519
vn -0.8394 0.3564 0.4104
vn -0.8479 0.1668 0.5033
vn -0.8488 0.4821 0.2171
vn -0.6382 0.6849 0.3514
vn -0.8863 0.0776 0.4566
vn -0.9312 0.1800 0.3169
vn -0.8290 0.2873 0.4799
vn -0.9468 -0.0466 0.3185
vn -0.7972 0.4182 0.4354
vn -0.6103 0.6060 0.5102
vn -0.9883 -0.0862 0.1255
vn -0.9598 0.1870 0.2094
vn -0.8912 -0.4357 0.1261
vn -0.8977 -0.3782 0.2259
vn -0.8988 -0.3486 0.2658
vn -0.9291 -0.3697 -0.0102
vn -0.9217 -0.3639 0.1344
vn -0.9673 -0.2067 0.1471
vn -0.9293 -0.2881 0.2310
vn -0.9362 -0.2870 0.2028
vn -0.9581 -0.2745 0.0820
vn -0.9549 -0.2589 0.1454
vn -0.9056 -0.2357 0.3526
vn -0.9487 -0.1965 0.2479
vn -0.9659 -0.2540 0.0510
vn -0.9498 -0.1728 0.2607
vn -0.9791 -0.0565 0.1956
vn -0.9977 -0.0575 0.0357
vn -0.9830 -0.1495 0.1062
vn -0.9902 -0.1366 0.0283
vn -0.9716 -0.2183 0.0909
vn -0.9858 -0.1344 0.1009
vn -0.9974 -0.0718 -0.0062
vn -0.9535 -0.2103 0.2159
vn -0.9914 0.0621 0.1148
vn -1.0000 0.0009 0.0074
vn -0.9940 0.1031 0.0372
vn -0.9966 0.0279 -0.0778
vn -0.9628 0.0250 0.2692
vn -0.9176 0.0464 0.3948
vn -0.9750 0.1845 0.1242
vn -0.9422 0.1945 0.2726
vn -0.9357 0.3405 0.0927
vn -0.9721 0.2291 0.0504
vn -0.7668 0.6119 0.1941
vn -0.7673 0.6359 0.0829
vn -0.9172 0.3929 0.0660
vn -0.7202 0.6897 0.0751
vn -0.8556 0.4802 0.1934
vn -0.6574 0.6977 0.2846
vn -0.8465 0.5077 0.1599
vn -0.4848 0.8660 0.1229
vn -0.6145 0.7719 0.1632
vn -0.6774 0.6982 0.2319
vn -0.3518 0.9029 0.2471
vn -0.1858 0.9781 0.0936
vn -0.4538 0.8518 0.2617
vn -0.9049 -0.3328 0.2652
vn -0.8599 -0.4634 0.2140
vn -0.9240 -0.2480 0.2911
vn -0.5814 -0.8053 0.1163
vn -0.8093 -0.5449 0.2194
vn -0.7824 -0.5902 0.1990
vn -0.9505 -0.0685 0.3031
vn -0.9411 -0.0680 0.3313
vn -0.9377 -0.0613 0.3420
vn -0.9271 -0.2590 0.2709
vn -0.9491 -0.0855 0.3032
vn -0.9397 -0.1592 0.3028
vn -0.9394 -0.1323 0.3162
vn -0.9268 -0.1036 0.3609
vn -0.9273 -0.0494 0.3710
vn -0.9182 -0.0735 0.3892
vn -0.9429 -0.1274 0.3076
vn -0.9220 -0.1276 0.3657
vn -0.9626 -0.1046 0.2500
vn -0.9436 -0.1209 0.3081
vn -0.9499 -0.0894 0.2994
vn -0.9701 -0.0700 0.2325
vn -0.9519 -0.0471 0.3026
vn -0.9269 -0.1050 0.3602
vn -0.9348 -0.0762 0.3468
vn -0.9741 0.0647 0.2167
vn -0.9651 0.0021 0.2617
vn -0.9557 0.0625 0.2878
vn -0.9666 0.1184 0.2272
vn -0.9426 0.1702 0.2874
vn -0.9603 0.1855 0.2084
vn -0.9020 0.3032 0.3074
vn -0.9290 0.2924 0.2269
vn -0.8030 0.4803 0.3528
vn -0.8819 0.4111 0.2308
vn -0.7369 0.5345 0.4139
vn -0.5671 0.5089 0.6476
vn -0.9936 -0.0901 -0.0683
vn -0.9939 -0.0823 0.0728
vn -0.9698 -0.2278 0.0873
vn -0.8181 0.4295 0.3824
vn -0.9111 0.3663 0.1888
vn -0.9959 -0.0008 -0.0909
vn -0.9964 -0.0003 -0.0843
vn -0.9875 0.0824 0.1340
vn -0.9812 0.0346 -0.1899
vn -0.9858 0.0768 -0.1493
vn -0.9549 0.0887 -0.2833
vn -0.9093 -0.4161 -0.0104
vn -0.8676 -0.4941 0.0556
vn -0.9628 -0.1785 0.2031
vn -0.7815 0.3589 0.5103
vn -0.8981 -0.1354 0.4185
vn -0.9476 0.0458 0.3163
vn -0.9650 -0.1458 0.2178
vn -0.8464 -0.0803 0.5265
vn -0.8205 0.1496 0.5517
vn -0.9864 -0.1641 0.0043
vn -0.9957 -0.0567 -0.0730
vn -0.9953 0.0093 -0.0960
vn -0.9762 -0.0238 -0.2155
vn -0.9708 -0.0306 -0.2380
vn -0.9941 -0.0844 -0.0687
vn -0.9365 0.0619 -0.3453
vn -0.9502 -0.0256 -0.3106
vn -0.9918 0.1274 -0.0066
vn -0.9778 -0.0322 -0.2070
vn -0.9782 0.0334 -0.2047
vn -0.9672 0.2535 0.0182
vn -0.9164 0.0011 -0.4003
vn -0.8860 0.0523 -0.4608
vn -0.9496 0.0694 -0.3056
vn -0.9266 0.3724 0.0526
vn -0.9829 0.1344 -0.1255
vn -0.9554 0.2803 -0.0931
vn -0.9347 0.2397 -0.2623
vn -0.8785 0.4722 -0.0720
vn -0.8254 0.5062 -0.2497
vn -0.8514 0.2004 -0.4847
vn -0.7642 0.5094 -0.3957
vn -0.7383 0.6718 -0.0601
vn -0.4765 0.8783 -0.0394
vn -0.6110 0.7577 -0.2293
vn -0.6021 0.7043 -0.3760
vn -0.5356 0.7904 -0.2973
vn -0.8514 -0.4904 0.1863
vn -0.8537 -0.4766 0.2099
vn -0.6777 -0.7257 0.1190
vn -0.8029 -0.5622 0.1981
vn -0.4236 -0.9058 0.0118
vn -0.6384 -0.7595 0.1253
vn -0.6417 -0.7600 0.1035
vn -0.5032 -0.8630 0.0441
vn -0.9617 -0.0615 0.2669
vn -0.9599 -0.0595 0.2741
vn -0.9523 -0.1435 0.2694
vn -0.9232 -0.2945 0.2471
vn -0.9683 -0.0814 0.2362
vn -0.9575 -0.1020 0.2699
vn -0.9704 -0.1032 0.2183
vn -0.9419 -0.0920 0.3232
vn -0.9792 -0.0493 0.1969
vn -0.9738 -0.0914 0.2082
vn -0.9712 -0.0406 0.2347
vn -0.9780 0.0158 0.2080
vn -0.9810 -0.0127 0.1936
vn -0.9785 0.0545 0.1991
vn -0.9729 0.1068 0.2050
vn -0.9449 0.2700 0.1851
vn -0.9159 0.3505 0.1954
vn -0.8527 0.4909 0.1787
vn -0.7397 0.6481 0.1809
vn -0.9401 0.3313 -0.0797
vn -0.8053 0.5875 0.0795
vn -0.8499 0.1583 -0.5026
vn -0.5926 0.8055 0.0006
vn -0.8600 0.4101 -0.3038
vn -0.6345 0.7260 -0.2652
vn -0.3878 0.9206 -0.0469
vn -0.6690 0.2345 -0.7053
vn -0.7852 0.5181 -0.3392
vn -0.6426 0.6478 -0.4091
vn -0.1782 0.9572 0.2283
vn -0.8698 0.0174 -0.4931
vn -0.8785 0.0039 -0.4778
vn -0.8681 0.1442 -0.4750
vn -0.8080 0.0070 -0.5891
vn -0.9075 -0.0068 -0.4199
vn -0.7705 -0.0078 -0.6374
vn -0.6925 0.1478 -0.7062
vn -0.6066 0.0256 -0.7946
vn -0.8331 0.0206 -0.5527
vn -0.7250 0.1790 -0.6650
vn -0.8078 0.0795 -0.5841
vn -0.5974 0.1029 -0.7953
vn -0.7025 -0.0002 -0.7116
vn -0.5725 0.3127 -0.7579
vn -0.6943 0.4514 -0.5605
vn -0.6765 -0.7324 0.0769
vn -0.7365 -0.6720 0.0775
vn -0.4698 -0.8827 -0.0123
vn -0.6441 -0.7629 0.0558
vn -0.4480 -0.8940 -0.0066
vn -0.4137 -0.9103 -0.0143
vn -0.2009 -0.9757 -0.0869
vn -0.2938 -0.9522 -0.0840
vn -0.1196 -0.9849 -0.1250
vn -0.1993 -0.9754 -0.0942
vn -0.9554 -0.1689 0.2424
vn -0.9195 -0.3371 0.2022
vn -0.8067 -0.5802 0.1124
vn -0.9701 -0.0474 0.2380
vn -0.9706 0.0530 0.2349
vn -0.9543 0.1997 0.2225
vn -0.8271 0.5000 0.2567
vn -0.7514 0.6205 0.2244
vn -0.6897 0.6517 0.3156
vn -0.8093 0.4808 0.3376
vn -0.5336 0.7278 0.4308
vn -0.5846 0.7754 0.2389
vn -0.6253 0.7603 0.1761
vn -0.3678 0.8840 0.2884
vn -0.4702 0.8649 0.1756
vn -0.3171 0.9349 0.1593
vn -0.2746 0.7963 0.5390
vn -0.1406 0.3497 0.9262
vn -0.3242 0.8988 0.2949
vn -0.0202 -0.4089 0.9123
vn -0.3614 -0.0782 0.9291
vn -0.1496 0.9566 0.2501
vn -0.6737 -0.3033 0.6739
vn -0.5517 -0.5268 0.6466
vn -0.5024 -0.3457 0.7925
vn -0.7054 -0.4391 0.5564
vn -0.3623 -0.5423 0.7581
vn -0.6466 -0.4389 0.6239
vn -0.4444 -0.5989 0.6662
vn -0.7315 -0.4831 0.4812
vn -0.3760 -0.2982 0.8773
vn -0.3163 -0.4136 0.8538
vn -0.2652 -0.5140 0.8158
vn -0.5217 -0.3703 0.7685
vn -0.2879 -0.4088 0.8660
vn -0.3868 -0.5885 0.7099
vn -0.1821 -0.5375 0.8234
vn -0.2164 -0.2937 0.9311
vn -0.0919 -0.5855 0.8054
vn -0.8050 -0.0246 0.5927
vn -0.7500 0.0517 0.6594
vn -0.7618 -0.1675 0.6258
vn -0.6733 -0.1300 0.7279
vn -0.8316 0.1563 0.5329
vn -0.7231 0.1428 0.6758
vn -0.5511 -0.0034 0.8344
vn -0.5753 0.0961 0.8123
vn -0.5225 -0.1655 0.8364
vn -0.3771 -0.1584 0.9125
vn -0.3993 -0.0882 0.9126
vn -0.4716 0.0165 0.8816
vn -0.2423 -0.2263 0.9434
vn -0.7818 0.2877 0.5532
vn -0.8706 0.2738 0.4088
vn -0.8210 0.3991 0.4082
vn -0.8424 0.3722 0.3896
vn -0.7570 0.5751 0.3103
vn -0.7040 0.4221 0.5712
vn -0.7692 0.5714 0.2860
vn -0.6186 0.2341 0.7500
vn -0.5483 0.1286 0.8263
vn -0.6847 0.2247 0.6934
vn -0.5931 0.3655 0.7174
vn -0.5217 0.1860 0.8326
vn -0.5345 0.2928 0.7929
vn -0.3153 0.0069 0.9490
vn -0.7280 0.6841 0.0450
vn -0.6343 0.7652 0.1102
vn -0.6435 0.6098 0.4626
vn -0.4383 0.5076 0.7417
vn -0.4825 0.7689 0.4195
vn -0.2537 0.9669 0.0277
vn -0.2365 0.9707 0.0422
vn -0.6071 0.7761 0.1708
vn -0.6778 -0.7298 0.0897
vn -0.5865 -0.8096 0.0223
vn -0.2874 -0.9553 -0.0694
vn -0.4035 -0.9149 -0.0084
vn -0.0919 -0.9872 -0.1304
vn -0.1510 -0.9817 -0.1160
vn -0.0387 -0.9884 -0.1471
vn -0.7346 -0.6666 0.1265
vn -0.5457 -0.8370 0.0393
vn -0.6678 0.5827 0.4632
vn -0.8216 0.3711 0.4328
vn -0.9194 -0.0313 0.3920
vn -0.9712 0.1902 0.1436
vn -0.6327 0.1299 0.7634
vn -0.7696 0.2473 0.5887
vn -0.8090 -0.2964 0.5076
vn -0.9368 -0.2258 0.2671
vn -0.7563 -0.2836 0.5896
vn -0.5994 -0.3138 0.7364
vn -0.4903 0.5777 0.6526
vn -0.5017 -0.2319 0.8334
vn -0.5296 0.3876 0.7545
vn -0.7966 -0.3886 0.4630
vn -0.5868 0.5363 0.6066
vn -0.7146 0.3742 0.5910
vn -0.6789 0.6010 0.4218
vn -0.2283 0.5053 0.8322
vn -0.4745 0.5201 0.7101
vn -0.7578 0.3587 0.5450
vn -0.3693 0.7864 0.4952
vn -0.3273 0.7267 0.6039
vn 0.0340 0.6786 0.7337
vn 0.1556 0.8851 0.4386
vn 0.1736 0.7917 0.5857
vn -0.5155 0.7607 0.3944
vn -0.6083 0.7670 0.2041
vn -0.1944 0.8307 0.5216
vn 0.2986 0.6094 0.7345
vn 0.4199 0.5261 0.7396
vn 0.3570 0.7322 0.5800
vn 0.3687 0.8447 0.3879
vn 0.3365 0.8945 0.2944
vn -0.2671 0.9530 -0.1431
vn 0.4245 0.5797 0.6955
vn -0.3457 0.9348 -0.0818
vn -0.1487 0.8586 -0.4905
vn 0.2924 0.9539 -0.0678
vn 0.5132 0.4269 0.7446
vn -0.4310 0.9009 -0.0514
vn 0.4808 0.6376 0.6019
vn 0.2014 0.9511 -0.2340
vn 0.5977 0.6620 0.4522
vn -0.1410 0.9900 -0.0064
vn 0.5260 0.7975 0.2955
vn 0.1671 0.8721 -0.4599
vn 0.6433 0.5288 0.5536
vn 0.2676 0.9519 -0.1492
vn 0.2739 0.9611 -0.0370
vn 0.2571 0.8402 -0.4774
vn 0.0065 0.8580 -0.5136
vn 0.4704 0.8035 -0.3648
vn 0.0796 0.7623 -0.6423
vn 0.1765 0.8686 -0.4630
vn 0.4664 0.8837 -0.0392
vn 0.6486 0.6374 0.4160
vn -0.2891 -0.9549 -0.0671
vn -0.0808 -0.9877 -0.1337
vn -0.8899 0.4354 -0.1360
vn -0.9822 0.0773 -0.1710
vn -0.5035 0.8569 0.1101
vn -0.9417 -0.1907 -0.2772
vn -0.3040 0.9503 -0.0665
vn -0.9023 0.2446 -0.3551
vn 0.1824 0.9634 0.1964
vn -0.7433 -0.6668 0.0539
vn 0.1428 0.8440 0.5170
vn -0.7600 -0.5285 0.3782
vn -0.2611 0.4967 0.8277
vn -0.8717 -0.1944 -0.4499
vn -0.7880 -0.4183 -0.4517
vn -0.8019 -0.5806 -0.1410
vn 0.0770 0.9953 0.0584
vn 0.0458 0.8334 0.5508
vn -0.3244 0.1487 0.9342
vn -0.6640 -0.4589 0.5903
vn -0.6269 -0.6236 0.4670
vn -0.6365 0.4413 -0.6326
vn -0.7462 0.3425 -0.5709
vn -0.8048 0.5876 -0.0835
vn -0.9517 -0.2965 -0.0798
vn -0.7865 -0.2674 0.5567
vn -0.3096 0.7636 0.5666
vn -0.6025 0.7541 0.2614
vn -0.0703 0.7261 0.6840
vn -0.2809 0.8678 0.4100
vn 0.4449 0.6434 0.6230
vn 0.4298 0.5641 0.7050
vn 0.3942 0.7187 0.5728
vn 0.0994 0.8304 0.5482
vn 0.5148 0.7431 0.4275
vn 0.5595 0.5724 0.5995
vn 0.6717 0.5423 0.5046
vn 0.5083 0.7588 0.4072
vn 0.7551 0.6556 0.0064
vn 0.8525 0.5184 0.0667
vn 0.7823 0.6140 0.1051
vn 0.5887 0.7492 0.3036
vn 0.7556 0.6302 0.1788
vn 0.6060 0.6083 0.5125
vn 0.5223 0.5662 0.6377
vn 0.4958 0.6505 0.5754
vn 0.7364 0.6602 0.1478
vn 0.7322 0.6788 0.0547
vn -0.6246 0.7748 -0.0982
vn -0.4039 0.9038 0.1415
vn -0.5370 0.7720 -0.3402
vn -0.0309 0.9281 0.3710
vn 0.0032 0.9900 0.1409
vn -0.3632 0.9186 -0.1557
vn 0.1291 0.9828 -0.1322
vn 0.1677 0.9105 0.3779
vn 0.6626 0.7455 0.0721
vn 0.4435 0.8630 -0.2419
vn 0.8551 0.3588 0.3744
vn -0.0175 -0.9882 -0.1519
vn 0.0032 -0.9883 -0.1526
vn -0.0142 -0.9893 -0.1450
vn -0.0119 -0.9879 -0.1549
vn -0.4603 0.4400 0.7711
vn -0.7788 -0.2166 0.5887
vn -0.6693 0.1878 -0.7189
vn -0.6178 0.2711 -0.7382
vn -0.5872 0.1934 -0.7860
vn -0.5625 0.6632 -0.4937
vn -0.6406 0.5564 -0.5291
vn -0.6205 0.4960 -0.6075
vn -0.5262 0.4163 -0.7415
vn -0.1472 0.8708 -0.4690
vn -0.2073 0.8775 -0.4324
vn -0.5047 0.5739 -0.6450
vn -0.3698 0.6727 -0.6409
vn -0.4148 0.4775 -0.7746
vn 0.1029 0.8614 -0.4974
vn 0.3379 0.9187 -0.2044
vn -0.1911 0.7225 -0.6644
vn -0.3920 0.5750 -0.7181
vn -0.3327 0.5669 -0.7536
vn 0.6648 0.6824 0.3039
vn 0.6993 0.6799 0.2209
vn 0.6487 0.7596 -0.0458
vn 0.4216 0.8664 -0.2675
vn 0.0725 0.9114 -0.4051
vn 0.7722 0.6340 -0.0428
vn 0.7745 0.6299 0.0583
vn 0.5287 0.8314 0.1712
vn 0.2300 0.9638 0.1348
vn -0.2118 0.7438 -0.6340
vn -0.0058 -0.9871 -0.1602
vn -0.6675 0.1208 -0.7348
vn -0.7856 0.2960 -0.5433
vn -0.4698 0.8805 -0.0627
vn -0.5954 0.6964 -0.4007
vn -0.3168 0.9461 -0.0672
vn -0.1886 0.9141 0.3590
vn -0.5029 0.4628 -0.7300
vn 0.0347 0.9147 0.4026
vn -0.2434 0.9699 -0.0092
vn -0.0985 0.9559 0.2767
vn -0.5340 0.6484 -0.5427
vn 0.0377 0.8918 0.4509
vn -0.1151 0.9921 0.0488
vn -0.3305 0.4558 -0.8265
vn -0.3293 0.8178 -0.4720
vn -0.0551 0.9833 0.1732
vn -0.2194 0.6737 -0.7056
vn 0.0829 0.8683 0.4890
vn -0.1061 0.9793 -0.1726
vn -0.5362 -0.0334 -0.8434
vn -0.5407 -0.0287 -0.8407
vn -0.6739 -0.1059 -0.7312
vn -0.1222 0.9335 0.3371
vn -0.3905 -0.0066 -0.9206
vn -0.5425 0.1091 -0.8330
vn -0.4525 0.1203 -0.8836
vn -0.5409 0.0522 -0.8395
vn -0.4107 0.0215 -0.9115
vn 0.0286 0.9254 0.3778
vn -0.2854 0.0088 -0.9584
vn -0.3048 0.0317 -0.9519
vn -0.4171 0.0668 -0.9064
vn -0.3339 0.1894 -0.9234
vn -0.4637 0.1914 -0.8651
vn -0.4510 0.3110 -0.8366
vn -0.3735 0.1359 -0.9176
vn -0.3542 0.1991 -0.9137
vn -0.3372 0.3080 -0.8896
vn -0.2686 0.0546 -0.9617
vn -0.2677 0.0843 -0.9598
vn -0.3187 0.4309 -0.8442
vn -0.2127 0.7679 -0.6042
vn -0.1056 0.6802 -0.7254
vn -0.2048 0.5241 -0.8266
vn -0.0236 0.7130 -0.7008
vn -0.0004 0.5535 -0.8329
vn -0.0758 0.5034 -0.8607
vn -0.3055 0.9493 0.0739
vn -0.2140 0.9596 -0.1828
vn -0.1072 0.9824 0.1529
vn 0.0247 0.9839 0.1769
vn -0.0295 0.9961 -0.0830
vn 0.0210 0.9463 -0.3227
vn -0.0971 0.8903 -0.4449
vn 0.0015 -0.9871 -0.1602
vn 0.0081 0.2231 -0.9748
vn 0.0282 0.1823 -0.9828
vn 0.0250 0.1233 -0.9921
vn 0.0055 0.1106 -0.9938
vn 0.0194 0.1377 -0.9903
vn -0.0048 0.1646 -0.9864
vn -0.0071 0.1432 -0.9897
vn 0.0060 0.1209 -0.9926
vn -0.0806 0.3364 -0.9383
vn -0.0138 0.2564 -0.9665
vn -0.0022 0.3950 -0.9187
vn 0.0023 0.1874 -0.9823
vn -0.0077 -0.7364 -0.6765
vn -0.0597 -0.6657 -0.7439
vn -0.0273 0.2098 -0.9774
vn -0.0347 0.1670 -0.9854
vn -0.0052 -0.2178 -0.9760
vn -0.9123 -0.0637 0.4044
vn -0.9015 -0.1140 0.4175
vn -0.8978 -0.0638 0.4358
vn -0.9102 -0.0435 0.4118
vn -0.8990 -0.0535 0.4346
vn -0.9136 -0.0707 0.4004
vn -0.9274 -0.0894 0.3633
vn -0.8997 -0.1000 0.4250
vn -0.9193 -0.1167 0.3759
vn -0.9448 -0.0332 0.3261
vn -0.9404 -0.0670 0.3335
vn -0.9350 -0.0553 0.3504
vn -0.9604 0.0199 0.2777
vn -0.9406 -0.0500 0.3359
vn -0.9709 0.0168 0.2390
vn -0.9519 0.0482 0.3026
vn -0.9463 0.0451 0.3203
vn -0.9547 -0.0020 0.2975
vn -0.9713 0.0201 0.2370
vn -0.9611 -0.0212 0.2754
vn -0.9597 0.0042 0.2812
vn -0.9685 0.0215 0.2481
vn -0.9219 -0.0546 0.3836
vn -0.9548 -0.0517 0.2926
vn -0.9542 -0.0141 0.2989
vn -0.8997 -0.1055 0.4236
vn -0.9326 -0.0420 0.3586
vn -0.9280 0.0680 0.3664
vn -0.9034 0.0140 0.4286
vn -0.8991 0.1654 0.4053
vn -0.8703 0.1355 0.4736
vn -0.7975 0.3237 0.5092
vn -0.8220 0.2002 0.5331
vn -0.9535 0.0351 0.2995
vn -0.8534 0.2663 0.4480
vn -0.8038 0.3819 0.4562
vn -0.7509 0.4503 0.4831
vn -0.7341 0.3967 0.5511
vn -0.6477 0.5717 0.5037
vn -0.2771 -0.4772 0.8340
vn -0.2614 -0.4079 0.8748
vn -0.3834 -0.3504 0.8545
vn -0.1095 -0.5192 0.8476
vn -0.6286 -0.2400 0.7398
vn -0.6917 -0.2350 0.6829
vn -0.4812 -0.2792 0.8309
vn -0.5640 -0.3283 0.7577
vn -0.4134 -0.4356 0.7996
vn -0.5291 -0.1528 0.8347
vn -0.3971 -0.2271 0.8892
vn -0.2653 -0.3359 0.9038
vn -0.3359 -0.2142 0.9172
vn -0.4643 -0.1255 0.8767
vn -0.7489 0.0194 0.6624
vn -0.6671 0.0180 0.7447
vn -0.7426 0.1238 0.6582
vn -0.7246 0.1122 0.6800
vn -0.7317 0.2524 0.6332
vn -0.5946 0.0704 0.8010
vn -0.5708 -0.0441 0.8199
vn -0.7235 0.4470 0.5261
vn -0.6759 0.2944 0.6756
vn -0.5500 0.4128 0.7260
vn -0.4469 -0.0943 0.8896
vn -0.6792 0.1802 0.7115
vn -0.5140 0.2465 0.8216
vn -0.4578 0.0732 0.8860
vn -0.3826 0.4558 0.8037
vn -0.5675 0.6281 0.5324
vn -0.3727 0.6469 0.6652
vn -0.2825 0.7916 0.5418
vn -0.3453 0.7235 0.5977
vn -0.8220 -0.5072 0.2589
vn -0.9032 -0.1991 0.3801
vn -0.9074 -0.2450 0.3415
vn -0.7418 -0.6201 0.2553
vn -0.8490 -0.4064 0.3377
vn -0.4975 -0.8617 0.0994
vn -0.6367 -0.7574 0.1444
vn -0.2914 -0.9559 -0.0357
vn -0.5251 -0.8467 0.0857
vn -0.7981 -0.5260 0.2939
vn -0.8585 -0.3342 0.3889
vn -0.8893 -0.2089 0.4069
vn -0.6237 -0.7650 0.1608
vn -0.6920 -0.6935 0.2004
vn -0.4322 -0.9001 0.0541
vn -0.9232 -0.0407 0.3822
vn -0.9186 -0.0366 0.3935
vn -0.9167 -0.0536 0.3959
vn -0.9257 -0.0472 0.3753
vn -0.9082 -0.0203 0.4181
vn -0.9343 -0.0067 0.3564
vn -0.9133 0.0317 0.4060
vn -0.8992 -0.0076 0.4375
vn -0.8777 -0.0015 0.4791
vn -0.8676 -0.0294 0.4965
vn -0.9258 0.0403 0.3760
vn -0.8408 -0.0669 0.5371
vn -0.8662 -0.1049 0.4886
vn -0.8302 -0.1209 0.5442
vn -0.9019 -0.0888 0.4228
vn -0.8635 -0.1087 0.4926
vn -0.8536 0.0128 0.5208
vn -0.8403 -0.0963 0.5335
vn -0.8730 -0.0308 0.4867
vn -0.8348 0.1170 0.5380
vn -0.8041 0.2017 0.5593
vn -0.7260 0.3730 0.5778
vn -0.6738 0.3377 0.6573
vn -0.8176 0.2599 0.5138
vn -0.7774 -0.2564 0.5743
vn -0.8113 -0.2873 0.5092
vn -0.7898 0.2506 0.5598
vn -0.6025 -0.2851 0.7454
vn -0.6702 -0.3992 0.6257
vn -0.6877 -0.0033 0.7260
vn -0.6141 0.1258 0.7791
vn -0.3876 -0.4190 0.8211
vn -0.3435 -0.2326 0.9099
vn -0.5721 0.5865 0.5733
vn -0.4677 0.7401 0.4831
vn -0.2376 0.0312 0.9709
vn -0.5971 0.3317 0.7304
vn -0.3698 0.6309 0.6821
vn -0.5820 0.6431 0.4978
vn -0.4435 0.7938 0.4162
vn -0.2841 0.9075 0.3095
vn -0.8035 -0.3031 0.5124
vn -0.7046 -0.3154 0.6356
vn -0.8198 -0.2480 0.5162
vn -0.7523 -0.3768 0.5405
vn -0.8041 -0.3698 0.4654
vn -0.6552 -0.3738 0.6566
vn -0.5419 -0.4290 0.7228
vn -0.5289 -0.4127 0.7416
vn -0.3491 -0.4780 0.8060
vn -0.1939 -0.4689 0.8617
vn -0.1361 -0.5277 0.8385
vn -0.0080 -0.4781 0.8783
vn -0.7732 -0.1546 0.6150
vn -0.6835 -0.1316 0.7180
vn -0.6970 0.1371 0.7038
vn -0.7902 0.0534 0.6105
vn -0.6728 0.2262 0.7044
vn -0.6349 0.4251 0.6451
vn -0.3505 0.4316 0.8312
vn -0.3022 0.5344 0.7893
vn -0.6831 0.2525 0.6852
vn -0.6553 0.4557 0.6024
vn -0.7445 0.3171 0.5875
vn -0.4722 0.7312 0.4923
vn -0.6743 0.6671 0.3167
vn -0.4399 0.8980 -0.0102
vn -0.5806 0.8013 0.1442
vn -0.5350 0.3480 0.7698
vn -0.4311 0.4929 0.7558
vn -0.3342 0.9271 -0.1694
vn -0.4682 0.8812 -0.0651
vn -0.1903 0.7080 0.6801
vn -0.1924 0.9454 0.2631
vn -0.1324 0.9910 -0.0206
vn -0.6556 0.5652 0.5007
vn -0.6449 0.5897 0.4862
vn -0.3407 0.6872 0.6416
vn -0.0051 0.7644 0.6448
vn 0.0721 0.8391 0.5392
vn 0.2816 0.9290 0.2400
vn 0.1740 0.9752 0.1370
vn 0.0419 0.9956 -0.0834
vn -0.4695 0.8001 0.3734
vn -0.7010 0.5911 0.3990
vn -0.4781 0.7898 0.3842
vn -0.1093 0.9752 0.1922
vn 0.1601 0.9573 0.2409
vn 0.3438 0.9388 0.0196
vn -0.1564 0.9198 0.3600
vn 0.3766 0.9192 0.1148
vn 0.5186 0.8545 0.0301
vn -0.9044 -0.3495 0.2446
vn -0.8587 -0.4536 0.2385
vn -0.9118 -0.2737 0.3060
vn -0.8668 -0.4397 0.2351
vn -0.6145 -0.7841 0.0873
vn -0.7476 -0.6381 0.1841
vn -0.7160 -0.6797 0.1593
vn -0.4689 -0.8822 0.0434
vn -0.5754 -0.8165 0.0469
vn -0.3029 -0.9513 -0.0574
vn -0.7076 -0.6964 0.1199
vn -0.4255 -0.9045 -0.0279
vn -0.2123 -0.9735 -0.0849
vn -0.1119 -0.9869 -0.1159
vn -0.9325 -0.1783 0.3140
vn -0.9317 -0.0709 0.3563
vn -0.9244 -0.1436 0.3534
vn -0.9222 -0.0466 0.3840
vn -0.8528 -0.0429 0.5204
vn -0.8385 0.0166 0.5447
vn -0.2746 0.9583 0.0796
vn 0.0262 0.9370 0.3482
vn -0.0084 1.0000 0.0003
vn -0.0917 0.9231 0.3735
vn -0.0856 0.9959 -0.0278
vn 0.0302 0.9872 -0.1566
vn 0.1020 0.9372 0.3336
vn 0.2185 0.8123 0.5408
vn 0.2030 0.9434 -0.2625
vn 0.3008 0.9434 0.1398
vn 0.1078 0.9837 -0.1438
vn -0.1494 0.9748 -0.1656
vn 0.1016 0.9325 -0.3466
vn 0.1026 0.9762 -0.1911
vn 0.4900 0.8631 -0.1221
vn 0.2753 0.6916 -0.6677
vn 0.5831 0.7935 -0.1744
vn 0.3667 0.5795 0.7278
vn 0.4062 0.7468 0.5266
vn 0.2084 0.5224 0.8268
vn 0.4208 0.9072 0.0049
vn 0.4513 0.8861 -0.1054
vn 0.2910 0.8631 -0.4127
vn 0.4789 0.7864 -0.3902
vn 0.0260 0.9886 -0.1486
vn -0.0423 0.5789 0.8143
vn 0.1743 0.5161 0.8386
vn -0.6020 -0.7931 0.0927
vn -0.6800 -0.7083 0.1895
vn -0.3502 -0.9367 -0.0033
vn -0.8163 -0.5501 0.1761
vn -0.7430 -0.6610 0.1050
vn -0.3986 -0.9171 0.0042
vn -0.4806 -0.8706 -0.1055
vn -0.2495 -0.9655 -0.0744
vn -0.1232 -0.9850 -0.1211
vn -0.1397 -0.9837 -0.1134
vn -0.0393 -0.9886 -0.1451
vn -0.1725 0.9849 0.0132
vn -0.3060 0.9386 -0.1594
vn -0.4885 0.8473 -0.2083
vn -0.4028 0.8993 -0.1701
vn -0.2122 0.9741 -0.0783
vn -0.2767 0.9496 -0.1471
vn 0.1596 0.8843 0.4389
vn -0.0900 0.9959 -0.0106
vn 0.0394 0.9849 0.1688
vn 0.0965 0.7300 0.6766
vn -0.0603 0.9966 -0.0567
vn 0.2620 0.9494 0.1735
vn 0.1914 0.9737 -0.1240
vn 0.1946 0.7170 0.6694
vn 0.1695 0.9075 0.3842
vn 0.3150 0.9414 0.1205
vn 0.3299 0.8830 0.3340
vn 0.5395 0.8391 0.0691
vn 0.4417 0.8971 0.0039
vn -0.1427 -0.9846 -0.1010
vn -0.2789 -0.9586 -0.0578
vn -0.0329 -0.9892 -0.1430
vn -0.0983 -0.9880 -0.1195
vn -0.0232 -0.9875 -0.1559
vn -0.0181 -0.9890 -0.1465
vn -0.5511 0.3358 -0.7639
vn -0.4562 0.7780 -0.4320
vn -0.1673 0.9705 0.1734
vn -0.4117 0.5008 -0.7614
vn -0.2427 0.9472 -0.2096
vn -0.4463 0.1935 -0.8737
vn -0.3638 0.2429 -0.8993
vn -0.2780 0.6847 -0.6737
vn -0.6232 0.0401 -0.7810
vn -0.7769 0.0199 -0.6293
vn -0.4657 0.0270 -0.8845
vn -0.5450 0.0612 -0.8362
vn -0.4703 0.0601 -0.8804
vn -0.4239 0.1079 -0.8993
vn -0.3201 0.0534 -0.9459
vn -0.2956 0.0846 -0.9516
vn -0.2714 0.1834 -0.9448
vn -0.2998 0.2210 -0.9281
vn -0.2977 0.2727 -0.9149
vn -0.4877 0.0376 -0.8722
vn -0.2367 -0.1381 0.9617
vn -0.2033 -0.2695 0.9413
vn -0.4248 0.0781 -0.9019
vn -0.5852 0.1641 -0.7941
vn -0.4267 0.1628 -0.8896
vn -0.3083 0.1212 -0.9435
vn -0.3033 0.0067 -0.9529
vn -0.1911 0.0162 -0.9814
vn -0.5626 0.6464 -0.5154
vn -0.4852 0.5188 -0.7039
vn -0.3731 0.1881 0.9085
vn -0.4094 0.8287 -0.3817
vn -0.3431 0.7093 -0.6158
vn -0.2722 0.5785 -0.7689
vn -0.3786 0.2854 -0.8805
vn -0.3014 0.4417 -0.8450
vn -0.2003 0.2012 0.9589
vn -0.3189 0.3690 0.8730
vn -0.1596 0.3498 0.9231
vn -0.0958 0.0577 0.9937
vn -0.1154 -0.1192 0.9861
vn -0.1372 0.9215 -0.3633
vn -0.1420 0.7445 -0.6523
vn 0.0190 0.3095 0.9507
vn 0.1974 0.4884 0.8500
vn 0.2127 0.5237 0.8249
vn 0.0781 0.2202 0.9723
vn 0.4303 0.6545 0.6216
vn -0.0270 0.8108 -0.5848
vn -0.1251 0.7048 -0.6983
vn -0.2524 0.4105 -0.8762
vn -0.2360 0.2331 -0.9434
vn 0.6210 0.7547 0.2116
vn 0.2891 0.8045 0.5189
vn 0.3322 0.9395 0.0839
vn 0.2238 0.9743 0.0241
vn 0.0991 0.8670 -0.4883
vn 0.1151 0.9569 -0.2667
vn -0.0097 -0.9880 -0.1540
vn -0.0138 -0.9885 -0.1505
vn -0.2011 0.9755 0.0896
vn 0.1766 -0.2606 0.9491
vn -0.0060 0.6298 0.7767
vn -0.1073 0.9646 0.2409
vn 0.1791 -0.0819 0.9804
vn -0.2951 0.8666 0.4023
vn -0.0339 0.9261 0.3758
vn -0.0147 0.9790 0.2032
vn 0.2434 0.2203 0.9446
vn -0.2502 0.9616 0.1131
vn -0.1288 0.9680 0.2156
vn -0.1288 0.9906 -0.0466
vn -0.3954 0.9184 -0.0134
vn -0.1357 0.9848 0.1081
vn -0.1626 0.9861 -0.0347
vn -0.3563 0.6982 -0.6209
vn -0.1615 0.9246 0.3449
vn -0.1322 0.9873 0.0882
vn 0.0370 -0.6594 0.7508
vn -0.1067 -0.6239 0.7742
vn 0.0756 -0.6422 0.7628
vn 0.0070 -0.3616 0.9323
vn -0.0900 -0.3593 0.9289
vn 0.0071 -0.5387 0.8425
vn 0.1273 -0.5927 0.7953
vn 0.1139 -0.4766 0.8717
vn 0.1405 -0.7086 0.6915
vn 0.1975 -0.6828 0.7035
vn 0.1630 -0.5374 0.8274
vn 0.0695 -0.4881 0.8700
vn 0.2336 -0.7489 0.6201
vn 0.2307 -0.6499 0.7242
vn 0.2326 -0.7301 0.6425
vn 0.2242 -0.6253 0.7475
vn -0.0807 -0.2928 0.9528
vn -0.1613 -0.3690 0.9153
vn -0.0896 -0.4231 0.9016
vn 0.0366 -0.3882 0.9209
vn -0.0421 0.4972 0.8666
vn 0.2704 0.5654 0.7793
vn 0.7301 0.6395 0.2408
vn 0.7778 0.6235 -0.0789
vn 0.8118 0.5827 0.0378
vn 0.8929 0.3980 0.2107
vn 0.8483 0.5209 0.0952
vn 0.2688 0.9628 -0.0293
vn 0.5881 0.8000 -0.1194
vn 0.8594 0.4157 0.2978
vn 0.9114 0.2844 0.2974
vn 0.9139 0.2864 0.2878
vn 0.9093 0.3695 0.1916
vn 0.1011 0.9795 -0.1742
vn 0.3525 0.9232 -0.1530
vn 0.6269 0.7686 0.1274
vn 0.6901 0.6898 0.2191
vn 0.8379 0.3453 0.4227
vn -0.1079 0.9845 0.1385
vn 0.0546 0.9252 -0.3755
vn 0.1994 0.9277 -0.3157
vn -0.2639 0.5685 0.7792
vn -0.2011 0.8403 0.5035
vn 0.1294 0.7884 0.6014
vn 0.4569 0.8667 0.1999
vn 0.2883 0.9420 -0.1716
vn 0.2628 0.8430 -0.4693
vn 0.3645 0.8976 -0.2478
vn 0.4839 0.6481 0.5881
vn 0.6425 0.7602 -0.0959
vn 0.5974 0.5369 0.5957
vn 0.7810 0.5058 0.3665
vn 0.8282 0.5231 0.2012
vn 0.8011 0.5230 0.2911
vn 0.6904 0.7121 -0.1277
vn 0.5342 0.7806 -0.3246
vn 0.7412 0.6713 0.0025
vn 0.8099 0.5662 -0.1532
vn 0.0050 -0.9872 -0.1595
vn 0.0018 -0.9881 -0.1535
vn 0.0297 -0.9874 -0.1556
vn -0.0126 -0.9880 -0.1539
vn 0.0139 -0.9867 -0.1617
vn 0.1400 0.2488 0.9584
vn 0.2100 0.7494 0.6279
vn -0.1826 0.9625 0.2005
vn 0.3189 0.5533 0.7695
vn 0.1981 -0.4354 0.8782
vn 0.2643 -0.7264 0.6345
vn 0.4094 -0.3687 0.8345
vn 0.4616 0.8828 0.0869
vn 0.1684 0.9571 -0.2360
vn -0.0377 0.8420 -0.5382
vn 0.5666 0.7875 0.2425
vn 0.2362 0.8609 -0.4506
vn 0.3079 0.9302 -0.1999
vn 0.2956 0.7987 -0.5242
vn 0.4557 0.7344 -0.5030
vn 0.5847 0.7600 -0.2837
vn 0.1770 0.9580 -0.2256
vn 0.3614 0.8871 -0.2870
vn 0.4766 0.7949 -0.3755
vn 0.5910 0.7964 -0.1284
vn 0.7291 0.6433 -0.2338
vn 0.8458 0.5332 -0.0200
vn 0.6806 0.7031 -0.2058
vn 0.7559 0.6505 -0.0741
vn 0.2071 0.9773 -0.0437
vn -0.2072 0.9761 -0.0652
vn 0.8649 0.4991 0.0537
vn 0.6638 0.7170 0.2127
vn 0.3642 0.8704 0.3312
vn -0.0088 0.9575 0.2881
vn -0.3962 0.9132 0.0957
vn -0.5184 0.8547 0.0279
vn 0.6875 0.4994 0.5272
vn 0.3920 0.8994 -0.1936
vn 0.3043 0.8827 -0.3580
vn 0.4459 0.8499 -0.2809
vn 0.4267 0.8433 -0.3268
vn 0.5131 0.8443 -0.1544
vn 0.3708 0.9007 -0.2264
vn 0.0784 0.8269 -0.5568
vn 0.0024 -0.9861 -0.1663
vn 0.0056 -0.9877 -0.1563
vn 0.0007 -0.9880 -0.1547
vn 0.5851 0.5288 0.6148
vn 0.5142 0.7738 0.3700
vn 0.5054 0.5841 0.6352
vn 0.6842 0.5266 0.5045
vn 0.2347 0.9704 0.0574
vn 0.5774 0.7051 0.4115
vn 0.2641 0.9081 0.3249
vn 0.6557 0.6909 0.3045
vn 0.4454 0.7356 0.5103
vn -0.1740 0.9792 0.1041
vn -0.0968 0.8762 0.4721
vn 0.1910 0.5759 0.7949
vn -0.7659 0.6064 0.2138
vn -0.7424 0.6610 -0.1087
vn -0.4948 0.8206 -0.2862
vn -0.4777 0.8773 0.0472
vn -0.0093 0.3690 0.9294
vn 0.5363 0.7172 0.4450
vn 0.7795 0.6063 0.1574
vn 0.7744 0.6130 0.1570
vn 0.6675 0.7433 0.0446
vn 0.7066 0.7064 -0.0416
vn 0.7005 0.6595 0.2727
vn 0.4129 0.8123 0.4118
vn 0.5724 0.7815 0.2484
vn 0.1429 0.7137 0.6857
vn 0.6125 0.6790 0.4047
vn 0.6603 0.7457 -0.0890
vn 0.2827 0.9223 0.2635
vn -0.0268 0.7678 0.6401
vn -0.3652 0.6598 0.6567
vn 0.4069 0.7801 0.4752
vn -0.3168 0.7617 0.5651
vn -0.2860 0.5406 0.7912
vn -0.3787 0.4457 0.8111
vn -0.4832 0.6749 0.5577
vn -0.0701 0.2639 0.9620
vn -0.5296 0.5926 0.6069
vn -0.5215 0.7055 0.4800
vn 0.0127 0.2793 0.9601
vn -0.1314 0.5357 0.8341
vn -0.4535 0.6511 0.6086
vn 0.0937 -0.9601 -0.2635
vn 0.0147 -0.9872 -0.1589
vn -0.0078 -0.9847 -0.1742
vn 0.7253 0.6765 0.1275
vn 0.4876 0.7885 0.3749
vn 0.3777 0.8871 0.2654
vn -0.1092 0.9929 -0.0479
vn 0.2371 0.9235 0.3017
vn -0.0883 0.8723 0.4809
vn -0.2850 0.8348 -0.4711
vn -0.1198 0.8639 0.4891
vn 0.3909 -0.1349 0.9105
vn -0.3219 0.8535 0.4098
vn -0.4404 0.8282 0.3467
vn -0.3659 0.9303 -0.0274
vn -0.4519 0.7291 0.5140
vn -0.4537 0.7600 0.4654
vn -0.4743 0.7615 0.4417
vn -0.4003 0.8789 0.2594
vn -0.3520 0.9171 -0.1875
vn -0.2060 0.8214 -0.5319
vn -0.3000 0.9337 0.1956
vn -0.3293 0.8123 0.4814
vn -0.1027 0.9337 -0.3431
vn -0.2098 0.9752 0.0712
vn -0.0294 0.7459 -0.6654
vn -0.4948 0.8519 0.1716
vn -0.4797 0.7708 0.4193
vn -0.5567 0.7764 0.2953
vn -0.0069 -0.9802 -0.1981
vn 0.0052 -0.9868 -0.1621
vn 0.0100 -0.9889 -0.1481
vn -0.0331 0.9004 0.4338
vn -0.1270 0.8720 -0.4728
vn -0.0139 0.8391 -0.5438
vn 0.0894 0.9637 0.2517
vn 0.2808 0.9575 -0.0664
vn 0.0723 0.9268 0.3685
vn 0.5146 0.6177 -0.5947
vn 0.2767 0.9196 0.2787
vn -0.1989 0.0545 -0.9785
vn -0.2088 0.4069 -0.8893
vn -0.0786 0.0078 -0.9969
vn -0.1834 -0.0068 -0.9830
vn 0.0342 0.1396 -0.9896
vn -0.0321 0.3426 -0.9389
vn -0.0848 -0.0424 -0.9955
vn 0.0889 -0.0264 -0.9957
vn 0.2254 0.3828 -0.8959
vn 0.2494 -0.0103 -0.9683
vn 0.0303 -0.0635 -0.9975
vn 0.2394 -0.0774 -0.9678
vn 0.4990 0.4419 -0.7455
vn 0.1987 0.8957 -0.3977
vn 0.5640 -0.0034 -0.8258
vn 0.4014 -0.0870 -0.9118
vn -0.2246 0.1775 -0.9582
vn -0.0988 0.1213 -0.9877
vn -0.2056 0.2951 -0.9331
vn -0.0741 0.3359 -0.9390
vn 0.0395 0.1297 -0.9908
vn 0.1643 0.0224 -0.9862
vn 0.1956 0.1370 -0.9711
vn 0.0804 0.2781 -0.9572
vn -0.2776 0.5894 -0.7586
vn -0.1935 0.4741 -0.8589
vn -0.0988 0.5674 -0.8175
vn -0.2139 0.7115 -0.6693
vn 0.0981 0.4513 -0.8870
vn 0.0028 -0.9875 -0.1577
vn 0.0008 -0.9875 -0.1578
vn 0.0668 0.6922 -0.7186
vn 0.0418 0.5224 -0.8517
vn 0.1294 0.7245 -0.6770
vn 0.0824 0.6176 -0.7821
vn 0.1140 0.8283 -0.5485
vn 0.0758 0.5299 -0.8447
vn 0.0473 0.4015 -0.9146
vn 0.1084 0.9476 0.3004
vn 0.1108 0.9825 0.1496
vn 0.1066 0.9902 -0.0904
vn 0.1308 0.9412 -0.3115
vn 0.0529 0.8276 -0.5588
vn 0.1855 0.9794 -0.0794
vn 0.0099 -0.9663 -0.2571
vn -0.0180 0.2279 -0.9735
vn -0.0258 0.2355 -0.9715
vn -0.0068 0.1874 -0.9823
vn -0.0463 0.2316 -0.9717
vn -0.0531 0.1777 -0.9827
vn -0.0268 0.1446 -0.9891
vn -0.0258 0.1129 -0.9933
vn 0.0120 0.2938 -0.9558
vn 0.0047 -0.8321 -0.5546
vn 0.0023 -0.5308 -0.8475
vn -0.0371 0.2118 -0.9766
vn -0.0347 0.1873 -0.9817
vn -0.0261 0.2056 -0.9783
vn -0.0313 0.2184 -0.9754
vn -0.0101 0.2177 -0.9760
vn -0.8467 -0.1609 0.5071
vn -0.8521 -0.1136 0.5110
vn -0.8726 -0.0908 0.4799
vn -0.8529 -0.0603 0.5186
vn -0.8485 -0.0883 0.5217
vn -0.8659 0.0565 0.4971
vn -0.8511 0.1219 0.5107
vn -0.8849 0.1168 0.4510
vn -0.8582 0.1890 0.4772
vn -0.8622 0.0570 0.5034
vn -0.8172 0.3075 0.4874
vn -0.7972 0.2021 0.5689
vn -0.8592 0.2446 0.4495
vn -0.7122 -0.0850 0.6968
vn -0.8029 -0.1468 0.5777
vn -0.7634 -0.1974 0.6151
vn -0.7163 0.3824 0.5837
vn -0.5740 -0.0236 0.8185
vn -0.9600 -0.2786 -0.0275
vn -0.8927 -0.4313 0.1307
vn -0.9435 -0.2404 0.2279
vn -0.8589 -0.3253 0.3956
vn -0.8283 -0.4286 0.3610
vn -0.9477 -0.2648 0.1783
vn -0.9017 -0.1399 0.4090
vn -0.7007 -0.5035 0.5054
vn -0.7481 -0.3551 0.5606
vn -0.8161 -0.1469 0.5589
vn -0.5548 -0.5110 0.6566
vn -0.6128 -0.3925 0.6859
vn -0.6194 -0.3921 0.6802
vn -0.4458 -0.4428 0.7779
vn -0.9832 -0.0841 -0.1620
vn -0.9791 -0.1997 0.0385
vn -0.9866 -0.1129 0.1180
vn -0.9684 -0.0099 0.2492
vn -0.9214 -0.2531 0.2949
vn -0.8695 -0.1244 0.4780
vn -0.9030 -0.2782 0.3275
vn -0.9873 -0.1585 0.0054
vn -0.9616 -0.2158 0.1696
vn -0.9814 -0.1809 -0.0638
vn -0.8061 -0.3288 0.4920
vn -0.7764 -0.3551 0.5207
vn -0.7170 -0.1911 0.6703
vn -0.9387 0.1361 0.3167
vn -0.9772 0.1924 0.0902
vn -0.9990 0.0432 0.0140
vn -0.9864 0.1288 -0.1019
vn -0.9243 0.2997 0.2365
vn -0.8740 0.2541 0.4141
vn -0.9192 0.3742 0.1224
vn -0.9486 0.3135 -0.0440
vn -0.8451 0.3850 0.3708
vn -0.7678 0.4924 0.4099
vn -0.8079 0.4847 0.3352
vn -0.8375 0.5314 0.1275
vn -0.9215 0.3870 -0.0320
vn -0.8718 0.4885 0.0353
vn -0.7527 0.5404 0.3761
vn -0.7677 0.5752 0.2824
vn -0.7977 0.6019 0.0372
vn -0.7583 0.6450 0.0947
vn -0.7804 0.6095 0.1398
vn -0.6519 0.7583 0.0003
vn -0.6586 0.7430 0.1189
vn -0.7654 0.5341 0.3591
vn -0.7517 0.5923 0.2901
vn -0.4750 0.8729 0.1114
vn -0.2941 -0.9513 0.0918
vn -0.4285 -0.8701 0.2435
vn -0.6049 -0.7366 0.3025
vn -0.1836 -0.9830 -0.0037
vn -0.8833 -0.0802 0.4619
vn -0.8540 -0.0937 0.5118
vn -0.8389 -0.0777 0.5388
vn -0.8080 -0.4074 0.4256
vn -0.8355 -0.1748 0.5210
vn -0.8698 -0.1812 0.4590
vn -0.7185 -0.4858 0.4978
vn -0.7962 -0.2964 0.5275
vn -0.7236 -0.6339 0.2731
vn -0.7630 -0.3467 0.5456
vn -0.6609 -0.6349 0.4002
vn -0.8163 -0.1091 0.5672
vn -0.7931 -0.2189 0.5683
vn -0.8114 -0.1388 0.5677
vn -0.5539 -0.7499 0.3617
vn -0.8739 -0.0982 0.4760
vn -0.8341 -0.1161 0.5393
vn -0.8665 -0.1475 0.4768
vn -0.8703 -0.1450 0.4707
vn -0.8477 -0.1467 0.5098
vn -0.9113 -0.1095 0.3969
vn -0.9073 -0.0717 0.4143
vn -0.8924 -0.1505 0.4255
vn -0.8845 -0.1228 0.4500
vn -0.9199 -0.0131 0.3919
vn -0.8809 -0.0312 0.4722
vn -0.9075 0.0477 0.4173
vn -0.9444 0.0462 0.3255
vn -0.9090 0.1317 0.3954
vn -0.9340 0.0952 0.3444
vn -0.8632 0.0016 0.5049
vn -0.8606 0.2388 0.4497
vn -0.8957 0.1921 0.4011
vn -0.8402 0.3137 0.4424
vn -0.8444 0.3286 0.4231
vn -0.7965 0.3970 0.4560
vn -0.8732 0.2592 0.4127
vn -0.7531 0.4847 0.4449
vn -0.8452 0.3321 0.4188
vn -0.8670 0.2831 0.4101
vn -0.9000 0.3381 0.2750
vn -0.9854 0.0551 0.1613
vn -0.9151 -0.0289 0.4023
vn -0.9542 0.0502 0.2950
vn -0.9525 -0.1671 0.2547
vn -0.9845 -0.0735 0.1592
vn -0.9863 -0.1616 -0.0335
vn -0.9979 0.0046 -0.0649
vn -0.9656 -0.0612 -0.2528
vn -0.9973 -0.0728 0.0011
vn -0.9851 0.1293 -0.1134
vn -0.8407 0.5051 0.1952
vn -0.8607 -0.2224 0.4579
vn -0.8830 0.0175 -0.4690
vn -0.9605 0.0804 -0.2664
vn -0.9214 0.1010 -0.3753
vn -0.8203 0.1964 -0.5372
vn -0.8993 0.3275 -0.2899
vn -0.7588 0.4367 -0.4831
vn -0.9705 -0.1369 -0.1986
vn -0.9689 -0.1028 -0.2250
vn -0.9242 -0.0900 -0.3711
vn -0.9197 -0.1175 -0.3747
vn -0.9172 -0.0445 -0.3959
vn -0.8367 -0.0209 -0.5473
vn -0.8595 -0.0657 -0.5068
vn -0.7382 0.0158 -0.6744
vn -0.7933 -0.0310 -0.6080
vn -0.6166 -0.1320 -0.7761
vn -0.6350 0.0180 -0.7723
vn -0.7163 -0.1167 -0.6879
vn -0.6759 0.1282 -0.7257
vn -0.7805 0.0818 -0.6198
vn -0.5679 -0.0099 -0.8230
vn -0.9768 -0.0244 -0.2130
vn -0.9496 0.2495 -0.1900
vn -0.9536 0.0395 -0.2985
vn -0.9220 0.1955 -0.3342
vn -0.8936 0.3214 -0.3134
vn -0.9237 0.3492 -0.1579
vn -0.8500 0.2283 -0.4747
vn -0.8754 0.0792 -0.4769
vn -0.8531 0.2814 -0.4393
vn -0.8967 0.3436 -0.2789
vn -0.6819 -0.1207 -0.7215
vn -0.7755 -0.0629 -0.6282
vn -0.7764 0.1231 -0.6181
vn -0.6731 -0.0769 -0.7355
vn -0.5599 -0.2360 -0.7942
vn -0.9190 0.3824 -0.0963
vn -0.8695 0.4923 -0.0404
vn -0.8037 0.5724 0.1625
vn -0.8928 0.3583 -0.2731
vn -0.8427 0.2879 -0.4550
vn -0.7542 0.2278 -0.6159
vn -0.7409 0.6609 0.1196
vn -0.8133 0.5547 -0.1753
vn -0.7547 0.4077 -0.5141
vn -0.8045 0.4864 -0.3409
vn -0.6891 0.3447 -0.6374
vn -0.6052 0.6808 0.4127
vn -0.6063 0.6623 -0.4401
vn -0.5587 0.8269 -0.0634
vn -0.5542 0.4490 -0.7009
vn -0.4483 0.6211 -0.6428
vn -0.1684 -0.9844 -0.0519
vn -0.4369 -0.8943 0.0970
vn -0.2888 -0.9573 0.0163
vn -0.1603 -0.9850 -0.0640
vn -0.8670 -0.2705 0.4184
vn -0.7701 -0.5304 0.3544
vn -0.4881 -0.8604 0.1463
vn -0.6455 -0.7151 0.2683
vn -0.6094 -0.7710 0.1852
vn -0.5947 -0.7744 0.2160
vn -0.3954 -0.9132 0.0987
vn -0.5580 -0.8192 0.1326
vn -0.3860 -0.9161 0.1088
vn -0.3097 -0.9507 0.0160
vn -0.8801 -0.0626 0.4707
vn -0.8896 -0.1378 0.4354
vn -0.6376 0.6233 0.4527
vn -0.5358 0.7337 0.4178
vn -0.4025 0.8506 0.3383
vn -0.5001 0.7603 0.4145
vn -0.6349 0.7308 0.2504
vn -0.3560 0.8533 0.3811
vn -0.2567 0.9218 0.2905
vn -0.4862 0.8694 0.0884
vn -0.1602 0.9148 0.3709
vn -0.5786 0.3049 -0.7564
vn -0.5880 0.2683 -0.7631
vn -0.5009 0.7925 -0.3478
vn -0.2460 0.9604 0.1308
vn -0.4774 0.7427 -0.4695
vn -0.3159 0.9487 -0.0114
vn -0.6032 0.3917 -0.6948
vn -0.0635 0.9402 0.3346
vn -0.1396 0.9708 0.1953
vn -0.1470 -0.4421 0.8848
vn -0.1154 -0.5710 0.8128
vn 0.0382 -0.6105 0.7911
vn 0.0182 -0.5236 0.8517
vn 0.1551 -0.5912 0.7915
vn 0.0978 -0.5350 0.8392
vn 0.2537 -0.6067 0.7534
vn 0.1904 -0.5536 0.8107
vn -0.5155 0.1785 -0.8381
vn -0.6438 0.0474 -0.7637
vn -0.5097 0.0113 -0.8603
vn -0.5140 0.0301 -0.8573
vn -0.1949 -0.2738 0.9418
vn -0.1327 -0.3793 0.9157
vn -0.0587 -0.4580 0.8870
vn 0.0150 -0.3904 0.9205
vn 0.0886 -0.4679 0.8793
vn 0.1562 -0.2831 0.9463
vn 0.0091 -0.2859 0.9582
vn -0.6342 0.0401 -0.7722
vn -0.5553 -0.1245 -0.8223
vn 0.2375 -0.3267 0.9148
vn 0.2073 -0.4723 0.8567
vn -0.2928 -0.0810 0.9527
vn -0.3403 0.0826 0.9367
vn -0.1279 -0.1598 0.9788
vn -0.1891 0.0679 0.9796
vn -0.3716 0.2409 0.8966
vn -0.2124 0.4058 0.8889
vn 0.0741 -0.1464 0.9865
vn 0.0420 0.0402 0.9983
vn -0.0668 0.2169 0.9739
vn 0.2212 -0.2310 0.9475
vn -0.5693 0.3266 -0.7545
vn -0.6331 0.1906 -0.7503
vn 0.1587 0.4170 0.8950
vn -0.2094 0.8353 0.5083
vn -0.1891 0.8160 0.5463
vn -0.0332 0.8941 0.4467
vn -0.2689 0.6978 0.6639
vn -0.0248 0.8917 0.4520
vn -0.0829 0.9057 0.4156
vn -0.0332 0.9318 0.3614
vn 0.2192 0.9677 0.1248
vn 0.0226 0.9791 0.2023
vn -0.0211 0.7329 0.6800
vn -0.0693 -0.9912 -0.1131
vn -0.0572 -0.9919 -0.1132
vn -0.3767 -0.9261 0.0218
vn -0.1777 -0.9819 -0.0659
vn -0.0072 -0.9889 -0.1485
vn -0.0304 -0.9888 -0.1459
vn -0.0704 0.8983 0.4337
vn -0.2069 0.9668 0.1501
vn 0.0030 0.2506 0.9681
vn 0.1255 -0.3946 0.9103
vn -0.3154 0.9059 0.2827
vn 0.1889 0.5260 0.8292
vn -0.2225 0.9620 0.1583
vn -0.0906 0.9892 0.1150
vn 0.3465 -0.2016 0.9161
vn 0.2072 0.6635 0.7189
vn 0.1693 -0.2803 0.9449
vn 0.2196 -0.3955 0.8919
vn 0.3945 0.3204 0.8612
vn -0.0887 0.9953 -0.0379
vn 0.0728 0.5622 0.8238
vn -0.1297 0.9847 -0.1161
vn -0.1254 0.9914 0.0378
vn -0.0439 0.9730 -0.2266
vn 0.0915 0.7818 0.6168
vn 0.1705 -0.0513 0.9840
vn 0.2587 -0.4373 0.8613
vn 0.1147 0.8590 0.4990
vn 0.1362 -0.5091 0.8499
vn 0.0300 -0.5847 0.8107
vn 0.1759 -0.5870 0.7903
vn 0.1811 -0.6732 0.7169
vn 0.2907 -0.7273 0.6218
vn 0.2649 -0.6268 0.7328
vn 0.0835 0.9936 0.0756
vn 0.0702 0.9684 0.2395
vn 0.1077 0.9938 -0.0258
vn 0.3150 0.9480 -0.0463
vn 0.0731 0.9927 -0.0955
vn 0.2891 0.9384 -0.1895
vn 0.1979 0.9802 -0.0041
vn 0.1843 0.9662 -0.1804
vn 0.1691 0.9763 0.1348
vn 0.3860 0.8790 -0.2800
vn 0.2420 0.9701 -0.0202
vn 0.4543 0.8798 -0.1399
vn 0.0899 0.9517 0.2936
vn 0.4547 0.8403 -0.2951
vn 0.2397 0.9704 -0.0289
vn 0.6409 0.7104 -0.2909
vn 0.7086 0.7039 -0.0502
vn 0.7099 0.5177 -0.4774
vn 0.3733 0.8794 -0.2956
vn 0.5518 0.7357 -0.3929
vn 0.3733 0.7555 -0.5385
vn 0.5919 0.8022 0.0777
vn 0.0727 0.8536 -0.5158
vn 0.6451 0.7110 -0.2799
vn 0.2052 0.9775 -0.0495
vn 0.1949 0.8736 -0.4458
vn 0.0066 -0.9876 -0.1566
vn 0.2594 0.9611 0.0946
vn 0.4362 0.7681 -0.4688
vn -0.0946 0.6496 0.7544
vn 0.4730 0.6688 0.5736
vn 0.4963 0.8504 -0.1744
vn 0.6185 0.7779 -0.1111
vn 0.6113 0.7908 -0.0309
vn 0.3925 0.6369 0.6635
vn 0.3210 0.9024 -0.2875
vn 0.2120 0.9208 -0.3274
vn 0.5792 0.7670 -0.2762
vn 0.1197 0.9920 0.0410
vn 0.0775 0.9666 0.2441
vn 0.2126 0.9409 -0.2635
vn 0.1694 0.9169 -0.3613
vn 0.1224 0.9908 0.0579
vn -0.5058 0.8122 0.2906
vn 0.1714 0.8995 -0.4020
vn 0.2500 0.9408 -0.2289
vn -0.1957 0.6423 0.7411
vn -0.4327 0.6537 0.6208
vn 0.3986 0.9108 0.1076
vn -0.0397 0.6089 0.7923
vn -0.0615 0.6849 0.7260
vn 0.6569 0.6772 0.3315
vn 0.5721 0.7996 -0.1823
vn 0.4502 0.8843 0.1237
vn 0.6615 0.7240 -0.1956
vn 0.2644 0.7817 0.5648
vn -0.0521 0.4347 0.8991
vn -0.0836 0.6877 0.7212
vn -0.1142 0.9553 0.2727
vn 0.0077 0.9998 -0.0183
vn -0.2304 0.9220 0.3113
vn -0.0114 -0.9885 -0.1505
vn -0.0076 -0.9888 -0.1492
vn 0.0071 -0.9875 -0.1572
vn 0.4456 0.6564 0.6087
vn 0.6041 0.7182 0.3454
vn 0.7538 0.6416 0.1418
vn 0.3839 0.9049 0.1839
vn 0.1731 0.9537 0.2458
vn 0.4844 0.6850 0.5442
vn 0.7890 0.5008 0.3560
vn 0.4000 0.8332 0.3817
vn 0.5120 0.8019 0.3080
vn 0.1101 0.9418 0.3175
vn -0.4721 0.7901 0.3910
vn -0.2084 0.9559 0.2071
vn -0.1213 0.9405 0.3175
vn 0.1018 0.9310 0.3505
vn -0.2839 0.9587 -0.0161
vn -0.7187 0.6586 0.2230
vn -0.7312 0.6780 0.0751
vn -0.1057 0.9809 0.1634
vn 0.0547 0.9722 0.2278
vn 0.0543 0.9979 0.0340
vn -0.0180 0.9019 0.4316
vn -0.1401 0.9767 0.1628
vn -0.0884 0.9956 -0.0302
vn -0.1700 0.9194 0.3547
vn -0.0019 -0.9887 -0.1496
vn 0.0025 -0.9888 -0.1490
vn 0.0344 -0.9852 -0.1678
vn -0.0021 -0.9870 -0.1604
vn 0.0131 -0.9873 -0.1582
vn -0.1810 0.2642 -0.9473
vn -0.1400 0.2100 -0.9676
vn -0.2173 0.1098 -0.9699
vn -0.1028 0.0478 -0.9935
vn -0.0116 0.2016 -0.9794
vn 0.1412 0.0211 -0.9898
vn 0.0148 0.0313 -0.9994
vn 0.1417 0.1760 -0.9741
vn 0.0349 0.2518 -0.9671
vn -0.0851 0.0123 -0.9963
vn -0.2106 0.0488 -0.9764
vn 0.1239 -0.0141 -0.9922
vn 0.1545 0.0683 -0.9856
vn 0.0376 0.0842 -0.9957
vn 0.1177 0.8809 -0.4584
vn 0.3557 0.4559 0.8158
vn 0.1433 0.8513 0.5047
vn 0.0837 0.9542 0.2874
vn 0.0894 0.9304 -0.3556
vn 0.0273 0.8750 -0.4834
vn -0.1967 0.6189 -0.7604
vn -0.0153 0.7423 -0.6699
vn -0.1639 0.4587 -0.8734
vn 0.1028 0.9370 -0.3339
vn 0.0134 0.5523 -0.8335
vn 0.3429 0.7800 0.5235
vn 0.0312 0.9164 -0.3990
vn 0.0120 0.9576 0.2880
vn 0.1250 0.9910 -0.0490
vn -0.0266 0.9934 -0.1117
vn 0.0022 0.9321 -0.3623
vn 0.0352 0.7973 -0.6025
vn -0.0538 0.3398 -0.9389
vn 0.1014 0.5558 -0.8251
vn 0.1976 0.3464 -0.9170
vn 0.1334 0.2241 -0.9654
vn 0.0778 0.3811 -0.9213
vn 0.0168 -0.9799 -0.1987
vn 0.0173 -0.9852 -0.1705
vn 0.0097 -0.9874 -0.1580
vn -0.2403 0.6229 -0.7444
vn -0.1651 0.9863 -0.0057
vn -0.0703 0.9435 0.3237
vn -0.0918 0.9505 -0.2969
vn -0.0519 0.9805 0.1895
vn -0.0567 0.9966 0.0605
vn -0.0182 0.9413 0.3371
vn -0.0336 0.9400 0.3396
vn 0.0645 0.5264 -0.8478
vn -0.1099 0.4932 -0.8630
vn 0.0175 0.9901 0.1393
vn 0.1690 0.7594 -0.6283
vn 0.0010 0.9792 -0.2031
vn 0.2525 0.2938 -0.9219
vn 0.3364 -0.7613 0.5543
vn 0.3514 -0.7655 0.5389
vn 0.2956 -0.6700 0.6810
vn 0.4153 -0.6078 0.6768
vn 0.2821 -0.5716 0.7705
vn 0.4273 -0.6471 0.6314
vn 0.5466 -0.5704 0.6131
vn 0.1789 0.2178 -0.9594
vn 0.1854 -0.5657 0.8035
vn 0.0971 -0.5320 0.8412
vn 0.1199 -0.5950 0.7948
vn 0.3050 -0.4602 0.8338
vn 0.1642 -0.4601 0.8725
vn 0.3956 -0.5832 0.7095
vn 0.4029 -0.5083 0.7611
vn 0.4330 -0.3359 0.8365
vn 0.5067 -0.5778 0.6398
vn 0.5078 -0.4576 0.7299
vn 0.4594 -0.0910 0.8836
vn 0.5579 -0.2342 0.7962
vn 0.6348 -0.0278 0.7722
vn 0.6915 -0.2100 0.6912
vn 0.5939 -0.5141 0.6188
vn 0.5952 -0.3631 0.7168
vn 0.7094 -0.3228 0.6265
vn 0.6879 -0.4289 0.5855
vn 0.2200 0.9599 0.1736
vn -0.2437 0.9527 -0.1815
vn 0.0042 0.9055 -0.4244
vn 0.1228 0.9921 -0.0265
vn -0.3392 0.8863 -0.3152
vn 0.2412 0.9336 0.2651
vn -0.0246 0.9995 0.0185
vn -0.2429 0.9615 -0.1287
vn -0.2981 0.9151 -0.2714
vn -0.1398 0.9901 0.0132
vn -0.4860 0.8728 0.0441
vn 0.5034 0.5136 0.6948
vn 0.2792 0.8054 0.5228
vn -0.0438 0.9798 0.1953
vn -0.2806 0.9582 0.0564
vn -0.4035 0.8780 -0.2575
vn 0.0709 0.9100 0.4085
vn -0.0679 0.9796 0.1891
vn -0.4189 0.9079 0.0158
vn -0.5458 0.8346 -0.0744
vn -0.6719 0.7367 0.0769
vn 0.3710 0.5899 0.7172
vn -0.6126 0.6919 0.3821
vn 0.5549 0.2172 0.8031
vn 0.5154 0.3858 0.7652
vn 0.3130 0.6658 0.6773
vn -0.0069 0.7976 0.6031
vn -0.2312 0.8167 0.5286
vn -0.4684 0.8633 0.1878
vn -0.5062 0.7749 0.3785
vn -0.5985 0.5878 0.5443
vn -0.4988 0.3380 0.7981
vn -0.3556 0.3908 0.8490
vn 0.4727 0.3827 0.7938
vn 0.3049 0.4607 0.8336
vn 0.0749 0.6708 0.7379
vn -0.5072 0.5496 0.6638
vn -0.0787 0.9951 0.0594
vn 0.1097 0.9701 0.2165
vn -0.1063 0.9941 -0.0226
vn 0.3825 -0.5575 0.7368
vn 0.0261 -0.2027 0.9789
vn -0.7775 0.4466 0.4428
vn 0.2010 0.7986 0.5673
vn -0.3371 0.9402 -0.0488
vn 0.4491 0.2015 0.8705
vn 0.5377 0.3574 0.7637
vn 0.1600 0.8764 0.4542
vn 0.5489 -0.4761 0.6870
vn 0.6153 -0.1131 0.7801
vn 0.4861 -0.7080 0.5124
vn 0.4701 -0.6794 0.5634
vn 0.4487 0.2782 0.8493
vn 0.4309 0.7505 0.5010
vn 0.6396 -0.5131 0.5723
vn 0.6847 0.1054 0.7211
vn 0.3208 0.7896 0.5231
vn 0.5640 -0.4173 0.7125
vn 0.5694 -0.5615 0.6004
vn 0.5536 0.2906 0.7804
vn 0.0347 0.9963 0.0791
vn 0.5643 -0.6622 0.4930
vn 0.1690 0.7973 0.5794
vn 0.5586 -0.5161 0.6493
vn 0.6473 -0.3490 0.6776
vn 0.4001 0.3098 0.8625
vn 0.6460 0.7566 0.1009
vn 0.2577 0.7930 0.5520
vn -0.1966 0.7090 0.6773
vn -0.4887 0.7679 0.4142
vn -0.7010 0.6367 0.3213
vn 0.0781 0.8369 0.5417
vn -0.3310 0.6386 0.6947
vn -0.6199 0.4476 0.6445
vn -0.7626 0.5059 0.4031
vn -0.1818 0.9821 0.0499
vn -0.3056 0.6677 0.6788
vn -0.5635 0.3759 0.7356
vn -0.7741 0.2696 0.5727
vn -0.6104 0.5679 0.5521
vn -0.5319 0.1032 0.8405
vn -0.5919 0.0944 0.8005
vn -0.6544 0.6921 0.3047
vn -0.6013 0.3098 0.7365
vn -0.4822 0.1575 0.8618
vn -0.6981 0.5336 0.4775
vn -0.8041 0.5385 0.2520
vn -0.8595 0.4696 0.2019
vn -0.8232 0.3600 0.4390
vn -0.7649 0.6003 0.2337
vn -0.6149 0.7289 0.3010
vn -0.6749 0.7169 0.1749
vn -0.4382 0.8945 -0.0885
vn -0.6396 0.3991 0.6570
vn -0.5522 0.8294 0.0842
vn -0.7513 0.6261 0.2087
vn -0.3892 0.2897 0.8744
vn -0.5463 0.6443 0.5352
vn -0.5616 0.8227 0.0880
vn -0.4492 0.8897 -0.0816
vn -0.3142 0.9301 -0.1901
vn -0.3836 0.5828 0.7163
vn -0.3317 0.8698 0.3654
vn -0.2543 0.9671 -0.0034
vn -0.2232 0.9653 -0.1353
vn 0.0506 0.6520 0.7565
vn -0.2228 0.4521 0.8637
vn -0.0152 0.5300 0.8479
vn -0.0367 0.9034 0.4273
vn -0.0223 0.9983 -0.0540
vn 0.0919 0.9806 -0.1729
vn 0.0060 -0.9880 -0.1542
vn 0.0167 -0.9875 -0.1566
vn -0.7406 0.5322 0.4102
vn -0.8392 0.5411 -0.0544
vn -0.6391 0.6698 -0.3779
vn -0.4797 0.8063 -0.3460
vn -0.3076 0.6244 0.7180
vn -0.2643 0.9023 0.3406
vn -0.3394 0.9131 -0.2261
vn -0.5530 0.7872 -0.2728
vn 0.0552 0.2993 0.9525
vn 0.1037 0.5991 0.7940
vn -0.1766 0.6920 0.6999
vn -0.3484 0.8059 -0.4788
vn -0.1457 0.3631 0.9203
vn 0.1424 0.6745 0.7244
vn 0.1149 0.5095 0.8528
vn -0.0283 0.6636 0.7475
vn -0.3209 0.7603 -0.5648
vn -0.3613 0.7684 -0.5283
vn -0.2488 0.8393 0.4834
vn 0.1000 0.4459 0.8895
vn 0.1630 0.7497 0.6414
vn -0.4056 0.8250 -0.3935
vn -0.3907 0.8840 -0.2568
vn 0.2121 0.5932 0.7767
vn 0.1877 0.6098 0.7700
vn -0.4756 0.8651 0.1593
vn 0.0816 0.7055 0.7040
vn -0.0049 0.5432 0.8396
vn -0.5603 0.7844 -0.2660
vn -0.5375 0.8147 -0.2177
vn -0.5939 0.8027 -0.0536
vn -0.4372 0.8150 0.3803
vn -0.0494 0.8568 0.5132
vn 0.1856 0.4992 0.8464
vn -0.4170 0.8876 -0.1955
vn -0.0795 0.9829 -0.1661
vn -0.1345 0.9197 -0.3688
vn 0.1050 0.9933 0.0478
vn 0.2368 0.4847 0.8420
vn 0.2724 0.5389 0.7971
vn 0.8574 -0.2472 -0.4515
vn 0.8264 0.0188 -0.5628
vn 0.9771 0.2072 -0.0479
vn 0.7857 0.5916 0.1810
vn 0.4453 0.8581 0.2555
vn 0.3529 0.6439 -0.6788
vn -0.0357 0.9892 0.1423
vn 0.1157 0.8188 0.5623
vn 0.4526 -0.0180 -0.8915
vn 0.7112 -0.2481 -0.6578
vn 0.5238 -0.2927 -0.8000
vn 0.1510 0.8667 -0.4754
vn -0.0543 0.9662 0.2521
vn -0.1496 0.9856 0.0781
vn -0.1414 0.8737 0.4654
vn 0.4261 0.6709 -0.6069
vn 0.6718 -0.0651 -0.7379
vn 0.7904 -0.1950 -0.5807
vn 0.7969 -0.1534 -0.5843
vn 0.7621 -0.2450 -0.5993
vn 0.7922 -0.0996 -0.6021
vn 0.6985 -0.2295 -0.6778
vn 0.6727 -0.3346 -0.6599
vn 0.6925 -0.3326 -0.6402
vn 0.6874 -0.3461 -0.6385
vn 0.7265 -0.2293 -0.6478
vn 0.6532 -0.2142 -0.7263
vn 0.7026 -0.2174 -0.6776
vn 0.7277 -0.1208 -0.6752
vn 0.7098 0.0229 -0.7041
vn 0.7928 -0.0627 -0.6063
vn 0.7389 0.1915 -0.6460
vn 0.7982 0.0512 -0.6002
vn -0.2935 0.9498 0.1087
vn -0.0378 0.9569 -0.2881
vn 0.1227 0.8432 -0.5234
vn -0.1297 0.7590 0.6380
vn 0.2884 0.6427 -0.7097
vn 0.1394 0.6501 -0.7470
vn 0.3630 0.6850 0.6316
vn 0.3557 0.7509 -0.5564
vn 0.2021 0.9514 -0.2324
vn 0.4909 0.8280 -0.2708
vn 0.4222 0.6104 -0.6702
vn 0.3440 0.7219 0.6004
vn 0.1922 0.6814 0.7062
vn 0.3698 0.9081 0.1963
vn 0.6425 0.7643 0.0551
vn 0.5976 0.7436 -0.3000
vn 0.5532 0.6207 -0.5556
vn 0.4902 0.7572 0.4316
vn 0.7338 0.5985 -0.3213
vn 0.7046 0.5103 -0.4931
vn 0.5757 0.4573 -0.6778
vn 0.8298 0.3684 -0.4191
vn 0.8530 0.4500 -0.2644
vn 0.6962 0.3689 -0.6157
vn 0.8240 0.2215 -0.5215
vn -0.1351 0.9526 0.2727
vn -0.2906 0.9567 0.0144
vn 0.3884 0.8938 -0.2241
vn 0.6007 0.7878 -0.1364
vn 0.1558 0.9663 0.2050
vn 0.6921 0.1445 -0.7072
vn 0.0536 0.9142 0.4017
vn 0.1133 0.9587 0.2609
vn 0.8508 0.4863 -0.1994
vn 0.7304 -0.0927 -0.6767
vn 0.8059 -0.2357 -0.5430
vn 0.8351 0.5501 0.0009
vn 0.3377 0.8704 0.3583
vn 0.2097 0.8990 0.3844
vn 0.7264 0.6665 -0.1678
vn 0.1555 0.9539 0.2568
vn -0.0450 0.8896 0.4544
vn 0.0164 0.9251 0.3795
vn 0.1910 0.9748 0.1155
vn -0.0120 0.9179 0.3965
vn 0.2815 0.9570 0.0701
vn 0.1258 0.9474 0.2941
vn 0.3324 0.9250 0.1842
vn 0.3308 0.9360 0.1199
vn 0.4184 -0.1326 -0.8985
vn 0.5660 -0.1688 -0.8069
vn 0.6606 -0.0946 -0.7448
vn 0.7491 -0.1428 -0.6468
vn 0.5573 -0.2384 -0.7954
vn 0.7021 -0.2364 -0.6716
vn 0.5453 -0.1282 -0.8284
vn 0.3379 0.0044 -0.9412
vn 0.3343 0.1038 -0.9367
vn 0.4885 -0.0202 -0.8723
vn 0.3669 0.2716 -0.8897
vn 0.2443 0.2652 -0.9327
vn 0.5793 0.0384 -0.8142
vn 0.6302 -0.0840 -0.7719
vn 0.5623 0.1467 -0.8138
vn 0.4548 0.1384 -0.8798
vn 0.6519 0.1687 -0.7393
vn 0.2731 0.4604 -0.8446
vn 0.0319 0.6059 -0.7949
vn 0.4343 0.4583 -0.7755
vn 0.5316 0.2954 -0.7938
vn 0.2836 0.9537 -0.0999
vn 0.3572 0.9036 -0.2363
vn 0.1736 0.8279 -0.5334
vn 0.2257 0.6864 -0.6914
vn 0.1490 0.6759 -0.7218
vn 0.1297 0.5353 -0.8346
vn 0.3082 0.8365 -0.4530
vn 0.2190 0.9121 -0.3466
vn 0.4445 0.8952 -0.0321
vn 0.1445 0.4892 -0.8601
vn -0.0422 0.2077 -0.9773
vn -0.0512 0.2215 -0.9738
vn -0.0623 0.2206 -0.9734
vn -0.0518 0.2064 -0.9771
vn -0.0467 0.1893 -0.9808
vn -0.0532 0.1502 -0.9872
vn -0.0008 0.1616 -0.9869
vn -0.0233 0.1124 -0.9934
vn 0.0675 0.2584 -0.9637
vn 0.0042 0.2443 -0.9697
vn 0.0834 0.3508 -0.9327
vn 0.0153 -0.5884 -0.8085
vn 0.0030 -0.1702 -0.9854
vn 0.1790 -0.8274 -0.5324
vn -0.0118 0.0976 -0.9952
vn -0.0258 -0.0749 -0.9969
vn -0.5682 -0.7584 0.3194
vn -0.7392 -0.4611 0.4909
vn -0.6017 -0.7392 0.3025
vn -0.6445 -0.6679 0.3723
vn -0.4074 -0.9002 0.1540
vn -0.3113 -0.9471 0.0780
vn -0.4240 -0.8883 0.1765
vn -0.7196 -0.5874 0.3704
vn -0.5274 -0.8108 0.2539
vn -0.1897 -0.9818 -0.0132
vn -0.6152 -0.7423 0.2658
vn -0.3573 -0.9284 0.1021
vn -0.8126 -0.0927 0.5754
vn -0.8172 -0.2195 0.5330
vn -0.8380 -0.1112 0.5342
vn -0.8145 -0.1117 0.5694
vn -0.8358 -0.0954 0.5407
vn -0.8250 -0.1721 0.5383
vn -0.8255 -0.1838 0.5336
vn -0.5818 0.6202 0.5261
vn -0.6685 0.5807 0.4646
vn -0.5525 0.4805 0.6811
vn -0.5798 -0.2151 0.7859
vn -0.5801 0.7153 0.3896
vn -0.4544 -0.0581 0.8889
vn -0.2613 -0.0789 0.9620
vn -0.3210 0.5252 0.7881
vn -0.4270 0.8533 0.2992
vn -0.0878 -0.0545 0.9946
vn -0.3812 0.7390 0.5555
vn -0.3790 0.9052 0.1923
vn -0.1084 0.6538 0.7488
vn -0.3579 0.9324 0.0498
vn -0.3848 -0.5539 0.7383
vn -0.5635 -0.3200 0.7616
vn -0.3686 -0.3339 0.8676
vn -0.3456 -0.2384 0.9076
vn -0.1910 -0.5436 0.8173
vn -0.1580 -0.2487 0.9556
vn -0.1494 -0.3036 0.9410
vn 0.0267 -0.5527 0.8330
vn 0.1710 -0.3909 0.9044
vn 0.0724 -0.2811 0.9569
vn 0.1857 -0.0879 0.9787
vn 0.0601 0.2017 0.9776
vn 0.3225 -0.4845 0.8132
vn 0.2613 -0.2501 0.9323
vn 0.3847 -0.4064 0.8288
vn 0.2227 0.2396 0.9450
vn -0.3825 0.8349 0.3957
vn -0.5220 0.8514 0.0510
vn -0.6179 0.7629 0.1903
vn -0.3690 0.9088 -0.1948
vn 0.0795 0.9960 -0.0414
vn -0.0406 0.9762 -0.2129
vn -0.4461 0.8931 -0.0588
vn 0.1416 0.9250 -0.3526
vn 0.4540 0.8901 0.0409
vn -0.7136 0.5937 0.3719
vn -0.3104 0.9281 -0.2055
vn -0.1042 0.9373 -0.3325
vn 0.1968 0.9205 -0.3377
vn 0.2151 0.8570 -0.4682
vn 0.2668 0.8809 -0.3909
vn 0.1280 0.8910 -0.4356
vn -0.1922 0.9298 -0.3139
vn -0.1723 0.8522 -0.4941
vn -0.0630 0.8073 -0.5867
vn 0.1278 0.8318 -0.5402
vn -0.0176 0.7723 -0.6350
vn -0.0599 0.8974 -0.4371
vn 0.7374 0.5318 0.4164
vn 0.7195 0.5071 0.4745
vn -0.5266 0.8281 0.1921
vn -0.3719 0.8840 0.2832
vn -0.0910 0.9819 -0.1662
vn 0.0689 0.9525 0.2966
vn 0.2108 0.9622 0.1722
vn -0.1754 0.9562 -0.2345
vn 0.1788 0.9838 -0.0137
vn 0.6516 0.6636 0.3676
vn 0.6003 0.7996 0.0140
vn 0.3804 0.8472 -0.3708
vn -0.3976 -0.8978 0.1896
vn -0.3825 -0.9129 0.1425
vn -0.6494 -0.6456 0.4019
vn -0.1493 -0.9885 -0.0257
vn -0.2549 -0.9639 0.0775
vn -0.1511 -0.9864 -0.0654
vn -0.2724 -0.9621 0.0103
vn -0.0676 -0.9931 -0.0961
vn -0.0232 -0.9898 -0.1406
vn -0.0633 -0.9914 -0.1143
vn -0.2022 0.8270 0.5246
vn -0.0411 0.7771 0.6281
vn -0.2611 0.8339 -0.4862
vn 0.3619 0.6520 0.6663
vn 0.0663 0.8903 -0.4504
vn 0.4716 0.8404 0.2671
vn 0.3197 0.7937 0.5175
vn 0.4546 0.7164 0.5292
vn 0.6998 0.6880 0.1921
vn 0.5701 0.7974 0.1979
vn 0.5655 0.8116 0.1468
vn 0.4706 0.8684 -0.1567
vn 0.4961 0.8518 0.1684
vn 0.2322 0.9154 -0.3288
vn 0.3965 0.8926 -0.2144
vn 0.3465 0.9378 0.0234
vn 0.5223 0.7736 0.3590
vn 0.5839 0.7691 0.2601
vn -0.0922 0.8112 -0.5774
vn 0.1011 0.9266 -0.3622
vn 0.5330 0.8350 0.1369
vn 0.2170 0.9045 -0.3672
vn 0.4219 0.9063 0.0242
vn 0.4665 0.8374 0.2850
vn 0.3050 0.9522 -0.0187
vn 0.1742 0.8096 -0.5606
vn 0.4539 0.8817 0.1291
vn 0.2660 0.9195 -0.2893
vn 0.2122 0.9747 0.0699
vn 0.2325 0.7815 -0.5790
vn 0.2230 0.9629 -0.1523
vn 0.4567 0.7826 0.4230
vn 0.4181 0.7416 0.5246
vn -0.1181 0.9923 -0.0365
vn 0.3573 0.9339 -0.0158
vn 0.0057 -0.9876 -0.1569
vn 0.0019 -0.9878 -0.1557
vn -0.4950 0.2529 -0.8313
vn -0.3853 0.5257 -0.7584
vn -0.1703 0.9853 -0.0103
vn -0.5269 0.6820 -0.5072
vn 0.0735 0.9131 0.4011
vn -0.4129 0.2277 -0.8819
vn -0.3209 0.6513 -0.6876
vn -0.1920 0.8997 -0.3919
vn -0.0503 0.9928 0.1083
vn -0.0276 0.9807 0.1934
vn 0.0454 0.9425 0.3310
vn -0.3697 0.2089 -0.9054
vn -0.4518 0.8619 -0.2302
vn -0.5220 0.5655 -0.6385
vn 0.0650 0.8929 0.4456
vn -0.0053 0.9958 0.0914
vn 0.1269 0.8800 0.4578
vn -0.3210 0.4303 -0.8437
vn -0.1693 0.9584 -0.2297
vn 0.2942 -0.5815 0.7585
vn -0.4368 0.0631 -0.8974
vn -0.4316 -0.0214 -0.9018
vn -0.4214 0.1565 -0.8933
vn -0.3552 -0.0079 -0.9348
vn -0.3102 0.0569 -0.9490
vn -0.2630 0.1972 -0.9444
vn -0.3446 0.0898 -0.9344
vn -0.4642 -0.2215 -0.8576
vn -0.4675 -0.2502 -0.8479
vn 0.3034 -0.5482 0.7794
vn 0.3322 -0.4095 0.8497
vn -0.3445 -0.3265 -0.8802
vn -0.3457 -0.2030 -0.9161
vn -0.2955 -0.2156 -0.9307
vn -0.2806 -0.0759 -0.9568
vn -0.4393 -0.1075 -0.8919
vn 0.3640 -0.5640 0.7412
vn 0.3793 -0.5124 0.7704
vn -0.2405 -0.2046 -0.9488
vn 0.4089 -0.5356 0.7389
vn -0.1284 -0.0827 -0.9883
vn 0.2403 -0.0624 0.9687
vn 0.3142 -0.1737 0.9333
vn 0.3112 0.1518 0.9381
vn 0.4003 -0.0093 0.9163
vn -0.1542 0.7742 -0.6139
vn -0.3272 0.6168 -0.7159
vn 0.6042 0.3399 0.7207
vn 0.5455 0.1119 0.8306
vn 0.4211 -0.0011 0.9070
vn 0.4263 0.3401 0.8382
vn 0.6976 0.3765 0.6096
vn 0.6693 0.6761 0.3081
vn 0.5022 0.6126 0.6104
vn 0.5381 0.8383 -0.0875
vn 0.1122 0.7897 0.6031
vn 0.3708 -0.0846 0.9248
vn 0.3030 0.2723 0.9133
vn 0.0306 0.6457 0.7629
vn -0.2825 0.8093 0.5150
vn 0.0192 0.9002 -0.4351
vn -0.1370 0.6153 -0.7763
vn 0.1323 0.9840 0.1191
vn 0.1444 0.9626 -0.2293
vn 0.0112 0.7120 -0.7021
vn 0.2956 0.1423 0.9447
vn -0.0091 0.5406 0.8412
vn 0.1270 0.3679 0.9211
vn 0.2791 0.8519 0.4432
vn 0.3574 0.9324 0.0536
vn 0.1049 0.9755 0.1934
vn 0.4711 0.4968 0.7288
vn 0.5155 0.8542 0.0679
vn 0.5959 0.7887 -0.1512
vn 0.7729 0.5997 -0.2075
vn 0.1671 0.9662 -0.1963
vn -0.4779 0.8741 0.0869
vn -0.3788 0.9106 0.1653
vn -0.2132 0.9331 0.2895
vn 0.1118 0.5908 0.7990
vn -0.0372 0.7818 0.6225
vn -0.2201 0.8272 0.5171
vn -0.3809 0.8985 0.2181
vn 0.0444 0.7143 0.6984
vn 0.3359 0.1305 0.9328
vn -0.0270 0.9937 0.1088
vn -0.1046 0.9922 -0.0671
vn -0.0520 0.9978 0.0401
vn 0.1882 -0.3626 0.9128
vn 0.2378 0.5182 0.8215
vn -0.0574 0.7683 0.6376
vn 0.0681 -0.0138 0.9976
vn 0.0441 0.9667 0.2520
vn -0.0060 0.9114 0.4115
vn 0.0149 0.9935 0.1129
vn 0.0271 0.9726 0.2309
vn 0.1374 0.7609 0.6341
vn 0.2501 -0.4608 0.8515
vn 0.3397 -0.6956 0.6331
vn 0.2101 -0.7503 0.6268
vn 0.2630 -0.7509 0.6058
vn 0.2660 -0.4809 0.8354
vn 0.3283 -0.5954 0.7333
vn 0.1685 -0.7667 0.6195
vn 0.3280 -0.5395 0.7754
vn 0.2535 -0.4475 0.8576
vn 0.2507 -0.4009 0.8812
vn 0.4367 0.0605 0.8976
vn 0.3822 -0.3471 0.8564
vn 0.4295 -0.5833 0.6894
vn 0.4835 -0.3343 0.8090
vn 0.4307 -0.5341 0.7275
vn 0.5203 0.8534 0.0322
vn 0.2761 0.9601 0.0438
vn 0.6916 0.7108 0.1282
vn 0.4265 0.9045 0.0036
vn 0.0835 0.9478 -0.3079
vn 0.4553 0.7223 -0.5206
vn 0.0364 0.8976 -0.4393
vn 0.2803 0.9091 -0.3081
vn -0.3416 0.9398 -0.0081
vn 0.0120 0.9642 -0.2648
vn -0.6127 0.7901 -0.0207
vn -0.6529 0.6671 0.3589
vn -0.5241 0.8472 0.0876
vn 0.6974 0.6930 -0.1828
vn 0.6507 0.7156 0.2540
vn 0.5756 0.7387 0.3507
vn 0.3663 0.9208 -0.1341
vn 0.0149 0.9881 0.1531
vn -0.0270 0.9909 -0.1316
vn -0.2275 0.9287 0.2929
vn -0.0641 0.9490 0.3088
vn -0.4107 0.8749 0.2566
vn -0.1795 0.9837 0.0120
vn -0.5227 0.8276 0.2047
vn -0.4946 0.7823 0.3786
vn -0.3663 0.8911 0.2680
vn -0.3413 0.9156 0.2128
vn -0.2802 0.9129 0.2969
vn -0.3951 0.9133 0.0986
vn -0.2303 0.9704 -0.0729
vn -0.3077 0.9451 0.1097
vn -0.3641 0.8833 0.2953
vn -0.4109 0.8599 0.3028
vn 0.2299 0.9251 -0.3024
vn 0.2439 0.9691 0.0360
vn -0.3138 0.8647 -0.3922
vn -0.5380 0.7592 -0.3662
vn -0.2751 0.9590 0.0685
vn -0.5315 0.8008 -0.2762
vn -0.5357 0.6695 -0.5146
vn 0.1647 0.9560 -0.2429
vn 0.1279 0.7878 0.6025
vn -0.2589 0.4557 0.8516
vn -0.6225 0.7088 -0.3318
vn -0.3099 0.6695 0.6751
vn -0.3277 0.4997 0.8018
vn -0.1661 0.7622 0.6257
vn -0.2436 0.8215 -0.5156
vn -0.4827 0.8632 -0.1478
vn -0.1601 0.7302 0.6642
vn -0.0605 0.3057 0.9502
vn -0.2071 0.7723 -0.6005
vn -0.5217 0.8526 0.0303
vn -0.1821 0.7136 0.6765
vn -0.1038 0.9430 0.3163
vn -0.4199 0.8860 -0.1967
vn -0.4806 0.8460 -0.2308
vn -0.5705 0.8167 0.0868
vn 0.0499 0.6484 0.7597
vn -0.4421 0.7748 -0.4518
vn -0.4429 0.8964 -0.0181
vn -0.4782 0.8705 -0.1164
vn -0.5705 0.7588 -0.3141
vn -0.4295 0.8786 0.2088
vn -0.2256 0.8417 0.4905
vn 0.2810 0.6072 0.7432
vn -0.2970 0.9337 0.1999
vn -0.2766 0.9596 -0.0516
vn -0.4471 0.8900 0.0890
vn -0.3188 0.8009 -0.5070
vn -0.2351 0.9714 0.0322
vn 0.0863 0.8189 0.5674
vn -0.1675 0.9449 0.2813
vn 0.2550 0.8621 0.4379
vn -0.4241 0.8183 -0.3880
vn 0.4311 0.5910 0.6819
vn 0.2777 0.7892 0.5478
vn 0.0181 -0.9872 -0.1587
vn 0.0163 -0.9873 -0.1581
vn -0.1537 0.9880 0.0148
vn -0.3148 0.9442 0.0971
vn -0.3629 0.8711 0.3309
vn -0.3617 0.9114 0.1961
vn -0.3935 0.9149 0.0901
vn -0.4656 0.8473 0.2554
vn -0.4151 0.8722 0.2588
vn -0.3126 0.9247 0.2172
vn -0.1796 0.9784 0.1020
vn -0.5044 0.8228 0.2621
vn -0.2890 0.9018 0.3212
vn -0.3099 0.8646 0.3956
vn -0.3604 0.8371 0.4116
vn -0.1740 0.9847 0.0015
vn -0.1133 0.8783 0.4645
vn -0.2682 0.9246 0.2704
vn -0.0238 0.9535 0.3003
vn -0.0272 0.9124 0.4084
vn 0.2157 0.9436 -0.2511
vn -0.0133 0.9994 0.0329
vn 0.7866 0.4688 -0.4018
vn 0.7885 0.5763 -0.2150
vn 0.3488 0.9324 0.0949
vn 0.4086 0.8750 -0.2596
vn 0.0924 0.9610 0.2606
vn 0.0682 0.9346 0.3492
vn 0.1197 0.9512 0.2843
vn 0.9030 0.1687 -0.3951
vn 0.8642 0.1278 -0.4867
vn 0.7716 0.5905 -0.2365
vn 0.4724 0.8745 -0.1100
vn 0.7800 -0.0624 -0.6226
vn 0.5442 0.7304 -0.4128
vn 0.6343 0.7725 -0.0307
vn 0.7487 -0.1748 -0.6394
vn 0.7712 -0.0500 -0.6346
vn 0.4035 0.8931 0.1991
vn 0.7342 -0.1576 -0.6603
vn 0.1707 0.9088 0.3807
vn 0.2984 0.0005 -0.9545
vn 0.3175 0.1441 -0.9372
vn 0.5587 0.1067 -0.8225
vn 0.5077 0.3040 -0.8061
vn 0.3378 0.1908 -0.9217
vn 0.4611 0.0368 -0.8866
vn 0.7100 0.0054 -0.7042
vn 0.6872 -0.0345 -0.7257
vn 0.6148 0.0242 -0.7883
vn 0.6437 -0.0749 -0.7616
vn 0.2443 0.1919 -0.9505
vn 0.3302 -0.0081 -0.9439
vn 0.3177 0.1002 -0.9429
vn 0.3377 0.2736 -0.9006
vn 0.4413 0.1357 -0.8870
vn 0.4737 -0.0621 -0.8785
vn 0.5013 0.0177 -0.8651
vn 0.5409 0.1689 -0.8239
vn 0.6265 -0.0638 -0.7768
vn -0.1935 0.9441 0.2671
vn -0.1717 0.9700 -0.1724
vn -0.0692 0.9020 -0.4262
vn 0.0146 0.8194 -0.5730
vn 0.1452 0.5556 -0.8187
vn -0.3164 0.9145 -0.2522
vn -0.1674 0.8616 -0.4791
vn -0.0650 0.7743 -0.6295
vn 0.0906 0.6187 -0.7804
vn 0.2889 0.3922 -0.8733
vn -0.2478 0.9553 -0.1611
vn -0.1104 0.7511 -0.6509
vn 0.1515 0.6455 -0.7486
vn 0.4250 0.3301 -0.8429
vn 0.3578 0.5387 -0.7628
vn 0.3637 0.7933 -0.4883
vn 0.5391 0.6612 -0.5217
vn 0.6328 0.3716 -0.6793
vn 0.5531 0.2961 -0.7787
vn 0.0401 -0.9849 -0.1683
vn 0.0146 0.9661 0.2579
vn 0.0550 0.9959 0.0713
vn 0.2867 0.9154 -0.2825
vn 0.0924 0.9746 0.2040
vn 0.4596 0.6017 -0.6533
vn 0.5746 0.3659 -0.7320
vn 0.1193 0.9772 0.1756
vn 0.1493 0.9839 0.0983
vn 0.2696 0.9575 0.1022
vn 0.2784 0.9579 0.0702
vn 0.3013 0.9380 0.1713
vn 0.6608 -0.5047 0.5555
vn 0.7932 -0.3269 0.5138
vn 0.7862 -0.1944 0.5866
vn 0.7771 -0.4134 0.4745
vn 0.6245 0.1577 0.7649
vn 0.7401 -0.0234 0.6721
vn 0.6459 0.1526 0.7480
vn 0.0693 0.6499 0.7569
vn -0.4191 0.6851 0.5958
vn 0.6229 0.2031 0.7555
vn 0.3826 0.4106 0.8276
vn -0.1052 0.6003 0.7928
vn 0.7986 -0.0708 0.5976
vn 0.1617 0.5760 0.8013
vn 0.7405 0.0428 0.6707
vn 0.8692 -0.1076 0.4826
vn 0.8542 -0.2339 0.4645
vn 0.8069 0.0475 0.5888
vn 0.6072 0.4117 0.6795
vn 0.7729 0.1727 0.6105
vn -0.2677 0.6347 0.7249
vn -0.3683 0.6270 0.6865
vn 0.1575 0.7527 0.6393
vn 0.6230 0.6665 0.4093
vn 0.8558 0.3578 0.3736
vn 0.3529 0.9312 0.0917
vn 0.4332 0.9003 0.0439
vn 0.5211 0.8525 0.0402
vn 0.4133 0.9090 0.0539
vn 0.5688 0.8225 0.0006
vn 0.5515 -0.6024 0.5771
vn 0.6768 -0.5182 0.5229
vn -0.0554 0.9978 0.0376
vn -0.0867 0.9827 0.1639
vn 0.2334 0.6883 0.6869
vn 0.5855 -0.6628 0.4668
vn 0.7530 -0.5456 0.3678
vn 0.6637 -0.5869 0.4638
vn 0.2907 0.8804 0.3746
vn 0.7742 -0.0509 0.6309
vn 0.5207 0.7590 0.3908
vn 0.7900 -0.4150 0.4512
vn 0.0871 0.9891 0.1187
vn 0.8712 -0.3663 0.3267
vn 0.8678 -0.2133 0.4488
vn 0.2297 0.9590 0.1658
vn 0.9285 -0.3113 0.2026
vn 0.8708 -0.3678 0.3261
vn 0.8410 -0.4973 0.2130
vn 0.7571 -0.4283 0.4933
vn 0.8609 -0.3212 0.3945
vn 0.8511 -0.3411 0.3992
vn 0.9235 -0.2656 0.2768
vn 0.9495 -0.1604 0.2697
vn 0.9112 -0.2032 0.3583
vn 0.9685 -0.2092 0.1350
vn 0.9775 -0.1611 0.1359
vn 0.9940 -0.1067 -0.0256
vn 0.9988 0.0062 -0.0487
vn 0.9305 -0.0356 0.3645
vn 0.9121 0.0929 0.3993
vn 0.9409 0.3023 0.1528
vn 0.9798 0.0878 0.1797
vn 0.9835 -0.0216 0.1797
vn 0.9759 -0.0778 0.2040
vn 0.9940 0.1086 -0.0107
vn 0.9684 0.2411 -0.0639
vn 0.9125 0.3889 -0.1267
vn 0.9596 0.2242 -0.1703
vn 0.9973 -0.0232 0.0701
vn 0.2552 0.9628 -0.0891
vn 0.5527 0.8197 -0.1504
vn 0.5404 0.8350 -0.1033
vn 0.3460 0.9264 -0.1488
vn 0.2569 0.7471 0.6130
vn 0.4026 0.8561 0.3240
vn 0.6744 0.7150 -0.1842
vn 0.7430 0.6613 -0.1031
vn 0.7970 0.5945 -0.1063
vn 0.7601 0.6473 0.0571
vn 0.9081 0.4178 -0.0281
vn 0.8172 0.5632 -0.1223
vn 0.8540 0.4981 -0.1503
vn 0.0336 -0.9873 -0.1551
vn 0.0442 -0.9861 -0.1601
vn 0.7101 0.7041 0.0100
vn 0.7096 0.7036 0.0393
vn 0.5802 0.8104 0.0816
vn 0.7847 0.6198 -0.0021
vn 0.3847 0.8612 0.3320
vn 0.8173 0.3176 0.4808
vn 0.9298 -0.3562 0.0929
vn 0.8849 -0.4176 0.2063
vn 0.9609 -0.1056 0.2561
vn 0.7681 0.5768 0.2779
vn 0.9557 -0.2614 0.1350
vn 0.9792 -0.1934 0.0619
vn 0.8523 0.4881 0.1878
vn 0.9789 -0.1955 -0.0591
vn 0.9772 -0.1147 -0.1786
vn 0.9930 0.0186 -0.1164
vn 0.6712 0.7413 0.0023
vn 0.8932 -0.1758 -0.4138
vn 0.9429 0.1272 -0.3079
vn 0.9415 -0.2014 -0.2702
vn 0.7801 0.5805 -0.2333
vn 0.3915 0.9101 0.1358
vn 0.9035 -0.0313 -0.4273
vn 0.9191 -0.3835 0.0908
vn 0.3967 0.9069 0.1422
vn 0.9394 -0.3386 -0.0539
vn 0.5600 0.8211 0.1107
vn 0.8068 -0.2345 -0.5422
vn 0.8856 -0.2130 -0.4128
vn 0.9559 -0.2564 -0.1436
vn 0.9526 -0.0917 -0.2899
vn 0.9315 -0.2271 -0.2840
vn 0.8963 -0.0168 -0.4430
vn 0.9326 0.0459 -0.3580
vn 0.9102 -0.0778 -0.4068
vn 0.9699 -0.2435 0.0022
vn 0.9806 -0.1058 -0.1648
vn 0.9599 0.0212 -0.2796
vn 0.9122 0.2810 -0.2983
vn 0.8191 0.5096 -0.2635
vn 0.9068 0.3429 -0.2451
vn 0.8506 0.4938 -0.1805
vn 0.9400 0.2391 -0.2433
vn 0.9332 0.1731 -0.3150
vn 0.9100 0.1199 -0.3968
vn 0.9745 0.1058 -0.1978
vn 0.9859 -0.0319 -0.1640
vn 0.2895 0.9391 -0.1852
vn 0.6932 0.6358 0.3393
vn 0.5408 0.5690 0.6195
vn 0.4774 0.8764 -0.0632
vn 0.6796 0.7282 -0.0885
vn 0.3215 0.8708 -0.3719
vn 0.6423 0.7593 -0.1041
vn 0.7535 0.6072 -0.2521
vn 0.7195 0.6736 -0.1692
vn 0.8123 0.5832 -0.0051
vn 0.7469 0.6635 0.0443
vn 0.8650 0.5010 -0.0278
vn 0.8622 0.5058 -0.0276
vn 0.7258 -0.0688 -0.6845
vn 0.6284 -0.1438 -0.7645
vn 0.5643 0.4424 -0.6970
vn 0.2620 0.9523 -0.1567
vn 0.1131 0.9675 0.2260
vn 0.8514 0.1386 -0.5058
vn 0.6045 0.6931 -0.3927
vn 0.5934 0.7653 -0.2496
vn 0.8121 -0.0781 -0.5783
vn 0.3099 0.9300 0.1974
vn 0.2681 0.9328 0.2409
vn 0.4389 0.8840 0.1611
vn 0.6027 0.7912 0.1036
vn 0.6886 0.7210 0.0774
vn 0.7682 0.6395 0.0316
vn 0.7285 -0.2071 -0.6530
vn 0.6092 -0.3411 -0.7159
vn 0.7671 -0.1640 -0.6202
vn 0.7697 -0.2163 -0.6006
vn 0.8189 -0.1109 -0.5632
vn 0.8579 -0.0757 -0.5082
vn 0.8402 -0.1854 -0.5096
vn 0.8657 0.1279 -0.4840
vn 0.8592 0.0026 -0.5117
vn 0.8977 0.2345 -0.3730
vn 0.8296 0.5206 0.2017
vn 0.7827 0.6217 0.0292
vn 0.8943 0.4396 -0.0839
vn 0.9080 0.3770 -0.1829
vn 0.0280 -0.9872 -0.1573
vn 0.9210 0.3756 -0.1032
vn 0.9501 0.2928 -0.1076
vn 0.9493 0.2605 -0.1760
vn 0.5112 0.8569 0.0662
vn 0.7364 0.6760 0.0281
vn 0.5491 0.8298 0.0998
vn 0.7555 0.6538 -0.0432
vn 0.6706 0.7414 0.0262
vn 0.8377 0.5401 -0.0804
vn 0.8597 0.5091 -0.0409
vn 0.9675 0.1866 -0.1705
vn 0.9842 0.1428 -0.1049
vn 0.9805 0.1565 -0.1192
vn 0.6537 0.4180 -0.6308
vn 0.8680 0.3699 -0.3314
vn 0.7996 0.3644 -0.4774
vn 0.9139 0.2695 -0.3035
vn 0.9766 0.1626 -0.1409
vn 0.9075 0.2272 -0.3534
vn 0.5338 0.8318 -0.1524
vn 0.5059 0.7780 -0.3724
vn 0.3730 0.7451 -0.5530
vn 0.2948 0.5980 -0.7453
vn 0.4461 0.6383 -0.6273
vn 0.6339 0.7720 -0.0470
vn 0.6541 0.6526 -0.3825
vn 0.5767 0.5682 -0.5871
vn 0.4362 0.4676 -0.7688
vn 0.6551 0.7305 -0.1931
vn 0.7675 0.6111 -0.1937
vn 0.7242 0.4928 -0.4822
vn 0.8620 0.4773 -0.1710
vn 0.8167 0.4909 -0.3033
vn 0.9185 0.3573 -0.1693
vn -0.0426 0.2184 -0.9749
vn -0.0280 0.2009 -0.9792
vn 0.0678 0.2285 -0.9712
vn 0.1261 0.1854 -0.9745
vn 0.2172 0.2226 -0.9504
vn 0.0400 0.2153 -0.9757
vn 0.4321 0.2401 -0.8693
vn 0.2588 0.0011 -0.9659
vn 0.2476 0.2475 -0.9367
vn -0.0253 0.1379 -0.9901
vn 0.0007 0.1741 -0.9847
vn 0.1155 0.2164 -0.9694
vn 0.4427 0.2478 -0.8617
vn 0.7059 0.2900 -0.6463
vn 0.8058 0.2246 -0.5479
vn 0.2228 0.2264 -0.9482
vn 0.4628 0.2271 -0.8569
vn 0.9420 0.2009 -0.2688
vn 0.2281 0.3377 -0.9132
vn 0.0872 0.2025 -0.9754
vn 0.2586 0.2667 -0.9284
vn 0.4336 0.3579 -0.8270
vn 0.5215 0.3167 -0.7923
vn 0.8166 0.3099 -0.4870
vn 0.2402 0.4671 -0.8510
vn 0.0602 -0.9488 -0.3101
vn 0.0061 -0.9814 -0.1917
vn 0.0126 -0.3014 -0.9534
vn 0.1489 -0.5484 -0.8229
vn 0.3092 -0.9125 -0.2679
vn 0.1630 -0.9637 -0.2113
vn 0.5467 -0.3262 -0.7712
vn 0.0549 -0.0070 -0.9985
vn 0.1907 -0.1500 -0.9701
vn 0.1237 0.1771 -0.9764
vn -0.0109 0.1824 -0.9832
vn 0.3533 0.0746 -0.9325
vn 0.3570 0.1975 -0.9130
vn 0.6462 0.1050 -0.7559
vn 0.1916 0.2159 -0.9574
vn 0.0253 0.1947 -0.9805
vn -0.0107 0.2101 -0.9776
vn 0.1049 0.1946 -0.9753
vn 0.3104 0.1682 -0.9356
vn 0.1802 0.1772 -0.9675
vn -0.4768 -0.8671 0.1440
vn -0.2178 -0.9756 -0.0261
vn -0.2699 -0.9623 0.0322
vn -0.1156 -0.9900 -0.0809
vn -0.0253 -0.9899 -0.1398
vn -0.1557 0.9228 0.3523
vn 0.4005 -0.2746 0.8742
vn 0.2109 0.6853 0.6970
vn -0.2758 0.9594 0.0589
vn 0.4253 -0.2505 0.8697
vn 0.5328 0.0961 0.8408
vn -0.3492 0.9369 -0.0138
vn -0.2973 0.9445 0.1396
vn 0.4086 -0.4695 0.7827
vn 0.5322 -0.4455 0.7199
vn 0.1679 0.5674 0.8061
vn 0.4760 -0.1461 0.8672
vn -0.3231 0.9383 -0.1233
vn 0.4864 -0.2828 0.8267
vn -0.0670 0.7499 0.6582
vn -0.5966 0.7563 0.2687
vn 0.1099 0.8110 0.5746
vn 0.7702 0.2361 0.5924
vn -0.2366 0.9389 0.2498
vn -0.3426 0.9333 -0.1074
vn 0.6051 -0.2042 0.7695
vn 0.6093 -0.2884 0.7386
vn 0.4965 -0.3556 0.7919
vn 0.1620 0.7764 0.6090
vn -0.2509 0.9680 0.0065
vn 0.1491 0.2653 0.9526
vn 0.7065 -0.2177 0.6734
vn 0.3288 0.6859 0.6492
vn -0.3878 0.9196 0.0632
vn 0.6803 -0.1670 0.7137
vn 0.7310 -0.1092 0.6736
vn 0.6248 0.3606 0.6925
vn 0.4152 -0.4592 0.7853
vn 0.5065 -0.5241 0.6847
vn 0.5410 -0.4095 0.7345
vn 0.5885 -0.4813 0.6496
vn 0.5851 -0.5285 0.6151
vn 0.5981 -0.6250 0.5016
vn 0.7538 0.5101 0.4142
vn 0.7941 0.5871 0.1570
vn 0.7203 0.6668 -0.1912
vn 0.5507 0.7185 -0.4248
vn 0.5615 0.7825 0.2692
vn 0.6903 0.6843 -0.2350
vn 0.6619 0.7417 0.1089
vn 0.4275 0.8233 -0.3735
vn 0.4833 0.7785 0.4004
vn 0.4628 0.8850 -0.0518
vn 0.6516 0.6607 0.3728
vn 0.4460 0.8928 -0.0630
vn 0.2488 0.9390 -0.2373
vn 0.4227 0.8852 -0.1944
vn 0.2590 0.7398 0.6209
vn 0.0140 0.8137 0.5811
vn -0.1020 0.9875 0.1200
vn -0.2467 0.9367 -0.2483
vn 0.2970 0.9521 -0.0733
vn 0.1045 0.9217 0.3736
vn -0.0141 0.7450 0.6669
vn -0.1803 0.6795 0.7112
vn -0.4924 0.6747 0.5499
vn -0.6953 0.7149 0.0734
vn -0.4350 0.8474 -0.3044
vn -0.6868 0.7090 -0.1599
vn -0.1754 0.8759 0.4495
vn -0.2418 0.4746 0.8463
vn -0.2728 0.4236 0.8638
vn -0.4685 0.5645 0.6795
vn -0.6809 0.6387 0.3584
vn -0.5027 0.8630 -0.0499
vn -0.3937 0.6736 -0.6255
vn -0.4439 0.8093 0.3848
vn -0.3969 0.7271 0.5602
vn -0.4642 0.7965 0.3875
vn -0.3592 0.8345 -0.4178
vn -0.3553 0.7599 0.5443
vn -0.1811 0.6944 0.6964
vn -0.0633 0.9938 0.0915
vn 0.0872 0.8456 -0.5266
vn 0.0170 -0.9865 -0.1629
vn 0.1726 0.8750 -0.4523
vn 0.1366 0.9146 -0.3807
vn 0.1763 0.9841 0.0201
vn 0.4151 0.8291 0.3746
vn 0.1322 0.8905 0.4353
vn 0.2347 0.8156 0.5288
vn -0.0735 0.9090 -0.4102
vn -0.0261 0.9887 -0.1478
vn 0.0537 0.9409 0.3345
vn 0.2527 0.8022 0.5410
vn 0.3104 0.7553 0.5772
vn 0.2505 0.9341 0.2546
vn -0.1819 0.8802 -0.4384
vn 0.1066 0.9402 0.3235
vn 0.0666 0.8588 0.5079
vn 0.0866 0.9558 0.2810
vn -0.2464 0.7179 -0.6511
vn -0.2039 0.9576 -0.2037
vn -0.3378 0.9059 0.2555
vn -0.3579 0.7914 0.4956
vn -0.1812 0.9382 0.2949
vn 0.1376 0.9903 -0.0188
vn -0.4756 0.7717 0.4222
vn -0.1834 0.8726 -0.4526
vn -0.3340 0.7873 -0.5183
vn -0.2576 0.8843 -0.3894
vn -0.4471 0.8864 0.1199
vn -0.3119 0.9133 0.2618
vn -0.0867 0.9914 -0.0979
vn 0.2144 0.8669 -0.4501
vn -0.3102 0.7105 -0.6317
vn 0.0966 0.9386 0.3312
vn -0.0514 0.9908 0.1252
vn -0.2127 0.9578 -0.1932
vn -0.2154 0.5170 -0.8285
vn -0.0307 0.9611 0.2746
vn 0.0395 0.9177 -0.3953
vn 0.0944 0.9897 0.1079
vn 0.1621 0.5669 -0.8077
vn -0.0771 0.4191 -0.9047
vn 0.3233 0.3365 -0.8844
vn 0.1143 0.3487 -0.9303
vn -0.2712 0.2816 -0.9204
vn -0.1922 0.0879 -0.9774
vn -0.2153 0.0600 -0.9747
vn -0.1093 0.3161 -0.9424
vn -0.0804 0.2324 -0.9693
vn -0.1220 0.0440 -0.9916
vn 0.0173 0.1042 -0.9944
vn 0.2399 0.0792 -0.9676
vn 0.1353 0.3040 -0.9430
vn 0.1242 -0.0314 -0.9918
vn 0.3655 0.0504 -0.9294
vn 0.4254 0.2661 -0.8650
vn 0.4302 0.0689 -0.9001
vn 0.5030 0.3483 -0.7910
vn -0.0506 -0.1681 -0.9845
vn -0.1686 -0.1657 -0.9717
vn 0.0429 0.0343 -0.9985
vn -0.0983 0.2024 -0.9743
vn 0.0463 -0.1158 -0.9922
vn 0.1420 -0.0593 -0.9881
vn 0.2232 0.1433 -0.9642
vn 0.0862 0.2651 -0.9604
vn 0.2827 -0.0697 -0.9567
vn 0.3571 -0.0707 -0.9314
vn 0.3316 0.0769 -0.9403
vn 0.5217 -0.0481 -0.8518
vn 0.4817 0.1485 -0.8637
vn 0.3639 0.3535 -0.8618
vn 0.4674 -0.1384 0.8732
vn 0.2895 0.9044 0.3134
vn 0.1872 0.7716 -0.6080
vn 0.1962 0.9527 -0.2322
vn 0.1301 0.5794 -0.8046
vn 0.1122 0.4125 -0.9040
vn -0.0098 0.4758 -0.8795
vn 0.3646 0.0956 0.9262
vn 0.5766 -0.0831 0.8128
vn 0.4628 0.3043 0.8326
vn 0.3352 0.2969 0.8942
vn 0.5818 0.0778 0.8096
vn 0.2638 0.6116 -0.7459
vn 0.2345 0.4881 -0.8407
vn 0.5189 -0.2792 0.8080
vn 0.5845 -0.3758 0.7192
vn 0.6816 -0.2259 0.6960
vn 0.2077 0.8758 -0.4358
vn 0.7432 0.0613 0.6663
vn 0.7056 -0.1128 0.6996
vn 0.3274 0.6692 -0.6671
vn 0.2269 0.3586 -0.9055
vn 0.3542 0.5087 -0.7847
vn 0.3032 0.5334 0.7896
vn -0.0155 0.7136 0.7004
vn 0.6158 0.3007 0.7283
vn 0.0197 -0.9870 -0.1596
vn 0.0271 -0.9865 -0.1615
vn 0.4320 0.4903 0.7570
vn 0.1918 0.9595 0.2064
vn 0.1203 0.9885 0.0914
vn 0.0917 0.9800 0.1766
vn 0.1252 0.9815 0.1451
vn 0.2918 0.9540 0.0696
vn 0.1891 0.9757 0.1105
vn 0.1755 0.9774 0.1175
vn 0.3759 0.9267 0.0032
vn 0.5767 -0.5268 0.6244
vn 0.4539 -0.4457 0.7716
vn 0.6393 -0.3367 0.6913
vn 0.6094 -0.5234 0.5955
vn 0.5074 -0.5354 0.6752
vn 0.6705 -0.4710 0.5732
vn 0.7626 -0.4675 0.4471
vn 0.6264 -0.4006 0.6687
vn 0.7790 -0.4671 0.4183
vn 0.4373 -0.5119 0.7394
vn 0.5991 -0.4757 0.6440
vn 0.4447 -0.4348 0.7831
vn 0.7490 -0.4386 0.4966
vn 0.7228 -0.4087 0.5572
vn 0.7671 -0.4437 0.4634
vn 0.8618 -0.3696 0.3474
vn 0.9118 -0.2414 0.3322
vn 0.8303 -0.3675 0.4189
vn 0.9094 -0.3190 0.2668
vn 0.8429 -0.3858 0.3752
vn 0.9509 -0.2041 0.2328
vn 0.7173 -0.3172 0.6203
vn 0.8129 -0.1757 0.5553
vn 0.8220 -0.2859 0.4924
vn 0.8352 -0.0044 0.5500
vn 0.8466 0.1750 0.5027
vn 0.9095 -0.1775 0.3760
vn 0.9130 0.0062 0.4078
vn 0.9849 -0.0508 0.1656
vn 0.9569 -0.0936 0.2751
vn 0.9840 0.1772 -0.0164
vn 0.9514 0.2235 0.2118
vn 0.9771 0.0946 0.1907
vn 0.9876 -0.1225 0.0980
vn 0.9988 0.0280 0.0403
vn -0.0280 0.9862 0.1629
vn -0.4706 0.8756 0.1091
vn -0.3189 0.9069 0.2752
vn 0.0646 0.7147 0.6965
vn -0.1957 0.8443 0.4988
vn -0.2213 0.9638 -0.1488
vn -0.4006 0.9161 0.0171
vn 0.0676 0.9934 -0.0929
vn -0.2220 0.9731 0.0610
vn 0.4455 0.5472 0.7086
vn 0.2596 0.8660 0.4274
vn 0.3051 0.9521 -0.0195
vn 0.4696 0.8531 -0.2274
vn 0.7409 0.3265 0.5870
vn 0.6938 0.6270 0.3543
vn 0.8568 0.3134 0.4094
vn 0.7530 0.6579 -0.0121
vn 0.8761 0.4389 0.1996
vn 0.9398 0.3417 -0.0015
vn 0.8498 0.5190 -0.0923
vn 0.8451 0.5017 -0.1848
vn 0.9353 0.3291 -0.1302
vn 0.6122 0.5886 0.5280
vn 0.5499 0.6974 0.4596
vn 0.7826 0.3904 0.4848
vn 0.5134 0.7346 0.4436
vn 0.2487 0.9502 0.1879
vn 0.7436 0.5734 0.3438
vn 0.5162 0.8220 0.2406
vn 0.5220 0.8354 0.1722
vn 0.3143 0.9412 0.1242
vn 0.4902 0.8707 0.0386
vn 0.5660 0.8219 0.0642
vn 0.3754 0.9264 0.0290
vn 0.6462 0.7632 -0.0007
vn 0.7814 -0.2397 0.5762
vn 0.7246 0.2920 0.6242
vn 0.7915 -0.2234 0.5689
vn 0.8774 -0.2490 0.4102
vn 0.8622 -0.3561 0.3602
vn 0.8911 -0.3351 0.3061
vn 0.8207 -0.2430 0.5170
vn 0.9422 -0.1614 0.2935
vn 0.8945 -0.3763 0.2416
vn 0.9553 -0.2738 0.1112
vn 0.9508 -0.2799 0.1324
vn 0.9692 0.0699 0.2360
vn 0.9741 -0.2230 -0.0372
vn 0.9344 0.3213 0.1537
vn 0.8972 -0.3536 0.2645
vn 0.9607 -0.2773 -0.0111
vn 0.9635 -0.2188 -0.1540
vn 0.9763 -0.2141 -0.0315
vn 0.9417 -0.1722 -0.2890
vn 0.9640 -0.1581 -0.2140
vn 0.9436 -0.3032 0.1330
vn 0.9665 -0.2534 -0.0421
vn 0.9319 -0.3468 0.1065
vn 0.9631 -0.1930 -0.1874
vn 0.9249 -0.2016 -0.3224
vn 0.9546 -0.1505 -0.2570
vn 0.9610 -0.2556 0.1059
vn 0.9808 -0.1781 -0.0800
vn 0.9035 0.3954 -0.1651
vn 0.9281 0.3368 -0.1588
vn 0.9517 0.2544 -0.1722
vn 0.9891 0.1172 -0.0894
vn 0.9892 -0.0276 -0.1439
vn 0.9789 0.0362 -0.2009
vn 0.9987 -0.0018 -0.0503
vn -0.2878 0.9508 -0.1144
vn -0.2716 0.9483 -0.1644
vn -0.1811 0.8688 -0.4609
vn -0.2415 0.9372 -0.2516
vn 0.0214 0.9990 0.0386
vn 0.3224 0.6670 0.6717
vn 0.3530 0.5913 0.7251
vn 0.0171 0.9638 -0.2661
vn 0.0348 0.9304 0.3648
vn 0.1819 0.6881 0.7024
vn 0.3175 0.6729 0.6681
vn -0.0264 0.9044 -0.4259
vn 0.2952 0.9016 -0.3161
vn 0.3345 0.8702 -0.3618
vn 0.2021 0.9791 0.0211
vn 0.4920 0.7836 0.3793
vn 0.6375 0.7151 -0.2868
vn 0.5953 0.7552 -0.2744
vn 0.5575 0.8280 -0.0601
vn 0.8262 0.5177 -0.2224
vn 0.8239 0.5647 0.0484
vn 0.7582 0.6398 -0.1254
vn 0.5308 0.8342 0.1495
vn 0.7008 0.7111 0.0565
vn 0.7460 0.6660 -0.0008
vn 0.8042 0.5943 -0.0004
vn 0.8104 0.5855 0.0209
vn 0.6744 0.7309 0.1045
vn 0.8708 0.4879 -0.0599
vn 0.7461 0.5442 -0.3836
vn 0.7285 0.5567 -0.3993
vn 0.5321 0.8462 -0.0304
vn 0.7967 -0.1137 -0.5936
vn 0.8683 0.0573 -0.4928
vn 0.9113 0.2996 -0.2826
vn 0.8920 -0.0909 -0.4429
vn 0.9104 0.3258 -0.2551
vn 0.7955 0.6041 -0.0467
vn 0.8967 -0.1008 -0.4310
vn 0.5850 0.8110 0.0079
vn 0.8394 -0.0789 -0.5377
vn 0.3305 0.9063 0.2635
vn 0.9946 -0.0570 -0.0871
vn 0.8379 0.5412 0.0708
vn 0.9513 -0.0625 -0.3018
vn 0.9628 0.0294 -0.2688
vn 0.4756 0.8508 0.2234
vn 0.9180 -0.0387 -0.3948
vn 0.7084 0.6998 0.0915
vn 0.5622 0.8131 0.1509
vn 0.8850 -0.1094 -0.4525
vn 0.8234 -0.1840 -0.5368
vn 0.7957 -0.1674 -0.5821
vn 0.8643 -0.0943 -0.4940
vn 0.8554 -0.1997 -0.4779
vn 0.9172 -0.0950 -0.3869
vn 0.9221 -0.1192 -0.3683
vn 0.8872 -0.1803 -0.4248
vn 0.8281 -0.0236 -0.5601
vn 0.8987 0.0275 -0.4377
vn 0.8245 0.1054 -0.5559
vn 0.9343 0.2322 -0.2705
vn 0.9533 0.1517 -0.2611
vn 0.8965 0.1154 -0.4277
vn 0.9207 0.2523 -0.2979
vn 0.9414 0.0081 -0.3371
vn 0.8932 0.4393 -0.0961
vn 0.1888 0.8436 0.5027
vn 0.2868 0.9403 0.1832
vn 0.3749 0.9252 -0.0589
vn 0.7177 0.6903 -0.0919
vn 0.6125 0.7176 -0.3315
vn 0.3051 0.8552 0.4190
vn 0.5195 0.8262 0.2181
vn 0.4891 0.7242 0.4862
vn 0.6652 0.7247 0.1798
vn 0.8104 0.5819 -0.0684
vn 0.8467 0.4702 -0.2490
vn 0.8118 0.4703 -0.3462
vn 0.8613 0.3169 -0.3970
vn 0.7722 0.3876 -0.5035
vn 0.7565 0.2777 -0.5921
vn 0.5972 0.6611 0.4543
vn 0.7755 0.6100 0.1629
vn 0.8974 0.3515 -0.2667
vn 0.8469 0.2039 -0.4911
vn 0.8808 0.4675 -0.0746
vn 0.8878 0.4571 -0.0537
vn 0.9325 0.3439 -0.1106
vn 0.1459 0.9309 0.3348
vn 0.1041 0.9307 0.3507
vn 0.2240 0.9322 0.2843
vn 0.1432 0.9430 0.3003
vn 0.3353 0.9043 0.2641
vn 0.4020 0.8925 0.2045
vn 0.4774 0.8715 0.1119
vn 0.6059 0.7905 0.0889
vn 0.7072 0.7040 0.0650
vn 0.7274 0.6860 0.0148
vn 0.8204 0.5717 -0.0084
vn 0.7832 0.6207 0.0362
vn 0.6726 -0.1490 -0.7248
vn 0.7325 -0.2157 -0.6457
vn 0.8136 -0.2311 -0.5335
vn 0.7421 -0.1040 -0.6621
vn 0.7723 -0.0041 -0.6352
vn 0.7154 0.0120 -0.6986
vn 0.6390 0.0429 -0.7680
vn 0.6492 0.1959 -0.7350
vn 0.7455 0.1479 -0.6499
vn 0.0753 -0.9797 -0.1856
vn 0.0356 -0.9858 -0.1642
vn 0.9354 0.3305 -0.1255
vn 0.9510 0.2466 -0.1864
vn 0.9625 0.2000 -0.1833
vn 0.9599 0.1781 -0.2164
vn 0.9627 0.1466 -0.2274
vn 0.5451 0.8383 0.0101
vn 0.6767 0.7346 -0.0493
vn 0.6343 0.7730 0.0130
vn 0.8008 0.5968 -0.0515
vn 0.7880 0.6098 -0.0853
vn 0.7082 0.7045 -0.0470
vn 0.9017 0.4140 -0.1248
vn 0.9491 0.2770 -0.1498
vn 0.2019 -0.9571 -0.2076
vn 0.1150 -0.9773 -0.1778
vn 0.9688 0.1369 -0.2068
vn 0.9712 0.1284 -0.2006
vn 0.9658 0.1394 -0.2186
vn 0.9755 0.1281 -0.1789
vn 0.9510 0.2637 -0.1612
vn 0.9596 0.2193 -0.1765
vn 0.9662 0.1795 -0.1853
vn 0.9694 0.1408 -0.2010
vn 0.9743 0.1322 -0.1824
vn 0.7970 0.5986 -0.0803
vn 0.8469 0.5212 -0.1050
vn 0.2140 -0.9551 -0.2051
vn 0.1096 -0.9791 -0.1714
vn 0.2238 -0.9514 -0.2116
vn 0.3662 -0.8956 -0.2528
vn 0.5939 -0.7512 -0.2882
vn 0.3956 -0.8810 -0.2597
vn 0.3678 -0.9013 -0.2288
vn 0.9752 0.1196 -0.1863
vn 0.9677 0.1243 -0.2193
vn 0.9728 0.1074 -0.2054
vn 0.9799 0.1113 -0.1655
vn 0.9777 0.1262 -0.1677
vn 0.9747 0.1243 -0.1856
vn 0.9793 0.1283 -0.1568
vn 0.9694 0.1908 -0.1542
vn 0.9762 0.1483 -0.1582
vn 0.8206 0.5697 -0.0460
vn 0.7155 0.6980 -0.0300
vn 0.9114 0.4048 -0.0748
vn 0.8930 0.4401 -0.0947
vn 0.9060 0.4012 -0.1347
vn 0.9420 0.3061 -0.1378
vn 0.9423 0.3147 -0.1146
vn 0.9672 0.2172 -0.1321
vn 0.0807 -0.9837 -0.1607
vn 0.2428 -0.9525 -0.1838
vn 0.1648 -0.9698 -0.1799
vn 0.4265 -0.8777 -0.2184
vn 0.2600 -0.9436 -0.2052
vn 0.9110 -0.3292 -0.2482
vn 0.9455 -0.2070 -0.2514
vn 0.8715 -0.4159 -0.2598
vn 0.7416 -0.6216 -0.2523
vn 0.6930 -0.6739 -0.2560
vn 0.9651 -0.0991 -0.2423
vn 0.7790 -0.5498 -0.3013
vn 0.9698 0.1085 -0.2183
vn 0.9682 0.0643 -0.2417
vn 0.9747 0.0726 -0.2112
vn 0.9744 0.0145 -0.2243
vn 0.9682 -0.0381 -0.2471
vn 0.9828 0.0995 -0.1556
vn 0.9793 0.0935 -0.1797
vn 0.9816 0.0736 -0.1762
vn 0.9818 0.1213 -0.1463
vn 0.9786 0.1340 -0.1563
vn 0.9797 0.1332 -0.1500
vn 0.9181 0.3900 -0.0708
vn 0.3611 -0.9109 -0.1996
vn 0.1838 -0.9682 -0.1697
vn 0.7402 -0.6294 -0.2366
vn 0.5542 -0.8014 -0.2250
vn 0.5703 -0.7878 -0.2327
vn 0.8386 -0.4865 -0.2449
vn 0.9387 -0.2421 -0.2455
vn 0.8690 -0.4283 -0.2477
vn 0.9754 0.0910 -0.2010
vn 0.9795 0.0676 -0.1898
vn 0.9772 0.0630 -0.2027
vn 0.9872 0.0718 -0.1424
vn 0.9830 0.0526 -0.1759
vn 0.9828 0.1309 -0.1306
vn 0.9848 0.1038 -0.1391
vn 0.9812 0.1372 -0.1354
vn 0.0956 -0.9813 -0.1669
vn 0.3065 -0.9322 -0.1924
vn 0.3320 -0.9231 -0.1940
vn 0.7431 -0.6199 -0.2519
vn 0.5479 -0.8060 -0.2239
vn 0.9556 -0.1805 -0.2331
vn 0.9690 -0.0974 -0.2272
vn 0.8819 -0.3975 -0.2533
vn 0.9768 -0.0254 -0.2128
vn 0.9821 0.0425 -0.1836
vn 0.9830 0.0475 -0.1771
vn 0.9869 0.0354 -0.1575
vn 0.9885 0.0387 -0.1464
vn 0.9870 0.1250 -0.1007
vn 0.9901 0.0883 -0.1087
vn 0.9920 0.0657 -0.1082
vn 0.9850 0.1161 -0.1273
vn 0.6820 -0.7028 -0.2023
vn 0.8935 -0.3993 -0.2052
vn 0.9620 -0.1788 -0.2064
vn 0.9803 -0.0078 -0.1971
vn 0.9677 0.0525 -0.2467
vn 0.9691 -0.0414 -0.2431
vn 0.9253 0.0386 -0.3771
vn 0.9826 0.0361 -0.1820
vn 0.9548 0.0489 -0.2931
vn 0.9782 0.0465 -0.2022
vn 0.9264 0.0378 -0.3746
vn 0.5999 0.1084 -0.7927
vn 0.8328 0.0668 -0.5496
vn 0.5344 0.1575 -0.8304
vn 0.7966 0.0515 -0.6023
vn 0.2431 0.2423 -0.9393
vn 0.5934 0.2102 -0.7770
vn 0.9808 0.1082 -0.1625
vn 0.9597 0.1010 -0.2623
vn 0.7374 0.1626 -0.6556
vn 0.8628 0.1752 -0.4741
vn 0.4224 0.2454 -0.8725
vn 0.9495 0.1708 -0.2633
vn 0.8269 0.2602 -0.4986
vn 0.6578 0.2428 -0.7130
vn 0.9607 0.1580 -0.2282
vn 0.7527 0.2173 -0.6215
vn 0.6524 0.1776 -0.7368
vn 0.6030 0.1632 -0.7809
vn 0.8352 0.1142 -0.5379
vn 0.8845 -0.1384 -0.4454
vn 0.8251 -0.4679 -0.3167
vn 0.9377 0.0676 -0.3408
vn 0.8763 0.0536 -0.4789
vn 0.6416 0.1012 -0.7603
vn 0.8874 0.0625 -0.4568
vn 0.4997 0.1251 -0.8571
vn 0.3386 0.1628 -0.9267
vn -0.2177 0.9759 -0.0151
vn -0.3009 0.9534 -0.0215
vn -0.1762 0.9821 0.0673
vn 0.4264 0.8220 0.3776
vn 0.8216 -0.0723 0.5654
vn 0.8310 -0.1256 0.5419
vn -0.1338 0.9872 0.0864
vn -0.0197 0.9993 0.0318
vn -0.0231 0.9924 0.1206
vn -0.0771 0.9955 0.0550
vn 0.1084 0.9889 0.1018
vn 0.1478 0.9887 0.0241
vn 0.2181 0.9753 -0.0357
vn 0.7261 -0.3762 0.5756
vn 0.6912 -0.4695 0.5493
vn 0.7078 -0.4727 0.5250
vn 0.6912 -0.5427 0.4772
vn 0.6932 -0.5710 0.4398
vn 0.7833 -0.4250 0.4538
vn 0.8537 -0.3260 0.4062
vn 0.8718 -0.4256 0.2426
vn 0.8187 -0.3954 0.4164
vn 0.8285 -0.4680 0.3073
vn 0.8971 -0.4145 0.1526
vn 0.7506 -0.3610 0.5534
vn 0.8116 0.1032 0.5750
vn 0.8269 -0.0722 0.5577
vn 0.8295 -0.2836 0.4811
vn 0.9160 -0.2366 0.3241
vn 0.9276 -0.0359 0.3718
vn 0.8996 -0.3429 0.2704
vn 0.9586 -0.2503 0.1359
vn 0.9138 0.1251 0.3863
vn 0.9822 -0.0674 0.1753
vn 0.9745 0.1327 0.1811
vn 0.9976 -0.0041 0.0688
vn 0.9610 -0.2761 -0.0142
vn 0.9859 -0.1667 0.0165
vn 0.0676 0.7371 0.6723
vn -0.0913 0.7335 0.6736
vn -0.2296 0.5431 0.8077
vn 0.0642 0.5704 0.8189
vn 0.2734 0.8743 0.4011
vn 0.3709 0.9250 -0.0831
vn 0.1026 0.6372 0.7638
vn 0.3704 0.6723 0.6409
vn 0.3589 0.7918 -0.4942
vn 0.0564 0.8229 -0.5653
vn 0.4302 0.8082 -0.4021
vn 0.4665 0.5959 0.6536
vn 0.4735 0.6559 0.5878
vn 0.6552 0.6899 0.3077
vn 0.6375 0.7560 -0.1483
vn 0.7216 0.4744 0.5042
vn 0.8340 0.2852 0.4723
vn 0.7929 0.6060 0.0640
vn 0.7753 0.6129 -0.1529
vn 0.4693 0.8300 -0.3014
vn 0.8584 0.4438 0.2574
vn 0.9143 0.2374 0.3281
vn 0.9475 0.2783 0.1573
vn 0.8840 0.4675 0.0023
vn 0.9271 0.3742 0.0196
vn 0.8484 0.5157 -0.1193
vn 0.9755 0.2197 -0.0083
vn 0.0245 -0.9859 -0.1655
vn 0.0280 -0.9853 -0.1688
vn 0.0139 -0.9860 -0.1660
vn 0.6086 0.6058 0.5125
vn 0.7512 0.4152 0.5132
vn 0.9320 -0.1609 0.3248
vn 0.9086 -0.0746 0.4109
vn 0.8776 -0.3256 0.3517
vn 0.8187 -0.2522 0.5158
vn -0.2377 0.9346 0.2645
vn 0.1721 0.9562 0.2369
vn 0.5784 0.7252 0.3734
vn 0.7349 0.6025 0.3113
vn 0.9892 -0.0744 0.1260
vn 0.9868 -0.0030 0.1621
vn -0.0947 0.9872 0.1283
vn 0.3381 0.9226 0.1859
vn 0.9629 0.2492 0.1039
vn 0.9044 0.4225 0.0599
vn 0.4058 0.9136 0.0279
vn 0.1312 0.9910 0.0265
vn 0.3176 0.9482 -0.0063
vn 0.3425 0.9385 -0.0448
vn 0.4971 0.8619 -0.1001
vn 0.5203 0.8446 -0.1257
vn 0.3692 0.9251 -0.0892
vn 0.9308 -0.3150 0.1855
vn 0.9480 -0.2561 0.1889
vn 0.9845 -0.1536 -0.0849
vn 0.9996 -0.0091 0.0279
vn 0.9919 0.1179 -0.0471
vn 0.9824 0.0603 -0.1767
vn 0.9110 -0.4016 0.0937
vn 0.9615 -0.2742 -0.0200
vn 0.9591 -0.2167 -0.1822
vn 0.9474 -0.0770 -0.3105
vn 0.9256 -0.1679 -0.3393
vn 0.9144 -0.2014 -0.3512
vn 0.9279 -0.3704 0.0415
vn 0.9382 -0.3382 -0.0742
vn 0.9462 -0.2812 -0.1602
vn 0.8716 -0.1260 -0.4737
vn 0.8384 -0.1605 -0.5209
vn 0.8777 -0.0155 -0.4789
vn 0.9764 -0.1777 -0.1227
vn 0.9901 0.0492 -0.1313
vn 0.9492 -0.1106 -0.2945
vn 0.9048 0.3144 -0.2871
vn 0.9631 0.2046 -0.1748
vn 0.9375 0.1060 -0.3313
vn 0.9991 -0.0413 -0.0026
vn -0.0833 0.9478 -0.3077
vn -0.3539 0.9330 0.0656
vn 0.1275 0.9762 -0.1757
vn 0.3139 0.7707 -0.5545
vn 0.1555 0.9026 -0.4015
vn 0.0789 0.9925 -0.0937
vn -0.1066 0.9936 -0.0379
vn 0.5218 0.7520 -0.4028
vn 0.2793 0.9378 -0.2064
vn 0.3916 0.9032 -0.1757
vn 0.6531 0.7300 -0.2015
vn 0.6556 0.7404 -0.1486
vn 0.8372 0.5033 -0.2140
vn 0.7309 0.5234 -0.4379
vn 0.8521 0.3609 -0.3791
vn 0.7516 0.3964 -0.5273
vn 0.8721 0.1868 -0.4523
vn 0.7962 0.2678 -0.5425
vn 0.9252 0.3550 -0.1344
vn 0.2573 0.9642 -0.0635
vn 0.3655 0.6451 -0.6710
vn 0.4817 0.7915 -0.3762
vn 0.7836 0.4324 -0.4461
vn 0.8366 0.4864 -0.2522
vn 0.5217 0.8400 -0.1491
vn 0.5992 0.3774 -0.7061
vn 0.2929 0.9560 0.0175
vn 0.9394 0.2220 -0.2612
vn 0.8545 0.5172 -0.0481
vn 0.9182 0.3089 -0.2478
vn 0.6136 0.7883 -0.0454
vn 0.4183 0.9071 -0.0471
vn 0.5050 0.8598 -0.0760
vn 0.5749 0.8125 -0.0965
vn 0.6556 0.7417 -0.1417
vn 0.6118 0.7812 -0.1240
vn 0.7367 0.6529 -0.1762
vn 0.6800 0.7121 -0.1746
vn 0.6501 0.1915 -0.7353
vn 0.6716 0.3074 -0.6742
vn 0.5998 0.0389 -0.7992
vn 0.6137 -0.0150 -0.7894
vn 0.8307 0.2649 -0.4897
vn 0.8227 -0.0282 -0.5678
vn 0.6726 -0.1071 -0.7322
vn 0.7693 -0.0544 -0.6365
vn 0.8475 0.1083 -0.5196
vn 0.7242 -0.1069 -0.6813
vn 0.6696 0.0394 -0.7417
vn 0.7952 0.0227 -0.6059
vn 0.5292 0.5655 -0.6326
vn 0.5272 0.3766 -0.7617
vn 0.6505 0.4228 -0.6310
vn 0.6832 0.2347 -0.6915
vn 0.0607 -0.9840 -0.1675
vn 0.0331 -0.9858 -0.1649
vn 0.8605 0.4596 -0.2198
vn 0.8496 0.4648 -0.2494
vn 0.8751 0.4144 -0.2499
vn 0.4620 0.8864 -0.0297
vn 0.5038 0.8633 -0.0295
vn 0.7071 0.6965 -0.1220
vn 0.5835 0.8085 -0.0765
vn 0.7088 0.6879 -0.1560
vn 0.8012 0.5699 -0.1824
vn 0.7935 0.5671 -0.2208
vn 0.8994 0.4100 -0.1515
vn 0.9027 0.3662 -0.2259
vn 0.9184 0.3427 -0.1979
vn 0.8728 0.4535 -0.1806
vn 0.8973 0.3630 -0.2510
vn 0.9269 0.2872 -0.2418
vn 0.9225 0.2843 -0.2611
vn 0.9366 0.2330 -0.2616
vn 0.6281 0.7758 -0.0597
vn 0.7069 0.7056 -0.0488
vn 0.8250 0.5616 -0.0632
vn 0.7435 0.6618 -0.0963
vn 0.8267 0.5492 -0.1220
vn 0.8448 0.5007 -0.1889
vn 0.0529 -0.9837 -0.1718
vn 0.0584 -0.9841 -0.1678
vn 0.1319 -0.9760 -0.1734
vn 0.2386 -0.9452 -0.2230
vn 0.2154 -0.9524 -0.2156
vn 0.9600 0.1223 -0.2517
vn 0.9602 0.1246 -0.2501
vn 0.9625 0.1391 -0.2328
vn 0.9559 0.1343 -0.2613
vn 0.9523 0.1485 -0.2666
vn 0.9510 0.1376 -0.2768
vn 0.9446 0.1658 -0.2834
vn 0.9445 0.2074 -0.2549
vn 0.9489 0.1596 -0.2721
vn 0.9430 0.2564 -0.2123
vn 0.8705 0.4787 -0.1145
vn 0.9389 0.3001 -0.1683
vn 0.1280 -0.9738 -0.1881
vn 0.2010 -0.9529 -0.2269
vn 0.4088 -0.8715 -0.2710
vn 0.3818 -0.8963 -0.2257
vn 0.4986 -0.8191 -0.2837
vn 0.7172 -0.6226 -0.3131
vn 0.6538 -0.6960 -0.2970
vn 0.9565 0.1512 -0.2496
vn 0.9627 0.1394 -0.2321
vn 0.9534 0.1482 -0.2630
vn 0.9577 0.1481 -0.2469
vn 0.9178 0.3768 -0.1253
vn 0.9494 0.2156 -0.2284
vn 0.1343 -0.9670 -0.2164
vn 0.2631 -0.9323 -0.2482
vn 0.1478 -0.9662 -0.2113
vn 0.4058 -0.8649 -0.2954
vn 0.5839 -0.7599 -0.2858
vn 0.4338 -0.8481 -0.3043
vn 0.7323 -0.5915 -0.3375
vn 0.8120 -0.4865 -0.3225
vn 0.8936 -0.3385 -0.2948
vn 0.8699 -0.3603 -0.3367
vn 0.9499 -0.1321 -0.2833
vn 0.9343 -0.1626 -0.3174
vn 0.9598 -0.0053 -0.2806
vn 0.9588 0.1399 -0.2471
vn 0.9624 0.0943 -0.2547
vn 0.9577 0.0916 -0.2727
vn 0.9535 -0.0219 -0.3004
vn 0.9628 0.0591 -0.2635
vn 0.9592 -0.0206 -0.2821
vn 0.9575 0.1009 -0.2701
vn 0.9566 0.1441 -0.2532
vn 0.9570 0.1535 -0.2461
vn 0.9551 0.1607 -0.2489
vn 0.9571 0.1538 -0.2456
vn 0.9603 0.1417 -0.2403
vn 0.9562 0.1658 -0.2412
vn 0.3672 -0.8890 -0.2734
vn 0.6114 -0.7248 -0.3177
vn 0.8205 -0.4675 -0.3290
vn 0.8633 -0.3907 -0.3194
vn 0.6391 -0.7047 -0.3081
vn 0.9310 -0.1676 -0.3241
vn 0.9551 -0.0043 -0.2961
vn 0.9309 -0.1630 -0.3268
vn 0.9613 0.1447 -0.2346
vn 0.9661 0.1303 -0.2229
vn 0.8786 -0.3665 -0.3061
vn 0.9598 -0.0411 -0.2777
vn 0.9623 0.0742 -0.2615
vn 0.9354 -0.1893 -0.2988
vn 0.9599 0.1240 -0.2515
vn 0.0355 -0.9868 -0.1582
vn 0.0011 -0.9807 -0.1955
vn 0.2340 0.9722 -0.0075
vn 0.5337 0.8320 -0.1516
vn 0.3809 0.9206 -0.0855
vn 0.3654 0.9270 -0.0844
vn 0.6573 0.7204 -0.2212
vn 0.5274 0.8354 -0.1550
vn 0.6417 0.7346 -0.2204
vn 0.0397 -0.9808 -0.1912
vn 0.0382 -0.9856 -0.1648
vn 0.0056 -0.9819 -0.1891
vn 0.8948 0.2910 -0.3386
vn 0.8913 0.2425 -0.3830
vn 0.9076 0.2378 -0.3460
vn 0.9077 0.1866 -0.3758
vn 0.9195 0.1855 -0.3466
vn 0.8163 0.5109 -0.2697
vn 0.8071 0.5000 -0.3139
vn 0.8479 0.4328 -0.3062
vn 0.8551 0.3907 -0.3408
vn 0.8816 0.3527 -0.3135
vn 0.0980 0.2736 -0.9568
vn 0.8899 0.2964 -0.3469
vn 0.8814 0.3040 -0.3615
vn 0.6734 0.7126 -0.1970
vn 0.7564 0.6039 -0.2511
vn 0.9248 0.1505 -0.3495
vn 0.9072 0.1647 -0.3871
vn 0.9194 0.1460 -0.3651
vn 0.9148 0.1635 -0.3693
vn 0.8990 0.1807 -0.3990
vn 0.9110 0.2734 -0.3088
vn 0.9269 0.1908 -0.3232
vn 0.8862 0.3645 -0.2861
vn 0.1657 -0.9667 -0.1950
vn 0.1195 -0.9746 -0.1897
vn 0.1197 -0.9740 -0.1923
vn 0.0507 -0.9833 -0.1745
vn 0.3265 -0.9110 -0.2518
vn 0.2227 -0.9452 -0.2386
vn 0.1122 -0.9721 -0.2061
vn 0.2516 -0.9406 -0.2279
vn 0.5127 -0.8051 -0.2982
vn 0.4728 -0.8296 -0.2971
vn 0.7035 -0.6021 -0.3776
vn 0.8128 -0.4551 -0.3638
vn 0.9224 0.1840 -0.3395
vn 0.9108 0.1689 -0.3768
vn 0.9254 0.1597 -0.3438
vn 0.9142 0.1648 -0.3703
vn 0.9083 0.1845 -0.3756
vn 0.9442 0.1192 -0.3072
vn 0.9315 0.1350 -0.3376
vn 0.9279 0.1390 -0.3460
vn 0.9363 0.1426 -0.3209
vn 0.9374 0.1415 -0.3181
vn 0.9466 0.1278 -0.2959
vn 0.9206 0.2655 -0.2862
vn 0.9382 0.1798 -0.2958
vn 0.9374 0.2074 -0.2796
vn 0.0792 -0.9801 -0.1819
vn 0.1409 -0.9668 -0.2134
vn 0.3009 -0.9150 -0.2689
vn 0.2849 -0.9241 -0.2547
vn 0.4732 -0.8267 -0.3043
vn 0.5297 -0.7982 -0.2868
vn 0.7213 -0.5858 -0.3695
vn 0.7397 -0.5763 -0.3474
vn 0.8598 -0.3503 -0.3714
vn 0.9357 0.0154 -0.3524
vn 0.9036 -0.2119 -0.3722
vn 0.9262 0.0567 -0.3728
vn 0.9188 -0.1379 -0.3698
vn 0.9396 0.1701 -0.2969
vn 0.9268 0.2184 -0.3055
vn 0.9445 0.1509 -0.2919
vn 0.9426 0.0487 -0.3303
vn 0.9543 0.1601 -0.2523
vn 0.9510 0.1283 -0.2813
vn 0.9547 0.1180 -0.2733
vn 0.3225 -0.9174 -0.2331
vn 0.4257 -0.8631 -0.2716
vn 0.7627 -0.5584 -0.3264
vn 0.5094 -0.8024 -0.3109
vn 0.5883 -0.7382 -0.3300
vn 0.8422 -0.4361 -0.3170
vn 0.9169 -0.2359 -0.3218
vn 0.9332 -0.1288 -0.3355
vn 0.9560 -0.0333 -0.2915
vn 0.8936 -0.2723 -0.3569
vn 0.9309 -0.0954 -0.3526
vn 0.9551 0.0367 -0.2939
vn 0.9553 0.1406 -0.2599
vn 0.9607 0.1440 -0.2375
vn 0.9614 0.1338 -0.2403
vn 0.9358 -0.1805 -0.3028
vn 0.8478 -0.4035 -0.3442
vn 0.0218 -0.9763 -0.2153
vn 0.0792 -0.9753 -0.2062
vn 0.0582 -0.9745 -0.2168
vn 0.2100 -0.9385 -0.2740
vn 0.1179 -0.9661 -0.2298
vn 0.2021 -0.9453 -0.2561
vn 0.6085 -0.6446 -0.4627
vn 0.3509 -0.8671 -0.3535
vn 0.4106 -0.8232 -0.3922
vn 0.8660 0.1958 -0.4600
vn 0.8656 0.1814 -0.4668
vn 0.8741 0.1881 -0.4478
vn 0.9021 0.1772 -0.3934
vn 0.8903 0.1957 -0.4111
vn 0.9023 0.2038 -0.3800
vn 0.9031 0.1959 -0.3822
vn 0.9046 0.1792 -0.3867
vn 0.4396 0.2888 -0.8505
vn 0.2987 -0.9125 -0.2795
vn 0.5563 -0.7356 -0.3867
vn 0.3967 -0.8701 -0.2925
vn 0.4577 -0.8229 -0.3367
vn 0.7086 -0.5710 -0.4146
vn 0.5775 -0.7135 -0.3969
vn 0.3278 -0.8925 -0.3098
vn 0.8326 -0.3195 -0.4524
vn 0.9081 0.0866 -0.4098
vn 0.8784 0.0597 -0.4743
vn 0.9044 -0.1210 -0.4092
vn 0.8037 -0.4315 -0.4097
vn 0.8832 -0.0981 -0.4586
vn 0.6797 -0.5536 -0.4812
vn 0.8801 -0.0918 -0.4658
vn 0.8868 0.1691 -0.4302
vn 0.8718 0.1808 -0.4553
vn 0.8788 0.0717 -0.4717
vn 0.8012 -0.3295 -0.4995
vn 0.8179 -0.2847 -0.5000
vn 0.8962 0.1798 -0.4056
vn 0.8772 0.1830 -0.4439
vn 0.8884 0.1777 -0.4232
vn 0.6571 -0.6662 -0.3527
vn -0.7069 0.4900 0.5102
vn -0.3929 0.8858 0.2470
vn 0.4732 -0.4758 0.7414
vn 0.5220 -0.2789 0.8060
vn 0.6440 -0.1107 0.7569
vn 0.4227 -0.1269 0.8973
vn 0.5642 -0.0618 0.8233
vn 0.3486 -0.2771 0.8954
vn -0.1479 0.4030 -0.9032
vn -0.4215 0.4073 -0.8102
vn -0.4734 0.2735 -0.8373
vn -0.5232 0.0190 -0.8520
vn -0.4637 0.0451 -0.8848
vn -0.3404 -0.0141 -0.9402
vn -0.2945 0.2992 -0.9076
vn -0.2925 0.5189 -0.8032
vn -0.3527 0.1422 -0.9249
vn -0.2243 0.0762 -0.9715
vn -0.4197 0.5179 -0.7454
vn 0.3651 -0.2565 0.8949
vn 0.3894 -0.3997 0.8298
vn 0.0247 0.2097 -0.9774
vn -0.0972 0.1440 -0.9848
vn -0.0009 -0.4319 0.9019
vn -0.1647 -0.3736 0.9128
vn 0.2336 -0.2576 0.9376
vn -0.0058 -0.2403 0.9707
vn 0.3876 0.0860 0.9178
vn 0.1525 -0.0308 0.9878
vn 0.2210 0.2625 0.9393
vn -0.8488 -0.1102 0.5172
vn -0.8689 -0.2334 0.4364
vn -0.8414 -0.2567 0.4756
vn -0.8143 0.3193 0.4846
vn -0.8610 -0.1461 0.4872
vn -0.3431 0.8592 0.3795
vn -0.0376 0.8883 0.4578
vn 0.0196 0.9423 0.3343
vn -0.5279 0.1952 -0.8266
vn -0.5167 0.1704 -0.8391
vn -0.9397 0.0590 0.3368
vn -0.9828 -0.0947 0.1582
vn -0.3875 -0.9205 -0.0505
vn -0.8874 -0.1978 0.4163
vn -0.9949 -0.1000 -0.0124
vn -0.9146 -0.1118 0.3887
vn -0.8688 0.4448 0.2177
vn -0.2852 0.6147 -0.7354
vn 0.0159 0.2149 -0.9765
vn -0.6234 -0.0515 0.7802
vn -0.0246 -0.9869 -0.1597
vn -0.0228 -0.4831 0.8753
vn 0.8769 0.4593 0.1416
vn 0.0286 -0.9824 -0.1847
vn -0.1887 0.7441 -0.6409
vn 0.2817 0.8593 0.4268
vn -0.2645 0.0024 -0.9644
vn 0.2011 0.9223 0.3299
vn 0.0444 0.7796 -0.6247
vn 0.7826 -0.5450 0.3007
vn 0.6203 0.7533 0.2185
vn 0.7048 0.7061 -0.0681
vn 0.5111 -0.7342 -0.4469
vn 0.0023 -0.9876 -0.1569
vn 0.5918 -0.4385 0.6764
vn 0.1784 0.9390 -0.2939
vn 0.0064 -0.9868 -0.1620
vn -0.0185 -0.9822 -0.1868
vn -0.1311 -0.9125 -0.3876
vn 0.0261 -0.9863 -0.1627
vn -0.0157 0.9785 0.2058
vn 0.0312 0.9818 0.1872
vn 0.7373 0.6179 -0.2731
vn 0.8629 0.2067 -0.4611
vn 0.8598 0.2118 -0.4646
vn 0.8880 0.1964 -0.4159
vn 0.8676 0.1805 -0.4634
vn 0.0080 -0.0060 0.9999
s 1
usemtl Arch.016
f 3//1 5//2 2//3
f 7//4 2//3 5//2
f 1836//5 5//2 6//6
f 1853//7 8//8 10//9
f 12//10 4//11 7//4
f 10//9 4//11 13//12
f 11//13 14//14 15//15
f 15//15 9//16 11//13
f 16//17 14//14 98//18
f 52//19 21//20 22//21
f 26//22 27//23 56//24
f 2584//25 34//26 32//27
f 34//26 33//28 35//29
f 2570//30 30//31 33//28
f 2588//32 36//33 37//34
f 36//33 32//27 39//35
f 41//36 37//34 42//37
f 38//38 40//39 44//40
f 2590//41 47//42 45//43
f 45//43 48//44 19//45
f 2591//46 41//36 47//42
f 47//42 42//37 48//44
f 24//47 19//45 21//20
f 48//44 18//48 20//49
f 50//50 45//43 49//51
f 49//51 46//52 51//53
f 51//53 24//47 52//19
f 52//19 22//21 23//54
f 52//19 25//55 51//53
f 54//56 26//22 56//24
f 57//57 55//58 56//24
f 58//59 1811//60 59//61
f 60//62 59//61 63//63
f 62//64 61//65 64//66
f 65//67 62//64 64//66
f 29//68 66//69 61//65
f 64//66 61//65 135//70
f 67//71 65//67 68//72
f 64//66 135//70 65//67
f 68//72 65//67 137//73
f 75//74 2609//75 2611//76
f 75//74 2611//76 70//77
f 75//74 70//77 80//78
f 80//78 2617//79 71//80
f 5//2 1836//5 69//81
f 72//82 7//4 73//83
f 73//83 5//2 74//84
f 76//85 72//82 73//83
f 75//74 78//86 74//84
f 76//85 73//83 77//87
f 79//88 77//87 78//86
f 78//86 80//78 79//88
f 77//87 79//88 81//89
f 77//87 81//89 83//90
f 79//88 71//80 84//91
f 82//92 83//90 147//93
f 13//12 12//10 85//94
f 13//12 85//94 14//14
f 86//95 7//4 72//82
f 14//14 85//94 88//96
f 87//97 12//10 86//95
f 85//94 87//97 89//98
f 88//96 89//98 91//99
f 89//98 90//100 94//101
f 89//98 94//101 93//102
f 92//103 82//92 96//104
f 95//105 92//103 96//104
f 93//102 94//101 97//106
f 98//18 102//107 101//108
f 99//109 101//108 103//110
f 100//111 91//99 104//112
f 102//107 104//112 105//113
f 101//108 105//113 106//114
f 101//108 106//114 107//115
f 103//110 107//115 108//116
f 107//115 109//117 110//118
f 104//112 111//119 112//120
f 109//117 113//121 114//122
f 115//123 109//117 114//122
f 112//120 111//119 170//124
f 105//113 112//120 116//125
f 113//121 116//125 117//126
f 119//127 115//123 114//122
f 120//128 108//116 110//118
f 123//129 121//130 125//131
f 126//132 125//131 124//133
f 127//134 125//131 126//132
f 129//135 127//134 128//136
f 32//27 132//137 130//138
f 34//26 35//29 132//137
f 35//29 131//139 132//137
f 33//28 123//129 122//140
f 65//67 136//141 137//73
f 137//73 136//141 138//142
f 143//143 139//144 142//145
f 146//146 143//143 144//147
f 81//89 84//91 148//148
f 84//91 71//80 149//149
f 83//90 148//148 152//150
f 153//151 151//152 152//150
f 154//153 149//149 155//154
f 157//155 154//153 3289//156
f 94//101 95//105 160//157
f 95//105 159//158 161//159
f 162//160 160//157 161//159
f 96//104 151//152 159//158
f 163//161 165//162 166//163
f 111//119 97//106 170//124
f 116//125 112//120 171//164
f 118//165 172//166 173//167
f 174//168 118//165 173//167
f 119//127 118//165 174//168
f 116//125 171//164 175//169
f 172//166 116//125 175//169
f 177//170 97//106 162//160
f 178//171 170//124 177//170
f 175//169 178//171 183//172
f 172//166 183//172 179//173
f 176//174 172//166 179//173
f 180//175 173//167 176//174
f 163//161 181//176 162//160
f 177//170 181//176 182//177
f 178//171 177//170 182//177
f 183//172 178//171 182//177
f 182//177 181//176 186//178
f 182//177 186//178 188//179
f 189//180 182//177 188//179
f 179//173 184//181 190//182
f 187//183 190//182 191//184
f 188//179 163//161 166//163
f 168//185 189//180 166//163
f 190//182 189//180 192//186
f 191//184 190//182 192//186
f 191//184 192//186 195//187
f 193//188 195//187 196//189
f 200//190 165//162 199//191
f 201//192 158//193 198//194
f 202//195 169//196 201//192
f 202//195 201//192 3816//197
f 199//191 202//195 204//198
f 203//199 204//198 205//200
f 192//186 200//190 195//187
f 206//201 203//199 207//202
f 208//203 206//201 207//202
f 209//204 207//202 205//200
f 213//205 577//206 212//207
f 231//208 568//209 529//210
f 213//205 212//207 215//211
f 214//212 213//205 210//213
f 210//213 546//214 214//212
f 214//212 546//214 216//215
f 216//215 211//216 217//217
f 217//217 219//218 218//219
f 219//218 547//220 220//221
f 219//218 220//221 222//222
f 222//222 220//221 221//223
f 223//224 222//222 221//223
f 230//225 228//226 213//205
f 232//227 231//208 229//228
f 233//229 229//228 230//225
f 232//227 224//230 231//208
f 229//228 577//206 228//226
f 224//230 225//231 231//208
f 230//225 213//205 214//212
f 235//232 230//225 241//233
f 236//234 230//225 235//232
f 234//235 233//229 236//234
f 238//236 236//234 237//237
f 230//225 214//212 241//233
f 235//232 241//233 242//238
f 244//239 235//232 242//238
f 244//239 242//238 243//240
f 246//241 244//239 245//242
f 247//243 237//237 244//239
f 247//243 244//239 246//241
f 240//244 238//236 247//243
f 249//245 248//246 606//247
f 251//248 241//233 256//249
f 243//240 242//238 250//250
f 252//251 243//240 251//248
f 248//246 253//252 254//253
f 255//254 217//217 218//219
f 256//249 217//217 255//254
f 258//255 256//249 255//254
f 259//256 251//248 257//257
f 257//257 258//255 259//256
f 261//258 251//248 259//256
f 255//254 222//222 263//259
f 264//260 222//222 223//224
f 258//255 255//254 263//259
f 265//261 263//259 264//260
f 267//262 226//263 266//264
f 266//264 226//263 224//230
f 269//265 224//230 232//227
f 270//266 232//227 233//229
f 271//267 233//229 234//235
f 272//268 270//266 271//267
f 266//264 269//265 273//269
f 273//269 269//265 270//266
f 273//269 270//266 272//268
f 275//270 266//264 273//269
f 239//271 234//235 238//236
f 272//268 271//267 239//271
f 279//272 907//273 908//274
f 279//272 908//274 281//275
f 280//276 281//275 282//277
f 283//278 282//277 284//279
f 286//280 310//281 283//278
f 314//282 909//283 313//284
f 286//280 287//285 314//282
f 294//286 289//287 292//288
f 292//288 291//289 294//286
f 362//290 899//291 298//292
f 298//292 899//291 898//293
f 362//290 298//292 898//293
f 300//294 987//295 899//291
f 296//296 906//297 301//298
f 278//299 373//300 904//301
f 378//302 303//303 304//304
f 304//304 279//272 280//276
f 303//303 278//299 279//272
f 305//305 280//276 306//306
f 307//307 305//305 306//306
f 305//305 304//304 280//276
f 306//306 283//278 309//308
f 308//309 312//310 387//311
f 308//309 314//282 312//310
f 314//282 308//309 310//281
f 310//281 286//280 314//282
f 313//284 311//312 314//282
f 313//284 288//313 315//314
f 319//315 320//316 317//317
f 318//318 321//319 319//315
f 329//320 290//321 289//287
f 332//322 330//323 331//324
f 332//322 331//324 328//325
f 334//326 991//327 333//328
f 335//329 333//328 332//322
f 338//330 339//331 341//332
f 323//333 324//334 338//330
f 342//335 341//332 337//336
f 291//289 295//337 345//338
f 324//334 329//320 343//339
f 324//334 343//339 338//330
f 339//331 343//339 291//289
f 323//333 325//340 324//334
f 336//341 348//342 349//343
f 349//343 347//344 336//341
f 348//342 352//345 349//343
f 349//343 353//346 350//347
f 344//348 293//349 354//350
f 344//348 354//350 351//351
f 351//351 354//350 352//345
f 352//345 348//342 351//351
f 352//345 355//352 353//346
f 359//353 350//347 353//346
f 364//354 297//355 362//290
f 360//356 363//357 364//354
f 363//357 300//294 297//355
f 366//358 363//357 365//359
f 366//358 365//359 367//360
f 369//361 300//294 368//362
f 370//363 368//362 366//358
f 372//364 455//365 373//300
f 296//296 301//298 455//365
f 373//300 455//365 301//298
f 374//366 375//367 303//303
f 374//366 372//364 375//367
f 375//367 373//300 278//299
f 376//368 374//366 378//302
f 377//369 374//366 376//368
f 461//370 380//371 382//372
f 380//371 378//302 379//373
f 378//302 302//374 379//373
f 383//375 382//372 381//376
f 381//376 379//373 385//377
f 382//372 380//371 379//373
f 382//372 379//373 381//376
f 379//373 305//305 307//307
f 385//377 379//373 307//307
f 385//377 308//309 387//311
f 381//376 385//377 387//311
f 387//311 388//378 389//379
f 389//379 386//380 387//311
f 387//311 312//310 388//378
f 389//379 388//378 390//381
f 390//381 394//382 391//383
f 388//378 392//384 390//381
f 390//381 393//385 394//382
f 311//312 315//314 392//384
f 392//384 388//378 311//312
f 316//386 317//317 393//385
f 392//384 316//386 393//385
f 393//385 317//317 395//387
f 397//388 317//317 396//389
f 317//317 320//316 396//389
f 400//390 396//389 322//391
f 399//392 400//390 401//393
f 326//394 325//340 327//395
f 327//395 323//333 402//396
f 406//397 405//398 407//399
f 403//400 399//392 408//401
f 404//402 406//397 407//399
f 484//403 409//404 404//402
f 410//405 326//394 411//406
f 412//407 410//405 411//406
f 411//406 326//394 405//398
f 413//408 411//406 406//397
f 414//409 399//392 401//393
f 415//410 413//408 406//397
f 342//335 337//336 417//411
f 420//412 419//413 418//414
f 420//412 418//414 417//411
f 402//396 323//333 422//415
f 425//416 404//402 424//417
f 421//418 424//417 419//413
f 407//399 402//396 423//419
f 404//402 407//399 423//419
f 346//420 347//344 428//421
f 417//411 346//420 429//422
f 429//422 428//421 430//423
f 426//424 417//411 429//422
f 429//422 430//423 427//425
f 427//425 430//423 432//426
f 347//344 350//347 428//421
f 430//423 431//427 432//426
f 428//421 433//428 431//427
f 435//429 432//426 434//430
f 433//428 357//431 436//432
f 436//432 357//431 437//433
f 436//432 431//427 433//428
f 436//432 437//433 438//434
f 435//429 434//430 438//434
f 437//433 439//435 440//436
f 438//434 437//433 440//436
f 530//437 444//438 442//439
f 442//439 361//440 296//296
f 443//441 445//442 444//438
f 449//443 448//444 446//445
f 445//442 365//359 360//356
f 367//360 365//359 448//444
f 450//446 367//360 449//443
f 451//447 449//443 447//448
f 451//447 371//449 450//446
f 371//449 366//358 450//446
f 454//450 455//365 372//364
f 457//451 454//450 372//364
f 454//450 296//296 455//365
f 456//452 457//451 377//369
f 377//369 372//364 374//366
f 459//453 377//369 376//368
f 459//453 376//368 461//370
f 458//454 459//453 462//455
f 460//456 462//455 464//457
f 463//458 462//455 382//372
f 464//457 462//455 463//458
f 461//370 376//368 380//371
f 463//458 382//372 383//375
f 464//457 467//459 469//460
f 467//459 468//461 469//460
f 469//460 468//461 470//462
f 384//463 386//380 468//461
f 383//375 384//463 467//459
f 468//461 389//379 471//464
f 471//464 391//383 472//465
f 391//383 473//466 474//467
f 472//465 391//383 474//467
f 391//383 394//382 473//466
f 394//382 395//387 475//468
f 474//467 473//466 476//469
f 475//468 398//470 477//471
f 475//468 477//471 478//472
f 398//470 403//400 479//473
f 478//472 479//473 481//474
f 483//475 403//400 408//401
f 479//473 483//475 485//476
f 487//477 485//476 486//478
f 488//479 486//478 484//403
f 487//477 488//479 480//480
f 489//481 485//476 487//477
f 491//482 489//481 490//483
f 481//474 479//473 489//481
f 493//484 489//481 491//482
f 494//485 491//482 492//486
f 483//475 414//409 495//487
f 496//488 483//475 495//487
f 496//488 409//404 486//478
f 498//489 421//418 420//412
f 502//490 498//489 500//491
f 502//490 500//491 503//492
f 504//493 500//491 501//494
f 505//495 425//416 421//418
f 505//495 484//403 425//416
f 505//495 421//418 499//496
f 480//480 505//495 506//497
f 508//498 507//499 502//490
f 508//498 503//492 509//500
f 511//501 503//492 504//493
f 507//499 492//486 506//497
f 508//498 510//502 507//499
f 512//503 509//500 511//501
f 497//504 494//485 510//502
f 514//505 510//502 508//498
f 509//500 514//505 508//498
f 426//424 427//425 515//506
f 427//425 432//426 516//507
f 501//494 498//489 426//424
f 501//494 426//424 515//506
f 515//506 427//425 517//508
f 517//508 427//425 516//507
f 501//494 515//506 518//509
f 520//510 504//493 518//509
f 521//511 520//510 519//512
f 523//513 521//511 522//514
f 511//501 520//510 521//511
f 516//507 432//426 435//429
f 526//515 517//508 525//516
f 522//514 519//512 526//515
f 527//517 435//429 441//518
f 528//519 526//515 527//517
f 529//210 531//520 530//437
f 533//521 443//441 534//522
f 531//520 443//441 530//437
f 446//445 443//441 533//521
f 535//523 447//448 446//445
f 536//524 535//523 572//525
f 536//524 537//526 535//523
f 451//447 447//448 537//526
f 538//527 539//528 537//526
f 539//528 453//529 452//530
f 538//527 453//529 539//528
f 541//531 442//439 542//532
f 542//532 442//439 454//450
f 542//532 454//450 457//451
f 215//211 544//533 545//534
f 210//213 545//534 458//454
f 545//534 456//452 459//453
f 546//214 458//454 465//535
f 466//536 465//535 464//457
f 546//214 466//536 211//216
f 547//220 469//460 470//462
f 211//216 466//536 547//220
f 220//221 547//220 470//462
f 470//462 472//465 548//537
f 220//221 470//462 548//537
f 472//465 474//467 550//538
f 549//539 550//538 551//540
f 476//469 475//468 554//541
f 476//469 554//541 555//542
f 553//543 476//469 555//542
f 554//541 556//544 557//545
f 555//542 554//541 557//545
f 555//542 557//545 558//546
f 478//472 481//474 556//544
f 557//545 556//544 559//547
f 482//548 481//474 493//484
f 561//549 482//548 560//550
f 562//551 559//547 561//549
f 563//552 493//484 494//485
f 560//550 482//548 563//552
f 565//553 561//549 560//550
f 562//551 565//553 566//554
f 514//505 512//503 567//555
f 568//209 532//556 531//520
f 570//557 532//556 571//558
f 571//558 568//209 569//559
f 570//557 572//525 532//556
f 573//560 536//524 572//525
f 575//561 576//562 574//563
f 576//562 540//564 538//527
f 577//206 541//531 212//207
f 220//221 548//537 221//223
f 221//223 549//539 579//565
f 578//566 223//224 579//565
f 578//566 579//565 580//567
f 581//568 549//539 551//540
f 582//569 549//539 581//568
f 582//569 584//570 580//567
f 585//571 584//570 587//572
f 551//540 552//573 553//543
f 581//568 551//540 553//543
f 586//574 581//568 553//543
f 589//575 586//574 588//576
f 590//577 587//572 589//575
f 592//578 587//572 590//577
f 594//579 588//576 593//580
f 589//575 594//579 591//581
f 595//582 590//577 591//581
f 595//582 627//583 592//578
f 591//581 596//584 599//585
f 595//582 597//586 627//583
f 593//580 562//551 598//587
f 596//584 598//587 1178//588
f 225//231 569//559 568//209
f 601//589 600//590 227//591
f 267//262 601//589 227//591
f 571//558 569//559 600//590
f 604//592 575//561 573//560
f 605//593 604//592 602//594
f 605//593 575//561 604//592
f 637//595 1194//596 605//593
f 249//245 607//597 240//244
f 249//245 649//598 607//597
f 606//247 649//598 249//245
f 252//251 254//253 253//252
f 254//253 606//247 248//246
f 612//599 611//600 254//253
f 254//253 608//601 606//247
f 611//600 609//602 608//601
f 262//603 259//256 260//604
f 262//603 612//599 261//258
f 619//605 614//606 613//607
f 614//606 611//600 613//607
f 616//608 611//600 614//606
f 617//609 264//260 578//566
f 260//604 258//255 265//261
f 262//603 260//604 619//605
f 617//609 618//610 265//261
f 618//610 619//605 260//604
f 619//605 618//610 620//611
f 620//611 621//612 619//605
f 621//612 615//613 614//606
f 583//614 617//609 578//566
f 617//609 583//614 584//570
f 617//609 584//570 625//615
f 625//615 620//611 618//610
f 592//578 625//615 585//571
f 626//616 625//615 627//583
f 592//578 627//583 625//615
f 626//616 622//617 620//611
f 626//616 627//583 628//618
f 628//618 622//617 626//616
f 628//618 629//619 622//617
f 628//618 627//583 597//586
f 597//586 630//620 628//618
f 634//621 267//262 268//622
f 635//623 634//621 631//624
f 636//625 631//624 632//626
f 633//627 637//595 602//594
f 634//621 637//595 633//627
f 635//623 638//628 634//621
f 640//629 635//623 636//625
f 642//630 268//622 275//270
f 276//631 642//630 275//270
f 641//632 644//633 643//634
f 644//633 645//635 643//634
f 645//635 642//630 643//634
f 645//635 646//636 642//630
f 647//637 645//635 644//633
f 607//597 644//633 648//638
f 648//638 644//633 641//632
f 649//598 608//601 644//633
f 1207//639 644//633 608//601
f 706//640 653//641 650//642
f 654//643 655//644 656//645
f 656//645 655//644 657//646
f 657//646 659//647 1340//648
f 661//649 657//646 665//650
f 661//649 666//651 662//652
f 662//652 666//651 663//653
f 657//646 1344//654 665//650
f 663//653 670//655 668//656
f 675//657 674//658 676//659
f 675//657 1396//660 674//658
f 676//659 674//658 677//661
f 1396//660 1397//662 674//658
f 678//663 676//659 680//664
f 678//663 680//664 682//665
f 682//665 680//664 679//666
f 680//664 677//661 681//667
f 684//668 678//663 682//665
f 685//669 682//665 679//666
f 685//669 1298//670 687//671
f 679//666 681//667 1298//670
f 683//672 686//673 688//674
f 688//674 692//675 689//676
f 689//676 693//677 690//678
f 686//673 696//679 692//675
f 693//677 695//680 691//681
f 691//681 690//678 693//677
f 696//679 686//673 687//671
f 696//679 697//682 692//675
f 701//683 699//684 700//685
f 694//686 699//684 701//683
f 694//686 701//683 695//680
f 691//681 695//680 703//687
f 703//687 702//688 704//689
f 709//690 708//691 707//692
f 712//693 710//694 709//690
f 708//691 717//695 651//696
f 710//694 717//695 708//691
f 715//697 714//698 713//699
f 651//696 716//700 653//641
f 717//695 698//701 651//696
f 702//688 700//685 717//695
f 714//698 702//688 717//695
f 718//702 714//698 715//697
f 721//703 654//643 722//704
f 719//705 723//706 722//704
f 726//707 705//708 725//709
f 728//710 725//709 723//706
f 721//703 650//642 654//643
f 724//711 706//640 650//642
f 705//708 707//692 724//711
f 719//705 722//704 729//712
f 730//713 719//705 729//712
f 730//713 731//714 732//715
f 733//716 654//643 656//645
f 733//716 656//645 664//717
f 722//704 654//643 733//716
f 734//718 733//716 660//719
f 734//718 660//719 735//720
f 729//712 722//704 733//716
f 731//714 734//718 736//721
f 660//719 663//653 668//656
f 735//720 660//719 668//656
f 735//720 738//722 739//723
f 737//724 739//723 743//725
f 740//726 744//727 741//728
f 668//656 670//655 738//722
f 742//729 739//723 672//730
f 743//725 739//723 742//729
f 740//726 743//725 744//727
f 741//728 744//727 745//731
f 747//732 743//725 742//729
f 747//732 742//729 746//733
f 744//727 743//725 747//732
f 748//734 744//727 747//732
f 749//735 753//736 752//737
f 754//738 750//739 751//740
f 755//741 760//742 758//743
f 846//744 749//735 752//737
f 757//745 760//742 755//741
f 756//746 752//737 759//747
f 762//748 758//743 1392//749
f 762//748 1392//749 1395//750
f 765//751 762//748 764//752
f 767//753 763//754 768//755
f 766//756 768//755 772//757
f 768//755 769//758 771//759
f 768//755 771//759 772//757
f 771//759 769//758 678//663
f 769//758 675//657 678//663
f 776//760 774//761 775//762
f 772//757 771//759 684//668
f 774//761 684//668 775//762
f 684//668 683//672 688//674
f 777//763 780//764 778//765
f 780//764 782//766 779//767
f 689//676 690//678 782//766
f 779//767 784//768 781//769
f 690//678 691//681 783//770
f 783//770 782//766 690//678
f 785//771 691//681 703//687
f 806//772 789//773 786//774
f 781//769 787//775 788//776
f 790//777 789//773 806//772
f 791//778 800//779 789//773
f 792//780 791//778 790//777
f 793//781 788//776 800//779
f 801//782 791//778 792//780
f 794//783 711//784 712//693
f 794//783 712//693 786//774
f 786//774 713//699 794//783
f 786//774 789//773 796//785
f 784//768 795//786 787//775
f 787//775 797//787 798//788
f 799//789 797//787 796//785
f 788//776 787//775 798//788
f 789//773 799//789 796//785
f 800//779 788//776 798//788
f 785//771 802//790 803//791
f 803//791 783//770 785//771
f 803//791 802//790 715//697
f 796//785 715//697 713//699
f 802//790 704//689 718//702
f 786//774 726//707 804//792
f 804//792 726//707 805//793
f 806//772 786//774 804//792
f 807//794 805//793 728//710
f 808//795 806//772 805//793
f 809//796 807//794 728//710
f 809//796 728//710 720//797
f 813//798 801//782 792//780
f 813//798 808//795 810//799
f 732//715 731//714 814//800
f 720//797 730//713 732//715
f 814//800 731//714 736//721
f 815//801 732//715 816//802
f 814//800 736//721 817//803
f 812//804 809//796 815//801
f 820//805 812//804 819//806
f 736//721 737//724 821//807
f 818//808 817//803 822//809
f 823//810 818//808 822//809
f 821//807 741//728 825//811
f 825//811 817//803 821//807
f 826//812 822//809 825//811
f 827//813 819//806 823//810
f 827//813 826//812 830//814
f 824//815 741//728 745//731
f 824//815 748//734 828//816
f 829//817 826//812 824//815
f 831//818 830//814 829//817
f 831//818 829//817 833//819
f 834//820 835//821 846//744
f 838//822 835//821 836//823
f 840//824 838//822 837//825
f 835//821 751//740 749//735
f 839//826 751//740 838//822
f 841//827 751//740 839//826
f 840//824 841//827 839//826
f 847//828 757//745 755//741
f 900//829 844//830 757//745
f 845//831 834//820 846//744
f 844//830 846//744 756//746
f 835//821 749//735 846//744
f 851//832 847//828 848//833
f 850//834 848//833 767//753
f 848//833 765//751 763//754
f 848//833 761//835 765//751
f 853//836 908//274 849//837
f 908//274 850//834 849//837
f 853//836 766//756 770//838
f 282//277 773//839 284//279
f 852//840 770//838 773//839
f 773//839 776//760 854//841
f 854//841 777//763 855//842
f 778//765 779//767 858//843
f 858//843 779//767 857//844
f 857//844 781//769 859//845
f 860//846 859//845 788//776
f 861//847 788//776 793//781
f 862//848 788//776 861//847
f 860//846 788//776 862//848
f 864//849 793//781 801//782
f 867//850 862//848 866//851
f 867//850 866//851 868//852
f 870//853 867//850 868//852
f 872//854 866//851 864//849
f 868//852 869//855 871//856
f 870//853 868//852 871//856
f 873//857 867//850 870//853
f 874//858 813//798 810//799
f 874//858 810//799 875//859
f 865//860 801//782 813//798
f 876//861 875//859 811//862
f 878//863 874//858 875//859
f 879//864 864//849 865//860
f 880//865 878//863 876//861
f 881//866 811//862 812//804
f 881//866 812//804 820//805
f 881//866 876//861 811//862
f 883//867 881//866 882//868
f 885//869 884//870 883//867
f 883//867 882//868 827//813
f 888//871 883//867 886//872
f 891//873 834//820 889//874
f 892//875 889//874 890//876
f 892//875 890//876 984//877
f 892//875 895//878 891//873
f 895//878 837//825 891//873
f 843//879 840//824 895//878
f 893//880 843//879 895//878
f 896//881 893//880 894//882
f 898//293 844//830 900//829
f 898//293 901//883 844//830
f 899//291 902//884 901//883
f 901//883 845//831 844//830
f 902//884 845//831 901//883
f 903//885 889//874 834//820
f 904//301 906//297 905//886
f 906//297 900//829 905//886
f 907//273 905//886 851//832
f 282//277 281//275 852//840
f 281//275 908//274 853//836
f 854//841 855//842 285//887
f 285//887 855//842 286//280
f 287//285 856//888 909//283
f 909//283 856//888 857//844
f 288//313 313//284 909//283
f 913//889 914//890 912//891
f 911//892 913//889 912//891
f 915//893 912//891 916//894
f 913//889 859//845 914//890
f 916//894 914//890 860//846
f 916//894 860//846 863//895
f 918//896 916//894 917//897
f 917//897 863//895 867//850
f 917//897 867//850 922//898
f 921//899 917//897 922//898
f 924//900 921//899 923//901
f 925//902 919//903 924//900
f 923//901 921//899 922//898
f 924//900 923//901 926//904
f 929//905 932//906 931//907
f 929//905 927//908 932//906
f 931//907 932//906 935//909
f 930//910 936//911 928//912
f 934//913 931//907 938//914
f 935//909 938//914 931//907
f 939//915 933//916 920//917
f 933//916 939//915 937//918
f 938//914 935//909 940//919
f 937//918 939//915 935//909
f 941//920 938//914 940//919
f 943//921 940//919 939//915
f 943//921 920//917 925//902
f 920//917 943//921 939//915
f 292//288 946//922 949//923
f 289//287 929//905 945//924
f 292//288 945//924 946//922
f 946//922 945//924 948//925
f 947//926 949//923 951//927
f 948//925 953//928 949//923
f 951//927 953//928 954//929
f 950//930 952//931 953//928
f 952//931 950//930 934//913
f 955//932 953//928 952//931
f 954//929 955//932 956//933
f 941//920 934//913 938//914
f 941//920 952//931 934//913
f 957//934 952//931 941//920
f 293//349 960//935 958//936
f 958//936 961//937 959//938
f 960//935 947//926 951//927
f 962//939 959//938 961//937
f 961//937 964//940 965//941
f 967//942 954//929 966//943
f 963//944 954//929 967//942
f 964//940 967//942 968//945
f 968//945 969//946 970//947
f 967//942 966//943 969//946
f 956//933 955//932 1493//948
f 972//949 965//941 974//950
f 973//951 968//945 979//952
f 974//950 976//953 977//954
f 978//955 974//950 977//954
f 975//956 972//949 974//950
f 984//877 981//957 982//958
f 985//959 982//958 983//960
f 894//882 892//875 984//877
f 894//882 984//877 985//959
f 986//961 985//959 1044//962
f 986//961 897//963 894//882
f 299//964 982//958 987//295
f 987//295 903//885 902//884
f 983//960 982//958 988//965
f 984//877 903//885 981//957
f 288//313 911//892 318//318
f 318//318 912//891 321//319
f 320//316 993//966 990//967
f 991//327 990//967 997//968
f 322//391 320//316 990//967
f 322//391 991//327 992//969
f 321//319 912//891 993//966
f 993//966 994//970 996//971
f 993//966 996//971 997//968
f 997//968 1003//972 989//973
f 995//974 994//970 998//975
f 995//974 996//971 994//970
f 915//893 918//896 999//976
f 994//970 915//893 999//976
f 994//970 1000//977 998//975
f 1000//977 999//976 919//903
f 1001//978 918//896 921//899
f 919//903 999//976 1001//978
f 328//325 928//912 290//321
f 330//323 1003//972 1002//979
f 330//323 1002//979 331//324
f 989//973 1003//972 330//323
f 333//328 989//973 330//323
f 1002//979 930//910 928//912
f 1003//972 998//975 930//910
f 1000//977 933//916 998//975
f 354//350 959//938 355//352
f 355//352 352//345 354//350
f 355//352 1004//980 356//981
f 959//938 962//939 355//352
f 355//352 962//939 1005//982
f 356//981 1008//983 1009//984
f 358//985 356//981 1009//984
f 1011//986 359//353 1010//987
f 1009//984 1008//983 1012//988
f 1013//989 1010//987 1012//988
f 1014//990 1011//986 1013//989
f 1016//991 1005//982 1015//992
f 1017//993 1004//980 1016//991
f 1018//994 1008//983 1017//993
f 1019//995 1012//988 1018//994
f 1020//996 1012//988 1019//995
f 1013//989 1020//996 1021//997
f 1015//992 1005//982 962//939
f 1023//998 1017//993 1022//999
f 1024//1000 1018//994 1023//998
f 1019//995 1018//994 1024//1000
f 1022//999 1025//1001 1026//1002
f 1027//1003 1022//999 1026//1002
f 1024//1000 1023//998 1027//1003
f 1020//996 1019//995 1028//1004
f 1015//992 962//939 975//956
f 1015//992 975//956 1029//1005
f 1026//1002 1015//992 1029//1005
f 1031//1006 1027//1003 1030//1007
f 1028//1004 1024//1000 1031//1006
f 1020//996 1028//1004 1032//1008
f 1033//1009 975//956 978//955
f 1037//1010 1030//1007 1036//1011
f 1038//1012 1031//1006 1037//1010
f 1039//1013 978//955 980//1014
f 1033//1009 1040//1015 1034//1016
f 1034//1016 1041//1017 1035//1018
f 1041//1017 1034//1016 1040//1015
f 1035//1018 1613//1019 1036//1011
f 1006//1020 1036//1011 1613//1019
f 1038//1012 1006//1020 1007//1021
f 1038//1012 1037//1010 1006//1020
f 1046//1022 985//959 983//960
f 1046//1022 1044//962 985//959
f 988//965 299//964 369//361
f 1046//1022 369//361 370//363
f 452//530 1047//1023 1046//1022
f 400//390 322//391 992//969
f 1049//1024 400//390 1048//1025
f 1050//1026 400//390 1049//1024
f 1048//1025 992//969 334//326
f 1048//1025 334//326 1051//1027
f 1051//1027 334//326 410//405
f 1049//1024 1048//1025 1051//1027
f 1051//1027 410//405 412//407
f 1053//1028 1050//1026 1052//1029
f 401//393 1050//1026 1053//1028
f 1054//1030 401//393 1053//1028
f 1063//1031 413//408 415//410
f 1056//1032 414//409 1054//1030
f 416//1033 1063//1031 415//410
f 414//409 1056//1032 1058//1034
f 1051//1027 1060//1035 1052//1029
f 1060//1035 412//407 1067//1036
f 1067//1036 412//407 1055//1037
f 1062//1038 1054//1030 1053//1028
f 1056//1032 1062//1038 1064//1039
f 1056//1032 1064//1039 1065//1040
f 1059//1041 1065//1040 1057//1042
f 1067//1036 1061//1043 1060//1035
f 1062//1038 1066//1044 1068//1045
f 1069//1046 1066//1044 1067//1036
f 1057//1042 1071//1047 1063//1031
f 439//435 1011//986 1072//1048
f 1073//1049 439//435 1072//1048
f 1072//1048 1014//990 1074//1050
f 1093//1051 1073//1049 1074//1050
f 1014//990 1013//989 1077//1052
f 1074//1050 1077//1052 1078//1053
f 1079//1054 1076//1055 1078//1053
f 1013//989 1032//1008 1080//1056
f 1078//1053 1081//1057 1082//1058
f 1083//1059 1079//1054 1082//1058
f 1086//1060 1084//1061 1085//1062
f 1080//1056 1032//1008 1043//1063
f 1088//1064 1082//1058 1087//1065
f 1083//1059 1082//1058 1088//1064
f 1084//1061 1088//1064 1085//1062
f 1080//1056 1043//1063 1090//1066
f 1081//1057 1080//1056 1091//1067
f 1092//1068 1088//1064 1668//1069
f 1085//1062 1088//1064 1092//1068
f 440//436 1073//1049 1075//1070
f 1094//1071 1073//1049 1093//1051
f 441//518 1075//1070 1095//1072
f 1094//1071 1076//1055 1096//1073
f 1094//1071 1096//1073 1097//1074
f 1098//1075 1094//1071 1097//1074
f 1098//1075 1097//1074 1100//1076
f 1096//1073 1079//1054 1083//1059
f 1099//1077 1083//1059 1101//1078
f 1097//1074 1099//1077 1100//1076
f 1100//1076 1101//1078 1102//1079
f 1084//1061 1103//1080 1083//1059
f 1101//1078 1084//1061 1086//1060
f 453//529 1045//1081 1047//1023
f 540//564 1104//1082 1045//1081
f 540//564 1106//1083 1104//1082
f 1105//1084 1106//1083 540//564
f 1107//1085 414//409 1058//1034
f 1108//1086 1058//1034 1059//1041
f 495//487 1107//1085 1108//1086
f 496//488 1108//1086 416//1033
f 524//1087 511//501 521//511
f 523//513 524//1087 521//511
f 1109//1088 524//1087 523//513
f 1109//1088 1110//1089 524//1087
f 1111//1090 527//517 441//518
f 1112//1091 527//517 1111//1090
f 1113//1092 528//519 1112//1091
f 1114//1093 523//513 1113//1092
f 1117//1094 1111//1090 1116//1095
f 1115//1096 1111//1090 1118//1097
f 1115//1096 1120//1098 1114//1093
f 1122//1099 1118//1097 1117//1094
f 1117//1094 1121//1100 1122//1099
f 1118//1097 1122//1099 1123//1101
f 1119//1102 1125//1103 1120//1098
f 1086//1060 1089//1104 1129//1105
f 1126//1106 1086//1060 1129//1105
f 1121//1100 1126//1106 1127//1107
f 1123//1101 1127//1107 1128//1108
f 1126//1106 1129//1105 1130//1109
f 1127//1107 1126//1106 1130//1109
f 1127//1107 1130//1109 1131//1110
f 1127//1107 1131//1110 1133//1111
f 1128//1108 1133//1111 1134//1112
f 1135//1113 1123//1101 1128//1108
f 1116//1095 1095//1072 1098//1075
f 1102//1079 1101//1078 1086//1060
f 1136//1114 1105//1084 540//564
f 1137//1115 564//1116 497//504
f 1138//1117 563//552 564//1116
f 1141//1118 564//1116 1137//1115
f 1139//1119 560//550 1138//1117
f 1140//1120 560//550 1139//1119
f 1141//1118 1137//1115 1142//1121
f 1143//1122 1140//1120 1139//1119
f 1139//1119 1138//1117 1141//1118
f 1139//1119 1142//1121 1144//1123
f 1143//1122 1139//1119 1144//1123
f 1146//1124 1144//1123 1145//1125
f 1147//1126 1143//1122 1146//1124
f 1149//1127 1145//1125 1148//1128
f 1147//1126 1146//1124 1149//1127
f 1149//1127 1148//1128 1150//1129
f 1151//1130 1149//1127 1150//1129
f 1151//1130 1150//1129 1152//1131
f 1154//1132 1151//1130 1153//1133
f 567//555 1155//1134 514//505
f 1156//1135 497//504 513//1136
f 1137//1115 497//504 1156//1135
f 1157//1137 565//553 1140//1120
f 1157//1137 1140//1120 1143//1122
f 1159//1138 1156//1135 1155//1134
f 1168//1139 1159//1138 1155//1134
f 1161//1140 1142//1121 1158//1141
f 1157//1137 1143//1122 1147//1126
f 1156//1135 1161//1140 1158//1141
f 1162//1142 1156//1135 1159//1138
f 1161//1140 1148//1128 1145//1125
f 1157//1137 1147//1126 1163//1143
f 1166//1144 1164//1145 1159//1138
f 1160//1146 1166//1144 1159//1138
f 1165//1147 1152//1131 1150//1129
f 524//1087 1168//1139 512//503
f 1110//1089 1170//1148 1168//1139
f 1169//1149 1171//1150 1170//1148
f 1172//1151 1169//1149 1173//1152
f 1171//1150 1166//1144 1160//1146
f 1171//1150 1174//1153 1166//1144
f 1172//1151 1175//1154 1171//1150
f 1173//1152 1120//1098 1176//1155
f 576//562 1136//1114 540//564
f 599//585 1178//588 1179//1156
f 1181//1157 1180//1158 1179//1156
f 1183//1159 1185//1160 1182//1161
f 1186//1162 566//554 565//553
f 1186//1162 565//553 1157//1137
f 1187//1163 566//554 1186//1162
f 1188//1164 1186//1162 1157//1137
f 1190//1165 1188//1164 1163//1143
f 1187//1163 1191//1166 1192//1167
f 1183//1159 1181//1157 1179//1156
f 1179//1156 1189//1168 1183//1159
f 1191//1166 1188//1164 1190//1165
f 1194//596 1177//1169 605//593
f 1195//1170 609//602 611//600
f 1196//1171 616//608 614//606
f 623//1172 1198//1173 1197//1174
f 615//613 1197//1174 1196//1171
f 1199//1175 624//1176 629//619
f 1200//1177 623//1172 1199//1175
f 623//1172 1200//1177 1198//1173
f 630//620 597//586 1180//1158
f 1201//1178 1202//1179 629//619
f 1201//1178 1182//1161 1184//1180
f 1790//1181 1199//1175 1202//1179
f 1194//596 637//595 638//628
f 1203//1182 638//628 639//1183
f 640//629 1203//1182 639//1183
f 647//637 1205//1184 645//635
f 1205//1184 1206//1185 646//636
f 1206//1185 1204//1186 640//629
f 1210//1187 1209//1188 1998//1189
f 1281//1190 2008//1191 1213//1192
f 1998//1189 2008//1191 1281//1190
f 1214//1193 1213//1192 2009//1194
f 1214//1193 2009//1194 2010//1195
f 1215//1196 2010//1195 1218//1197
f 1284//1198 1214//1193 1215//1196
f 1217//1199 1218//1197 1219//1200
f 1217//1199 1221//1201 1220//1202
f 1216//1203 1217//1199 1220//1202
f 1220//1202 1221//1201 1222//1204
f 1223//1205 1208//1206 1903//1207
f 1224//1208 1219//1200 1208//1206
f 1228//1209 1226//1210 1227//1211
f 1222//1204 1221//1201 1226//1210
f 1225//1212 1293//1213 1228//1209
f 1221//1201 1223//1205 1227//1211
f 1226//1210 1221//1201 1227//1211
f 1228//1209 1232//1214 1229//1215
f 1229//1215 1912//1216 1230//1217
f 1230//1217 1231//1218 1303//1219
f 1232//1214 1227//1211 1909//1220
f 1233//1221 2011//1222 1231//1218
f 1231//1218 2012//1223 1315//1224
f 1234//1225 1315//1224 2012//1223
f 1236//1226 1237//1227 1235//1228
f 1237//1227 1236//1226 1238//1229
f 1242//1230 1342//1231 1244//1232
f 1235//1228 1331//1233 1334//1234
f 1244//1232 1331//1233 1235//1228
f 1245//1235 1244//1232 1246//1236
f 1235//1228 1334//1234 1236//1226
f 2040//1237 1235//1228 1237//1227
f 1246//1236 1244//1232 2040//1237
f 1246//1236 1248//1238 1247//1239
f 1240//1240 1241//1241 1249//1242
f 1249//1242 1241//1241 1251//1243
f 1250//1244 1249//1242 1251//1243
f 1251//1243 1241//1241 1254//1245
f 1241//1241 1245//1235 1257//1246
f 1252//1247 1256//1248 1260//1249
f 1247//1239 1258//1250 1257//1246
f 1255//1251 1254//1245 1259//1252
f 1254//1245 1258//1250 2054//1253
f 1260//1249 1259//1252 2055//1254
f 1261//1255 1260//1249 1263//1256
f 1265//1257 1261//1255 1264//1258
f 1268//1259 1270//1260 1266//1261
f 1271//1262 1269//1263 1268//1259
f 1275//1264 1271//1262 1272//1265
f 1276//1266 1272//1265 1273//1267
f 1269//1263 1212//1268 2000//1269
f 1269//1263 2000//1269 1211//1270
f 1277//1271 1212//1268 1274//1272
f 1274//1272 1269//1263 1271//1262
f 1278//1273 1274//1272 1275//1264
f 1210//1187 1998//1189 1281//1190
f 1393//1274 1280//1275 1282//1276
f 1282//1276 1280//1275 1283//1277
f 1284//1198 1213//1192 1214//1193
f 1283//1277 1281//1190 1213//1192
f 1283//1277 1213//1192 1284//1198
f 1285//1278 1283//1277 1287//1279
f 1287//1279 1216//1203 1286//1280
f 1287//1279 1283//1277 1284//1198
f 1287//1279 1284//1198 1215//1196
f 1286//1280 1290//1281 1288//1282
f 1288//1282 1290//1281 1291//1283
f 1288//1282 1397//662 1286//1280
f 1290//1281 1286//1280 1292//1284
f 1216//1203 1220//1202 1292//1284
f 1292//1284 1293//1213 1290//1281
f 1289//1285 1291//1283 1296//1286
f 1294//1287 1289//1285 1296//1286
f 1296//1286 1297//1288 1295//1289
f 1296//1286 1290//1281 1297//1288
f 1295//1289 1297//1288 1225//1212
f 1293//1213 1222//1204 1226//1210
f 1298//670 1300//1290 687//671
f 1298//670 1299//1291 1300//1290
f 1301//1292 1228//1209 1229//1215
f 1300//1290 1230//1217 1302//1293
f 1305//1294 687//671 1302//1293
f 1307//1295 1309//1296 1304//1297
f 716//700 1308//1298 1329//1299
f 1302//1293 1312//1300 1305//1294
f 1308//1298 1310//1301 1306//1302
f 1311//1303 1304//1297 1309//1296
f 1311//1303 1310//1301 1308//1298
f 1312//1300 1315//1224 1305//1294
f 1309//1296 1314//1304 1311//1303
f 1315//1224 1234//1225 1307//1295
f 1336//1305 1310//1301 1317//1306
f 1303//1219 1231//1218 1312//1300
f 1316//1307 1234//1225 1318//1308
f 1316//1307 1307//1295 1234//1225
f 1320//1309 1313//1310 1319//1311
f 1315//1224 1312//1300 1231//1218
f 1234//1225 1321//1312 1318//1308
f 1318//1308 1323//1313 1324//1314
f 1327//1315 1325//1316 652//1317
f 653//641 1326//1318 1327//1315
f 1327//1315 652//1317 653//641
f 716//700 1328//1319 653//641
f 1327//1315 1330//1320 1325//1316
f 1329//1299 1306//1302 1328//1319
f 1331//1233 1325//1316 1332//1321
f 1333//1322 1330//1320 1326//1318
f 1306//1302 1310//1301 1333//1322
f 1334//1234 1332//1321 1335//1323
f 1236//1226 1334//1234 1335//1323
f 1335//1323 1336//1305 1337//1324
f 1338//1325 1337//1324 1322//1326
f 659//647 1341//1327 1340//648
f 1340//648 1341//1327 1239//1328
f 652//1317 1325//1316 1342//1231
f 1239//1328 1341//1327 1242//1230
f 1342//1231 1325//1316 1331//1233
f 1342//1231 1331//1233 1244//1232
f 667//1329 666//651 1344//654
f 1343//1330 1240//1240 1249//1242
f 1250//1244 1344//654 1249//1242
f 1346//1331 1250//1244 1347//1332
f 1349//1333 1347//1332 1348//1334
f 1250//1244 1252//1247 1347//1332
f 1345//1335 1351//1336 669//1337
f 1351//1336 1352//1338 671//1339
f 1354//1340 671//1339 1353//1341
f 1351//1336 1350//1342 1355//1343
f 1351//1336 1355//1343 1352//1338
f 1357//1344 1353//1341 1356//1345
f 1355//1343 1349//1333 1358//1346
f 1355//1343 1358//1346 1352//1338
f 1356//1345 1353//1341 1359//1347
f 1356//1345 1359//1347 1360//1348
f 1348//1334 1253//1349 1361//1350
f 1349//1333 1348//1334 1362//1351
f 1359//1347 1352//1338 1358//1346
f 1362//1351 1348//1334 1361//1350
f 1363//1352 1358//1346 1362//1351
f 1364//1353 1358//1346 1363//1352
f 1359//1347 1364//1353 1365//1354
f 1360//1348 1365//1354 1366//1355
f 1360//1348 1366//1355 1367//1356
f 1368//1357 1361//1350 1262//1358
f 1369//1359 1262//1358 1261//1255
f 1368//1357 1262//1358 1369//1359
f 1370//1360 1362//1351 1368//1357
f 1371//1361 1363//1352 1370//1360
f 1367//1356 1366//1355 1372//1362
f 1369//1359 1265//1257 1373//1363
f 1370//1360 1369//1359 1373//1363
f 1372//1362 1374//1364 1375//1365
f 1377//1366 1380//1367 1379//1368
f 1379//1368 1383//1369 1266//1261
f 1384//1370 1381//1371 1382//1372
f 1385//1373 1382//1372 1431//1374
f 1384//1370 1383//1369 1381//1371
f 1386//1375 1384//1370 1385//1373
f 1273//1267 1268//1259 1387//1376
f 1276//1266 1273//1267 1388//1377
f 1389//1378 1388//1377 1386//1375
f 1389//1378 1391//1379 1276//1266
f 759//747 1376//1380 1394//1381
f 758//743 1394//1381 1392//749
f 1394//1381 1267//1382 1279//1383
f 1393//1274 1279//1383 1280//1275
f 1395//750 1393//1274 1282//1276
f 1396//660 1282//1276 1397//662
f 674//658 1397//662 1398//1384
f 674//658 1398//1384 677//661
f 1397//662 1288//1282 1398//1384
f 677//661 1398//1384 1289//1285
f 1288//1282 1291//1283 1398//1384
f 677//661 1289//1285 1294//1287
f 681//667 677//661 1294//1287
f 687//671 1305//1294 696//679
f 697//682 1304//1297 1399//1385
f 698//701 697//682 716//700
f 699//684 692//675 697//682
f 697//682 1399//1385 1308//1298
f 1400//1386 672//730 1354//1340
f 746//733 742//729 1400//1386
f 1402//1387 747//732 1401//1388
f 1403//1389 748//734 1402//1387
f 1404//1390 1354//1340 1357//1344
f 1406//1391 746//733 1404//1390
f 1405//1392 1402//1387 1407//1393
f 1401//1388 1406//1391 1408//1394
f 1409//1395 1401//1388 1408//1394
f 1402//1387 1409//1395 1407//1393
f 1360//1348 1367//1356 1410//1396
f 1357//1344 1360//1348 1411//1397
f 1404//1390 1357//1344 1411//1397
f 1408//1394 1406//1391 1412//1398
f 1404//1390 1411//1397 1414//1399
f 1412//1398 1404//1390 1414//1399
f 1415//1400 1408//1394 1412//1398
f 1414//1399 1411//1397 1410//1396
f 1415//1400 1418//1401 1419//1402
f 1420//1403 1415//1400 1419//1402
f 1413//1404 1415//1400 1420//1403
f 1416//1405 1413//1404 1420//1403
f 1421//1406 1372//1362 1375//1365
f 1414//1399 1421//1406 1422//1407
f 1417//1408 1414//1399 1422//1407
f 1418//1401 1417//1408 1423//1409
f 1419//1402 1418//1401 1424//1410
f 1425//1411 1419//1402 1424//1410
f 1420//1403 1425//1411 1426//1412
f 1377//1366 1376//1380 752//737
f 1428//1413 753//736 1429//1414
f 1429//1414 753//736 750//739
f 1430//1415 1429//1414 754//738
f 1431//1374 1378//1416 1427//1417
f 1427//1417 1377//1366 753//736
f 1432//1418 1427//1417 1433//1419
f 1433//1419 1427//1417 1428//1413
f 1432//1418 1428//1413 1430//1415
f 1430//1415 1434//1420 1432//1418
f 1432//1418 1386//1375 1431//1374
f 1390//1421 1434//1420 1435//1422
f 1434//1420 1390//1421 1386//1375
f 1436//1423 1390//1421 1435//1422
f 828//816 748//734 1403//1389
f 828//816 1403//1389 1437//1424
f 828//816 1437//1424 1439//1425
f 832//1426 1439//1425 1440//1427
f 1440//1427 1441//1428 1444//1429
f 1405//1392 1407//1393 1442//1430
f 1438//1431 1442//1430 1443//1432
f 1407//1393 1445//1433 1442//1430
f 1441//1428 1443//1432 1446//1434
f 1446//1434 1447//1435 1449//1436
f 1445//1433 1416//1405 1450//1437
f 1445//1433 1450//1437 1451//1438
f 1452//1439 1442//1430 1451//1438
f 1451//1438 1450//1437 1453//1440
f 1452//1439 1453//1440 2182//1441
f 1447//1435 2182//1441 1448//1442
f 1430//1415 754//738 841//827
f 1456//1443 1430//1415 842//1444
f 1456//1443 1435//1422 1430//1415
f 1457//1445 1456//1443 1455//1446
f 1456//1443 1457//1445 1435//1422
f 1458//1447 2178//1448 1457//1445
f 871//856 872//854 1459//1449
f 1460//1450 871//856 1459//1449
f 1461//1451 870//853 1460//1450
f 1459//1449 1462//1452 1460//1450
f 1463//1453 1460//1450 1462//1452
f 1464//1454 1465//1455 1462//1452
f 1462//1452 1466//1456 1463//1453
f 1468//1457 877//1458 878//863
f 880//865 1468//1457 878//863
f 1468//1457 880//865 1469//1459
f 1468//1457 1470//1460 879//864
f 1469//1459 1471//1461 1468//1457
f 1470//1460 1468//1457 1471//1461
f 1470//1460 1464//1454 879//864
f 1472//1462 1470//1460 1471//1461
f 1464//1454 1470//1460 1472//1462
f 1474//1463 1473//1464 1471//1461
f 1475//1465 1476//1466 1472//1462
f 1464//1454 1467//1467 1465//1455
f 885//869 880//865 884//870
f 885//869 1479//1468 880//865
f 1482//1469 957//934 1481//1470
f 885//869 1483//1471 1479//1468
f 887//1472 1483//1471 885//869
f 1469//1459 1474//1463 1471//1461
f 1479//1468 1474//1463 1469//1459
f 1484//1473 1488//1474 1483//1471
f 1485//1475 1483//1471 1488//1474
f 1478//1476 1474//1463 1485//1475
f 886//872 831//818 1489//1477
f 1492//1478 886//872 1489//1477
f 969//946 1493//948 1490//1479
f 833//819 1440//1427 1491//1480
f 1493//948 955//932 1482//1469
f 1492//1478 1491//1480 1494//1481
f 1495//1482 1492//1478 1494//1481
f 1496//1483 1492//1478 1499//1484
f 1490//1479 1493//948 1497//1485
f 971//1486 1497//1485 1498//1487
f 1495//1482 1499//1484 1492//1478
f 1500//1488 1482//1469 1487//1489
f 1497//1485 1493//948 1500//1488
f 1444//1429 1502//1490 1491//1480
f 1444//1429 1446//1434 1502//1490
f 1494//1481 1502//1490 1506//1491
f 1498//1487 1504//1492 1501//1493
f 1508//1494 1504//1492 1507//1495
f 1509//1496 1504//1492 1508//1494
f 1511//1497 1495//1482 1506//1491
f 1510//1498 1503//1499 1499//1484
f 1503//1499 1512//1500 1496//1483
f 1514//1501 1508//1494 1513//1502
f 1449//1436 1454//1503 1515//1504
f 1505//1505 1515//1504 1516//1506
f 1506//1491 1516//1506 1511//1497
f 1455//1446 843//879 896//881
f 897//963 1457//1445 1455//1446
f 897//963 1520//1507 1457//1445
f 1519//1508 1520//1507 897//963
f 923//901 1522//1509 926//904
f 1524//1510 924//900 1523//1511
f 1525//1512 873//857 1461//1451
f 1522//1509 922//898 1525//1512
f 1525//1512 1461//1451 1463//1453
f 1527//1513 1523//1511 1526//1514
f 1529//1515 1525//1512 1528//1516
f 1532//1517 1526//1514 1531//1518
f 1528//1516 1463//1453 1466//1456
f 1530//1519 1525//1512 1529//1515
f 1531//1518 926//904 1534//1520
f 1529//1515 1528//1516 1535//1521
f 1534//1520 1522//1509 1533//1522
f 1531//1518 1534//1520 1536//1523
f 1466//1456 1467//1467 1537//1524
f 1529//1515 1538//1525 1539//1526
f 943//921 1541//1527 942//1528
f 1542//1529 925//902 1524//1510
f 1543//1530 944//1531 1540//1532
f 1540//1532 1545//1533 1544//1534
f 1546//1535 1540//1532 1541//1527
f 1547//1536 1524//1510 1527//1513
f 1544//1534 1549//1537 1548//1538
f 1547//1536 1550//1539 1546//1535
f 1551//1540 1545//1533 1546//1535
f 1550//1539 1547//1536 1552//1541
f 1549//1537 1551//1540 1554//1542
f 1551//1540 1550//1539 1554//1542
f 957//934 941//920 1556//1543
f 1556//1543 941//920 1543//1530
f 1480//1544 1556//1543 1557//1545
f 1556//1543 1543//1530 1558//1546
f 1543//1530 1548//1538 1558//1546
f 1556//1543 1558//1546 1557//1545
f 970//947 969//946 1490//1479
f 971//1486 1498//1487 1562//1547
f 1562//1547 1501//1493 1563//1548
f 1566//1549 1501//1493 1509//1496
f 1567//1550 1566//1549 1514//1501
f 1569//1551 1568//1552 1565//1553
f 1574//1554 1514//1501 1513//1502
f 1575//1555 1514//1501 1574//1554
f 1569//1551 1565//1553 1567//1550
f 1577//1556 1570//1557 1569//1551
f 1577//1556 1576//1558 1570//1557
f 1578//1559 1576//1558 1577//1556
f 1575//1555 1574//1554 1579//1560
f 1581//1561 1575//1555 1579//1560
f 1582//1562 1569//1551 1581//1561
f 1583//1563 1577//1556 1582//1562
f 1584//1564 1578//1559 1577//1556
f 977//954 1586//1565 1587//1566
f 1588//1567 977//954 1587//1566
f 979//952 1585//1568 1589//1569
f 1585//1568 1562//1547 1592//1570
f 1593//1571 1589//1569 1592//1570
f 1594//1572 1589//1569 1593//1571
f 1590//1573 1587//1566 1594//1572
f 1591//1574 1588//1567 1590//1573
f 1562//1547 1563//1548 1595//1575
f 1592//1570 1595//1575 1593//1571
f 1594//1572 1593//1571 1597//1576
f 1597//1576 1590//1573 1594//1572
f 1563//1548 1564//1577 1599//1578
f 1568//1552 1599//1578 1565//1553
f 1571//1579 1596//1580 1568//1552
f 1597//1576 1596//1580 1571//1579
f 1600//1581 1597//1576 1571//1579
f 1571//1579 1568//1552 1576//1558
f 1601//1582 1602//1583 1573//1584
f 1604//1585 1605//1586 897//963
f 1606//1587 1604//1585 1603//1588
f 2248//1589 1605//1586 1604//1585
f 1607//1590 1532//1517 1531//1518
f 1608//1591 1531//1518 1536//1523
f 1610//1592 1536//1523 1534//1520
f 1609//1593 1608//1591 1610//1592
f 1611//1594 1532//1517 1607//1590
f 1611//1594 1607//1590 1608//1591
f 1611//1594 1555//1595 1552//1541
f 1611//1594 1608//1591 1612//1596
f 1609//1593 1612//1596 1608//1591
f 1614//1597 1006//1020 1613//1019
f 1616//1598 1613//1019 1615//1599
f 1617//1600 1614//1597 1616//1598
f 1615//1599 1620//1601 1618//1602
f 1620//1601 1615//1599 1619//1603
f 1622//1604 1619//1603 1621//1605
f 1624//1606 1620//1601 1623//1607
f 1628//1608 1621//1605 1627//1609
f 1623//1607 1622//1604 1628//1608
f 1625//1610 1578//1559 1629//1611
f 1626//1612 1629//1611 1630//1613
f 1628//1608 1627//1609 1631//1614
f 1624//1606 1631//1614 1632//1615
f 1633//1616 1578//1559 1584//1564
f 1630//1613 1633//1616 1635//1617
f 1627//1609 1630//1613 1636//1618
f 1631//1614 1636//1618 1637//1619
f 1631//1614 1637//1619 1638//1620
f 1632//1615 1638//1620 1639//1621
f 1042//1622 1038//1012 1007//1021
f 1641//1623 980//1014 1591//1574
f 1040//1015 1642//1624 1041//1017
f 1040//1015 1641//1623 1642//1624
f 1644//1625 1591//1574 1598//1626
f 1645//1627 1591//1574 1644//1625
f 1642//1624 1645//1627 1646//1628
f 1646//1628 1643//1629 1642//1624
f 1619//1603 1643//1629 1646//1628
f 1643//1629 1619//1603 1615//1599
f 1644//1625 1598//1626 1601//1582
f 1625//1610 1601//1582 1573//1584
f 1645//1627 1625//1610 1626//1612
f 1645//1627 1644//1625 1625//1610
f 1621//1605 1626//1612 1627//1609
f 1647//1630 1606//1587 1603//1588
f 1647//1630 1604//1585 1606//1587
f 1648//1631 1604//1585 1647//1630
f 1104//1082 1649//1632 1045//1081
f 1648//1631 1647//1630 1649//1632
f 1042//1622 1617//1600 1650//1633
f 1651//1634 1617//1600 1618//1602
f 1671//1635 1651//1634 1653//1636
f 1655//1637 1618//1602 1624//1606
f 1652//1638 1655//1637 1656//1639
f 1652//1638 1651//1634 1655//1637
f 1654//1640 1652//1638 1657//1641
f 1659//1642 1655//1637 1632//1615
f 1660//1643 1656//1639 1659//1642
f 1661//1644 1657//1641 1660//1643
f 1639//1621 1662//1645 1663//1646
f 1664//1647 1639//1621 1663//1646
f 1665//1648 1659//1642 1664//1647
f 1666//1649 1661//1644 1660//1643
f 1091//1067 1090//1066 1667//1650
f 1088//1064 1667//1650 1668//1069
f 1670//1651 1092//1068 1669//1652
f 1090//1066 1042//1622 1650//1633
f 1668//1069 1672//1653 1673//1654
f 1669//1652 1673//1654 1674//1655
f 1090//1066 1650//1633 1671//1635
f 1674//1655 1673//1654 1677//1656
f 1675//1657 1674//1655 1678//1658
f 1676//1659 1671//1635 1653//1636
f 1654//1640 1676//1659 1653//1636
f 1672//1653 1676//1659 1654//1640
f 1672//1653 1654//1640 1679//1660
f 1673//1654 1679//1660 1680//1661
f 1677//1656 1680//1661 1681//1662
f 1678//1658 1681//1662 1682//1663
f 1658//1664 1654//1640 1657//1641
f 1679//1660 1654//1640 1658//1664
f 1680//1661 1658//1664 1683//1665
f 1683//1665 1684//1666 1685//1667
f 1682//1663 1685//1667 1686//1668
f 1684//1666 1661//1644 1687//1669
f 1684//1666 1687//1669 1685//1667
f 1686//1668 1688//1670 1689//1671
f 1687//1669 1666//1649 1690//1672
f 1685//1667 1690//1672 1691//1673
f 1689//1671 1691//1673 1692//1674
f 1105//1084 1693//1675 1106//1083
f 1695//1676 1694//1677 1106//1083
f 1693//1675 1695//1676 1106//1083
f 1132//1678 1131//1110 1696//1679
f 1133//1111 1132//1678 1696//1679
f 1697//1680 1133//1111 1696//1679
f 1698//1681 1134//1112 1697//1680
f 1130//1109 1670//1651 1675//1657
f 1131//1110 1675//1657 1700//1682
f 1696//1679 1700//1682 1701//1683
f 1698//1681 1697//1680 1701//1683
f 1135//1113 1698//1681 1703//1684
f 1675//1657 1678//1658 1704//1685
f 1699//1686 1704//1685 1705//1687
f 1701//1683 1705//1687 1706//1688
f 1707//1689 1701//1683 1706//1688
f 1704//1685 1682//1663 1708//1690
f 1709//1691 1705//1687 1708//1690
f 1710//1692 1708//1690 1686//1668
f 1709//1691 1708//1690 1710//1692
f 1711//1693 1706//1688 1709//1691
f 1712//1694 1706//1688 1711//1693
f 1703//1684 1712//1694 1713//1695
f 1715//1696 1709//1691 1714//1697
f 1716//1698 1711//1693 1715//1696
f 1718//1699 1715//1696 1714//1697
f 1713//1695 1716//1698 1719//1700
f 1721//1701 1710//1692 1720//1702
f 1718//1699 1714//1697 1717//1703
f 1716//1698 1715//1696 1718//1699
f 1105//1084 1695//1676 1693//1675
f 1724//1704 1725//1705 1722//1706
f 1725//1705 1695//1676 1722//1706
f 1728//1707 1153//1133 1727//1708
f 1728//1707 1727//1708 1729//1709
f 1728//1707 1729//1709 1730//1710
f 1730//1710 1733//1711 1743//1712
f 1733//1711 1735//1713 1736//1714
f 1166//1144 1167//1715 1164//1145
f 1737//1716 1727//1708 1153//1133
f 1167//1715 1739//1717 1737//1716
f 1738//1718 1739//1717 1167//1715
f 1737//1716 1729//1709 1727//1708
f 1739//1717 1742//1719 1741//1720
f 1743//1712 1154//1132 1730//1710
f 1740//1721 1744//1722 1739//1717
f 1746//1723 1729//1709 1741//1720
f 1746//1723 1741//1720 1742//1719
f 1744//1722 1746//1723 1742//1719
f 1747//1724 1746//1723 1744//1722
f 1745//1725 1748//1726 1744//1722
f 1732//1727 1731//1728 1746//1723
f 1732//1727 1734//1729 1735//1713
f 1749//1730 1734//1729 1732//1727
f 1748//1726 1749//1730 1747//1724
f 1173//1152 1751//1731 1172//1151
f 1174//1153 1738//1718 1166//1144
f 1175//1154 1738//1718 1174//1153
f 1751//1731 1753//1732 1175//1154
f 1752//1733 1753//1732 1751//1731
f 1753//1732 1745//1725 1740//1721
f 1754//1734 1756//1735 1753//1732
f 1756//1735 1757//1736 1745//1725
f 1758//1737 1756//1735 1755//1738
f 1125//1103 1759//1739 1120//1098
f 1752//1733 1173//1152 1176//1155
f 1760//1740 1759//1739 1761//1741
f 1759//1739 1702//1742 1761//1741
f 1760//1740 1754//1734 1752//1733
f 1754//1734 1760//1740 1761//1741
f 1702//1742 1713//1695 1719//1700
f 1761//1741 1702//1742 1719//1700
f 1754//1734 1763//1743 1755//1738
f 1726//1744 1725//1705 1723//1745
f 1765//1746 1767//1747 1183//1159
f 1769//1748 1770//1749 1765//1746
f 1765//1746 1768//1750 1769//1748
f 1767//1747 1770//1749 1772//1751
f 1772//1751 1766//1752 1767//1747
f 1190//1165 1774//1753 1775//1754
f 1192//1167 1191//1166 1776//1755
f 1776//1755 1190//1165 1775//1754
f 1768//1750 1192//1167 1777//1756
f 1768//1750 1765//1746 1193//1757
f 1774//1753 1743//1712 1775//1754
f 1777//1756 1776//1755 1778//1758
f 1793//1759 1177//1169 1194//596
f 1782//1760 1781//1761 1195//1170
f 1783//1762 1785//1763 1782//1760
f 1786//1764 1783//1762 1787//1765
f 1788//1766 1197//1174 1198//1173
f 1200//1177 1788//1766 1198//1173
f 1766//1752 1792//1767 1184//1180
f 1792//1767 1790//1181 1202//1179
f 1794//1768 1194//596 1203//1182
f 1795//1769 1794//1768 1204//1186
f 1205//1184 1797//1770 1798//1771
f 1205//1184 1798//1771 1206//1185
f 1799//1772 1205//1184 647//637
f 1799//1772 1797//1770 1205//1184
f 1779//1773 1799//1772 610//1774
f 1800//1775 2591//46 2590//41
f 1802//1776 1800//1775 2590//41
f 1906//1777 1802//1776 1803//1778
f 1802//1776 1805//1779 1803//1778
f 1803//1778 1805//1779 50//50
f 1807//1780 1808//1781 1806//1782
f 1808//1781 1811//60 1809//1783
f 1807//1780 49//51 53//1784
f 1803//1778 50//50 49//51
f 1813//1785 1814//1786 1924//1787
f 1811//60 58//59 1813//1785
f 1814//1786 1816//1788 1815//1789
f 1815//1789 1816//1788 1832//1790
f 1815//1789 1924//1787 1814//1786
f 1818//1791 1820//1792 1816//1788
f 1826//1793 1824//1794 1823//1795
f 1824//1794 1829//1796 1822//1797
f 1825//1798 1830//1799 1829//1796
f 1825//1798 1829//1796 1824//1794
f 1828//1800 1827//1801 1822//1797
f 1830//1799 1832//1790 1833//1802
f 1829//1796 1833//1802 1828//1800
f 1830//1799 1815//1789 1832//1790
f 1834//1803 1828//1800 1835//1804
f 1834//1803 1831//1805 1828//1800
f 1836//5 1831//1805 1837//1806
f 1841//1807 1846//1808 1840//1809
f 1839//1810 1843//1811 1842//1812
f 1846//1808 1844//1813 1843//1811
f 1821//1814 1823//1795 1845//1815
f 1847//1816 1845//1815 1846//1808
f 1847//1816 1846//1808 1841//1807
f 1842//1812 1843//1811 1848//1817
f 1843//1811 1849//1818 1848//1817
f 1823//1795 1822//1797 1844//1813
f 1848//1817 3//1 1//1819
f 1822//1797 1849//1818 1844//1813
f 1849//1818 6//6 3//1
f 1827//1801 1831//1805 6//6
f 1839//1810 1854//1820 1850//1821
f 1840//1809 1839//1810 1851//1822
f 1851//1822 1850//1821 1852//1823
f 1842//1812 1853//7 1839//1810
f 1856//1824 1854//1820 1855//1825
f 1850//1821 1856//1824 1857//1826
f 1852//1823 1850//1821 1858//1827
f 1854//1820 1853//7 1855//1825
f 9//16 1855//1825 1853//7
f 1855//1825 9//16 1859//1828
f 1856//1824 1859//1828 1857//1826
f 1859//1828 1864//1829 1862//1830
f 1857//1826 1859//1828 1862//1830
f 1861//1831 1857//1826 1862//1830
f 1860//1832 1861//1831 1863//1833
f 9//16 15//15 1859//1828
f 1862//1830 1868//1834 1865//1835
f 1861//1831 1865//1835 1866//1836
f 1863//1833 1866//1836 1867//1837
f 1866//1836 1865//1835 1869//1838
f 1866//1836 1869//1838 1873//1839
f 1870//1840 1866//1836 1873//1839
f 1868//1834 16//17 1871//1841
f 1872//1842 1868//1834 1871//1841
f 1865//1835 1868//1834 1872//1842
f 1870//1840 1873//1839 1874//1843
f 1878//1844 1876//1845 1875//1846
f 1881//1847 1876//1845 1878//1844
f 1883//1848 1884//1849 1885//1850
f 1888//1851 1886//1852 1882//1853
f 1888//1851 1890//1854 1887//1855
f 1889//1856 1875//1846 1888//1851
f 1890//1854 1892//1857 1887//1855
f 1877//1858 1890//1854 1875//1846
f 1891//1859 2583//1860 2581//1861
f 1877//1858 1879//1862 1890//1854
f 1894//1863 1885//1850 1895//1864
f 1902//1865 1897//1866 1800//1775
f 1897//1866 1895//1864 1899//1867
f 1897//1866 1899//1867 1800//1775
f 1219//1200 1900//1868 1905//1869
f 1900//1868 1896//1870 1901//1871
f 1896//1870 1897//1866 1902//1865
f 1901//1871 1902//1865 1906//1777
f 1219//1200 1905//1869 1904//1872
f 1208//1206 1219//1200 1903//1207
f 1905//1869 1906//1777 1804//1873
f 1904//1872 1911//1874 1907//1875
f 1907//1875 1910//1876 1908//1877
f 1911//1874 1804//1873 1810//1878
f 1911//1874 1807//1780 1806//1782
f 1910//1876 1917//1879 1913//1880
f 1918//1881 1921//1882 1919//1883
f 1919//1883 1914//1884 1918//1881
f 1916//1885 1915//1886 1919//1883
f 1917//1879 1910//1876 1809//1783
f 1918//1881 1920//1887 1921//1882
f 1923//1888 1921//1882 1922//1889
f 1924//1787 1918//1881 1813//1785
f 1924//1787 1925//1890 1920//1887
f 1920//1887 1918//1881 1924//1787
f 1927//1891 1925//1890 1926//1892
f 1927//1891 1921//1882 1920//1887
f 1922//1889 1921//1882 1927//1891
f 1924//1787 1815//1789 1925//1890
f 1928//1893 1830//1799 1825//1798
f 1929//1894 1825//1798 1826//1793
f 1931//1895 1928//1893 1929//1894
f 1932//1896 1929//1894 1826//1793
f 1922//1889 1927//1891 1930//1897
f 1934//1898 1930//1897 1931//1895
f 1934//1898 1922//1889 1930//1897
f 1935//1899 1923//1888 1934//1898
f 1926//1892 1812//1900 1830//1799
f 1928//1893 1926//1892 1830//1799
f 1930//1897 1926//1892 1928//1893
f 1936//1901 1933//1902 1932//1896
f 1937//1903 1934//1898 1933//1902
f 1938//1904 1937//1903 1936//1901
f 1939//1905 1934//1898 1937//1903
f 1940//1906 1939//1905 1938//1904
f 1942//1907 1821//1814 1943//1908
f 1944//1909 1943//1908 1841//1807
f 1932//1896 1942//1907 1946//1910
f 1945//1911 1942//1907 1943//1908
f 1948//1912 1944//1909 1947//1913
f 1948//1912 1946//1910 1945//1911
f 1936//1901 1932//1896 1946//1910
f 1947//1913 1951//1914 1948//1912
f 1951//1914 1949//1915 1948//1912
f 1955//1916 1953//1917 1950//1918
f 1941//1919 1938//1904 1952//1920
f 1953//1917 1955//1916 1956//1921
f 1841//1807 1851//1822 1959//1922
f 1960//1923 1852//1823 1858//1827
f 1944//1909 1959//1922 1961//1924
f 1961//1924 1959//1922 1852//1823
f 1963//1925 1961//1924 1960//1923
f 1965//1926 1960//1923 1964//1927
f 1968//1928 1962//1929 1965//1926
f 1969//1930 1965//1926 1967//1931
f 1955//1916 1950//1918 1971//1932
f 1966//1933 1971//1932 1950//1918
f 1970//1934 1971//1932 1966//1933
f 1973//1935 1971//1932 1970//1934
f 1971//1932 1974//1936 1955//1916
f 1964//1927 1858//1827 1860//1832
f 1965//1926 1964//1927 1967//1931
f 1967//1931 1964//1927 1975//1937
f 1975//1937 1863//1833 1976//1938
f 1976//1938 1867//1837 1977//1939
f 1978//1940 1975//1937 1976//1938
f 1978//1940 1969//1930 1967//1931
f 1979//1941 1969//1930 1978//1940
f 1972//1942 1970//1934 1969//1930
f 1976//1938 1977//1939 1980//1943
f 1982//1944 1976//1938 1980//1943
f 1983//1945 1978//1940 1981//1946
f 1972//1942 1969//1930 1979//1941
f 1984//1947 1979//1941 1983//1945
f 1977//1939 1874//1843 1986//1948
f 1988//1949 1982//1944 1987//1950
f 1984//1947 1983//1945 1989//1951
f 1990//1952 1983//1945 1988//1949
f 1996//1953 1994//1954 1995//1955
f 1993//1956 1996//1953 1995//1955
f 1878//1844 1875//1846 1994//1954
f 1996//1953 1881//1847 1878//1844
f 1211//1270 2000//1269 2003//1957
f 1211//1270 2003//1957 1882//1853
f 1209//1188 1882//1853 1883//1848
f 1212//1268 2004//1958 2000//1269
f 2002//1959 2001//1960 1999//1961
f 1883//1848 1882//1853 1884//1849
f 2005//1962 2004//1958 2001//1960
f 2006//1963 2001//1960 2002//1959
f 1888//1851 1882//1853 2003//1957
f 2004//1958 1889//1856 1888//1851
f 2007//1964 2004//1958 2005//1962
f 1995//1955 1992//1965 2006//1963
f 1993//1956 1995//1955 2006//1963
f 1993//1956 2006//1963 2083//1966
f 1994//1954 1889//1856 2007//1964
f 1995//1955 2007//1964 1992//1965
f 2008//1191 1893//1967 2009//1194
f 2010//1195 1898//1968 1896//1870
f 1213//1192 2008//1191 2009//1194
f 1909//1220 1223//1205 1903//1207
f 1909//1220 1908//1877 1232//1214
f 1912//1216 1915//1886 1233//1221
f 1233//1221 1916//1885 2011//1222
f 2012//1223 2015//1969 1234//1225
f 1321//1312 1234//1225 2013//1970
f 2012//1223 1916//1885 2015//1969
f 2014//1971 2013//1970 2016//1972
f 1916//1885 1935//1899 2015//1969
f 2015//1969 2019//1973 2016//1972
f 2019//1973 1935//1899 1939//1905
f 2020//1974 2016//1972 2019//1973
f 2018//1975 2014//1971 2020//1974
f 2019//1973 1939//1905 2022//1976
f 2023//1977 2020//1974 2022//1976
f 2018//1975 2020//1974 2023//1977
f 2024//1978 1941//1919 1957//1979
f 2025//1980 1940//1906 2024//1978
f 2026//1981 2022//1976 2025//1980
f 2024//1978 2028//1982 2025//1980
f 2026//1981 2025//1980 2028//1982
f 2030//1983 2028//1982 2029//1984
f 2031//1985 2023//1977 2026//1981
f 2027//1986 2018//1975 2031//1985
f 1238//1229 2032//1987 1237//1227
f 1238//1229 1339//1988 2033//1989
f 2034//1990 1238//1229 2033//1989
f 2034//1990 2035//1991 2036//1992
f 2036//1992 2037//1993 2048//1994
f 1958//1995 1954//1996 2038//1997
f 2038//1997 1954//1996 2039//1998
f 1248//1238 1246//1236 2040//1237
f 2040//1237 1237//1227 2032//1987
f 1248//1238 2040//1237 2041//1999
f 2041//1999 2040//1237 2042//2000
f 2042//2000 2040//1237 2043//2001
f 2042//2000 2043//2001 2045//2002
f 2043//2001 2036//1992 2046//2003
f 2045//2002 2046//2003 2047//2004
f 2047//2004 2044//2005 2045//2002
f 1973//1935 1974//1936 1971//1932
f 1970//1934 2050//2006 1973//1935
f 1972//1942 2050//2006 1970//1934
f 1974//1936 1973//1935 2049//2007
f 2047//2004 2046//2003 2052//2008
f 2046//2003 2048//1994 2053//2009
f 1258//1250 1247//1239 1248//1238
f 1248//1238 2041//1999 2056//2010
f 2054//1253 2056//2010 2057//2011
f 2057//2011 2059//2012 2060//2013
f 2055//1254 2058//2014 2061//2015
f 2058//2014 2060//2013 2061//2015
f 2059//2012 2044//2005 2062//2016
f 2063//2017 2059//2012 2062//2016
f 2061//2015 2063//2017 2064//2018
f 2065//2019 2044//2005 2047//2004
f 2044//2005 2065//2019 2062//2016
f 2066//2020 1991//2021 1984//1947
f 2064//2018 2063//2017 2079//2022
f 1263//1256 2068//2023 2069//2024
f 2070//2025 1265//1257 2069//2024
f 1263//1256 2055//1254 2071//2026
f 2068//2023 1263//1256 2071//2026
f 2070//2025 2069//2024 2072//2027
f 2074//2028 2069//2024 2068//2023
f 2068//2023 2071//2026 2076//2029
f 2074//2028 2068//2023 2076//2029
f 2078//2030 2072//2027 2077//2031
f 2061//2015 2064//2018 2079//2022
f 2080//2032 2061//2015 2079//2022
f 2076//2029 2071//2026 2080//2032
f 2085//2033 1997//2034 1993//1956
f 2082//2035 1999//1961 1277//1271
f 2082//2035 1277//1271 1278//1273
f 1276//1266 2084//2036 1278//1273
f 2083//1966 1999//1961 2082//2035
f 2085//2033 2083//1966 2084//2036
f 2085//2033 2084//2036 1391//1379
f 2087//2037 2085//2033 2086//2038
f 1323//1313 1321//1312 2013//1970
f 2089//2039 1324//1314 2088//2040
f 2091//2041 1319//1311 2089//2039
f 2090//2042 1320//1309 2091//2041
f 2017//2043 1323//1313 2014//1971
f 2090//2042 2091//2041 2092//2044
f 2088//2040 1324//1314 2021//2045
f 2092//2044 2089//2039 2093//2046
f 2021//2045 2017//2043 2018//1975
f 2096//2047 2092//2044 2095//2048
f 2097//2049 2094//2050 2096//2047
f 2096//2047 2095//2048 2098//2051
f 2098//2051 2099//2052 2100//2053
f 2097//2049 2098//2051 2100//2053
f 2102//2054 2088//2040 2106//2055
f 2103//2056 2093//2046 2102//2054
f 2104//2057 2099//2052 2103//2056
f 2097//2049 2104//2057 2105//2058
f 2101//2059 2097//2049 2105//2058
f 2104//2057 2103//2056 2107//2060
f 2105//2058 2104//2057 2107//2060
f 1338//1325 2109//2061 2108//2062
f 1322//1326 2090//2042 2109//2061
f 1339//1988 2108//2062 2033//1989
f 2108//2062 2109//2061 2110//2063
f 2111//2064 2035//1991 2033//1989
f 2110//2063 2112//2065 2111//2064
f 2094//2050 2097//2049 2109//2061
f 2110//2063 2109//2061 2113//2066
f 2035//1991 2112//2065 2037//1993
f 2109//2061 2101//2059 2113//2066
f 2115//2067 1373//1363 2073//2068
f 2116//2069 1371//1361 2115//2067
f 1374//1364 2116//2069 2117//2070
f 2073//2068 1373//1363 2070//2025
f 2116//2069 2115//2067 2118//2071
f 2117//2070 2118//2071 2119//2072
f 2120//2073 2115//2067 2073//2068
f 2118//2071 2120//2073 2121//2074
f 2119//2072 2118//2071 2121//2074
f 2120//2073 2073//2068 2123//2075
f 2125//2076 2120//2073 2124//2077
f 2121//2074 2120//2073 2125//2076
f 2122//2078 2121//2074 2125//2076
f 2123//2075 2075//2079 2078//2030
f 2127//2080 2124//2077 2126//2081
f 2129//2082 2125//2076 2127//2080
f 2130//2083 2129//2082 2128//2084
f 2127//2080 2126//2081 2132//2085
f 2133//2086 2127//2080 2132//2085
f 2128//2084 2133//2086 2134//2087
f 2129//2082 2133//2086 2128//2084
f 2135//2088 2128//2084 2134//2087
f 2139//2089 2133//2086 2131//2090
f 2140//2091 2134//2087 2138//2092
f 1390//1421 2086//2038 1391//1379
f 1436//1423 2086//2038 1390//1421
f 2141//1632 2793//2093 2086//2038
f 1423//1409 1417//1408 1422//1407
f 2144//2094 1418//1401 2143//2095
f 1425//1411 2144//2094 2145//2096
f 1426//1412 2145//2096 2146//2097
f 1375//1365 2119//2072 2147//2098
f 2148//2099 1375//1365 2147//2098
f 1423//1409 1422//1407 2148//2099
f 2146//2097 2149//2100 2150//2101
f 2145//2096 2144//2094 2146//2097
f 2152//2102 2147//2098 2151//2103
f 2153//2104 2148//2099 2152//2102
f 2149//2100 2153//2104 2154//2105
f 2143//2095 2153//2104 2149//2100
f 2155//2106 2149//2100 2154//2105
f 2156//2107 2151//2103 2119//2072
f 2154//2105 2157//2108 2158//2109
f 2154//2105 2158//2109 2159//2110
f 2162//2111 2151//2103 2161//2112
f 2157//2108 2162//2111 2158//2109
f 2159//2110 2163//2113 2164//2114
f 2166//2115 2162//2111 2161//2112
f 2163//2113 2166//2115 2167//2116
f 2168//2117 2164//2114 2167//2116
f 2170//2118 2130//2083 2135//2088
f 2171//2119 2122//2078 2170//2118
f 2173//2120 2135//2088 2140//2091
f 2166//2115 2171//2119 2142//2121
f 2166//2115 2142//2121 2172//2122
f 2167//2116 2174//2123 2175//2124
f 2176//2125 2168//2117 2175//2124
f 2169//2126 2165//2127 2176//2125
f 2177//2128 1436//1423 1457//1445
f 2793//2093 2180//2129 2209//2130
f 1426//1412 2146//2097 2181//2131
f 2182//1441 2184//2132 2185//2133
f 1454//1503 2186//2134 2183//2135
f 2146//2097 2150//2101 2187//2136
f 2188//2137 2146//2097 2187//2136
f 2189//2138 2188//2137 2187//2136
f 2185//2133 2188//2137 2189//2138
f 2185//2133 2189//2138 2190//2139
f 2191//2140 2186//2134 2190//2139
f 2193//2141 2155//2106 2159//2110
f 2194//2142 2187//2136 2193//2141
f 2195//2143 2189//2138 2194//2142
f 2183//2135 2191//2140 2196//2144
f 2198//2145 2160//2146 2165//2127
f 2194//2142 2197//2147 2198//2145
f 2199//2148 2194//2142 2198//2145
f 2195//2143 2199//2148 2191//2140
f 2198//2145 2165//2127 2169//2126
f 2202//2149 2199//2148 2201//2150
f 2201//2150 2198//2145 2169//2126
f 2196//2144 2202//2149 2200//2151
f 2204//2152 2201//2150 2203//2153
f 2205//2154 2202//2149 2204//2152
f 2207//2155 2179//2156 2178//1448
f 2208//2157 2207//2155 2206//2158
f 2210//2159 2209//2130 2208//2157
f 1476//1466 2211//2160 1467//1467
f 1475//1465 2212//2161 1476//1466
f 1477//2162 2212//2161 1475//1465
f 1478//1476 2213//2163 1477//2162
f 2213//2163 2214//2164 2212//2161
f 2217//2165 2214//2164 2215//2166
f 2216//2167 2259//2168 2214//2164
f 2213//2163 1478//1476 2218//2169
f 2218//2169 1478//1476 4221//2170
f 2215//2166 2213//2163 2218//2169
f 2219//2171 2215//2166 2218//2169
f 2222//2172 2219//2171 2220//2173
f 1511//1497 1516//1506 2224//2174
f 1508//1494 1507//1495 2225//2175
f 2226//2176 1508//1494 2225//2175
f 1515//1504 2183//2135 2192//2177
f 2224//2174 1516//1506 2227//2178
f 2229//2179 1517//2180 1510//1498
f 1510//1498 2224//2174 2229//2179
f 1517//2180 2228//2181 1518//2182
f 2227//2178 2231//2183 2224//2174
f 1518//2182 2228//2181 2232//2184
f 2226//2176 2225//2175 2233//2185
f 2234//2186 2231//2183 2227//2178
f 2192//2177 2200//2151 2236//2187
f 2223//2188 2236//2187 2237//2189
f 2238//2190 2223//2188 2237//2189
f 2229//2179 2239//2191 2228//2181
f 2232//2184 2228//2181 2239//2191
f 4220//2192 2232//2184 2241//2193
f 2234//2186 2227//2178 2238//2190
f 2239//2191 2234//2186 2238//2190
f 2245//2194 2221//2195 2243//2196
f 2208//2157 2206//2158 2246//2197
f 2247//2198 2208//2157 2246//2197
f 2248//1589 2249//2199 2208//2157
f 2210//2159 2208//2157 2249//2199
f 1467//1467 2250//2200 1537//1524
f 2251//2201 1537//1524 2250//2200
f 2252//2202 1539//1526 2251//2201
f 1533//1522 1530//1519 2252//2202
f 2250//2200 2253//2203 2251//2201
f 2250//2200 1467//1467 2211//2160
f 1534//1520 2254//2204 2256//2205
f 2258//2206 2251//2201 2257//2207
f 2260//2208 2255//2209 2259//2168
f 2256//2205 2254//2204 2262//2210
f 2265//2211 2261//2212 2260//2208
f 2260//2208 2263//2213 2265//2211
f 2268//2214 1555//1595 2337//2215
f 1555//1595 2268//2214 1550//1539
f 1550//1539 2269//2216 1554//1542
f 2270//2217 2278//2218 2269//2216
f 2268//2214 2271//2219 2269//2216
f 2214//2164 2259//2168 2255//2209
f 2274//2220 2270//2217 2271//2219
f 2216//2167 2276//2221 2259//2168
f 2267//2222 1561//2223 1553//2224
f 1561//2223 2278//2218 2279//2225
f 1561//2223 2279//2225 2277//2226
f 2279//2225 2281//2227 2280//2228
f 2280//2228 2282//2229 2279//2225
f 2280//2228 2273//2230 2284//2231
f 2240//2232 2283//2233 2286//2234
f 2287//2235 2286//2234 2283//2233
f 2284//2231 2288//2236 2285//2237
f 2993//2238 2285//2237 2994//2239
f 2273//2230 2274//2220 2288//2236
f 1574//1554 2226//2176 2289//2240
f 1579//1560 1574//1554 2289//2240
f 2290//2241 1580//2242 1581//1561
f 2292//2243 1581//1561 2291//2244
f 2293//2245 1582//1562 2292//2243
f 1579//1560 2289//2240 2294//2246
f 2290//2241 2294//2246 2295//2247
f 2296//2248 2291//2244 1580//2242
f 1580//2242 2295//2247 2296//2248
f 2295//2247 2294//2246 2297//2249
f 2298//2250 2291//2244 2296//2248
f 2233//2185 2225//2175 2299//2251
f 2289//2240 2299//2251 2300//2252
f 2294//2246 2300//2252 2301//2253
f 2296//2248 2297//2249 2307//2254
f 2296//2248 2307//2254 2302//2255
f 2283//2233 2240//2232 2282//2229
f 2301//2253 2300//2252 2305//2256
f 2301//2253 2305//2256 2306//2257
f 2297//2249 2306//2257 2307//2254
f 2302//2255 2308//2258 2309//2259
f 2302//2255 2309//2259 2310//2260
f 2300//2252 2299//2251 2311//2261
f 2310//2260 2309//2259 2313//2262
f 2304//2263 2240//2232 2286//2234
f 2299//2251 2304//2263 2316//2264
f 2317//2265 2311//2261 2316//2264
f 2306//2257 2317//2265 2312//2266
f 2307//2254 2312//2266 2318//2267
f 2308//2258 2318//2267 2319//2268
f 2313//2262 2309//2259 2319//2268
f 2313//2262 2325//2269 2320//2270
f 2314//2271 2313//2262 2320//2270
f 2321//2272 2314//2271 2320//2270
f 2312//2266 2322//2273 2323//2274
f 2312//2266 2323//2274 2324//2275
f 2318//2267 2312//2266 2324//2275
f 2321//2272 2320//2270 2326//2276
f 2332//2277 2330//2278 2331//2279
f 2334//2280 1612//1596 2333//2281
f 2333//2281 1609//1593 2328//2282
f 2335//2283 1610//1592 2329//2284
f 2336//2285 2333//2281 2335//2283
f 2334//2280 2333//2281 2336//2285
f 2336//2285 2335//2283 2330//2278
f 2339//2286 2336//2285 2338//2287
f 2340//2288 2334//2280 2339//2286
f 2341//2289 2340//2288 2339//2286
f 2337//2215 2272//2290 2268//2214
f 2337//2215 2342//2291 2272//2290
f 2340//2288 2342//2291 2334//2280
f 2341//2289 2338//2287 2343//2292
f 2340//2288 2341//2289 2343//2292
f 2344//2293 2338//2287 2332//2277
f 2345//2294 2343//2292 2344//2293
f 2346//2295 2345//2294 2344//2293
f 2348//2296 2344//2293 2332//2277
f 2349//2297 2346//2295 2348//2296
f 2353//2298 2345//2294 2349//2297
f 2350//2299 2349//2297 2348//2296
f 2986//2300 2256//2205 2262//2210
f 2353//2298 2352//2301 2342//2291
f 2354//2302 2348//2296 2332//2277
f 2351//2303 2353//2298 2349//2297
f 2356//2304 2353//2298 2351//2303
f 2355//2305 2351//2303 2354//2302
f 1635//1617 1634//2306 2357//2307
f 1636//1618 2357//2307 2358//2308
f 1637//1619 2358//2308 2359//2309
f 1638//1620 2359//2309 1640//2310
f 1634//2306 2293//2245 2361//2311
f 2357//2307 2361//2311 2362//2312
f 2358//2308 2362//2312 2363//2313
f 2359//2309 2363//2313 2364//2314
f 2293//2245 2298//2250 2366//2315
f 2361//2311 2366//2315 2367//2316
f 2368//2317 2361//2311 2367//2316
f 2363//2313 2368//2317 2369//2318
f 2298//2250 2302//2255 2371//2319
f 2367//2316 2298//2250 2371//2319
f 2372//2320 2367//2316 2371//2319
f 2368//2317 2372//2320 2373//2321
f 2374//2322 2310//2260 2375//2323
f 2372//2320 2374//2322 2375//2323
f 2376//2324 2373//2321 2375//2323
f 2375//2323 2310//2260 2313//2262
f 2365//2325 1640//2310 2370//2326
f 2379//2327 2369//2318 2378//2328
f 2370//2326 2379//2327 2380//2329
f 2381//2330 2365//2325 2380//2329
f 2377//2331 2381//2330 2382//2332
f 2378//2328 2373//2321 2383//2333
f 2385//2334 2380//2329 2384//2335
f 2382//2332 2381//2330 2385//2334
f 2383//2333 2376//2324 2390//2336
f 2384//2335 2383//2333 2386//2337
f 2384//2335 2386//2337 2387//2338
f 2388//2339 2384//2335 2387//2338
f 2382//2332 2388//2339 2389//2340
f 2376//2324 2314//2271 2390//2336
f 2386//2337 2390//2336 2391//2341
f 2387//2338 2392//2342 2393//2343
f 2388//2339 2393//2343 2396//2344
f 2398//2345 2394//2346 2397//2347
f 2395//2348 2391//2341 2398//2345
f 2399//2349 2392//2342 2395//2348
f 2400//2350 2393//2343 2399//2349
f 2396//2344 2400//2350 2389//2340
f 2441//2351 2327//2352 1648//1631
f 1662//1645 2360//2353 2401//2354
f 2402//2355 1662//1645 2401//2354
f 2403//2356 1663//1646 2402//2355
f 2404//2357 1660//1643 1665//1648
f 2406//2358 1665//1648 2403//2356
f 2406//2358 2403//2356 2407//2359
f 2401//2354 2377//2331 2411//2360
f 1691//1673 1690//1672 2408//2361
f 1692//1674 2409//2362 2410//2363
f 2402//2355 2411//2360 2416//2364
f 2412//2365 2404//2357 2406//2358
f 2408//2361 1666//1649 2412//2365
f 2414//2366 2409//2362 2413//2367
f 2415//2368 2410//2363 2409//2362
f 2411//2360 2382//2332 2416//2364
f 2405//2369 2416//2364 2417//2370
f 2406//2358 2407//2359 2418//2371
f 2412//2365 2406//2358 2418//2371
f 2419//2372 2412//2365 2418//2371
f 2413//2367 2408//2361 2419//2372
f 2420//2373 2415//2368 2409//2362
f 2416//2364 2382//2332 2421//2374
f 2407//2359 2417//2370 2422//2375
f 2418//2371 2407//2359 2422//2375
f 2424//2376 2413//2367 2419//2372
f 2425//2377 2409//2362 2414//2366
f 2422//2375 2421//2374 2426//2378
f 2427//2379 2423//2380 2426//2378
f 2424//2376 2419//2372 2427//2379
f 2425//2377 2414//2366 2424//2376
f 2426//2378 2428//2381 2429//2382
f 2430//2383 2426//2378 2429//2382
f 2431//2384 2426//2378 2430//2383
f 2432//2385 2427//2379 2431//2384
f 2433//2386 2424//2376 2432//2385
f 2428//2381 2389//2340 2435//2387
f 2432//2385 2431//2384 2430//2383
f 2389//2340 2400//2350 2436//2388
f 2429//2382 2436//2388 2437//2389
f 2438//2390 2430//2383 2437//2389
f 2439//2391 2432//2385 2438//2390
f 2440//2392 2433//2386 2439//2391
f 2444//2393 2442//2394 2443//2395
f 2445//2396 2444//2393 2443//2395
f 2450//2397 2447//2398 2449//2399
f 2443//2395 2442//2394 2450//2397
f 2445//2396 2450//2397 2451//2400
f 2447//2398 2442//2394 2454//2401
f 2448//2402 2446//2403 2442//2394
f 2454//2401 2455//2404 2447//2398
f 2452//2405 2455//2404 2456//2406
f 2449//2399 2456//2406 2453//2407
f 2459//2408 2455//2404 2454//2401
f 2454//2401 2457//2409 2459//2408
f 2506//2410 2461//2411 2448//2402
f 2463//2412 2462//2413 2461//2411
f 2462//2413 2466//2414 2461//2411
f 2465//2415 2466//2414 2462//2413
f 2467//2416 2465//2415 2464//2417
f 2464//2417 2469//2418 2467//2416
f 2469//2418 2464//2417 2528//2419
f 2460//2420 2448//2402 2466//2414
f 2467//2416 2460//2420 2466//2414
f 2465//2415 2467//2416 2466//2414
f 2471//2421 2472//2422 3156//2423
f 2473//2424 3157//2425 2472//2422
f 1720//1702 1689//1671 2410//2363
f 1718//1699 1721//1701 2474//2426
f 1718//1699 2474//2426 2475//2427
f 2476//2428 1718//1699 2475//2427
f 2477//2429 1720//1702 2415//2368
f 2476//2428 2478//2430 1764//2431
f 2480//2432 2420//2373 2425//2377
f 2479//2433 2498//2434 2483//2435
f 2479//2433 2481//2436 2478//2430
f 2480//2432 2425//2377 2486//2437
f 2486//2437 2425//2377 2434//2438
f 2482//2439 2486//2437 2487//2440
f 2483//2435 2487//2440 2488//2441
f 2488//2441 2484//2442 2483//2435
f 2486//2437 2434//2438 2489//2443
f 2490//2444 2484//2442 2488//2441
f 2491//2445 2484//2442 2490//2444
f 2491//2445 2485//2446 2484//2442
f 2434//2438 2440//2392 2489//2443
f 2495//2447 2490//2444 2494//2448
f 2492//2449 2495//2447 3164//2450
f 1721//1701 1720//1702 2496//2451
f 2496//2451 1720//1702 2477//2429
f 2475//2427 1721//1701 2497//2452
f 2497//2452 2496//2451 2498//2434
f 2475//2427 2479//2433 2476//2428
f 2482//2439 2420//2373 2480//2432
f 2498//2434 2482//2439 2483//2435
f 2441//2351 1695//1676 1725//1705
f 2502//2453 2499//2454 2501//2455
f 1735//1713 2500//2456 2502//2453
f 1743//1712 1736//1714 2504//2457
f 1743//1712 2504//2457 1750//2458
f 2500//2456 2503//2459 2499//2454
f 2508//2460 2506//2410 2505//2461
f 2503//2459 2507//2462 2509//2463
f 2508//2460 2505//2461 2503//2459
f 2499//2454 2503//2459 2510//2464
f 2501//2455 2510//2464 2504//2457
f 2506//2410 2444//2393 2511//2465
f 2507//2462 2511//2465 2509//2463
f 2504//2457 2513//2466 1750//2458
f 2511//2465 2451//2400 2515//2467
f 2509//2463 2515//2467 2510//2464
f 2504//2457 2512//2468 2513//2466
f 1750//2458 2513//2466 2514//2469
f 2515//2467 2453//2407 2516//2470
f 2510//2464 2516//2470 2512//2468
f 2514//2469 2513//2466 2517//2471
f 2513//2466 2518//2472 2520//2473
f 2513//2466 2520//2473 2519//2474
f 1748//1726 2521//2475 1749//1730
f 2523//2476 2522//2477 1734//1729
f 2521//2475 2523//2476 1749//1730
f 2526//2478 2508//2460 2522//2477
f 2523//2476 2526//2478 2522//2477
f 2524//2479 2527//2480 2523//2476
f 2525//2481 2528//2419 2524//2479
f 2527//2480 2461//2411 2526//2478
f 2528//2419 2464//2417 2527//2480
f 2471//2421 2469//2418 2528//2419
f 1758//1737 2530//2482 1757//1736
f 2530//2482 2521//2475 1748//1726
f 2531//2483 2530//2482 1758//1737
f 2530//2482 2534//2484 2521//2475
f 2534//2484 2530//2482 2531//2483
f 2533//2485 2531//2483 2529//2486
f 2534//2484 2528//2419 2525//2481
f 2535//2487 2536//2488 2534//2484
f 2537//2489 2535//2487 2532//2490
f 2536//2488 2471//2421 2528//2419
f 2535//2487 2538//2491 2472//2422
f 2472//2422 2471//2421 2536//2488
f 2539//2492 1763//1743 1762//2493
f 1762//2493 1764//2431 2539//2492
f 2529//2486 1758//1737 1755//1738
f 2529//2486 1755//1738 1763//1743
f 1763//1743 2539//2492 2529//2486
f 2533//2485 2529//2486 2539//2492
f 2481//2436 2540//2494 2478//2430
f 2540//2494 2533//2485 2539//2492
f 2541//2495 2532//2490 2533//2485
f 2532//2490 2541//2495 2537//2489
f 2485//2446 2541//2495 2540//2494
f 2541//2495 2538//2491 2537//2489
f 1778//1758 2517//2471 2543//2496
f 2549//2497 1778//1758 2543//2496
f 1771//2498 2544//2499 2542//2500
f 1772//1751 2542//2500 2545//2501
f 2546//2502 1773//2503 2549//2497
f 2549//2497 2543//2496 2548//2504
f 2544//2499 2547//2505 2545//2501
f 1775//1754 1750//2458 2514//2469
f 2552//2506 1779//1773 1781//1761
f 1785//1763 2553//2507 1781//1761
f 1781//1761 2553//2507 2552//2506
f 2553//2507 1785//1763 2554//2508
f 1784//2509 2554//2508 1785//1763
f 1786//1764 2556//2510 1784//2509
f 2557//2511 2556//2510 1786//1764
f 2559//2512 1789//2513 1790//1181
f 2560//2514 2559//2512 1791//2515
f 2561//2516 1791//2515 1792//1767
f 2547//2505 2561//2516 1766//1752
f 1766//1752 2545//2501 2547//2505
f 1791//2515 2561//2516 2560//2514
f 2564//2517 1794//1768 1795//1769
f 2563//2518 2564//2517 1795//1769
f 2565//2519 1793//1759 1794//1768
f 2564//2517 2565//2519 1794//1768
f 1798//1771 2566//2520 1206//1185
f 2566//2520 2563//2518 1796//2521
f 2552//2506 1799//1772 1779//1773
f 2571//2522 2569//2523 2659//2524
f 2573//2525 2570//30 2569//2523
f 2576//2526 2573//2525 2571//2522
f 2574//2527 2571//2522 2572//2528
f 2575//2529 30//31 2570//30
f 2577//2530 2575//2529 2573//2525
f 2578//2531 2576//2526 2574//2527
f 2579//2532 30//31 2575//2529
f 2580//2533 2577//2530 2576//2526
f 1891//1859 2581//1861 2582//2534
f 1892//1857 2569//2523 2583//1860
f 2583//1860 2570//30 2585//2535
f 2581//1861 2585//2535 31//2536
f 2585//2535 33//28 34//26
f 2586//2537 2582//2534 31//2536
f 31//2536 2584//25 2587//2538
f 2586//2537 2587//2538 2588//32
f 2586//2537 31//2536 2587//2538
f 2587//2538 2584//25 36//33
f 2584//25 32//27 36//33
f 1801//2539 2589//2540 41//36
f 1801//2539 2586//2537 2589//2540
f 2589//2540 2588//32 37//34
f 1805//1779 2590//41 45//43
f 1817//2541 2593//2542 1818//1791
f 1818//1791 2592//2543 1820//1792
f 1820//1792 1819//2544 1816//1788
f 2593//2542 2595//2545 2592//2543
f 2594//2546 1820//1792 2592//2543
f 2598//2547 2592//2543 2596//2548
f 2593//2542 62//64 2595//2545
f 2597//2549 2595//2545 65//67
f 2600//2550 2596//2548 2599//2551
f 2597//2549 67//71 2602//2552
f 2603//2553 2599//2551 2602//2552
f 2602//2552 67//71 2604//2554
f 1837//1806 1834//1803 2606//2555
f 2606//2555 1838//2556 2608//2557
f 1819//2544 2607//2558 2608//2557
f 1837//1806 2609//75 69//81
f 2609//75 2606//2555 2610//2559
f 2594//2546 2607//2558 1820//1792
f 2612//2560 2594//2546 2598//2547
f 2608//2557 2612//2560 2613//2561
f 2610//2559 2613//2561 2614//2562
f 2610//2559 70//77 2611//76
f 2616//2563 2612//2560 2615//2564
f 2614//2562 2613//2561 2616//2563
f 2615//2564 2612//2560 2600//2550
f 2614//2562 2617//79 70//77
f 2618//2565 2600//2550 2601//2566
f 2615//2564 2600//2550 2618//2565
f 2618//2565 2601//2566 2603//2553
f 2619//2567 71//80 2617//79
f 2616//2563 2620//2568 2621//2569
f 2621//2569 2619//2567 2617//79
f 2622//2570 2603//2553 2605//2571
f 69//81 1836//5 1837//1806
f 1871//1841 16//17 99//109
f 2624//2572 1872//1842 2623//2573
f 1873//1839 1872//1842 2624//2572
f 1874//1843 2625//2574 2626//2575
f 2630//2576 2623//2573 2629//2577
f 2627//2578 2625//2574 2630//2576
f 2627//2578 2631//2579 2626//2575
f 2628//2580 99//109 103//110
f 2629//2577 2633//2581 2634//2582
f 2635//2583 2629//2577 2634//2582
f 2636//2584 2630//2576 2635//2583
f 2631//2579 2636//2584 2637//2585
f 2638//2586 2635//2583 2634//2582
f 2636//2584 2635//2583 2638//2586
f 2634//2582 2653//2587 2639//2588
f 2638//2586 2640//2589 2636//2584
f 2636//2584 2641//2590 2637//2585
f 120//128 110//118 115//123
f 2643//2591 2639//2588 2642//2592
f 2640//2589 2643//2591 2641//2590
f 2645//2593 2644//2594 119//127
f 2623//2573 2632//2595 2633//2581
f 2628//2580 103//110 2650//2596
f 2632//2595 2628//2580 2650//2596
f 2633//2581 2651//2597 2634//2582
f 2652//2598 103//110 108//116
f 2651//2597 2650//2596 2652//2598
f 2654//2599 108//116 120//128
f 2653//2587 2654//2599 2655//2600
f 2642//2592 2639//2588 2653//2587
f 2653//2587 2655//2600 2642//2592
f 2656//2601 2654//2599 120//128
f 2642//2592 2655//2600 2656//2601
f 2656//2601 2646//2602 2647//2603
f 2648//2604 2656//2601 2647//2603
f 2658//2605 1879//1862 1876//1845
f 2660//2606 2657//2607 1879//1862
f 2660//2606 1879//1862 2658//2605
f 2661//2608 1880//2609 1881//1847
f 2659//2524 2569//2523 2657//2607
f 2661//2608 2660//2606 1880//2609
f 2664//2610 2574//2527 2662//2611
f 2663//2612 2664//2610 2661//2608
f 2665//2613 3249//2614 2664//2610
f 3249//2614 2578//2531 2664//2610
f 2657//2607 1892//1857 1890//1854
f 2699//2615 1986//1948 1985//2616
f 1988//1949 1987//1950 2666//2617
f 1985//2616 2631//2579 2667//2618
f 2668//2619 1990//1952 2666//2617
f 2672//2620 2631//2579 2637//2585
f 2701//2621 2673//2622 2674//2623
f 2667//2618 2672//2620 2673//2622
f 2674//2623 2673//2622 2678//2624
f 2679//2625 2674//2623 2678//2624
f 2675//2626 2679//2625 2680//2627
f 2682//2628 2668//2619 2681//2629
f 2677//2630 2637//2585 2641//2590
f 2680//2627 2683//2631 2688//2632
f 2679//2625 2678//2624 2680//2627
f 2676//2633 2682//2628 2685//2634
f 2687//2635 2677//2630 2686//2636
f 2688//2632 2683//2631 2687//2635
f 2684//2637 2688//2632 2692//2638
f 2682//2628 2684//2637 2689//2639
f 2685//2634 2682//2628 2689//2639
f 2694//2640 2641//2590 2643//2591
f 2691//2641 2687//2635 2690//2642
f 2689//2639 2692//2638 2693//2643
f 2694//2640 2643//2591 2649//2644
f 2690//2642 2686//2636 2694//2640
f 2691//2641 2690//2642 2695//2645
f 2692//2638 2696//2646 3336//2647
f 1987//1950 2699//2615 2700//2648
f 2701//2621 1985//2616 2667//2618
f 2700//2648 2701//2621 2702//2649
f 2700//2648 2668//2619 2666//2617
f 2702//2649 2701//2621 2674//2623
f 1997//2034 2663//2612 1881//1847
f 1997//2034 2665//2613 2663//2612
f 2087//2037 2665//2613 1997//2034
f 2087//2037 2703//2650 2665//2613
f 2703//2650 3333//2651 2665//2613
f 1957//1979 2704//2652 2029//1984
f 2706//2653 2029//1984 2704//2652
f 2707//2654 2030//1983 2705//2655
f 2708//2656 2026//1981 2707//2654
f 2706//2653 2704//2652 2709//2657
f 2707//2654 2705//2655 2706//2653
f 2709//2657 2713//2658 2706//2653
f 2706//2653 2710//2659 2707//2654
f 2711//2660 2707//2654 2710//2659
f 2712//2661 2031//1985 2708//2656
f 2711//2660 2710//2659 2713//2658
f 2712//2661 2708//2656 2715//2662
f 2709//2657 2717//2663 2713//2658
f 2718//2664 2713//2658 2716//2665
f 2714//2666 2711//2660 2718//2664
f 2719//2667 2718//2664 2716//2665
f 2720//2668 2714//2666 2719//2667
f 2715//2662 2708//2656 2720//2668
f 2717//2663 2721//2669 2716//2665
f 2719//2667 2721//2669 2722//2670
f 2720//2668 2719//2667 2722//2670
f 2039//1998 1954//1996 1953//1917
f 2725//2671 2048//1994 2037//1993
f 2038//1997 2039//1998 2726//2672
f 2726//2672 1956//1921 2727//2673
f 1958//1995 2709//2657 2704//2652
f 2038//1997 2728//2674 1958//1995
f 2726//2672 2728//2674 2038//1997
f 2727//2673 2731//2675 2726//2672
f 2730//2676 2734//2677 2729//2678
f 2737//2679 2735//2680 1974//1936
f 2737//2679 1974//1936 2049//2007
f 2053//2009 2739//2681 2740//2682
f 2740//2682 2052//2008 2053//2009
f 2741//2683 2735//2680 2737//2679
f 2742//2684 2741//2683 2737//2679
f 2743//2685 2727//2673 2735//2680
f 2744//2686 2742//2684 2738//2687
f 2739//2681 2746//2688 2745//2689
f 2747//2690 2741//2683 2742//2684
f 2749//2691 2745//2689 2746//2688
f 2747//2690 2742//2684 2744//2686
f 3392//2692 2747//2690 2744//2686
f 2067//2693 2065//2019 4218//2694
f 2079//2022 2063//2017 2753//2695
f 2754//2696 2753//2695 2067//2693
f 2756//2697 2670//2698 2676//2633
f 2755//2699 2754//2696 2757//2700
f 2758//2701 2757//2700 2754//2696
f 2756//2697 2676//2633 2685//2634
f 2757//2700 2758//2701 2762//2702
f 2759//2703 2757//2700 2762//2702
f 2780//2704 2759//2703 2763//2705
f 2760//2706 2763//2705 2764//2707
f 2758//2701 2773//2708 2768//2709
f 2769//2710 2762//2702 2768//2709
f 2764//2707 2769//2710 2787//2711
f 2765//2712 2766//2713 2756//2697
f 2765//2712 2698//2714 2771//2715
f 2765//2712 2772//2716 2766//2713
f 2774//2717 2768//2709 2773//2708
f 2770//2718 2774//2717 2775//2719
f 2776//2720 2080//2032 2079//2022
f 2778//2721 2081//2722 2776//2720
f 2777//2723 2753//2695 2755//2699
f 2776//2720 2777//2723 2780//2704
f 2781//2724 2776//2720 2780//2704
f 2782//2725 2778//2721 2781//2724
f 2781//2724 2780//2704 2760//2706
f 2783//2726 2760//2706 2784//2727
f 2786//2728 2787//2711 2788//2729
f 2788//2729 2787//2711 2789//2730
f 2787//2711 2770//2718 2790//2731
f 2787//2711 2790//2731 2791//2732
f 2789//2730 2791//2732 2792//2733
f 2793//2093 2703//2650 2087//2037
f 2105//2058 2107//2060 2794//2734
f 2794//2734 2103//2056 2102//2054
f 2794//2734 2102//2054 2795//2735
f 2101//2059 2105//2058 2795//2735
f 2796//2736 2101//2059 2795//2735
f 2798//2737 2102//2054 2797//2738
f 2796//2736 2795//2735 2798//2737
f 2106//2055 2712//2661 2800//2739
f 2797//2738 2102//2054 2800//2739
f 2799//2740 2796//2736 2801//2741
f 2802//2742 2798//2737 2797//2738
f 2803//2743 2801//2741 2802//2742
f 2712//2661 2715//2662 2804//2744
f 2805//2745 2797//2738 2800//2739
f 2803//2743 2802//2742 2805//2745
f 2800//2739 2804//2744 2806//2746
f 2809//2747 2800//2739 2806//2746
f 2810//2748 2805//2745 2809//2747
f 2812//2749 2114//2750 2113//2066
f 2112//2065 2814//2751 2811//2752
f 2113//2066 2813//2753 2812//2749
f 2815//2754 2725//2671 2037//1993
f 2816//2755 2811//2752 2814//2751
f 2812//2749 2813//2753 2817//2756
f 2817//2756 2814//2751 2812//2749
f 2818//2757 2799//2740 2803//2743
f 2813//2753 2818//2757 2817//2756
f 2808//2758 2803//2743 2807//2759
f 2818//2757 2808//2758 2820//2760
f 2821//2761 2815//2754 2817//2756
f 2823//2762 2808//2758 2807//2759
f 2823//2762 2820//2760 2808//2758
f 2725//2671 2815//2754 2746//2688
f 2746//2688 2819//2763 2749//2691
f 2779//2764 2078//2030 2778//2721
f 2136//2765 2779//2764 2824//2766
f 2136//2765 2824//2766 2825//2767
f 2137//2768 2126//2081 2825//2767
f 2827//2769 2137//2768 2826//2770
f 2827//2769 2138//2092 2139//2089
f 2826//2770 2137//2768 2825//2767
f 2827//2769 2826//2770 2829//2771
f 2138//2092 2829//2771 2830//2772
f 2828//2773 2830//2772 2832//2774
f 2832//2774 2831//2775 2833//2776
f 2779//2764 2782//2725 2783//2726
f 2824//2766 2834//2777 2835//2778
f 2824//2766 2779//2764 2783//2726
f 2836//2779 2824//2766 2835//2778
f 2837//2780 2825//2767 2836//2779
f 2826//2770 2837//2780 2838//2781
f 2829//2771 2838//2781 2831//2775
f 2834//2777 2784//2727 2839//2782
f 2841//2783 2835//2778 2840//2784
f 2838//2781 2841//2783 2842//2785
f 2833//2776 2842//2785 2843//2786
f 2839//2782 2786//2728 2845//2787
f 2841//2783 2845//2787 2846//2788
f 2845//2787 2786//2728 2788//2729
f 2845//2787 2788//2729 2789//2730
f 2847//2789 2845//2787 2789//2730
f 2848//2790 2845//2787 2847//2789
f 2849//2791 2842//2785 2848//2790
f 2850//2792 2844//2793 2849//2791
f 2852//2794 2849//2791 2851//2795
f 2853//2796 2847//2789 2789//2730
f 2142//2121 2855//2797 2856//2798
f 2858//2799 2855//2797 2857//2800
f 2856//2798 2858//2799 2859//2801
f 2861//2802 2858//2799 2860//2803
f 2862//2804 2173//2120 2828//2773
f 2855//2797 2142//2121 2171//2119
f 2855//2797 2171//2119 2862//2804
f 2142//2121 2856//2798 2863//2805
f 2174//2123 2863//2805 2864//2806
f 2832//2774 2833//2776 2866//2807
f 2862//2804 2857//2800 2855//2797
f 2857//2800 2828//2773 2832//2774
f 2863//2805 2859//2801 2867//2808
f 2863//2805 2867//2808 2868//2809
f 2175//2124 2864//2806 2869//2810
f 2176//2125 2175//2124 2869//2810
f 2866//2807 2833//2776 2871//2811
f 2857//2800 2860//2803 2858//2799
f 2857//2800 2866//2807 2860//2803
f 2867//2808 2861//2802 2872//2812
f 2868//2809 2867//2808 2872//2812
f 2874//2813 2864//2806 2873//2814
f 2871//2811 2875//2815 2860//2803
f 2876//2816 2860//2803 2875//2815
f 2868//2809 2876//2816 2877//2817
f 2873//2814 2868//2809 2877//2817
f 2176//2125 2874//2813 2878//2818
f 2871//2811 2844//2793 2880//2819
f 2875//2815 2880//2819 2881//2820
f 2876//2816 2881//2820 2882//2821
f 2878//2818 2874//2813 2883//2822
f 2880//2819 2879//2823 2892//2824
f 2881//2820 2892//2824 2885//2825
f 2886//2826 2881//2820 2885//2825
f 2887//2827 2882//2821 2886//2826
f 2887//2827 2886//2826 2888//2828
f 2888//2828 2877//2817 2887//2827
f 2889//2829 2873//2814 2888//2828
f 2890//2830 2878//2818 2883//2822
f 2884//2831 2890//2830 2891//2832
f 2850//2792 2852//2794 2892//2824
f 2886//2826 2885//2825 2893//2833
f 2894//2834 2886//2826 2893//2833
f 2889//2829 2888//2828 2894//2834
f 2895//2835 2883//2822 2889//2829
f 2891//2832 2895//2835 2896//2836
f 2899//2837 2894//2834 2898//2838
f 2900//2839 2889//2829 2899//2837
f 2901//2840 2895//2835 2900//2839
f 3564//2841 2854//2842 2793//2093
f 2203//2153 2169//2126 2865//2843
f 2203//2153 2865//2843 2902//2844
f 2903//2845 2204//2152 2902//2844
f 2904//2846 2205//2154 2903//2845
f 2902//2844 2905//2847 2906//2848
f 2903//2845 2902//2844 2906//2848
f 2908//2849 2903//2845 2906//2848
f 2907//2850 2870//2851 2884//2831
f 2908//2849 2906//2848 2910//2852
f 2911//2853 2884//2831 2891//2832
f 2909//2854 2907//2850 2911//2853
f 2910//2852 2909//2854 2912//2855
f 2913//2856 2908//2849 2910//2852
f 2911//2853 2891//2832 2896//2836
f 2914//2857 2909//2854 2911//2853
f 2912//2855 2909//2854 2914//2857
f 2913//2856 2910//2852 2915//2858
f 2916//2859 2896//2836 2901//2840
f 2912//2855 2914//2857 2917//2860
f 2915//2858 2912//2855 2917//2860
f 2920//2861 2913//2856 2918//2862
f 2210//2159 3564//2841 2793//2093
f 2928//2863 2925//2864 2927//2865
f 2924//2866 2928//2863 2927//2865
f 2927//2865 2930//2867 2932//2868
f 2927//2865 2932//2868 2933//2869
f 2936//2870 2934//2871 2935//2872
f 2936//2870 2935//2872 2937//2873
f 2936//2870 2925//2864 2929//2874
f 2925//2864 2936//2870 2937//2873
f 2934//2871 2939//2875 2942//2876
f 2941//2877 2940//2878 2934//2871
f 2935//2872 2934//2871 2943//2879
f 2952//2880 2941//2877 2934//2871
f 2952//2880 2934//2871 2936//2870
f 2937//2873 2943//2879 2944//2881
f 2948//2882 2946//2883 2217//2165
f 2949//2884 2921//2885 2947//2886
f 2946//2883 2949//2884 2947//2886
f 2948//2882 2950//2887 2946//2883
f 2949//2884 2931//2888 2926//2889
f 2950//2887 2951//2890 2949//2884
f 2951//2890 2929//2874 2931//2888
f 2953//2891 2952//2880 2929//2874
f 2219//2171 2948//2882 2217//2165
f 2955//2892 2222//2172 2221//2195
f 2219//2171 2956//2893 2948//2882
f 2957//2894 2219//2171 2222//2172
f 2955//2892 2957//2894 2222//2172
f 2955//2892 2972//2895 2957//2894
f 2959//2896 2956//2893 2957//2894
f 2959//2896 2957//2894 2972//2895
f 2958//2897 2951//2890 2950//2887
f 2958//2897 2953//2891 2951//2890
f 2960//2898 2953//2891 2958//2897
f 2961//2899 2960//2898 2959//2896
f 2960//2898 2962//2900 2953//2891
f 2244//2901 2200//2151 2205//2154
f 2964//2902 2236//2187 2244//2901
f 2965//2903 2237//2189 2964//2902
f 2967//2904 2238//2190 2965//2903
f 2966//2905 2245//2194 2241//2193
f 2964//2902 2904//2846 2968//2906
f 2969//2907 2964//2902 2968//2906
f 2970//2908 2965//2903 2969//2907
f 2971//2909 2965//2903 2970//2908
f 2971//2909 2974//2910 2966//2905
f 2245//2194 2974//2910 2972//2895
f 2973//2911 2904//2846 2908//2849
f 2968//2906 2975//2912 2969//2907
f 2977//2913 2971//2909 2970//2908
f 2977//2913 2969//2907 2975//2912
f 2979//2914 2972//2895 2974//2910
f 2978//2915 2974//2910 2977//2913
f 2979//2914 2961//2899 2972//2895
f 2973//2911 2913//2856 2980//2916
f 2961//2899 2959//2896 2972//2895
f 2919//2917 2913//2856 2920//2861
f 2980//2916 2982//2918 2978//2915
f 2980//2916 2919//2917 2982//2918
f 2982//2918 2981//2919 2978//2915
f 2981//2919 2961//2899 2979//2914
f 3627//2920 2210//2159 2249//2199
f 2266//2921 2257//2207 2264//2922
f 2921//2885 2265//2211 2263//2213
f 2264//2922 2984//2923 2985//2924
f 2264//2922 2985//2924 2266//2921
f 2923//2925 2984//2923 2921//2885
f 2921//2885 2922//2926 2923//2925
f 2984//2923 2924//2866 2985//2924
f 2986//2300 2987//2927 2988//2928
f 2266//2921 2933//2869 2987//2927
f 2988//2928 2987//2927 2989//2929
f 2988//2928 2989//2929 3018//2930
f 2987//2927 2933//2869 2991//2931
f 2987//2927 2991//2931 2989//2929
f 2947//2886 2263//2213 2276//2221
f 2947//2886 2276//2221 2216//2167
f 2921//2885 2263//2213 2947//2886
f 2288//2236 2994//2239 2285//2237
f 2994//2239 2288//2236 2992//2932
f 2274//2220 2992//2932 2288//2236
f 2996//2933 2993//2238 2994//2239
f 2996//2933 2995//2934 2993//2238
f 2992//2932 2997//2935 2994//2239
f 2315//2936 2286//2234 3000//2937
f 2322//2273 2316//2264 3001//2938
f 3002//2939 2318//2267 2324//2275
f 2325//2269 3002//2939 3003//2940
f 3004//2941 2322//2273 3001//2938
f 3000//2937 3001//2938 2315//2936
f 3005//2942 2323//2274 3004//2941
f 3003//2940 3002//2939 3006//2943
f 3007//2944 3001//2938 3000//2937
f 3009//2945 3006//2943 3005//2942
f 3004//2941 3001//2938 3008//2946
f 2999//2947 2995//2934 2998//2948
f 3010//2949 3007//2944 2999//2947
f 3010//2949 3004//2941 3008//2946
f 3011//2950 3005//2942 3004//2941
f 3011//2950 3010//2949 3012//2951
f 2321//2272 2326//2276 3013//2952
f 2326//2276 3006//2943 3014//2953
f 3013//2952 2326//2276 3014//2953
f 3015//2954 3014//2953 3009//2945
f 3016//2955 3009//2945 3011//2950
f 3016//2955 3011//2950 3017//2956
f 3039//2957 3019//2958 3020//2959
f 3018//2930 2990//2960 3019//2958
f 3021//2961 3019//2958 2990//2960
f 2274//2220 2275//2962 2992//2932
f 3023//2963 2992//2932 2275//2962
f 2347//2964 2331//2279 2986//2300
f 3024//2965 2332//2277 2347//2964
f 2355//2305 3024//2965 3025//2966
f 3022//2967 3023//2963 2275//2962
f 3026//2968 3022//2967 3027//2969
f 3027//2969 2353//2298 2356//2304
f 2353//2298 3027//2969 2352//2301
f 3028//2970 3024//2965 2347//2964
f 3029//2971 3025//2966 3028//2970
f 3027//2969 2356//2304 3029//2971
f 3030//2972 3029//2971 3028//2970
f 3031//2973 3023//2963 3026//2968
f 3032//2974 2347//2964 2986//2300
f 3034//2975 3027//2969 3082//2976
f 3036//2977 3032//2974 2988//2928
f 3046//2978 3035//2979 3037//2980
f 3039//2957 3036//2977 2988//2928
f 2988//2928 3018//2930 3039//2957
f 3023//2963 3041//2981 2992//2932
f 3041//2981 3023//2963 3031//2973
f 2998//2948 2996//2933 3042//2982
f 3041//2981 3031//2973 3043//2983
f 3042//2982 2997//2935 3043//2983
f 3045//2984 3042//2982 3043//2983
f 3035//2979 3043//2983 3031//2973
f 3045//2984 3043//2983 3035//2979
f 3045//2984 3035//2979 3046//2978
f 3047//2985 3044//2986 3045//2984
f 3050//2987 3045//2984 3046//2978
f 3049//2988 3045//2984 3050//2987
f 3052//2989 3049//2988 3050//2987
f 3053//2990 3049//2988 3052//2989
f 3054//2991 2999//2947 3044//2986
f 3055//2992 3012//2951 3010//2949
f 3017//2956 3055//2992 3057//2993
f 3054//2991 3044//2986 3047//2985
f 3058//2994 3057//2993 3055//2992
f 3058//2994 3054//2991 3059//2995
f 3059//2995 3047//2985 3048//2996
f 3063//2997 3058//2994 3059//2995
f 3061//2998 3058//2994 3063//2997
f 3062//2999 3057//2993 3061//2998
f 3062//2999 3061//2998 3123//3000
f 3063//2997 3059//2995 3051//3001
f 3063//2997 3051//3001 3053//2990
f 2397//2347 2321//2272 3013//2952
f 2399//2349 2395//2348 3064//3002
f 3065//3003 3064//3002 3069//3004
f 3066//3005 2399//2349 3064//3002
f 2398//2345 3067//3006 3068//3007
f 3064//3002 3068//3007 3069//3004
f 3067//3006 3013//2952 3015//2954
f 3072//3008 3069//3004 3074//3009
f 3075//3010 3072//3008 3074//3009
f 3073//3011 3017//2956 3057//2993
f 3060//3012 3073//3011 3057//2993
f 3074//3009 3073//3011 3056//3013
f 3075//3010 3056//3013 3119//3014
f 3056//3013 3060//3012 3062//2999
f 3077//3015 2327//2352 2441//2351
f 3077//3015 3076//3016 2327//2352
f 3079//3017 3020//2959 3021//2961
f 3080//3018 3078//3019 3020//2959
f 3081//3020 3080//3018 3079//3017
f 3083//3021 3030//2972 3032//2974
f 3082//2976 3030//2972 3084//3022
f 3089//3023 3038//3024 3034//2975
f 3085//3025 3083//3021 3090//3026
f 3091//3027 3034//2975 3085//3025
f 3093//3028 3090//3026 3092//3029
f 3094//3030 3091//3027 3093//3028
f 3095//3031 3094//3030 3093//3028
f 3097//3032 3092//3029 3096//3033
f 3095//3031 3093//3028 3097//3032
f 3100//3034 3095//3031 3099//3035
f 3100//3034 3098//3036 3095//3031
f 3086//3037 3096//3033 3101//3038
f 3087//3039 3099//3035 3086//3037
f 3087//3039 3100//3034 3099//3035
f 3040//3040 3037//2980 3089//3023
f 3092//3029 3036//2977 3103//3041
f 3102//3042 3089//3023 3094//3030
f 3098//3036 3102//3042 3094//3030
f 3103//3041 3039//2957 3104//3043
f 3105//3044 3106//3045 3100//3034
f 3098//3036 3108//3046 3102//3042
f 3106//3045 3115//3047 3109//3048
f 3155//3049 3111//3050 3110//3051
f 3052//2989 3050//2987 3112//3052
f 3112//3052 3040//3040 3102//3042
f 3115//3047 3113//3053 3108//3046
f 3114//3054 3113//3053 3115//3047
f 3160//3055 3117//3056 3120//3057
f 3118//3058 3119//3014 3120//3057
f 3120//3057 3121//3059 3122//3060
f 3162//3061 3122//3060 3111//3050
f 3119//3014 3062//2999 3120//3057
f 3120//3057 3123//3000 3121//3059
f 3122//3060 3124//3062 3111//3050
f 3123//3000 3063//2997 3124//3062
f 3124//3062 3053//2990 3116//3063
f 2436//2388 3066//3005 3125//3064
f 3127//3065 2439//2391 2438//2390
f 2440//2392 2439//2391 3128//3066
f 3130//3067 3066//3005 3065//3003
f 3125//3064 3129//3068 3126//3069
f 3131//3070 3126//3069 3133//3071
f 3127//3065 2438//2390 3131//3070
f 3126//3069 3132//3072 3133//3071
f 3132//3072 3075//3010 3118//3058
f 3117//3056 3118//3058 3120//3057
f 3133//3071 3118//3058 3117//3056
f 3135//3073 3134//3074 3080//3018
f 3688//3075 3135//3073 3081//3020
f 3136//3076 3135//3073 3688//3075
f 3138//3077 2457//2409 2458//3078
f 3137//3079 2459//2408 2457//2409
f 2456//2406 3139//3080 3140//3081
f 2516//2470 3140//3081 2518//2472
f 2457//2409 3141//3082 3142//3083
f 3138//3077 3141//3082 2457//2409
f 3139//3080 3142//3083 3140//3081
f 3141//3082 3086//3037 3143//3084
f 3141//3082 3088//3085 3087//3039
f 3142//3083 3143//3084 3144//3086
f 3140//3081 3144//3086 3145//3087
f 3143//3084 3086//3037 3101//3038
f 3145//3087 3101//3038 3146//3088
f 3101//3038 3103//3041 3146//3088
f 3146//3088 3104//3043 3148//3089
f 3149//3090 3148//3089 3104//3043
f 3150//3091 3148//3089 3149//3090
f 3134//3074 3078//3019 3080//3018
f 3104//3043 3078//3019 3134//3074
f 3136//3076 3150//3091 3134//3074
f 3136//3076 3134//3074 3135//3073
f 3151//3092 2468//3093 2467//2416
f 3151//3092 2467//2416 2469//2418
f 2469//2418 2470//3094 3151//3092
f 3138//3077 2460//2420 3088//3085
f 3153//3095 2460//2420 2468//3093
f 3151//3092 3152//3096 3153//3095
f 3105//3044 3088//3085 2460//2420
f 3154//3097 3153//3095 3152//3096
f 3107//3098 3155//3049 3110//3051
f 3154//3097 3155//3049 3107//3098
f 3157//2425 3156//2423 2472//2422
f 3152//3096 2470//3094 3156//2423
f 3157//2425 3159//3099 3161//3100
f 3160//3055 3162//3061 3158//3101
f 3152//3096 3161//3100 3154//3097
f 3159//3099 3162//3061 3161//3100
f 3160//3055 3122//3060 3162//3061
f 3155//3049 3154//3097 3161//3100
f 3162//3061 3111//3050 3155//3049
f 3163//3102 3128//3066 3127//3065
f 2489//2443 3128//3066 3163//3102
f 2490//2444 2493//3103 2494//2448
f 2495//2447 3158//3101 3164//2450
f 3165//3104 3131//3070 3117//3056
f 3165//3104 3127//3065 3131//3070
f 3166//3105 3163//3102 3165//3104
f 3166//3105 3165//3104 3160//3055
f 2494//2448 2493//3103 3166//3105
f 2495//2447 3166//3105 3158//3101
f 3165//3104 3117//3056 3160//3055
f 3167//3106 2441//2351 1726//1744
f 3167//3106 3077//3015 2441//2351
f 3169//3107 3713//3108 3187//3109
f 2517//2471 2519//2474 2548//2504
f 2518//2472 3145//3087 2520//2473
f 2519//2474 2520//2473 3172//3110
f 3175//3111 3147//3112 3148//3089
f 3176//3113 3174//3114 3175//3111
f 3177//3115 3176//3113 3175//3111
f 3177//3115 3178//3116 3169//3107
f 3181//3117 3743//3118 3182//3119
f 3183//3120 3184//3121 3185//3122
f 3184//3121 3187//3109 3188//3123
f 3187//3109 3729//3124 3181//3117
f 3188//3123 3187//3109 3181//3117
f 3188//3123 3181//3117 3221//3125
f 2549//2497 2548//2504 3193//3126
f 3191//3127 2546//2502 2549//2497
f 2550//3128 2546//2502 3191//3127
f 3189//3129 2547//2505 2544//2499
f 3192//3130 3189//3129 2550//3128
f 3193//3126 2548//2504 3173//3131
f 3191//3127 3192//3130 2550//3128
f 3196//3132 3192//3130 3191//3127
f 3197//3133 3192//3130 3196//3132
f 3197//3133 3195//3134 3192//3130
f 3194//3135 3176//3113 3198//3136
f 3199//3137 3197//3133 3196//3132
f 3195//3134 3199//3137 3183//3120
f 3177//3115 3169//3107 3200//3138
f 3198//3136 3177//3115 3200//3138
f 3184//3121 3201//3139 3186//3140
f 3201//3139 3199//3137 3196//3132
f 3200//3138 3169//3107 3186//3140
f 2555//3141 3204//3142 2553//2507
f 3206//3143 3205//3144 3204//3142
f 3207//3145 3205//3144 3206//3143
f 2556//2510 3209//3146 2554//2508
f 3209//3146 3206//3143 2555//3141
f 3213//3147 3209//3146 3210//3148
f 3214//3149 3206//3143 3209//3146
f 2558//3150 3215//3151 2557//2511
f 3216//3152 2556//2510 3215//3151
f 3219//3153 3217//3154 3222//3155
f 3219//3153 3216//3152 3227//3156
f 3218//3157 3209//3146 3216//3152
f 3216//3152 3219//3153 3218//3157
f 3221//3125 3182//3119 3220//3158
f 3217//3154 3221//3125 3222//3155
f 3222//3155 3218//3157 3219//3153
f 3218//3157 3222//3155 3213//3147
f 3223//3159 2560//2514 2561//2516
f 3223//3159 3224//3160 2560//2514
f 3224//3160 2558//3150 2559//2512
f 3227//3156 3215//3151 3224//3160
f 3224//3160 3226//3161 3227//3156
f 3183//3120 3225//3162 3195//3134
f 3228//3163 3227//3156 3226//3161
f 3228//3163 3225//3162 3183//3120
f 3229//3164 3217//3154 3183//3120
f 3229//3164 3185//3122 3188//3123
f 3217//3154 3219//3153 3228//3163
f 3190//3165 2561//2516 2547//2505
f 2547//2505 3189//3129 3190//3165
f 3195//3134 3223//3159 3190//3165
f 3190//3165 3192//3130 3195//3134
f 3232//3166 2562//3167 1793//1759
f 3230//3168 3231//3169 2564//2517
f 3203//3170 3202//3171 2565//2519
f 3234//3172 2565//2519 3231//3169
f 2566//2520 3230//3168 2563//2518
f 1798//1771 3235//3173 2566//2520
f 3236//3174 3230//3168 3235//3173
f 3237//3175 3235//3173 2567//3176
f 3234//3172 3231//3169 3236//3174
f 3239//3177 3234//3172 3236//3174
f 3239//3177 3240//3178 3777//3179
f 3240//3178 3237//3175 3238//3180
f 3244//3181 2568//3182 1797//1770
f 3241//3183 2567//3176 2568//3182
f 3243//3184 3241//3183 3245//3185
f 3240//3178 3238//3180 3241//3183
f 3241//3183 3243//3184 3240//3178
f 3241//3183 2568//3182 3244//3181
f 3204//3142 3205//3144 3244//3181
f 3247//3186 121//130 2579//2532
f 3248//3187 3247//3186 2580//2533
f 2578//2531 3248//3187 2580//2533
f 3250//3188 124//133 3247//3186
f 3251//3189 3250//3188 3248//3187
f 3251//3189 126//132 3250//3188
f 3249//2614 3252//3190 3251//3189
f 3252//3190 129//135 3251//3189
f 2604//2554 67//71 68//72
f 2605//2571 2604//2554 3254//3191
f 3255//3192 2621//2569 2620//2568
f 3259//3193 3254//3191 3258//3194
f 3256//3195 2622//2570 3259//3193
f 3260//3196 3256//3195 3259//3193
f 3261//3197 68//72 141//3198
f 3258//3194 2604//2554 3261//3197
f 3257//3199 2621//2569 3262//3200
f 3263//3201 3259//3193 3258//3194
f 3270//3202 3256//3195 3260//3196
f 3258//3194 3261//3197 3265//3203
f 3255//3192 3270//3202 3268//3204
f 3269//3205 3258//3194 3267//3206
f 3270//3202 3263//3201 3269//3205
f 3267//3206 3265//3203 3271//3207
f 3271//3207 3269//3205 3267//3206
f 3272//3208 3270//3202 3271//3207
f 3272//3208 3268//3204 3270//3202
f 3275//3209 3265//3203 3273//3210
f 3268//3204 3272//3208 3276//3211
f 3274//3212 3266//3213 3276//3211
f 3277//3214 3271//3207 3275//3209
f 3278//3215 3261//3197 141//3198
f 3273//3210 3265//3203 3278//3215
f 3279//3216 3277//3214 3275//3209
f 3276//3211 3272//3208 3279//3216
f 3278//3215 141//3198 146//146
f 3274//3212 3276//3211 3281//3217
f 3282//3218 3279//3216 3280//3219
f 3283//3220 3279//3216 3282//3218
f 3284//3221 3276//3211 3283//3220
f 3284//3221 3281//3217 3276//3211
f 3285//3222 3283//3220 3282//3218
f 71//80 2619//2567 150//3223
f 3257//3199 3262//3200 150//3223
f 3286//3224 149//149 150//3223
f 3264//3225 3287//3226 3286//3224
f 3274//3212 3264//3225 3262//3200
f 3286//3224 3287//3226 3290//3227
f 3291//3228 3289//156 155//154
f 3290//3227 3291//3228 155//154
f 3296//3229 119//127 174//168
f 3292//3230 2646//2602 2644//2594
f 3293//3231 2647//2603 3292//3230
f 3294//3232 2648//2604 3293//3231
f 3295//3233 174//168 173//167
f 3296//3229 174//168 3295//3233
f 3292//3230 2644//2594 2645//2593
f 3297//3234 3293//3231 3303//3235
f 3299//3236 3294//3232 3297//3234
f 3295//3233 173//167 180//175
f 3301//3237 3295//3233 3300//3238
f 3302//3239 3296//3229 3295//3233
f 3292//3230 3296//3229 3302//3239
f 3297//3234 3303//3235 3298//3240
f 3299//3236 3298//3240 3304//3241
f 3300//3238 180//175 185//3242
f 3302//3239 3301//3237 3305//3243
f 3302//3239 3305//3243 3306//3244
f 3303//3235 3306//3244 3307//3245
f 3298//3240 3307//3245 3308//3246
f 3300//3238 187//183 3309//3247
f 3301//3237 3309//3247 3310//3248
f 3305//3243 3310//3248 3311//3249
f 3312//3250 3305//3243 3311//3249
f 3306//3244 3312//3250 3313//3251
f 3314//3252 3307//3245 3313//3251
f 3308//3246 3314//3252 3315//3253
f 3315//3253 3314//3252 3316//3254
f 193//188 187//183 191//184
f 3310//3248 193//188 194//3255
f 3312//3250 3311//3249 3317//3256
f 3313//3251 3317//3256 3318//3257
f 3313//3251 3318//3257 3319//3258
f 3320//3259 3313//3251 3319//3258
f 3314//3252 3313//3251 3320//3259
f 3314//3252 3320//3259 3321//3260
f 3316//3254 3314//3252 3321//3260
f 3315//3253 3316//3254 3322//3261
f 3311//3249 3323//3262 3324//3263
f 3320//3259 3319//3258 3325//3264
f 3321//3260 3320//3259 3325//3264
f 3316//3254 3321//3260 3326//3265
f 3327//3266 194//3255 196//189
f 3323//3262 194//3255 3327//3266
f 3319//3258 3318//3257 3329//3267
f 3325//3264 3329//3267 3330//3268
f 3331//3269 3321//3260 3330//3268
f 3322//3261 3326//3265 3331//3269
f 3333//2651 3249//2614 2665//2613
f 3334//3270 3333//2651 2703//2650
f 2694//2640 2649//2644 3299//3236
f 2695//2645 2690//2642 2694//2640
f 3338//3271 2694//2640 3299//3236
f 3339//3272 2694//2640 3338//3271
f 3340//3273 2695//2645 3339//3272
f 3335//3274 3342//3275 3343//3276
f 3308//3246 3338//3271 3304//3241
f 3338//3271 3308//3246 3344//3277
f 3345//3278 3339//3272 3344//3277
f 3346//3279 3340//3273 3345//3278
f 3347//3280 3343//3276 3346//3279
f 3341//3281 3347//3280 3348//3282
f 3308//3246 3315//3253 3344//3277
f 3345//3278 3344//3277 3349//3283
f 3347//3280 3350//3284 3351//3285
f 3352//3286 3347//3280 3351//3285
f 3332//3287 3315//3253 3322//3261
f 3345//3278 3349//3283 3354//3288
f 3355//3289 3345//3278 3354//3288
f 3356//3290 3350//3284 3355//3289
f 3357//3291 3351//3285 3356//3290
f 3358//3292 3352//3286 3357//3291
f 3357//3291 3356//3290 3360//3293
f 3332//3287 3361//3294 3353//3295
f 3349//3283 3361//3294 3359//3296
f 3354//3288 3359//3296 3362//3297
f 3363//3298 3360//3293 3362//3297
f 3364//3299 3360//3293 3363//3298
f 3365//3300 3357//3291 3364//3299
f 2717//2663 2723//3301 2721//2669
f 2720//2668 2724//3302 3366//3303
f 3368//3304 2723//3301 3367//3305
f 3369//3306 3366//3303 3368//3304
f 3367//3305 3372//3307 3368//3304
f 3369//3306 3368//3304 3372//3307
f 3369//3306 3372//3307 3374//3308
f 3375//3309 3372//3307 3370//3310
f 3390//3311 3375//3309 3373//3312
f 2732//3313 2723//3301 2717//2663
f 3378//3314 3379//3315 2734//2677
f 2734//2677 3371//3316 2732//3313
f 3379//3315 3381//3317 2734//2677
f 3378//3314 3381//3317 3379//3315
f 3380//3318 3382//3319 3378//3314
f 3381//3317 3373//3312 3371//3316
f 3385//3320 3383//3321 3381//3317
f 3385//3320 3381//3317 3382//3319
f 3382//3319 3384//3322 3388//3323
f 3386//3324 3373//3312 3383//3321
f 3387//3325 3383//3321 3385//3320
f 3385//3320 3388//3323 3387//3325
f 3388//3323 3385//3320 3382//3319
f 3391//3326 3390//3311 3386//3324
f 3396//3327 2750//3328 3392//2692
f 3397//3329 3392//2692 3393//3330
f 3400//3331 3380//3318 2750//3328
f 3396//3327 3400//3331 2750//3328
f 3401//3332 3396//3327 3397//3329
f 3402//3333 3397//3329 3398//3334
f 3403//3335 3389//3336 3384//3322
f 3404//3337 3401//3332 3402//3333
f 3404//3337 3951//3338 3403//3335
f 3952//3339 3404//3337 3402//3333
f 3952//3339 3402//3333 3405//3340
f 3408//3341 2774//2717 2773//2708
f 2771//2715 2698//2714 3337//3342
f 2765//2712 3409//3343 2772//2716
f 2771//2715 3348//3282 3410//3344
f 3411//3345 3412//3346 3406//3347
f 3407//3348 3408//3341 3414//3349
f 3416//3350 3413//3351 3415//3352
f 3412//3346 3417//3353 3421//3354
f 3394//3355 3399//3356 3418//3357
f 3410//3344 3348//3282 3352//3286
f 3409//3343 3410//3344 3423//3358
f 3422//3359 3414//3349 3419//3360
f 3423//3358 3352//3286 3358//3292
f 3423//3358 3424//3361 3417//3353
f 3424//3361 3423//3358 3365//3300
f 3405//3340 3402//3333 3420//3362
f 3425//3363 3420//3362 3421//3354
f 2790//2731 2770//2718 2775//2719
f 2790//2731 2775//2719 3413//3351
f 3426//3364 3413//3351 3416//3350
f 3427//3365 2791//2732 3426//3364
f 3428//3366 3415//3352 3422//3359
f 3429//3367 2703//2650 2793//2093
f 3430//3368 2703//2650 3429//3367
f 3431//3369 2810//2748 2809//2747
f 2715//2662 2720//2668 3369//3306
f 3432//3370 2809//2747 2806//2746
f 3434//3371 2806//2746 3433//3372
f 3432//3370 3434//3371 3435//3373
f 3437//3374 3434//3371 3436//3375
f 3433//3372 3438//3376 3436//3375
f 3436//3375 3438//3376 3962//3377
f 3436//3375 3962//3377 3437//3374
f 3440//3378 2821//2761 2822//3379
f 2820//2760 2823//2762 2822//3379
f 3441//3380 2807//2759 3431//3369
f 2819//2763 3443//3381 3447//3382
f 3443//3381 2819//2763 2821//2761
f 3444//3383 3447//3382 3443//3381
f 3445//3384 3440//3378 3442//3385
f 3443//3381 3445//3384 3446//3386
f 3395//3387 3448//3388 3399//3356
f 3399//3356 2752//3389 3395//3387
f 3395//3387 3447//3382 3448//3388
f 3450//3390 3444//3383 3443//3381
f 3450//3390 3443//3381 3446//3386
f 3448//3388 3451//3391 3399//3356
f 3452//3392 3444//3383 3450//3390
f 3456//3393 3450//3390 3446//3386
f 3457//3394 3454//3395 3458//3396
f 3458//3396 3455//3397 3456//3393
f 3459//3398 3457//3394 3458//3396
f 3418//3357 3399//3356 3449//3399
f 3461//3400 3449//3399 3453//3401
f 3462//3402 3419//3360 3461//3400
f 3462//3402 3422//3359 3419//3360
f 3462//3402 3460//3403 3422//3359
f 3463//3404 3461//3400 3453//3401
f 3464//3405 3461//3400 3463//3404
f 3464//3405 3460//3403 3462//3402
f 3463//3404 3453//3401 3457//3394
f 3468//3406 3457//3394 3459//3398
f 3466//3407 3463//3404 3468//3406
f 3471//3408 3465//3409 3467//3410
f 3469//3411 3468//3406 3459//3398
f 3470//3412 3468//3406 3469//3411
f 3471//3408 3468//3406 3470//3412
f 2853//2796 2789//2730 2792//2733
f 2851//2795 2848//2790 2853//2796
f 3472//3413 2851//2795 3473//3414
f 3473//3414 2853//2796 3476//3415
f 3474//3416 2792//2733 3427//3365
f 3475//3417 2792//2733 3474//3416
f 3476//3415 2853//2796 3475//3417
f 3546//3418 3473//3414 3477//3419
f 3474//3416 3427//3365 3426//3364
f 3479//3420 3477//3419 3478//3421
f 3480//3422 3426//3364 3428//3366
f 3481//3423 3474//3416 3480//3422
f 3482//3424 3476//3415 3481//3423
f 3483//3425 3478//3421 3482//3424
f 3484//3426 3428//3366 3460//3403
f 3485//3427 3480//3422 3484//3426
f 3486//3428 3485//3427 3484//3426
f 3488//3429 3485//3427 3487//3430
f 3488//3429 3481//3423 3485//3427
f 3484//3426 3460//3403 3486//3428
f 3465//3409 3486//3428 3460//3403
f 3489//3431 3487//3430 3465//3409
f 3488//3429 3487//3430 3490//3432
f 3490//3432 3489//3431 3563//3433
f 3488//3429 3490//3432 3563//3433
f 3563//3433 3489//3431 3491//3434
f 3492//3435 3431//3369 3432//3370
f 3494//3436 3492//3435 3432//3370
f 3495//3437 3435//3373 3496//3438
f 3435//3373 3434//3371 3498//3439
f 3497//3440 3498//3439 3499//3441
f 3500//3442 3501//3443 3503//3444
f 3500//3442 3498//3439 3501//3443
f 3500//3442 3503//3444 3502//3445
f 3503//3444 3437//3374 3439//3446
f 3504//3447 3502//3445 3503//3444
f 3505//3448 3431//3369 3492//3435
f 3442//3385 3441//3380 3505//3448
f 3493//3449 3505//3448 3492//3435
f 3506//3450 3493//3449 3494//3436
f 3507//3451 3494//3436 3495//3437
f 3506//3450 3507//3451 3509//3452
f 3510//3453 3507//3451 3508//3454
f 3511//3455 3496//3438 3497//3440
f 3513//3456 3445//3384 3509//3452
f 3514//3457 3509//3452 3510//3453
f 3515//3458 3510//3453 3511//3455
f 3514//3457 3510//3453 3515//3458
f 3512//3459 3497//3440 3499//3441
f 3515//3458 3511//3455 3512//3459
f 3518//3460 3512//3459 3517//3461
f 3517//3461 3499//3441 3500//3442
f 3520//3462 3446//3386 3513//3456
f 3522//3463 3513//3456 3514//3457
f 3523//3464 3514//3457 3516//3465
f 3525//3466 3523//3464 3524//3467
f 3527//3468 3456//3393 3520//3462
f 3528//3469 3527//3468 3521//3470
f 3523//3464 3528//3469 3522//3463
f 3525//3466 3532//3471 3523//3464
f 3526//3472 3529//3473 3532//3471
f 3530//3474 3458//3396 3527//3468
f 3531//3475 3530//3474 3528//3469
f 3532//3471 3531//3475 3528//3469
f 3533//3476 3534//3477 3539//3478
f 3469//3411 3459//3398 3530//3474
f 3536//3479 3471//3408 3470//3412
f 3491//3434 3471//3408 3534//3477
f 3534//3477 3471//3408 3539//3478
f 3537//3480 3531//3475 3532//3471
f 3538//3481 3536//3479 3983//3482
f 3539//3478 3536//3479 3538//3481
f 3529//3473 3537//3480 3532//3471
f 2897//3483 2852//2794 3472//3413
f 2893//2833 3540//3484 3541//3485
f 3542//3486 2893//2833 3541//3485
f 3543//3487 2898//2838 3542//3486
f 3544//3488 2899//2837 3543//3487
f 3545//3489 2900//2839 3544//3488
f 2897//3483 3472//3413 3546//3418
f 3540//3484 3546//3418 3547//3490
f 3541//3485 3540//3484 3547//3490
f 3548//3491 3543//3487 3542//3486
f 3549//3492 3544//3488 3548//3491
f 3545//3489 3549//3492 3550//3493
f 3551//3494 3541//3485 3547//3490
f 3548//3491 3542//3486 3551//3494
f 3553//3495 3546//3418 3479//3420
f 3554//3496 3547//3490 3553//3495
f 3555//3497 3551//3494 3554//3496
f 3549//3492 3555//3497 3552//3498
f 3553//3495 3558//3499 3554//3496
f 3558//3499 3553//3495 3557//3500
f 3559//3501 3554//3496 3558//3499
f 3559//3501 3555//3497 3554//3496
f 3552//3498 3555//3497 3559//3501
f 3557//3500 3483//3425 3488//3429
f 3557//3500 3563//3433 3561//3502
f 3557//3500 3561//3502 3558//3499
f 3560//3503 3559//3501 3562//3504
f 3561//3502 3491//3434 3534//3477
f 3562//3504 3561//3502 3533//3476
f 3589//3505 3502//3445 3566//3506
f 3568//3507 3502//3445 3504//3447
f 3569//3508 3566//3506 3568//3507
f 3567//3509 3590//3510 3566//3506
f 3570//3511 3567//3509 3569//3508
f 3571//3512 3574//3513 3575//3514
f 3573//3515 3572//3516 3571//3512
f 3572//3516 3576//3517 3574//3513
f 3573//3515 3582//3518 3572//3516
f 3582//3518 3579//3519 3581//3520
f 3582//3518 3580//3521 3579//3519
f 3576//3517 3581//3520 3583//3522
f 3582//3518 3573//3515 3577//3523
f 3574//3513 3576//3517 3583//3522
f 3575//3514 3583//3522 3584//3524
f 3519//3525 3517//3461 3585//3526
f 3586//3527 3524//3467 3578//3528
f 3581//3520 3585//3526 3588//3529
f 3578//3528 3579//3519 3580//3521
f 3583//3522 3588//3529 3589//3505
f 3587//3530 3524//3467 3586//3527
f 3585//3526 3500//3442 3588//3529
f 3591//3531 3589//3505 3590//3510
f 3636//3532 3589//3505 3591//3531
f 3577//3523 3595//3533 3587//3530
f 3595//3533 3577//3523 3592//3534
f 3594//3535 3603//3536 3596//3537
f 3587//3530 3525//3466 3524//3467
f 3525//3466 3587//3530 3597//3538
f 3597//3538 3526//3472 3525//3466
f 3599//3539 3526//3472 3598//3540
f 3600//3541 3606//3542 3603//3536
f 3601//3543 3606//3542 3600//3541
f 3608//3544 3535//3545 3604//3546
f 3599//3539 3598//3540 3603//3536
f 3602//3547 3608//3544 3604//3546
f 3603//3536 3606//3542 3599//3539
f 3533//3476 3539//3478 3608//3544
f 3599//3539 3607//3548 3529//3473
f 3626//3549 3533//3476 3608//3544
f 3604//3546 3607//3548 3606//3542
f 3538//3481 3529//3473 3607//3548
f 3535//3545 3538//3481 3607//3548
f 2916//2859 2901//2840 3609//3550
f 2915//2858 2917//2860 3610//3551
f 3612//3552 2915//2858 3610//3551
f 3612//3552 3611//3553 3613//3554
f 3613//3554 2919//2917 2920//2861
f 3613//3554 2918//2862 3612//3552
f 2917//2860 3614//3555 3615//3556
f 3610//3551 3615//3556 3611//3553
f 3609//3550 3550//3493 3618//3557
f 3614//3555 3618//3557 3619//3558
f 3615//3556 3619//3558 3620//3559
f 3611//3553 3620//3559 3621//3560
f 3611//3553 3621//3560 3616//3561
f 3616//3561 3625//3562 3622//3563
f 3622//3563 3625//3562 3617//3564
f 3618//3557 3550//3493 3556//3565
f 3623//3566 3618//3557 3556//3565
f 3619//3558 3623//3566 3620//3559
f 3616//3561 3621//3560 3625//3562
f 3623//3566 3556//3565 3626//3549
f 3624//3567 3626//3549 3602//3547
f 3620//3559 3626//3549 3624//3567
f 3625//3562 3602//3547 3605//3568
f 2210//2159 3627//2920 3564//2841
f 3628//3569 3629//3570 4017//3571
f 3629//3570 3567//3509 3570//3511
f 2940//2878 3571//3512 2939//2875
f 2940//2878 3577//3523 3573//3515
f 2942//2876 2939//2875 3630//3572
f 2944//2881 2943//2879 3631//3573
f 2932//2868 3631//3573 2945//3574
f 2939//2875 3571//3512 3630//3572
f 2943//2879 3632//3575 3631//3573
f 3631//3573 3634//3576 3635//3577
f 3633//3578 2945//3574 3635//3577
f 3632//3575 3584//3524 3634//3576
f 3637//3579 3636//3532 3638//3580
f 3639//3581 3637//3579 3638//3580
f 3638//3580 3636//3532 3591//3531
f 3641//3582 3638//3580 3640//3583
f 3640//3583 3591//3531 3567//3509
f 3641//3582 3629//3570 3628//3569
f 3641//3582 3640//3583 3567//3509
f 2954//3584 3642//3585 2952//2880
f 2941//2877 3592//3534 3577//3523
f 3593//3586 2941//2877 3642//3585
f 2962//2900 3643//3587 2954//3584
f 3646//3588 3643//3587 3644//3589
f 3646//3588 3601//3543 3600//3541
f 2963//3590 2983//3591 3645//3592
f 3622//3563 2982//2918 2919//2917
f 3617//3564 3605//3568 3645//3592
f 3647//3593 3627//2920 3660//3594
f 3652//3595 4018//3596 3654//3597
f 3654//3597 4013//3598 4015//3599
f 2989//2929 2991//2931 2990//2960
f 2990//2960 3633//3578 3655//3600
f 3670//3601 3655//3600 3656//3602
f 3659//3603 3656//3602 3639//3581
f 3672//3604 3657//3605 3659//3603
f 3659//3603 3628//3569 3674//3606
f 3659//3603 3639//3581 3641//3582
f 3674//3606 3652//3595 3653//3607
f 3662//3608 3647//3593 3661//3609
f 4048//3610 3666//3611 4047//3612
f 3684//3613 3666//3611 4048//3610
f 3668//3614 3651//3615 3667//3616
f 3667//3616 3649//3617 3665//3618
f 3651//3615 3654//3597 3667//3616
f 3021//2961 2990//2960 3655//3600
f 3671//3619 3670//3601 3657//3605
f 3671//3619 3672//3604 3658//3620
f 3674//3606 3653//3607 3668//3614
f 3661//3609 3660//3594 3076//3016
f 3675//3621 3661//3609 3693//3622
f 3675//3621 3676//3623 3661//3609
f 3663//3624 3662//3608 3676//3623
f 3679//3625 3677//3626 3678//3627
f 3682//3628 4056//3629 3681//3630
f 3708//3631 3684//3613 3682//3628
f 3682//3628 4048//3610 4056//3629
f 3684//3613 4048//3610 3682//3628
f 3684//3613 3685//3632 3664//3633
f 3685//3632 3684//3613 3683//3634
f 3668//3614 3667//3616 3686//3635
f 3686//3635 3665//3618 3712//3636
f 3686//3635 3667//3616 3665//3618
f 3712//3636 3664//3633 3685//3632
f 3687//3637 3079//3017 3669//3638
f 3081//3020 3079//3017 3687//3637
f 3688//3075 3687//3637 3690//3639
f 3689//3640 3671//3619 3658//3620
f 3689//3640 3673//3641 3691//3642
f 3690//3639 3689//3640 3691//3642
f 3692//3643 3691//3642 3171//3644
f 3690//3639 3691//3642 3692//3643
f 3673//3641 3674//3606 3691//3642
f 3691//3642 3668//3614 3686//3635
f 3693//3622 3077//3015 3168//3645
f 3695//3646 3693//3622 3694//3647
f 3696//3648 3675//3621 3695//3646
f 3696//3648 3695//3646 3714//3649
f 3679//3625 3678//3627 3696//3648
f 3699//3650 4052//3651 3701//3652
f 3697//3653 3699//3650 3698//3654
f 3699//3650 3700//3655 4052//3651
f 3698//3654 3680//3656 3679//3625
f 3703//3657 4055//3658 3724//3659
f 3700//3655 3702//3660 4051//3661
f 3707//3662 3708//3631 3704//3663
f 3707//3662 3704//3663 3706//3664
f 3708//3631 3682//3628 3704//3663
f 3709//3665 3683//3634 3707//3662
f 3683//3634 3684//3613 3708//3631
f 3710//3666 3685//3632 3711//3667
f 3711//3667 3683//3634 3709//3665
f 3170//3668 3690//3639 3713//3108
f 3136//3076 3690//3639 3170//3668
f 3713//3108 3692//3643 3171//3644
f 3729//3124 3712//3636 3710//3666
f 3171//3644 3686//3635 3712//3636
f 3716//3669 3694//3647 3730//3670
f 3718//3671 3717//3672 3715//3673
f 3720//3674 3722//3675 3719//3676
f 3697//3653 3696//3648 3717//3672
f 3722//3675 3699//3650 3719//3676
f 3706//3664 3705//3677 3726//3678
f 3726//3678 3705//3677 3735//3679
f 3741//3680 3706//3664 3725//3681
f 3744//3682 3709//3665 3727//3683
f 3727//3683 3709//3665 3707//3662
f 3729//3124 3710//3666 3728//3684
f 3730//3670 3168//3645 3179//3685
f 3730//3670 3179//3685 3180//3686
f 3715//3673 3716//3669 3731//3687
f 3747//3688 3715//3673 3732//3689
f 3747//3688 3720//3674 3715//3673
f 3734//3690 3721//3691 3722//3675
f 3734//3690 3720//3674 3733//3692
f 3735//3679 3702//3660 3723//3693
f 3734//3690 3723//3693 3721//3691
f 3736//3694 3726//3678 3735//3679
f 3738//3695 3726//3678 3736//3694
f 3737//3696 3739//3697 3738//3695
f 3741//3680 3725//3681 3739//3697
f 3740//3698 3727//3683 3742//3699
f 3742//3699 3741//3680 3762//3700
f 3727//3683 3707//3662 3741//3680
f 3728//3684 3711//3667 3744//3682
f 3743//3118 3745//3701 3728//3684
f 3203//3170 3180//3686 3202//3171
f 3746//3702 3180//3686 3203//3170
f 3732//3689 3731//3687 3180//3686
f 3746//3702 3748//3703 3747//3688
f 3748//3703 3749//3704 3733//3692
f 3749//3704 3734//3690 3733//3692
f 3749//3704 3723//3693 3734//3690
f 3749//3704 3752//3705 3723//3693
f 3751//3706 3736//3694 3752//3705
f 3752//3705 3749//3704 3750//3707
f 3751//3706 3752//3705 3750//3707
f 3752//3705 3736//3694 3723//3693
f 3756//3708 3754//3709 3755//3710
f 3754//3709 3736//3694 3751//3706
f 3759//3711 3739//3697 3760//3712
f 3760//3712 3737//3696 3754//3709
f 3757//3713 3756//3708 3753//3714
f 3758//3715 3761//3716 3757//3713
f 3762//3700 3739//3697 3759//3711
f 3208//3717 3206//3143 3764//3718
f 3766//3719 3742//3699 3762//3700
f 3764//3718 3767//3720 3768//3721
f 3763//3722 3766//3719 3767//3720
f 3765//3723 3763//3722 3764//3718
f 3768//3721 3759//3711 3760//3712
f 3768//3721 3758//3715 3207//3145
f 3208//3717 3768//3721 3207//3145
f 3758//3715 3760//3712 3761//3716
f 3220//3158 3182//3119 3769//3724
f 3211//3725 3212//3726 3213//3147
f 3212//3726 3770//3727 3771//3728
f 3212//3726 3214//3149 3213//3147
f 3765//3723 3206//3143 3214//3149
f 3765//3723 3214//3149 3771//3728
f 3766//3719 3740//3698 3742//3699
f 3769//3724 3740//3698 3770//3727
f 3771//3728 3766//3719 3763//3722
f 3220//3158 3211//3725 3222//3155
f 3776//3729 3777//3179 3240//3178
f 3781//3730 3773//3731 3776//3729
f 3234//3172 3774//3732 3772//3733
f 3772//3733 3749//3704 3748//3703
f 3774//3732 3750//3707 3749//3704
f 3778//3734 3750//3707 3775//3735
f 3773//3731 3778//3734 3775//3735
f 3781//3730 3240//3178 3243//3184
f 3780//3736 3779//3737 3781//3730
f 3779//3737 3751//3706 3778//3734
f 3753//3714 3755//3710 3779//3737
f 3242//3738 3753//3714 3780//3736
f 3246//3739 3753//3714 3242//3738
f 3246//3739 3205//3144 3757//3713
f 3788//3740 3273//3210 3278//3215
f 3789//3741 3273//3210 3788//3740
f 3791//3742 3280//3219 3789//3741
f 3792//3743 3282//3218 3791//3742
f 3793//3744 3285//3222 3792//3743
f 3794//3745 3284//3221 3793//3744
f 3281//3217 3284//3221 3794//3745
f 3278//3215 146//146 3795//3746
f 3788//3740 3278//3215 3795//3746
f 3799//3747 3795//3746 3797//3748
f 3788//3740 3799//3747 3800//3749
f 3797//3748 3803//3750 3804//3751
f 3802//3752 3799//3747 3804//3751
f 3289//156 198//194 157//155
f 3290//3227 3790//3753 3805//3754
f 3807//3755 198//194 3289//156
f 3805//3754 3291//3228 3290//3227
f 3810//3756 3291//3228 3805//3754
f 3807//3755 3289//156 3806//3757
f 3810//3756 3805//3754 3808//3758
f 3809//3759 3808//3758 3790//3753
f 3813//3760 3808//3758 3809//3759
f 3811//3761 3807//3755 3806//3757
f 3812//3762 3810//3756 3808//3758
f 3814//3763 3812//3762 3813//3760
f 3815//3764 201//192 198//194
f 3816//197 201//192 3815//3764
f 3807//3755 3815//3764 198//194
f 3817//3765 204//198 3819//3766
f 3819//3766 3816//197 3818//3767
f 3822//3768 3815//3764 3811//3761
f 3820//3769 3818//3767 3822//3768
f 3823//3770 3811//3761 3812//3762
f 3824//3771 3812//3762 3814//3763
f 3821//3772 3819//3766 3820//3769
f 3824//3771 3822//3768 3823//3770
f 3826//3773 3822//3768 3824//3771
f 3826//3773 3825//3774 3820//3769
f 3827//3775 3825//3774 3826//3773
f 3828//3776 3824//3771 3814//3763
f 3829//3777 3824//3771 3828//3776
f 3327//3266 206//201 3832//3778
f 3833//3779 3323//3262 3327//3266
f 3328//3780 3324//3263 3833//3779
f 3329//3267 3834//3781 3835//3782
f 3836//3783 3330//3268 3835//3782
f 3331//3269 3330//3268 3836//3783
f 3833//3779 3327//3266 3832//3778
f 3328//3780 3833//3779 3838//3784
f 3834//3781 3838//3784 3839//3785
f 3841//3786 3837//3787 3331//3269
f 3841//3786 3331//3269 3840//3788
f 3842//3789 3832//3778 209//204
f 3843//3790 3838//3784 3842//3789
f 3835//3782 3843//3790 3844//3791
f 3836//3783 3844//3791 3845//3792
f 3841//3786 3840//3788 3845//3792
f 3846//3793 209//204 205//200
f 3847//3794 3846//3793 205//200
f 3843//3790 3846//3793 3844//3791
f 3845//3792 3848//3795 3849//3796
f 3913//3797 3845//3792 3849//3796
f 205//200 3817//3765 3847//3794
f 3821//3772 3847//3794 3817//3765
f 3846//3793 3847//3794 3851//3798
f 3851//3798 3850//3799 3852//3800
f 3848//3795 3851//3798 3853//3801
f 3854//3802 3853//3801 3852//3800
f 3849//3796 3853//3801 3921//3803
f 3825//3774 3850//3799 3821//3772
f 3830//3804 3852//3800 3825//3774
f 3854//3802 3852//3800 3830//3804
f 3855//3805 3333//2651 3334//3270
f 3856//3806 3784//3807 3855//3805
f 3793//3744 3792//3743 3857//3808
f 3857//3808 3792//3743 3791//3742
f 3794//3745 3793//3744 3858//3809
f 3861//3810 3794//3745 3860//3811
f 3859//3812 3796//3813 3861//3810
f 3862//3814 3791//3742 3789//3741
f 3863//3815 3858//3809 3862//3814
f 3864//3816 3858//3809 3863//3815
f 3860//3811 3858//3809 3864//3816
f 3865//3817 3860//3811 3864//3816
f 3867//3818 3861//3810 3866//3819
f 3871//3820 3789//3741 3788//3740
f 3872//3821 3865//3817 3871//3820
f 3869//3822 3866//3819 3865//3817
f 3874//3823 3872//3821 3873//3824
f 3875//3825 3872//3821 3800//3749
f 3873//3824 3875//3825 3876//3826
f 3875//3825 3800//3749 3799//3747
f 3877//3827 3875//3825 3802//3752
f 3878//3828 3876//3826 3877//3827
f 3880//3829 3802//3752 3879//3830
f 3878//3828 3877//3827 3880//3829
f 3809//3759 3796//3813 3859//3812
f 3881//3831 3809//3759 3859//3812
f 3881//3831 3859//3812 3882//3832
f 3882//3832 3859//3812 3861//3810
f 3883//3833 3867//3818 3868//3834
f 3870//3835 3868//3834 3866//3819
f 3884//3836 3883//3833 3868//3834
f 3887//3837 3813//3760 3881//3831
f 3888//3838 3881//3831 3882//3832
f 3889//3839 3867//3818 3883//3833
f 3885//3840 3883//3833 3884//3836
f 3885//3840 3889//3839 3883//3833
f 3890//3841 3889//3839 3885//3840
f 3890//3841 3894//3842 3889//3839
f 3891//3843 3813//3760 3887//3837
f 3892//3844 3887//3837 3888//3838
f 3889//3839 3892//3844 3888//3838
f 3894//3842 3893//3845 3889//3839
f 3886//3846 3894//3842 3890//3841
f 3896//3847 3897//3848 3894//3842
f 3828//3776 3814//3763 3891//3843
f 3892//3844 3828//3776 3891//3843
f 3899//3849 3829//3777 3828//3776
f 3901//3850 3899//3849 3902//3851
f 3894//3842 3899//3849 3893//3845
f 3923//3852 3900//3853 3903//3854
f 3902//3851 3894//3842 3897//3848
f 3831//3855 3830//3804 3827//3775
f 3831//3855 3829//3777 3899//3849
f 3900//3853 3830//3804 3901//3850
f 3332//3287 3331//3269 3837//3787
f 3359//3296 3361//3294 3904//3856
f 3362//3297 3904//3856 3905//3857
f 3363//3298 3905//3857 3906//3858
f 3907//3859 3364//3299 3906//3858
f 3837//3787 3841//3786 3908//3860
f 3908//3860 3361//3294 3837//3787
f 3910//3861 3905//3857 3909//3862
f 3911//3863 3906//3858 3910//3861
f 3908//3860 3914//3864 3904//3856
f 3915//3865 3909//3862 3914//3864
f 3911//3863 3915//3865 3916//3866
f 3911//3863 3910//3861 3915//3865
f 3913//3797 3849//3796 3917//3867
f 3916//3866 3914//3864 3917//3867
f 3922//3868 3916//3866 3917//3867
f 3919//3869 3916//3866 3922//3868
f 3919//3869 3918//3870 3920//3871
f 3917//3867 3921//3803 3922//3868
f 3918//3870 3923//3852 3898//3872
f 3920//3871 3898//3872 3895//3873
f 3854//3802 3830//3804 3924//3874
f 3924//3874 3830//3804 3900//3853
f 3921//3803 3854//3802 3924//3874
f 3918//3870 3924//3874 3923//3852
f 3927//3875 3377//3876 3928//3877
f 3929//3878 3933//3879 3934//3880
f 3929//3878 3928//3877 3926//3881
f 3930//3882 3927//3875 3934//3880
f 3931//3883 3870//3835 3935//3884
f 3932//3885 3935//3884 3936//3886
f 3934//3880 3936//3886 3937//3887
f 3934//3880 3937//3887 3930//3882
f 3936//3886 3873//3824 3876//3826
f 3937//3887 3876//3826 3938//3888
f 3966//3889 3937//3887 3938//3888
f 3939//3890 3938//3888 3940//3891
f 3940//3891 3938//3888 3878//3828
f 3968//3892 3940//3891 3941//3893
f 3943//3894 3942//3895 3391//3326
f 3943//3894 3391//3326 3386//3324
f 3943//3894 3386//3324 3387//3325
f 3944//3896 3387//3325 3388//3323
f 3389//3336 3945//3897 3388//3323
f 3943//3894 3947//3898 3942//3895
f 3944//3896 3949//3899 3943//3894
f 3946//3900 3950//3901 3945//3897
f 3942//3895 3929//3878 3926//3881
f 3949//3899 3890//3841 3885//3840
f 3949//3899 3886//3846 3890//3841
f 3948//3902 3884//3836 3931//3883
f 3948//3902 3931//3883 3947//3898
f 3947//3898 3932//3885 3933//3879
f 3947//3898 3933//3879 3929//3878
f 3951//3338 3946//3900 3945//3897
f 3952//3339 3951//3338 3404//3337
f 3951//3338 3953//3903 3946//3900
f 3955//3904 3951//3338 3952//3339
f 3950//3901 3896//3847 3886//3846
f 3895//3873 3898//3872 3956//3905
f 3956//3905 3896//3847 3953//3903
f 3955//3904 3956//3905 3953//3903
f 3365//3300 3912//3906 3424//3361
f 3424//3361 3912//3906 3425//3363
f 3957//3907 3405//3340 3425//3363
f 3912//3906 3920//3871 3958//3908
f 3958//3908 3895//3873 3954//3909
f 3959//3910 3925//3911 3430//3368
f 3960//3912 4090//3913 4117//3914
f 3437//3374 3962//3377 3963//3915
f 3439//3446 3963//3915 3961//3916
f 3962//3377 3438//3376 3930//3882
f 3965//3917 3964//3918 3966//3889
f 3966//3889 3962//3377 3937//3887
f 3967//3919 3966//3889 3939//3890
f 3969//3920 3967//3919 3968//3892
f 3968//3892 3967//3919 3939//3890
f 3969//3920 4089//3921 3960//3912
f 3973//3922 3974//3923 3972//3924
f 3981//3925 3960//3912 3974//3923
f 3960//3912 4118//3926 3974//3923
f 3974//3923 4118//3926 3975//3927
f 3975//3927 4119//3928 3976//3929
f 3503//3444 3961//3916 3978//3930
f 3503//3444 3978//3930 3504//3447
f 3568//3507 3504//3447 3977//3931
f 3978//3930 3961//3916 3964//3918
f 3992//3932 3977//3931 3979//3933
f 3979//3933 3978//3930 3965//3917
f 3980//3934 3979//3933 3965//3917
f 3980//3934 3969//3920 3982//3935
f 3965//3917 3967//3919 3969//3920
f 3980//3934 3982//3935 3981//3925
f 3536//3479 3470//3412 3983//3482
f 3983//3482 3469//3411 3531//3475
f 3537//3480 3983//3482 3531//3475
f 3970//3936 2854//2842 3565//3937
f 3984//3938 3970//3936 3565//3937
f 3986//3939 3970//3936 3984//3938
f 3986//3939 3984//3938 3998//3940
f 4155//3941 4152//3942 3988//3943
f 3987//3944 4155//3941 3988//3943
f 4010//3945 4137//3946 3987//3944
f 3976//3929 4110//3947 3989//3948
f 3989//3948 4110//3947 3990//3949
f 3990//3949 4137//3946 4010//3945
f 3991//3950 3975//3927 3989//3948
f 3975//3927 3976//3929 3989//3948
f 3570//3511 3569//3508 3992//3932
f 3992//3932 3568//3507 3977//3931
f 3993//3951 3981//3925 3973//3922
f 3992//3932 3980//3934 3993//3951
f 3995//3952 3972//3924 3991//3950
f 3565//3937 3564//2841 3627//2920
f 3997//3953 3565//3937 3996//3954
f 3998//3940 3565//3937 3997//3953
f 4022//3955 3997//3953 3996//3954
f 3999//3956 3998//3940 4022//3955
f 4002//3957 3998//3940 3999//3956
f 4003//3958 4002//3957 4000//3959
f 4009//3960 3987//3944 3988//3943
f 4009//3960 3988//3943 4153//3961
f 4010//3945 4009//3960 4012//3962
f 4009//3960 4010//3945 3987//3944
f 4011//3963 4010//3945 4012//3962
f 3629//3570 3570//3511 3994//3964
f 4017//3571 3994//3964 3995//3952
f 4017//3571 3995//3952 4018//3596
f 3995//3952 3991//3950 4018//3596
f 4018//3596 3991//3950 4016//3965
f 4019//3966 3627//2920 3647//3593
f 4020//3967 4019//3966 3648//3968
f 3996//3954 3565//3937 4019//3966
f 4021//3969 4019//3966 4020//3967
f 4023//3970 4021//3969 4034//3971
f 4024//3972 4021//3969 4023//3970
f 4000//3959 3999//3956 4022//3955
f 4025//3973 4004//3974 4003//3958
f 4025//3973 4000//3959 4024//3972
f 4026//3975 4005//3976 4004//3974
f 4029//3977 4028//3978 4005//3976
f 4008//3979 4006//3980 4027//3981
f 4027//3981 4028//3978 4041//3982
f 4005//3976 4150//3983 4158//3984
f 4008//3979 4153//3961 4006//3980
f 4006//3980 4150//3983 4028//3978
f 4045//3985 4008//3979 4027//3981
f 4044//3986 4008//3979 4045//3985
f 4009//3960 4007//3987 4030//3988
f 4031//3989 4009//3960 4030//3988
f 4011//3963 4012//3962 4032//3990
f 4015//3599 4013//3598 4014//3991
f 4015//3599 4014//3991 4011//3963
f 3654//3597 4018//3596 4013//3598
f 4020//3967 3648//3968 3662//3608
f 4034//3971 4020//3967 4033//3992
f 4049//3993 4033//3992 3663//3624
f 4036//3994 4039//3995 4035//3996
f 4049//3993 4036//3994 4035//3996
f 4037//3997 4042//3998 4040//3999
f 4035//3996 4024//3972 4023//3970
f 4039//3995 4026//3975 4024//3972
f 4039//3995 4040//3999 4026//3975
f 4041//3982 4029//3977 4040//3999
f 4047//3612 4031//3989 4046//4000
f 3650//4001 4032//3990 4047//3612
f 4032//3990 4031//3989 4047//3612
f 3679//3625 3663//3624 3677//3626
f 3680//3656 4050//4002 4049//3993
f 4050//4002 4037//3997 4036//3994
f 4054//4003 4038//4004 4042//3998
f 4053//4005 4037//3997 4050//4002
f 3703//3657 4038//4004 4055//3658
f 4056//3629 4043//4006 4038//4004
f 4055//3658 4038//4004 4051//3661
f 4046//4000 4044//3986 4043//4006
f 3701//3652 4053//4005 4050//4002
f 4057//4007 3787//4008 3856//3806
f 3804//3751 3803//3750 4060//4009
f 3879//3830 3804//3751 4060//4009
f 4079//4010 4059//4011 4061//4012
f 4080//4013 4062//4014 4058//4015
f 4064//4016 4063//4017 3856//3806
f 4066//4018 4063//4017 4064//4016
f 4077//4019 4178//4020 4067//4021
f 4067//4021 4175//4022 4086//4023
f 4069//4024 4071//4025 4072//4026
f 4072//4026 4076//4027 4073//4028
f 4071//4025 4075//4029 4076//4027
f 4074//4030 4183//4031 4077//4019
f 4078//4032 3880//3829 4079//4010
f 4080//4013 4079//4010 4062//4014
f 4068//4033 4078//4032 4080//4013
f 4084//4034 4085//4035 4107//4036
f 4087//4037 4204//4038 4085//4035
f 4084//4034 4087//4037 4085//4035
f 4086//4023 4087//4037 4084//4034
f 4086//4023 4175//4022 4087//4037
f 4092//4039 4067//4021 4088//4040
f 4089//3921 4069//4024 4090//3913
f 4090//3913 4072//4026 4091//4041
f 4091//4041 4073//4028 4092//4039
f 4073//4028 4077//4019 4092//4039
f 4073//4028 4074//4030 4077//4019
f 3941//3893 3880//3829 4078//4032
f 3941//3893 3878//3828 3880//3829
f 3941//3893 4078//4032 4089//3921
f 4078//4032 4068//4033 4089//3921
f 4094//4042 3959//3910 4093//4043
f 4095//4044 4065//4045 3959//3910
f 4096//4046 4095//4044 4094//4042
f 4083//4047 4081//4048 4095//4044
f 4097//4049 4095//4044 4096//4046
f 4098//4050 4099//4051 4097//4049
f 4100//4052 4101//4053 4099//4051
f 4104//4054 4207//4055 4103//4056
f 4108//4057 4105//4058 4104//4054
f 4109//4059 4112//4060 4106//4061
f 4109//4059 4106//4061 4135//4062
f 4112//4060 4107//4036 4106//4061
f 4110//3947 4113//4063 4111//4064
f 4113//4063 4084//4034 4112//4060
f 4114//4065 4088//4040 4116//4066
f 4116//4066 4113//4063 4110//3947
f 4119//3928 4114//4065 4115//4067
f 4118//3926 4091//4041 4114//4065
f 4093//4043 3971//4068 3985//4069
f 4120//4070 4121//4071 4093//4043
f 4122//4072 4123//4073 4121//4071
f 4124//4074 4128//4075 4123//4073
f 4096//4046 4094//4042 4121//4071
f 4123//4073 4128//4075 4096//4046
f 4125//4076 4130//4077 4129//4078
f 4128//4075 4100//4052 4098//4050
f 4129//4078 4102//4079 4206//4080
f 4103//4056 4102//4079 4130//4077
f 4132//4081 4103//4056 4133//4082
f 4151//4083 4103//4056 4127//4084
f 4132//4081 4131//4085 4134//4086
f 4135//4062 4104//4054 4132//4081
f 4136//4087 4109//4059 4134//4086
f 4137//3946 4109//4059 4136//4087
f 3976//3929 4115//4067 4110//3947
f 4138//4088 3985//4069 3986//3939
f 4139//4089 3985//4069 4138//4088
f 4141//4090 4139//4089 4001//4091
f 4140//4092 4120//4070 4139//4089
f 4141//4090 4143//4093 4140//4092
f 4142//4094 4146//4095 4143//4093
f 4142//4094 4144//4096 4146//4095
f 4140//4092 4122//4072 4120//4070
f 4143//4093 4145//4097 4124//4074
f 4145//4097 4126//4098 4125//4076
f 4146//4095 4127//4084 4126//4098
f 4150//3983 4147//4099 4144//4096
f 4131//4085 4132//4081 4149//4100
f 4149//4100 4127//4084 4147//4099
f 4154//4101 4131//4085 4153//3961
f 4131//4085 4148//4102 4153//3961
f 4152//3942 4134//4086 4154//4101
f 3987//3944 4136//4087 4155//3941
f 4003//3958 4001//4091 4002//3957
f 4003//3958 4141//4090 4001//4091
f 4004//3974 4157//4103 4156//4104
f 4156//4104 4142//4094 4141//4090
f 4005//3976 4158//3984 4157//4103
f 4153//3961 4148//4102 4006//3980
f 4157//4103 4144//4096 4142//4094
f 4158//3984 4144//4096 4157//4103
f 4064//4016 4159//4105 4066//4018
f 4082//4106 4160//4107 4064//4016
f 4162//4108 4161//4109 4184//4110
f 4164//4111 4163//4112 4195//4113
f 4172//4114 4169//4115 4171//4116
f 4175//4022 4176//4117 4204//4038
f 4176//4117 4177//4118 4204//4038
f 4067//4021 4180//4119 4175//4022
f 4182//4120 4181//4121 4175//4022
f 4183//4031 4179//4122 4178//4020
f 4184//4110 4082//4106 4081//4048
f 4163//4112 4162//4108 4184//4110
f 4186//4123 4081//4048 4083//4047
f 4187//4124 4083//4047 4185//4125
f 4189//4126 4184//4110 4186//4123
f 4187//4124 4192//4127 4189//4126
f 4190//4128 4188//4129 4189//4126
f 4192//4127 4190//4128 4189//4126
f 4193//4130 4190//4128 4192//4127
f 4191//4131 4199//4132 4209//4133
f 4193//4130 4192//4127 4208//4134
f 4194//4135 4193//4130 4208//4134
f 4195//4113 4184//4110 4188//4129
f 4190//4128 4196//4136 4195//4113
f 4194//4135 4199//4132 4198//4137
f 4201//4138 4199//4132 4191//4131
f 4196//4136 4164//4111 4195//4113
f 4167//4139 4166//4140 4201//4138
f 4193//4130 4197//4141 4196//4136
f 4166//4140 4165//4142 4198//4137
f 4166//4140 4198//4137 4199//4132
f 4200//4143 4203//4144 4201//4138
f 4108//4057 4085//4035 4200//4143
f 4085//4035 4202//4145 4200//4143
f 4202//4145 4203//4144 4200//4143
f 4204//4038 4171//4116 4202//4145
f 4185//4125 4083//4047 4099//4051
f 4205//4146 4185//4125 4099//4051
f 4101//4053 4208//4134 4205//4146
f 4207//4055 4191//4131 4102//4079
f 4206//4080 4191//4131 4209//4133
f 4200//4143 4201//4138 4207//4055
f 2722//2670 2724//3302 2720//2668
f 1065//1040 1070//4147 1071//1047
f 1070//4147 1062//1038 1068//1045
f 2835//2778 2839//2782 2840//2784
f 2784//2727 2785//4148 2786//2728
f 1070//4147 1069//1046 1071//1047
f 157//155 158//193 156//4149
f 158//193 4210//4150 156//4149
f 165//162 167//4151 202//195
f 162//160 4211//4152 163//161
f 169//196 167//4151 4210//4150
f 164//4153 167//4151 165//162
f 4211//4152 164//4153 163//161
f 153//151 156//4149 4210//4150
f 151//152 4212//4154 159//158
f 4211//4152 4210//4150 164//4153
f 161//159 4212//4154 4211//4152
f 3412//3346 3393//3330 3406//3347
f 3393//3330 2767//4155 3406//3347
f 1989//1951 4217//4156 2066//2020
f 2066//2020 4213//4157 1991//2021
f 2051//4158 2736//4159 4214//4160
f 2772//2716 2767//4155 2766//2713
f 2767//4155 4215//4161 2761//4162
f 4213//4157 2736//4159 1991//2021
f 2736//4159 4216//4163 4214//4160
f 4214//4160 4216//4163 2751//4164
f 2751//4164 4215//4161 3393//3330
f 2671//4165 4217//4156 1989//1951
f 4217//4156 4213//4157 2066//2020
f 2670//2698 2761//4162 2671//4165
f 4217//4156 2761//4162 4215//4161
f 4216//4163 4213//4157 4215//4161
f 4213//4157 4217//4156 4215//4161
f 2067//2693 4218//2694 2754//2696
f 2065//2019 2047//2004 4218//2694
f 3394//3355 4219//4166 2748//4167
f 3408//3341 4219//4166 3394//3355
f 3408//3341 2773//2708 4219//4166
f 4219//4166 2740//2682 2748//4167
f 4218//2694 4219//4166 2773//2708
f 2218//2169 2220//2173 2219//2171
f 2242//4168 4220//2192 2243//2196
f 1518//2182 1512//1500 1503//1499
f 2232//2184 4220//2192 1518//2182
f 4220//2192 1512//1500 1518//2182
f 1496//1483 1512//1500 1484//1473
f 4221//2170 1485//1475 1488//1474
f 4222//4169 2242//4168 2220//2173
f 4221//2170 4222//4169 2218//2169
f 1557//1545 1560//4170 1486//4171
f 2279//2225 4224//4172 2277//2226
f 4224//4172 4225//4173 1560//4170
f 2240//2232 4223//4174 4224//4172
f 1486//4171 4225//4173 1481//1470
f 2303//4175 4225//4173 4224//4172
f 4225//4173 1487//1489 1481//1470
f 1507//1495 2303//4175 2230//4176
f 2//3 1//1819 3//1
f 4//11 1//1819 2//3
f 3//1 6//6 5//2
f 7//4 4//11 2//3
f 8//8 1842//1812 1//1819
f 10//9 8//8 4//11
f 9//16 10//9 11//13
f 4//11 8//8 1//1819
f 11//13 10//9 13//12
f 14//14 11//13 13//12
f 15//15 14//14 16//17
f 16//17 1864//1829 15//15
f 21//20 19//45 20//49
f 52//19 24//47 21//20
f 52//19 23//54 25//55
f 2584//25 31//2536 34//26
f 31//2536 2585//2535 34//26
f 38//38 37//34 39//35
f 37//34 36//33 39//35
f 38//38 39//35 40//39
f 39//35 32//27 133//4177
f 18//48 42//37 17//4178
f 42//37 37//34 38//38
f 17//4178 38//38 43//4179
f 42//37 38//38 17//4178
f 38//38 44//40 43//4179
f 2590//41 2591//46 47//42
f 46//52 45//43 19//45
f 46//52 19//45 24//47
f 45//43 47//42 48//44
f 47//42 41//36 42//37
f 48//44 42//37 18//48
f 19//45 48//44 20//49
f 49//51 45//43 46//52
f 51//53 46//52 24//47
f 54//56 49//51 51//53
f 49//51 54//56 53//1784
f 53//1784 56//24 55//58
f 56//24 53//1784 54//56
f 54//56 25//55 26//22
f 51//53 25//55 54//56
f 56//24 27//23 28//4180
f 28//4180 57//57 56//24
f 59//61 1811//60 57//57
f 60//62 58//59 59//61
f 60//62 61//65 62//64
f 62//64 2593//2542 60//62
f 57//57 28//4180 63//63
f 63//63 59//61 57//57
f 29//68 60//62 63//63
f 60//62 29//68 61//65
f 63//63 28//4180 29//68
f 61//65 66//69 135//70
f 80//78 70//77 2617//79
f 73//83 7//4 5//2
f 74//84 5//2 69//81
f 75//74 74//84 69//81
f 75//74 69//81 2609//75
f 77//87 73//83 74//84
f 74//84 78//86 77//87
f 78//86 75//74 80//78
f 82//92 76//85 77//87
f 82//92 77//87 83//90
f 81//89 79//88 84//91
f 79//88 80//78 71//80
f 13//12 4//11 12//10
f 86//95 12//10 7//4
f 85//94 12//10 87//97
f 88//96 85//94 89//98
f 90//100 87//97 86//95
f 89//98 87//97 90//100
f 76//85 86//95 72//82
f 92//103 86//95 76//85
f 90//100 86//95 92//103
f 91//99 89//98 93//102
f 90//100 92//103 94//101
f 95//105 94//101 92//103
f 92//103 76//85 82//92
f 98//18 14//14 100//111
f 100//111 14//14 88//96
f 102//107 98//18 100//111
f 99//109 16//17 98//18
f 99//109 98//18 101//108
f 100//111 88//96 91//99
f 102//107 100//111 104//112
f 104//112 91//99 111//119
f 101//108 102//107 105//113
f 103//110 101//108 107//115
f 107//115 106//114 109//117
f 110//118 108//116 107//115
f 111//119 91//99 93//102
f 105//113 104//112 112//120
f 106//114 105//113 113//121
f 109//117 106//114 113//121
f 115//123 110//118 109//117
f 111//119 93//102 97//106
f 113//121 105//113 116//125
f 118//165 114//122 117//126
f 114//122 113//121 117//126
f 123//129 33//28 30//31
f 121//130 123//129 30//31
f 124//133 125//131 121//130
f 128//136 127//134 126//132
f 32//27 34//26 132//137
f 35//29 33//28 122//140
f 131//139 35//29 122//140
f 40//39 39//35 134//4181
f 133//4177 32//27 130//138
f 39//35 133//4177 134//4181
f 136//141 65//67 135//70
f 68//72 137//73 139//144
f 140//4182 137//73 138//142
f 140//4182 139//144 137//73
f 141//3198 68//72 139//144
f 142//145 139//144 140//4182
f 143//143 141//3198 139//144
f 144//147 143//143 142//145
f 145//4183 144//147 142//145
f 146//146 141//3198 143//143
f 83//90 81//89 148//148
f 152//150 147//93 83//90
f 149//149 148//148 84//91
f 149//149 71//80 150//3223
f 151//152 147//93 152//150
f 152//150 148//148 154//153
f 154//153 148//148 149//149
f 153//151 152//150 156//4149
f 154//153 156//4149 152//150
f 156//4149 154//153 157//155
f 95//105 96//104 159//158
f 97//106 94//101 160//157
f 96//104 82//92 147//93
f 160//157 95//105 161//159
f 96//104 147//93 151//152
f 162//160 97//106 160//157
f 163//161 164//4153 165//162
f 168//185 166//163 165//162
f 171//164 112//120 170//124
f 172//166 117//126 116//125
f 118//165 117//126 172//166
f 119//127 114//122 118//165
f 176//174 173//167 172//166
f 177//170 170//124 97//106
f 178//171 171//164 170//124
f 175//169 171//164 178//171
f 172//166 175//169 183//172
f 181//176 177//170 162//160
f 184//181 179//173 183//172
f 185//3242 176//174 179//173
f 185//3242 180//175 176//174
f 186//178 181//176 163//161
f 187//183 185//3242 179//173
f 189//180 183//172 182//177
f 184//181 183//172 189//180
f 190//182 184//181 189//180
f 187//183 179//173 190//182
f 188//179 186//178 163//161
f 166//163 189//180 188//179
f 168//185 192//186 189//180
f 193//188 191//184 195//187
f 194//3255 193//188 196//189
f 197//4184 144//147 145//4183
f 146//146 144//147 197//4184
f 157//155 198//194 158//193
f 200//190 168//185 165//162
f 169//196 158//193 201//192
f 202//195 199//191 165//162
f 203//199 200//190 199//191
f 203//199 199//191 204//198
f 192//186 168//185 200//190
f 196//189 195//187 206//201
f 203//199 195//187 200//190
f 206//201 195//187 203//199
f 205//200 207//202 203//199
f 208//203 207//202 209//204
f 577//206 229//228 529//210
f 213//205 228//226 577//206
f 229//228 231//208 529//210
f 210//213 213//205 215//211
f 211//216 216//215 546//214
f 217//217 211//216 219//218
f 219//218 211//216 547//220
f 222//222 218//219 219//218
f 226//263 227//591 225//231
f 230//225 229//228 228//226
f 233//229 232//227 229//228
f 231//208 225//231 568//209
f 224//230 226//263 225//231
f 236//234 233//229 230//225
f 237//237 236//234 235//232
f 238//236 234//235 236//234
f 240//244 239//271 238//236
f 241//233 214//212 216//215
f 244//239 237//237 235//232
f 245//242 244//239 243//240
f 247//243 238//236 237//237
f 248//246 247//243 246//241
f 249//245 240//244 247//243
f 249//245 247//243 248//246
f 217//217 241//233 216//215
f 256//249 241//233 217//217
f 250//250 242//238 241//233
f 251//248 250//250 241//233
f 251//248 243//240 250//250
f 252//251 245//242 243//240
f 253//252 246//241 245//242
f 252//251 253//252 245//242
f 248//246 246//241 253//252
f 258//255 257//257 256//249
f 257//257 251//248 256//249
f 260//604 259//256 258//255
f 251//248 261//258 252//251
f 262//603 261//258 259//256
f 255//254 218//219 222//222
f 264//260 263//259 222//222
f 265//261 258//255 263//259
f 226//263 267//262 227//591
f 268//622 267//262 266//264
f 270//266 269//265 232//227
f 271//267 270//266 233//229
f 269//265 266//264 224//230
f 274//4185 273//269 272//268
f 275//270 268//622 266//264
f 276//631 275//270 273//269
f 276//631 273//269 274//4185
f 239//271 271//267 234//235
f 277//4186 272//268 239//271
f 277//4186 239//271 240//244
f 274//4185 272//268 277//4186
f 280//276 279//272 281//275
f 285//887 284//279 854//841
f 283//278 280//276 282//277
f 283//278 284//279 285//887
f 283//278 285//887 286//280
f 286//280 856//888 287//285
f 314//282 287//285 909//283
f 295//337 292//288 293//349
f 362//290 297//355 899//291
f 296//296 362//290 898//293
f 300//294 299//964 987//295
f 297//355 300//294 899//291
f 904//301 373//300 301//298
f 904//301 301//298 906//297
f 906//297 296//296 898//293
f 279//272 278//299 907//273
f 278//299 904//301 907//273
f 302//374 378//302 304//304
f 304//304 303//303 279//272
f 303//303 375//367 278//299
f 379//373 302//374 305//305
f 305//305 302//374 304//304
f 308//309 385//377 307//307
f 308//309 306//306 309//308
f 308//309 307//307 306//306
f 306//306 280//276 283//278
f 309//308 283//278 310//281
f 308//309 309//308 310//281
f 312//310 314//282 311//312
f 311//312 313//284 315//314
f 315//314 288//313 318//318
f 318//318 316//386 315//314
f 316//386 318//318 319//315
f 396//389 320//316 322//391
f 324//334 328//325 329//320
f 324//334 325//340 328//325
f 326//394 332//322 325//340
f 323//333 327//395 325//340
f 329//320 328//325 290//321
f 325//340 332//322 328//325
f 332//322 333//328 330//323
f 333//328 991//327 989//973
f 335//329 334//326 333//328
f 326//394 335//329 332//322
f 339//331 345//338 340//4187
f 337//336 341//332 339//331
f 337//336 339//331 340//4187
f 336//341 337//336 340//4187
f 323//333 338//330 341//332
f 291//289 343//339 294//286
f 345//338 295//337 344//348
f 339//331 338//330 343//339
f 339//331 291//289 345//338
f 344//348 340//4187 345//338
f 294//286 329//320 289//287
f 294//286 343//339 329//320
f 291//289 292//288 295//337
f 336//341 340//4187 348//342
f 336//341 346//420 337//336
f 336//341 347//344 346//420
f 340//4187 344//348 351//351
f 351//351 348//342 340//4187
f 349//343 352//345 353//346
f 344//348 295//337 293//349
f 353//346 355//352 356//981
f 353//346 358//985 359//353
f 359//353 357//431 350//347
f 361//440 360//356 364//354
f 362//290 361//440 364//354
f 296//296 361//440 362//290
f 364//354 363//357 297//355
f 360//356 365//359 363//357
f 363//357 368//362 300//294
f 366//358 368//362 363//357
f 369//361 299//964 300//294
f 370//363 369//361 368//362
f 371//449 370//363 366//358
f 375//367 372//364 373//300
f 378//302 374//366 303//303
f 380//371 376//368 378//302
f 384//463 383//375 381//376
f 384//463 381//376 386//380
f 387//311 386//380 381//376
f 388//378 312//310 311//312
f 390//381 392//384 393//385
f 392//384 315//314 316//386
f 394//382 393//385 395//387
f 316//386 319//315 317//317
f 397//388 395//387 317//317
f 398//470 395//387 397//388
f 397//388 396//389 399//392
f 400//390 399//392 396//389
f 398//470 397//388 403//400
f 403//400 397//388 399//392
f 404//402 415//410 406//397
f 404//402 409//404 415//410
f 410//405 334//326 335//329
f 410//405 335//329 326//394
f 405//398 326//394 327//395
f 406//397 411//406 405//398
f 414//409 408//401 399//392
f 409//404 416//1033 415//410
f 418//414 422//415 342//335
f 418//414 419//413 422//415
f 418//414 342//335 417//411
f 420//412 421//418 419//413
f 341//332 422//415 323//333
f 342//335 422//415 341//332
f 423//419 402//396 422//415
f 419//413 423//419 422//415
f 419//413 424//417 423//419
f 425//416 484//403 404//402
f 421//418 425//416 424//417
f 405//398 327//395 402//396
f 407//399 405//398 402//396
f 424//417 404//402 423//419
f 427//425 426//424 429//422
f 417//411 337//336 346//420
f 429//422 346//420 428//421
f 426//424 420//412 417//411
f 347//344 349//343 350//347
f 430//423 428//421 431//427
f 428//421 350//347 433//428
f 434//430 431//427 436//432
f 432//426 431//427 434//430
f 433//428 350//347 357//431
f 438//434 434//430 436//432
f 357//431 359//353 439//435
f 439//435 437//433 357//431
f 441//518 435//429 438//434
f 361//440 442//439 444//438
f 443//441 446//445 445//442
f 444//438 445//442 360//356
f 361//440 444//438 360//356
f 448//444 365//359 445//442
f 446//445 448//444 445//442
f 447//448 449//443 446//445
f 450//446 366//358 367//360
f 449//443 367//360 448//444
f 449//443 451//447 450//446
f 451//447 452//530 371//449
f 454//450 442//439 296//296
f 377//369 457//451 372//364
f 459//453 456//452 377//369
f 382//372 462//455 461//370
f 459//453 461//370 462//455
f 383//375 464//457 463//458
f 465//535 460//456 464//457
f 464//457 383//375 467//459
f 470//462 468//461 471//464
f 469//460 466//536 464//457
f 468//461 386//380 389//379
f 467//459 384//463 468//461
f 471//464 389//379 391//383
f 472//465 470//462 471//464
f 390//381 391//383 389//379
f 473//466 394//382 475//468
f 476//469 473//466 475//468
f 475//468 395//387 398//470
f 479//473 477//471 398//470
f 478//472 477//471 479//473
f 483//475 479//473 403//400
f 484//403 486//478 409//404
f 488//479 487//477 486//478
f 489//481 479//473 485//476
f 490//483 489//481 487//477
f 490//483 487//477 480//480
f 506//497 490//483 480//480
f 492//486 491//482 490//483
f 493//484 481//474 489//481
f 494//485 493//484 491//482
f 483//475 408//401 414//409
f 409//404 496//488 416//1033
f 496//488 485//476 483//475
f 486//478 485//476 496//488
f 498//489 420//412 426//424
f 499//496 421//418 498//489
f 501//494 500//491 498//489
f 502//490 499//496 498//489
f 504//493 503//492 500//491
f 505//495 488//479 484//403
f 480//480 488//479 505//495
f 506//497 505//495 499//496
f 506//497 499//496 502//490
f 507//499 506//497 502//490
f 508//498 502//490 503//492
f 511//501 509//500 503//492
f 492//486 490//483 506//497
f 510//502 492//486 507//499
f 510//502 494//485 492//486
f 513//1136 497//504 510//502
f 514//505 513//1136 510//502
f 512//503 514//505 509//500
f 517//508 518//509 515//506
f 518//509 504//493 501//494
f 519//512 518//509 517//508
f 519//512 520//510 518//509
f 522//514 521//511 519//512
f 520//510 511//501 504//493
f 525//516 516//507 435//429
f 525//516 517//508 516//507
f 526//515 519//512 517//508
f 527//517 525//516 435//429
f 527//517 526//515 525//516
f 528//519 522//514 526//515
f 528//519 523//513 522//514
f 530//437 443//441 444//438
f 535//523 533//521 534//522
f 531//520 534//522 443//441
f 572//525 535//523 534//522
f 532//556 534//522 531//520
f 535//523 537//526 447//448
f 533//521 535//523 446//445
f 536//524 538//527 537//526
f 539//528 451//447 537//526
f 451//447 539//528 452//530
f 538//527 540//564 453//529
f 541//531 577//206 543//4188
f 543//4188 530//437 442//439
f 541//531 543//4188 442//439
f 543//4188 529//210 530//437
f 544//533 541//531 542//532
f 544//533 212//207 541//531
f 215//211 212//207 544//533
f 544//533 457//451 456//452
f 545//534 544//533 456//452
f 544//533 542//532 457//451
f 210//213 215//211 545//534
f 458//454 545//534 459//453
f 460//456 458//454 462//455
f 458//454 460//456 465//535
f 546//214 210//213 458//454
f 466//536 546//214 465//535
f 547//220 466//536 469//460
f 548//537 472//465 550//538
f 549//539 548//537 550//538
f 550//538 474//467 552//573
f 551//540 550//538 552//573
f 552//573 474//467 476//469
f 553//543 552//573 476//469
f 554//541 475//468 478//472
f 556//544 554//541 478//472
f 558//546 557//545 559//547
f 482//548 556//544 481//474
f 561//549 556//544 482//548
f 561//549 559//547 556//544
f 563//552 482//548 493//484
f 564//1116 563//552 494//485
f 497//504 564//1116 494//485
f 562//551 561//549 565//553
f 529//210 568//209 531//520
f 568//209 571//558 532//556
f 573//560 570//557 571//558
f 572//525 534//522 532//556
f 570//557 573//560 572//525
f 573//560 574//563 536//524
f 575//561 574//563 573//560
f 536//524 574//563 538//527
f 574//563 576//562 538//527
f 575//561 605//593 576//562
f 529//210 543//4188 577//206
f 549//539 221//223 548//537
f 579//565 223//224 221//223
f 583//614 578//566 580//567
f 582//569 579//565 549//539
f 580//567 579//565 582//569
f 584//570 583//614 580//567
f 582//569 587//572 584//570
f 585//571 625//615 584//570
f 586//574 582//569 581//568
f 587//572 582//569 586//574
f 588//576 553//543 555//542
f 588//576 586//574 553//543
f 589//575 587//572 586//574
f 592//578 585//571 587//572
f 588//576 555//542 558//546
f 594//579 589//575 588//576
f 591//581 590//577 589//575
f 595//582 592//578 590//577
f 593//580 588//576 558//546
f 562//551 558//546 559//547
f 593//580 558//546 562//551
f 596//584 594//579 593//580
f 591//581 594//579 596//584
f 597//586 595//582 591//581
f 596//584 593//580 598//587
f 591//581 599//585 597//586
f 598//587 562//551 566//554
f 225//231 600//590 569//559
f 227//591 600//590 225//231
f 267//262 602//594 601//589
f 603//4189 571//558 600//590
f 600//590 601//589 603//4189
f 603//4189 604//592 573//560
f 603//4189 573//560 571//558
f 601//589 604//592 603//4189
f 602//594 604//592 601//589
f 240//244 607//597 277//4186
f 606//247 608//601 649//598
f 609//602 610//1774 608//601
f 252//251 612//599 254//253
f 254//253 611//600 608//601
f 261//258 612//599 252//251
f 262//603 613//607 612//599
f 262//603 619//605 613//607
f 612//599 613//607 611//600
f 578//566 264//260 223//224
f 617//609 265//261 264//260
f 618//610 260//604 265//261
f 619//605 621//612 614//606
f 620//611 622//617 621//612
f 621//612 623//1172 615//613
f 622//617 624//1176 621//612
f 621//612 624//1176 623//1172
f 625//615 618//610 617//609
f 625//615 626//616 620//611
f 622//617 629//619 624//1176
f 628//618 630//620 629//619
f 633//627 602//594 267//262
f 634//621 633//627 267//262
f 631//624 634//621 268//622
f 636//625 635//623 631//624
f 602//594 637//595 605//593
f 634//621 638//628 637//595
f 635//623 639//1183 638//628
f 640//629 639//1183 635//623
f 274//4185 641//632 276//631
f 642//630 631//624 268//622
f 276//631 643//634 642//630
f 276//631 641//632 643//634
f 632//626 631//624 642//630
f 642//630 636//625 632//626
f 642//630 646//636 636//625
f 646//636 640//629 636//625
f 277//4186 648//638 274//4185
f 277//4186 607//597 648//638
f 274//4185 648//638 641//632
f 607//597 649//598 644//633
f 650//642 653//641 652//1317
f 706//640 651//696 653//641
f 657//646 655//644 659//647
f 655//644 658//4190 659//647
f 654//643 650//642 658//4190
f 655//644 654//643 658//4190
f 657//646 1340//648 1343//1330
f 659//647 658//4190 652//1317
f 658//4190 650//642 652//1317
f 664//717 656//645 661//649
f 664//717 661//649 662//652
f 662//652 660//719 664//717
f 661//649 656//645 657//646
f 661//649 665//650 666//651
f 657//646 1343//1330 1344//654
f 665//650 1344//654 666//651
f 666//651 667//1329 1345//1335
f 663//653 666//651 669//1337
f 669//1337 666//651 1345//1335
f 670//655 663//653 669//1337
f 670//655 669//1337 1351//1336
f 672//730 670//655 671//1339
f 678//663 675//657 676//659
f 679//666 680//664 681//667
f 680//664 676//659 677//661
f 683//672 684//668 682//665
f 683//672 682//665 685//669
f 685//669 679//666 1298//670
f 687//671 686//673 685//669
f 683//672 685//669 686//673
f 688//674 686//673 692//675
f 689//676 692//675 693//677
f 696//679 1304//1297 697//682
f 699//684 693//677 692//675
f 694//686 693//677 699//684
f 702//688 701//683 700//685
f 695//680 693//677 694//686
f 702//688 695//680 701//683
f 703//687 695//680 702//688
f 705//708 709//690 707//692
f 712//693 711//784 710//694
f 705//708 712//693 709//690
f 706//640 708//691 651//696
f 707//692 708//691 706//640
f 709//690 710//694 708//691
f 710//694 714//698 717//695
f 713//699 714//698 710//694
f 711//784 713//699 710//694
f 651//696 698//701 716//700
f 717//695 700//685 698//701
f 714//698 718//702 702//688
f 718//702 704//689 702//688
f 723//706 724//711 721//703
f 723//706 721//703 722//704
f 723//706 725//709 724//711
f 719//705 727//4191 723//706
f 728//710 726//707 725//709
f 712//693 705//708 726//707
f 721//703 724//711 650//642
f 724//711 707//692 706//640
f 725//709 705//708 724//711
f 730//713 729//712 731//714
f 720//797 727//4191 719//705
f 720//797 719//705 730//713
f 733//716 664//717 660//719
f 734//718 729//712 733//716
f 731//714 729//712 734//718
f 736//721 734//718 735//720
f 660//719 662//652 663//653
f 736//721 735//720 737//724
f 735//720 668//656 738//722
f 737//724 735//720 739//723
f 740//726 737//724 743//725
f 739//723 738//722 672//730
f 672//730 738//722 670//655
f 748//734 745//731 744//727
f 750//739 753//736 749//735
f 749//735 751//740 750//739
f 752//737 753//736 1377//1366
f 754//738 1429//1414 750//739
f 757//745 756//746 759//747
f 760//742 757//745 759//747
f 756//746 846//744 752//737
f 758//743 760//742 1394//1381
f 759//747 752//737 1376//1380
f 761//835 758//743 762//748
f 761//835 755//741 758//743
f 673//4192 762//748 1395//750
f 763//754 765//751 764//752
f 765//751 761//835 762//748
f 675//657 673//4192 1396//660
f 675//657 764//752 673//4192
f 764//752 762//748 673//4192
f 766//756 767//753 768//755
f 768//755 763//754 769//758
f 767//753 848//833 763//754
f 769//758 763//754 764//752
f 769//758 764//752 675//657
f 770//838 766//756 772//757
f 773//839 770//838 774//761
f 774//761 770//838 772//757
f 773//839 774//761 776//760
f 774//761 772//757 684//668
f 775//762 684//668 688//674
f 684//668 771//759 678//663
f 776//760 775//762 777//763
f 775//762 688//674 780//764
f 777//763 775//762 780//764
f 778//765 780//764 779//767
f 780//764 688//674 689//676
f 780//764 689//676 782//766
f 779//767 782//766 784//768
f 783//770 691//681 785//771
f 783//770 784//768 782//766
f 781//769 784//768 787//775
f 790//777 791//778 789//773
f 791//778 793//781 800//779
f 794//783 713//699 711//784
f 786//774 796//785 713//699
f 796//785 797//787 715//697
f 784//768 783//770 795//786
f 787//775 795//786 797//787
f 799//789 798//788 797//787
f 800//779 798//788 799//789
f 789//773 800//779 799//789
f 801//782 793//781 791//778
f 785//771 703//687 802//790
f 803//791 795//786 783//770
f 797//787 795//786 803//791
f 797//787 803//791 715//697
f 802//790 703//687 704//689
f 802//790 718//702 715//697
f 786//774 712//693 726//707
f 728//710 805//793 726//707
f 727//4191 728//710 723//706
f 728//710 727//4191 720//797
f 805//793 806//772 804//792
f 807//794 808//795 805//793
f 808//795 790//777 806//772
f 809//796 810//799 807//794
f 808//795 792//780 790//777
f 808//795 807//794 810//799
f 809//796 811//862 810//799
f 809//796 812//804 811//862
f 813//798 792//780 808//795
f 732//715 815//801 720//797
f 818//808 732//715 814//800
f 818//808 814//800 817//803
f 809//796 720//797 815//801
f 816//802 732//715 818//808
f 819//806 815//801 816//802
f 819//806 816//802 818//808
f 819//806 812//804 815//801
f 817//803 736//721 821//807
f 823//810 819//806 818//808
f 821//807 737//724 740//726
f 821//807 740//726 741//728
f 824//815 825//811 741//728
f 825//811 822//809 817//803
f 826//812 823//810 822//809
f 827//813 820//805 819//806
f 827//813 823//810 826//812
f 824//815 745//731 748//734
f 824//815 826//812 825//811
f 829//817 830//814 826//812
f 829//817 824//815 828//816
f 829//817 828//816 832//1426
f 834//820 836//823 835//821
f 837//825 838//822 836//823
f 835//821 838//822 751//740
f 840//824 839//826 838//822
f 841//827 754//738 751//740
f 840//824 842//1444 841//827
f 840//824 843//879 842//1444
f 847//828 900//829 757//745
f 844//830 845//831 846//744
f 757//745 844//830 756//746
f 905//886 900//829 847//828
f 848//833 847//828 755//741
f 848//833 755//741 761//835
f 850//834 851//832 848//833
f 851//832 905//886 847//828
f 766//756 849//837 767//753
f 849//837 850//834 767//753
f 852//840 853//836 770//838
f 853//836 849//837 766//756
f 852//840 281//275 853//836
f 282//277 852//840 773//839
f 854//841 776//760 777//763
f 856//888 778//765 858//843
f 855//842 777//763 778//765
f 855//842 778//765 856//888
f 857//844 779//767 781//769
f 910//4193 857//844 859//845
f 859//845 781//769 788//776
f 864//849 861//847 793//781
f 865//860 864//849 801//782
f 866//851 862//848 861//847
f 864//849 866//851 861//847
f 863//895 860//846 862//848
f 867//850 863//895 862//848
f 869//855 868//852 866//851
f 872//854 869//855 866//851
f 872//854 871//856 869//855
f 875//859 810//799 811//862
f 874//858 865//860 813//798
f 877//1458 865//860 874//858
f 878//863 877//1458 874//858
f 876//861 878//863 875//859
f 877//1458 879//864 865//860
f 879//864 872//854 864//849
f 882//868 881//866 820//805
f 881//866 884//870 876//861
f 883//867 884//870 881//866
f 884//870 880//865 876//861
f 887//1472 885//869 883//867
f 827//813 882//868 820//805
f 886//872 827//813 830//814
f 886//872 830//814 831//818
f 886//872 883//867 827//813
f 888//871 887//1472 883//867
f 834//820 891//873 836//823
f 892//875 891//873 889//874
f 891//873 837//825 836//823
f 892//875 893//880 895//878
f 894//882 893//880 892//875
f 895//878 840//824 837//825
f 893//880 896//881 843//879
f 898//293 899//291 901//883
f 902//884 903//885 834//820
f 902//884 834//820 845//831
f 903//885 890//876 889//874
f 906//297 898//293 900//829
f 907//273 904//301 905//886
f 908//274 907//273 851//832
f 908//274 851//832 850//834
f 284//279 773//839 854//841
f 286//280 855//842 856//888
f 856//888 858//843 857//844
f 909//283 857//844 910//4193
f 288//313 909//283 911//892
f 909//283 910//4193 913//889
f 911//892 909//283 913//889
f 913//889 910//4193 859//845
f 914//890 859//845 860//846
f 916//894 912//891 914//890
f 917//897 916//894 863//895
f 915//893 916//894 918//896
f 921//899 918//896 917//897
f 924//900 919//903 921//899
f 925//902 920//917 919//903
f 873//857 922//898 867//850
f 290//321 928//912 927//908
f 929//905 290//321 927//908
f 932//906 927//908 928//912
f 936//911 935//909 932//906
f 936//911 932//906 928//912
f 937//918 930//910 933//916
f 930//910 937//918 936//911
f 936//911 937//918 935//909
f 920//917 933//916 1000//977
f 935//909 939//915 940//919
f 943//921 942//1528 940//919
f 944//1531 941//920 940//919
f 1542//1529 943//921 925//902
f 292//288 949//923 947//926
f 289//287 290//321 929//905
f 292//288 289//287 945//924
f 293//349 292//288 947//926
f 949//923 946//922 948//925
f 948//925 950//930 953//928
f 951//927 949//923 953//928
f 948//925 929//905 931//907
f 948//925 945//924 929//905
f 931//907 934//913 950//930
f 950//930 948//925 931//907
f 954//929 953//928 955//932
f 957//934 955//932 952//931
f 293//349 947//926 960//935
f 960//935 951//927 963//944
f 960//935 961//937 958//936
f 962//939 961//937 965//941
f 963//944 951//927 954//929
f 960//935 963//944 964//940
f 961//937 960//935 964//940
f 964//940 963//944 967//942
f 966//943 954//929 956//933
f 968//945 967//942 969//946
f 969//946 966//943 956//933
f 965//941 964//940 973//951
f 962//939 965//941 972//949
f 974//950 965//941 973//951
f 975//956 962//939 972//949
f 973//951 964//940 968//945
f 974//950 973//951 976//953
f 978//955 975//956 974//950
f 979//952 968//945 970//947
f 976//953 973//951 979//952
f 980//1014 978//955 977//954
f 985//959 984//877 982//958
f 985//959 986//961 894//882
f 897//963 896//881 894//882
f 986//961 1045//1081 897//963
f 899//291 987//295 902//884
f 299//964 988//965 982//958
f 987//295 981//957 903//885
f 982//958 981//957 987//295
f 984//877 890//876 903//885
f 318//318 911//892 912//891
f 320//316 319//315 321//319
f 320//316 321//319 993//966
f 991//327 997//968 989//973
f 322//391 990//967 991//327
f 997//968 996//971 995//974
f 997//968 995//974 1003//972
f 997//968 990//967 993//966
f 915//893 993//966 912//891
f 994//970 993//966 915//893
f 994//970 999//976 1000//977
f 1000//977 919//903 920//917
f 1001//978 999//976 918//896
f 1001//978 921//899 919//903
f 328//325 1002//979 928//912
f 328//325 331//324 1002//979
f 334//326 992//969 991//327
f 1002//979 1003//972 930//910
f 930//910 998//975 933//916
f 1003//972 995//974 998//975
f 354//350 293//349 958//936
f 354//350 958//936 959//938
f 1005//982 1004//980 355//352
f 356//981 358//985 353//346
f 1009//984 359//353 358//985
f 359//353 1009//984 1010//987
f 1008//983 356//981 1004//980
f 1010//987 1009//984 1012//988
f 1011//986 1010//987 1013//989
f 1016//991 1004//980 1005//982
f 1017//993 1008//983 1004//980
f 1018//994 1012//988 1008//983
f 1013//989 1012//988 1020//996
f 1022//999 1017//993 1016//991
f 1023//998 1018//994 1017//993
f 1025//1001 1016//991 1015//992
f 1022//999 1016//991 1025//1001
f 1027//1003 1023//998 1022//999
f 1028//1004 1019//995 1024//1000
f 1032//1008 1021//997 1020//996
f 1013//989 1021//997 1032//1008
f 1026//1002 1025//1001 1015//992
f 1030//1007 1027//1003 1026//1002
f 1031//1006 1024//1000 1027//1003
f 1029//1005 1033//1009 1034//1016
f 1029//1005 975//956 1033//1009
f 1026//1002 1029//1005 1034//1016
f 1026//1002 1034//1016 1035//1018
f 1030//1007 1035//1018 1036//1011
f 1035//1018 1030//1007 1026//1002
f 1037//1010 1031//1006 1030//1007
f 1038//1012 1028//1004 1031//1006
f 1039//1013 1033//1009 978//955
f 1033//1009 1039//1013 1040//1015
f 1006//1020 1037//1010 1036//1011
f 1042//1622 1032//1008 1038//1012
f 1032//1008 1028//1004 1038//1012
f 1044//962 1047//1023 986//961
f 1047//1023 1045//1081 986//961
f 1046//1022 988//965 369//361
f 370//363 371//449 1046//1022
f 1046//1022 983//960 988//965
f 371//449 452//530 1046//1022
f 1047//1023 1044//962 1046//1022
f 1048//1025 400//390 992//969
f 1050//1026 401//393 400//390
f 1052//1029 1050//1026 1049//1024
f 1052//1029 1049//1024 1051//1027
f 1060//1035 1051//1027 412//407
f 1055//1037 412//407 411//406
f 1055//1037 411//406 413//408
f 1054//1030 414//409 401//393
f 1063//1031 1055//1037 413//408
f 416//1033 1059//1041 1057//1042
f 1061//1043 1053//1028 1052//1029
f 1060//1035 1061//1043 1052//1029
f 1063//1031 1067//1036 1055//1037
f 1056//1032 1054//1030 1062//1038
f 416//1033 1057//1042 1063//1031
f 1058//1034 1056//1032 1065//1040
f 1059//1041 1058//1034 1065//1040
f 1066//1044 1053//1028 1061//1043
f 1067//1036 1066//1044 1061//1043
f 1062//1038 1053//1028 1066//1044
f 1069//1046 1068//1045 1066//1044
f 1063//1031 1069//1046 1067//1036
f 1063//1031 1071//1047 1069//1046
f 1057//1042 1065//1040 1071//1047
f 439//435 359//353 1011//986
f 1073//1049 440//436 439//435
f 1072//1048 1011//986 1014//990
f 1074//1050 1073//1049 1072//1048
f 441//518 438//434 1075//1070
f 1074//1050 1014//990 1077//1052
f 1078//1053 1076//1055 1074//1050
f 1077//1052 1013//989 1080//1056
f 1081//1057 1078//1053 1077//1052
f 1079//1054 1078//1053 1082//1058
f 1081//1057 1077//1052 1080//1056
f 1082//1058 1081//1057 1087//1065
f 1084//1061 1083//1059 1088//1064
f 1091//1067 1080//1056 1090//1066
f 1087//1065 1081//1057 1091//1067
f 1089//1104 1085//1062 1092//1068
f 438//434 440//436 1075//1070
f 1094//1071 1075//1070 1073//1049
f 1076//1055 1093//1051 1074//1050
f 1094//1071 1093//1051 1076//1055
f 1098//1075 1075//1070 1094//1071
f 1095//1072 1075//1070 1098//1075
f 1096//1073 1076//1055 1079//1054
f 1099//1077 1097//1074 1096//1073
f 1099//1077 1096//1073 1083//1059
f 1101//1078 1100//1076 1099//1077
f 1101//1078 1083//1059 1103//1080
f 1084//1061 1101//1078 1103//1080
f 452//530 453//529 1047//1023
f 453//529 540//564 1045//1081
f 1108//1086 1107//1085 1058//1034
f 495//487 414//409 1107//1085
f 416//1033 1108//1086 1059//1041
f 496//488 495//487 1108//1086
f 511//501 524//1087 512//503
f 1112//1091 528//519 527//517
f 1113//1092 523//513 528//519
f 1111//1090 441//518 1095//1072
f 1114//1093 1109//1088 523//513
f 1115//1096 1113//1092 1112//1091
f 1115//1096 1112//1091 1111//1090
f 1114//1093 1113//1092 1115//1096
f 1117//1094 1118//1097 1111//1090
f 1115//1096 1118//1097 1119//1102
f 1119//1102 1120//1098 1115//1096
f 1121//1100 1117//1094 1102//1079
f 1123//1101 1124//4194 1119//1102
f 1119//1102 1118//1097 1123//1101
f 1119//1102 1124//4194 1125//1103
f 1086//1060 1085//1062 1089//1104
f 1126//1106 1102//1079 1086//1060
f 1121//1100 1102//1079 1126//1106
f 1127//1107 1122//1099 1121//1100
f 1123//1101 1122//1099 1127//1107
f 1133//1111 1131//1110 1132//1678
f 1128//1108 1127//1107 1133//1111
f 1135//1113 1124//4194 1123//1101
f 1111//1090 1095//1072 1116//1095
f 1116//1095 1098//1075 1100//1076
f 1102//1079 1116//1095 1100//1076
f 1116//1095 1102//1079 1117//1094
f 1138//1117 560//550 563//552
f 1141//1118 1138//1117 564//1116
f 1140//1120 565//553 560//550
f 1139//1119 1141//1118 1142//1121
f 1145//1125 1144//1123 1142//1121
f 1146//1124 1143//1122 1144//1123
f 1149//1127 1146//1124 1145//1125
f 1151//1130 1147//1126 1149//1127
f 1153//1133 1151//1130 1152//1131
f 1154//1132 1147//1126 1151//1130
f 514//505 1155//1134 513//1136
f 1155//1134 1156//1135 513//1136
f 1137//1115 1158//1141 1142//1121
f 1156//1135 1158//1141 1137//1115
f 567//555 1168//1139 1155//1134
f 1168//1139 1160//1146 1159//1138
f 1161//1140 1145//1125 1142//1121
f 1156//1135 1162//1142 1161//1140
f 1163//1143 1188//1164 1157//1137
f 1161//1140 1165//1147 1148//1128
f 1161//1140 1162//1142 1165//1147
f 1159//1138 1164//1145 1162//1142
f 1165//1147 1150//1129 1148//1128
f 1162//1142 1164//1145 1165//1147
f 1164//1145 1167//1715 1165//1147
f 1163//1143 1147//1126 1154//1132
f 512//503 1168//1139 567//555
f 1110//1089 1168//1139 524//1087
f 1109//1088 1169//1149 1110//1089
f 1110//1089 1169//1149 1170//1148
f 1160//1146 1168//1139 1170//1148
f 1170//1148 1171//1150 1160//1146
f 1169//1149 1172//1151 1171//1150
f 1171//1150 1175//1154 1174//1153
f 1114//1093 1169//1149 1109//1088
f 1120//1098 1169//1149 1114//1093
f 1173//1152 1169//1149 1120//1098
f 1125//1103 1124//4194 1135//1113
f 576//562 1723//1745 1136//1114
f 1177//1169 1723//1745 576//562
f 599//585 596//584 1178//588
f 597//586 599//585 1180//1158
f 1180//1158 599//585 1179//1156
f 1180//1158 1181//1157 1182//1161
f 1180//1158 1182//1161 1201//1178
f 1181//1157 1183//1159 1182//1161
f 1182//1161 1185//1160 1184//1180
f 1183//1159 1767//1747 1185//1160
f 1187//1163 598//587 566//554
f 1178//588 598//587 1187//1163
f 1187//1163 1186//1162 1188//1164
f 1178//588 1187//1163 1189//1168
f 1179//1156 1178//588 1189//1168
f 1191//1166 1187//1163 1188//1164
f 1187//1163 1192//1167 1189//1168
f 1192//1167 1193//1757 1189//1168
f 1183//1159 1189//1168 1193//1757
f 605//593 1177//1169 576//562
f 610//1774 1207//639 608//601
f 609//602 1195//1170 610//1774
f 616//608 1195//1170 611//600
f 1780//4195 1195//1170 616//608
f 1196//1171 1780//4195 616//608
f 615//613 623//1172 1197//1174
f 615//613 1196//1171 614//606
f 1199//1175 623//1172 624//1176
f 1199//1175 1790//1181 1200//1177
f 630//620 1201//1178 629//619
f 1201//1178 630//620 1180//1158
f 629//619 1202//1179 1199//1175
f 1201//1178 1184//1180 1202//1179
f 1203//1182 1194//596 638//628
f 640//629 1204//1186 1203//1182
f 646//636 1206//1185 640//629
f 645//635 1205//1184 646//636
f 644//633 1207//639 647//637
f 1217//1199 1215//1196 1218//1197
f 1215//1196 1214//1193 2010//1195
f 1217//1199 1216//1203 1215//1196
f 1217//1199 1224//1208 1221//1201
f 1223//1205 1224//1208 1208//1206
f 1224//1208 1217//1199 1219//1200
f 1221//1201 1224//1208 1223//1205
f 1228//1209 1293//1213 1226//1210
f 1227//1211 1223//1205 1909//1220
f 1228//1209 1227//1211 1232//1214
f 1229//1215 1232//1214 1912//1216
f 1230//1217 1912//1216 1233//1221
f 1230//1217 1233//1221 1231//1218
f 1231//1218 2011//1222 2012//1223
f 1240//1240 1239//1328 1243//4196
f 1241//1241 1240//1240 1243//4196
f 1243//4196 1239//1328 1245//1235
f 1242//1230 1244//1232 1245//1235
f 1245//1235 1239//1328 1242//1230
f 1247//1239 1245//1235 1246//1236
f 2040//1237 1244//1232 1235//1228
f 1250//1244 1251//1243 1255//1251
f 1256//1248 1250//1244 1255//1251
f 1256//1248 1252//1247 1250//1244
f 1241//1241 1243//4196 1245//1235
f 1254//1245 1241//1241 1257//1246
f 1255//1251 1251//1243 1254//1245
f 1247//1239 1257//1246 1245//1235
f 1254//1245 1257//1246 1258//1250
f 1259//1252 1256//1248 1255//1251
f 1256//1248 1259//1252 1260//1249
f 1259//1252 1254//1245 2054//1253
f 1252//1247 1260//1249 1261//1255
f 1262//1358 1253//1349 1252//1247
f 1262//1358 1252//1247 1261//1255
f 1261//1255 1263//1256 1264//1258
f 1267//1382 1266//1261 1270//1260
f 1210//1187 1267//1382 1270//1260
f 1210//1187 1270//1260 1209//1188
f 1270//1260 1268//1259 1269//1263
f 1268//1259 1272//1265 1271//1262
f 1270//1260 1269//1263 1211//1270
f 1209//1188 1270//1260 1211//1270
f 1275//1264 1274//1272 1271//1262
f 1276//1266 1275//1264 1272//1265
f 1269//1263 1274//1272 1212//1268
f 1278//1273 1277//1271 1274//1272
f 1276//1266 1278//1273 1275//1264
f 1279//1383 1267//1382 1210//1187
f 1280//1275 1279//1383 1210//1187
f 1280//1275 1210//1187 1281//1190
f 1283//1277 1280//1275 1281//1190
f 1285//1278 1282//1276 1283//1277
f 1286//1280 1397//662 1285//1278
f 1286//1280 1285//1278 1287//1279
f 1287//1279 1215//1196 1216//1203
f 1292//1284 1220//1202 1293//1213
f 1286//1280 1216//1203 1292//1284
f 1222//1204 1293//1213 1220//1202
f 681//667 1294//1287 1299//1291
f 1299//1291 1294//1287 1296//1286
f 1296//1286 1291//1283 1290//1281
f 1225//1212 1297//1288 1293//1213
f 1297//1288 1290//1281 1293//1213
f 1298//670 681//667 1299//1291
f 1302//1293 687//671 1300//1290
f 1301//1292 1299//1291 1295//1289
f 1300//1290 1299//1291 1301//1292
f 1299//1291 1296//1286 1295//1289
f 1301//1292 1230//1217 1300//1290
f 1301//1292 1295//1289 1225//1212
f 1301//1292 1225//1212 1228//1209
f 1301//1292 1229//1215 1230//1217
f 1302//1293 1230//1217 1303//1219
f 1307//1295 1304//1297 1305//1294
f 1311//1303 1399//1385 1304//1297
f 1308//1298 1399//1385 1311//1303
f 1302//1293 1303//1219 1312//1300
f 1305//1294 1315//1224 1307//1295
f 1313//1310 1309//1296 1307//1295
f 1309//1296 1313//1310 1314//1304
f 1311//1303 1314//1304 1310//1301
f 1316//1307 1313//1310 1307//1295
f 1336//1305 1333//1322 1310//1301
f 1314//1304 1313//1310 1317//1306
f 1317//1306 1310//1301 1314//1304
f 1319//1311 1313//1310 1316//1307
f 1320//1309 1317//1306 1313//1310
f 1337//1324 1336//1305 1317//1306
f 1319//1311 1316//1307 1318//1308
f 1322//1326 1317//1306 1320//1309
f 1317//1306 1322//1326 1337//1324
f 1323//1313 1318//1308 1321//1312
f 1319//1311 1318//1308 1324//1314
f 653//641 1328//1319 1326//1318
f 716//700 1329//1299 1328//1319
f 1330//1320 1327//1315 1326//1318
f 1306//1302 1326//1318 1328//1319
f 1329//1299 1308//1298 1306//1302
f 1332//1321 1325//1316 1330//1320
f 1333//1322 1326//1318 1306//1302
f 1333//1322 1332//1321 1330//1320
f 1334//1234 1331//1233 1332//1321
f 1335//1323 1332//1321 1333//1322
f 1333//1322 1336//1305 1335//1323
f 1335//1323 1338//1325 1236//1226
f 1338//1325 1335//1323 1337//1324
f 1236//1226 1338//1325 1339//1988
f 1236//1226 1339//1988 1238//1229
f 1343//1330 1340//648 1240//1240
f 659//647 652//1317 1341//1327
f 1340//648 1239//1328 1240//1240
f 1341//1327 652//1317 1342//1231
f 1242//1230 1341//1327 1342//1231
f 667//1329 1346//1331 1345//1335
f 1346//1331 667//1329 1344//654
f 1249//1242 1344//654 1343//1330
f 1250//1244 1346//1331 1344//654
f 1349//1333 1346//1331 1347//1332
f 1347//1332 1252//1247 1253//1349
f 1253//1349 1348//1334 1347//1332
f 671//1339 670//655 1351//1336
f 1354//1340 672//730 671//1339
f 1345//1335 1346//1331 1350//1342
f 1350//1342 1351//1336 1345//1335
f 1353//1341 671//1339 1352//1338
f 1357//1344 1354//1340 1353//1341
f 1350//1342 1346//1331 1349//1333
f 1355//1343 1350//1342 1349//1333
f 1359//1347 1353//1341 1352//1338
f 1357//1344 1356//1345 1360//1348
f 1358//1346 1349//1333 1362//1351
f 1359//1347 1358//1346 1364//1353
f 1360//1348 1359//1347 1365//1354
f 1262//1358 1361//1350 1253//1349
f 1368//1357 1362//1351 1361//1350
f 1370//1360 1363//1352 1362//1351
f 1371//1361 1364//1353 1363//1352
f 1365//1354 1364//1353 1371//1361
f 1265//1257 1369//1359 1261//1255
f 1370//1360 1368//1357 1369//1359
f 1374//1364 1365//1354 1371//1361
f 1374//1364 1366//1355 1365//1354
f 1372//1362 1366//1355 1374//1364
f 1376//1380 1379//1368 1267//1382
f 1377//1366 1378//1416 1380//1367
f 1376//1380 1377//1366 1379//1368
f 1379//1368 1380//1367 1383//1369
f 1382//1372 1381//1371 1380//1367
f 1378//1416 1382//1372 1380//1367
f 1383//1369 1268//1259 1266//1261
f 1267//1382 1379//1368 1266//1261
f 1380//1367 1381//1371 1383//1369
f 1385//1373 1384//1370 1382//1372
f 1383//1369 1387//1376 1268//1259
f 1384//1370 1387//1376 1383//1369
f 1388//1377 1387//1376 1384//1370
f 1386//1375 1388//1377 1384//1370
f 1273//1267 1272//1265 1268//1259
f 1388//1377 1273//1267 1387//1376
f 1390//1421 1389//1378 1386//1375
f 1388//1377 1389//1378 1276//1266
f 1389//1378 1390//1421 1391//1379
f 760//742 759//747 1394//1381
f 1394//1381 1376//1380 1267//1382
f 1392//749 1394//1381 1279//1383
f 1392//749 1279//1383 1393//1274
f 1395//750 1392//749 1393//1274
f 1396//660 673//4192 1395//750
f 1396//660 1395//750 1282//1276
f 1397//662 1282//1276 1285//1278
f 1398//1384 1291//1283 1289//1285
f 716//700 697//682 1308//1298
f 696//679 1305//1294 1304//1297
f 700//685 699//684 697//682
f 698//701 700//685 697//682
f 1400//1386 742//729 672//730
f 1401//1388 747//732 746//733
f 1402//1387 748//734 747//732
f 1404//1390 1400//1386 1354//1340
f 1405//1392 1403//1389 1402//1387
f 1404//1390 746//733 1400//1386
f 1401//1388 746//733 1406//1391
f 1409//1395 1402//1387 1401//1388
f 1410//1396 1411//1397 1360//1348
f 1412//1398 1406//1391 1404//1390
f 1413//1404 1407//1393 1409//1395
f 1415//1400 1409//1395 1408//1394
f 1413//1404 1409//1395 1415//1400
f 1416//1405 1407//1393 1413//1404
f 1410//1396 1367//1356 1372//1362
f 1417//1408 1412//1398 1414//1399
f 1412//1398 1417//1408 1418//1401
f 1415//1400 1412//1398 1418//1401
f 1421//1406 1410//1396 1372//1362
f 1414//1399 1410//1396 1421//1406
f 1425//1411 1420//1403 1419//1402
f 1416//1405 1420//1403 1426//1412
f 1428//1413 1427//1417 753//736
f 1430//1415 1428//1413 1429//1414
f 1427//1417 1378//1416 1377//1366
f 1432//1418 1431//1374 1427//1417
f 1432//1418 1433//1419 1428//1413
f 1431//1374 1382//1372 1378//1416
f 1430//1415 1435//1422 1434//1420
f 1431//1374 1386//1375 1385//1373
f 1432//1418 1434//1420 1386//1375
f 1457//1445 1436//1423 1435//1422
f 833//819 829//817 832//1426
f 1437//1424 1403//1389 1405//1392
f 1439//1425 1437//1424 1438//1431
f 832//1426 828//816 1439//1425
f 833//819 832//1426 1440//1427
f 1438//1431 1437//1424 1405//1392
f 1441//1428 1439//1425 1438//1431
f 1440//1427 1439//1425 1441//1428
f 1438//1431 1405//1392 1442//1430
f 1441//1428 1438//1431 1443//1432
f 1444//1429 1441//1428 1446//1434
f 1445//1433 1407//1393 1416//1405
f 1447//1435 1443//1432 1442//1430
f 1446//1434 1443//1432 1447//1435
f 1449//1436 1447//1435 1448//1442
f 1442//1430 1445//1433 1451//1438
f 1452//1439 1447//1435 1442//1430
f 1450//1437 1416//1405 1426//1412
f 1452//1439 1451//1438 1453//1440
f 1447//1435 1452//1439 2182//1441
f 1449//1436 1448//1442 1454//1503
f 842//1444 1430//1415 841//827
f 843//879 1455//1446 842//1444
f 1455//1446 1456//1443 842//1444
f 1460//1450 870//853 871//856
f 1461//1451 873//857 870//853
f 1463//1453 1461//1451 1460//1450
f 1459//1449 1464//1454 1462//1452
f 1462//1452 1465//1455 1466//1456
f 1468//1457 879//864 877//1458
f 1459//1449 872//854 879//864
f 879//864 1464//1454 1459//1449
f 1471//1461 1473//1464 1472//1462
f 1475//1465 1472//1462 1473//1464
f 1472//1462 1476//1466 1464//1454
f 1474//1463 1477//2162 1473//1464
f 1464//1454 1476//1466 1467//1467
f 1474//1463 1478//1476 1477//2162
f 1473//1464 1477//2162 1475//1465
f 880//865 1479//1468 1469//1459
f 1482//1469 955//932 957//934
f 887//1472 1484//1473 1483//1471
f 1479//1468 1485//1475 1474//1463
f 1479//1468 1483//1471 1485//1475
f 1486//4171 1481//1470 1480//1544
f 4221//2170 1478//1476 1485//1475
f 1489//1477 831//818 833//819
f 1492//1478 888//871 886//872
f 969//946 956//933 1493//948
f 1489//1477 833//819 1491//1480
f 1492//1478 1489//1477 1491//1480
f 887//1472 1496//1483 1484//1473
f 1496//1483 887//1472 888//871
f 1496//1483 888//871 1492//1478
f 971//1486 1490//1479 1497//1485
f 1491//1480 1440//1427 1444//1429
f 1487//1489 1482//1469 1481//1470
f 1500//1488 1493//948 1482//1469
f 1494//1481 1506//1491 1495//1482
f 1494//1481 1491//1480 1502//1490
f 1499//1484 1503//1499 1496//1483
f 1504//1492 1497//1485 1500//1488
f 1498//1487 1497//1485 1504//1492
f 1449//1436 1505//1505 1502//1490
f 1502//1490 1446//1434 1449//1436
f 1506//1491 1502//1490 1505//1505
f 1507//1495 1504//1492 1500//1488
f 1509//1496 1501//1493 1504//1492
f 1511//1497 1510//1498 1495//1482
f 1499//1484 1495//1482 1510//1498
f 1514//1501 1509//1496 1508//1494
f 1505//1505 1449//1436 1515//1504
f 1506//1491 1505//1505 1516//1506
f 1503//1499 1517//2180 1518//2182
f 1503//1499 1510//1498 1517//2180
f 896//881 897//963 1455//1446
f 1457//1445 1520//1507 1458//1447
f 1520//1507 2246//2197 1458//1447
f 1519//1508 1521//4197 1520//1507
f 923//901 922//898 1522//1509
f 1523//1511 924//900 926//904
f 1524//1510 925//902 924//900
f 1525//1512 922//898 873//857
f 1526//1514 1523//1511 926//904
f 1527//1513 1524//1510 1523//1511
f 1528//1516 1525//1512 1463//1453
f 1530//1519 1522//1509 1525//1512
f 1531//1518 1526//1514 926//904
f 1532//1517 1527//1513 1526//1514
f 1533//1522 1522//1509 1530//1519
f 1534//1520 926//904 1522//1509
f 1535//1521 1528//1516 1466//1456
f 1466//1456 1537//1524 1535//1521
f 1466//1456 1465//1455 1467//1467
f 1538//1525 1529//1515 1535//1521
f 1538//1525 1535//1521 1537//1524
f 1539//1526 1538//1525 1537//1524
f 2252//2202 1530//1519 1529//1515
f 1540//1532 940//919 942//1528
f 940//919 1540//1532 944//1531
f 1541//1527 1540//1532 942//1528
f 943//921 1542//1529 1541//1527
f 1547//1536 1542//1529 1524//1510
f 1543//1530 1540//1532 1544//1534
f 1546//1535 1545//1533 1540//1532
f 1546//1535 1541//1527 1542//1529
f 1547//1536 1546//1535 1542//1529
f 1544//1534 1548//1538 1543//1530
f 1532//1517 1547//1536 1527//1513
f 1544//1534 1545//1533 1549//1537
f 1547//1536 1532//1517 1552//1541
f 1551//1540 1546//1535 1550//1539
f 1548//1538 1549//1537 1553//2224
f 1549//1537 1545//1533 1551//1540
f 1554//1542 1553//2224 1549//1537
f 1552//1541 1555//1595 1550//1539
f 1543//1530 941//920 944//1531
f 1480//1544 957//934 1556//1543
f 957//934 1480//1544 1481//1470
f 1480//1544 1557//1545 1486//4171
f 1557//1545 1558//1546 1559//4198
f 1557//1545 1559//4198 1560//4170
f 1559//4198 1558//1546 1548//1538
f 1560//4170 1559//4198 1561//2223
f 1559//4198 1548//1538 1561//2223
f 1553//2224 1561//2223 1548//1538
f 971//1486 970//947 1490//1479
f 1562//1547 1498//1487 1501//1493
f 1564//1577 1563//1548 1501//1493
f 1514//1501 1566//1549 1509//1496
f 1566//1549 1564//1577 1501//1493
f 1567//1550 1565//1553 1566//1549
f 1565//1553 1564//1577 1566//1549
f 1569//1551 1570//1557 1568//1552
f 1570//1557 1576//1558 1568//1552
f 1575//1555 1567//1550 1514//1501
f 1575//1555 1569//1551 1567//1550
f 1578//1559 1572//4199 1576//1558
f 1572//4199 1571//1579 1576//1558
f 1578//1559 1573//1584 1572//4199
f 1581//1561 1569//1551 1575//1555
f 1582//1562 1577//1556 1569//1551
f 1583//1563 1584//1564 1577//1556
f 979//952 970//947 971//1486
f 1586//1565 976//953 1589//1569
f 977//954 976//953 1586//1565
f 1588//1567 980//1014 977//954
f 1585//1568 979//952 971//1486
f 1589//1569 976//953 979//952
f 1590//1573 1588//1567 1587//1566
f 1591//1574 980//1014 1588//1567
f 1585//1568 971//1486 1562//1547
f 1592//1570 1589//1569 1585//1568
f 1594//1572 1586//1565 1589//1569
f 1594//1572 1587//1566 1586//1565
f 1595//1575 1592//1570 1562//1547
f 1596//1580 1593//1571 1595//1575
f 1597//1576 1598//1626 1590//1573
f 1598//1626 1591//1574 1590//1573
f 1565//1553 1599//1578 1564//1577
f 1599//1578 1595//1575 1563//1548
f 1568//1552 1596//1580 1599//1578
f 1596//1580 1595//1575 1599//1578
f 1597//1576 1593//1571 1596//1580
f 1600//1581 1598//1626 1597//1576
f 1602//1583 1600//1581 1571//1579
f 1572//4199 1602//1583 1571//1579
f 1602//1583 1598//1626 1600//1581
f 1601//1582 1598//1626 1602//1583
f 1573//1584 1602//1583 1572//4199
f 1045//1081 1603//1588 897//963
f 897//963 1603//1588 1604//1585
f 897//963 1605//1586 1519//1508
f 2248//1589 1519//1508 1605//1586
f 1608//1591 1607//1590 1531//1518
f 1610//1592 1608//1591 1536//1523
f 1532//1517 1611//1594 1552//1541
f 1555//1595 1611//1594 1612//1596
f 1614//1597 1007//1021 1006//1020
f 1616//1598 1614//1597 1613//1019
f 1617//1600 1007//1021 1614//1597
f 1615//1599 1618//1602 1616//1598
f 1618//1602 1617//1600 1616//1598
f 1620//1601 1622//1604 1623//1607
f 1620//1601 1619//1603 1622//1604
f 1624//1606 1618//1602 1620//1601
f 1628//1608 1622//1604 1621//1605
f 1625//1610 1573//1584 1578//1559
f 1626//1612 1625//1610 1629//1611
f 1627//1609 1626//1612 1630//1613
f 1623//1607 1628//1608 1631//1614
f 1624//1606 1623//1607 1631//1614
f 1633//1616 1629//1611 1578//1559
f 1630//1613 1629//1611 1633//1616
f 1636//1618 1630//1613 1635//1617
f 1631//1614 1627//1609 1636//1618
f 1632//1615 1631//1614 1638//1620
f 1639//1621 1638//1620 1640//2310
f 1641//1623 1039//1013 980//1014
f 1040//1015 1039//1013 1641//1623
f 1035//1018 1041//1017 1642//1624
f 1613//1019 1643//1629 1615//1599
f 1643//1629 1613//1019 1035//1018
f 1642//1624 1643//1629 1035//1018
f 1645//1627 1641//1623 1591//1574
f 1642//1624 1641//1623 1645//1627
f 1621//1605 1646//1628 1645//1627
f 1621//1605 1619//1603 1646//1628
f 1625//1610 1644//1625 1601//1582
f 1626//1612 1621//1605 1645//1627
f 1045//1081 1647//1630 1603//1588
f 1045//1081 1649//1632 1647//1630
f 1104//1082 1648//1631 1649//1632
f 1042//1622 1007//1021 1617//1600
f 1651//1634 1650//1633 1617//1600
f 1652//1638 1653//1636 1651//1634
f 1671//1635 1650//1633 1651//1634
f 1655//1637 1651//1634 1618//1602
f 1654//1640 1653//1636 1652//1638
f 1632//1615 1655//1637 1624//1606
f 1659//1642 1656//1639 1655//1637
f 1657//1641 1652//1638 1656//1639
f 1659//1642 1632//1615 1639//1621
f 1660//1643 1657//1641 1656//1639
f 1661//1644 1658//1664 1657//1641
f 1662//1645 1639//1621 1640//2310
f 1664//1647 1659//1642 1639//1621
f 1665//1648 1660//1643 1659//1642
f 1043//1063 1032//1008 1042//1622
f 1090//1066 1043//1063 1042//1622
f 1667//1650 1087//1065 1091//1067
f 1088//1064 1087//1065 1667//1650
f 1669//1652 1092//1068 1668//1069
f 1670//1651 1089//1104 1092//1068
f 1667//1650 1090//1066 1671//1635
f 1668//1069 1667//1650 1672//1653
f 1669//1652 1668//1069 1673//1654
f 1675//1657 1669//1652 1674//1655
f 1675//1657 1670//1651 1669//1652
f 1676//1659 1667//1650 1671//1635
f 1672//1653 1667//1650 1676//1659
f 1678//1658 1674//1655 1677//1656
f 1673//1654 1672//1653 1679//1660
f 1677//1656 1673//1654 1680//1661
f 1678//1658 1677//1656 1681//1662
f 1680//1661 1679//1660 1658//1664
f 1681//1662 1680//1661 1683//1665
f 1682//1663 1681//1662 1683//1665
f 1683//1665 1658//1664 1684//1666
f 1682//1663 1683//1665 1685//1667
f 1684//1666 1658//1664 1661//1644
f 1686//1668 1685//1667 1688//1670
f 1666//1649 1687//1669 1661//1644
f 1685//1667 1687//1669 1690//1672
f 1688//1670 1685//1667 1691//1673
f 1689//1671 1688//1670 1691//1673
f 1694//1677 1104//1082 1106//1083
f 1694//1677 1695//1676 1104//1082
f 1129//1105 1089//1104 1670//1651
f 1130//1109 1129//1105 1670//1651
f 1697//1680 1134//1112 1133//1111
f 1698//1681 1128//1108 1134//1112
f 1135//1113 1128//1108 1698//1681
f 1700//1682 1675//1657 1699//1686
f 1131//1110 1130//1109 1675//1657
f 1696//1679 1131//1110 1700//1682
f 1697//1680 1696//1679 1701//1683
f 1703//1684 1702//1742 1135//1113
f 1699//1686 1675//1657 1704//1685
f 1700//1682 1699//1686 1705//1687
f 1701//1683 1700//1682 1705//1687
f 1707//1689 1698//1681 1701//1683
f 1703//1684 1698//1681 1707//1689
f 1704//1685 1678//1658 1682//1663
f 1705//1687 1704//1685 1708//1690
f 1709//1691 1706//1688 1705//1687
f 1712//1694 1707//1689 1706//1688
f 1703//1684 1707//1689 1712//1694
f 1686//1668 1708//1690 1682//1663
f 1714//1697 1709//1691 1710//1692
f 1715//1696 1711//1693 1709//1691
f 1716//1698 1712//1694 1711//1693
f 1713//1695 1712//1694 1716//1698
f 1710//1692 1686//1668 1689//1671
f 1717//1703 1714//1697 1710//1692
f 1720//1702 1710//1692 1689//1671
f 1721//1701 1717//1703 1710//1692
f 1136//1114 1722//1706 1105//1084
f 1136//1114 1724//1704 1722//1706
f 1723//1745 1725//1705 1136//1114
f 1725//1705 1724//1704 1136//1114
f 1722//1706 1695//1676 1105//1084
f 1725//1705 1726//1744 2441//2351
f 1728//1707 1154//1132 1153//1133
f 1730//1710 1729//1709 1731//1728
f 1730//1710 1731//1728 1733//1711
f 1733//1711 1732//1727 1735//1713
f 1743//1712 1733//1711 1736//1714
f 1165//1147 1167//1715 1737//1716
f 1166//1144 1738//1718 1167//1715
f 1152//1131 1737//1716 1153//1133
f 1737//1716 1152//1131 1165//1147
f 1737//1716 1739//1717 1741//1720
f 1738//1718 1740//1721 1739//1717
f 1737//1716 1741//1720 1729//1709
f 1730//1710 1154//1132 1728//1707
f 1743//1712 1163//1143 1154//1132
f 1739//1717 1744//1722 1742//1719
f 1740//1721 1745//1725 1744//1722
f 1746//1723 1731//1728 1729//1709
f 1747//1724 1732//1727 1746//1723
f 1744//1722 1748//1726 1747//1724
f 1732//1727 1733//1711 1731//1728
f 1747//1724 1749//1730 1732//1727
f 1172//1151 1751//1731 1175//1154
f 1173//1152 1752//1733 1751//1731
f 1175//1154 1753//1732 1738//1718
f 1753//1732 1740//1721 1738//1718
f 1752//1733 1754//1734 1753//1732
f 1756//1735 1745//1725 1753//1732
f 1754//1734 1755//1738 1756//1735
f 1745//1725 1757//1736 1748//1726
f 1756//1735 1758//1737 1757//1736
f 1125//1103 1135//1113 1759//1739
f 1176//1155 1120//1098 1759//1739
f 1135//1113 1702//1742 1759//1739
f 1760//1740 1176//1155 1759//1739
f 1752//1733 1176//1155 1760//1740
f 1702//1742 1703//1684 1713//1695
f 1762//2493 1761//1741 1719//1700
f 1761//1741 1762//2493 1763//1743
f 1754//1734 1761//1741 1763//1743
f 1764//2431 1762//2493 1719//1700
f 1185//1160 1767//1747 1184//1180
f 1765//1746 1770//1749 1767//1747
f 1190//1165 1163//1143 1774//1753
f 1776//1755 1191//1166 1190//1165
f 1193//1757 1765//1746 1183//1159
f 1192//1167 1776//1755 1777//1756
f 1768//1750 1193//1757 1192//1167
f 1774//1753 1163//1143 1743//1712
f 1775//1754 1743//1712 1750//2458
f 1778//1758 1776//1755 1775//1754
f 1768//1750 1773//2503 1771//2498
f 1773//2503 1768//1750 1777//1756
f 1177//1169 1793//1759 1726//1744
f 610//1774 1195//1170 1779//1773
f 1195//1170 1781//1761 1779//1773
f 1195//1170 1780//4195 1782//1760
f 1782//1760 1785//1763 1781//1761
f 1783//1762 1780//4195 1196//1171
f 1783//1762 1782//1760 1780//4195
f 1783//1762 1784//2509 1785//1763
f 1783//1762 1786//1764 1784//2509
f 1197//1174 1783//1762 1196//1171
f 1783//1762 1197//1174 1787//1765
f 1788//1766 1787//1765 1197//1174
f 1790//1181 1789//2513 1200//1177
f 1200//1177 1789//2513 1788//1766
f 1184//1180 1792//1767 1202//1179
f 1766//1752 1184//1180 1767//1747
f 1792//1767 1791//2515 1790//1181
f 1794//1768 1793//1759 1194//596
f 1204//1186 1794//1768 1203//1182
f 1204//1186 1796//2521 1795//1769
f 1796//2521 1204//1186 1206//1185
f 1207//639 1799//1772 647//637
f 1207//639 610//1774 1799//1772
f 1895//1864 1885//1850 2586//2537
f 1800//1775 1801//2539 41//36
f 1802//1776 1902//1865 1800//1775
f 1800//1775 41//36 2591//46
f 1802//1776 2590//41 1805//1779
f 1804//1873 1803//1778 1810//1878
f 1806//1782 1808//1781 1809//1783
f 1807//1780 53//1784 1808//1781
f 1810//1878 1803//1778 49//51
f 1807//1780 1810//1878 49//51
f 1808//1781 55//58 1811//60
f 1813//1785 1917//1879 1809//1783
f 1809//1783 1811//60 1813//1785
f 1813//1785 58//59 1814//1786
f 1817//2541 1814//1786 58//59
f 1814//1786 1817//2541 1818//1791
f 1814//1786 1818//1791 1816//1788
f 1823//1795 1824//1794 1822//1797
f 1826//1793 1825//1798 1824//1794
f 1822//1797 1829//1796 1828//1800
f 1827//1801 1828//1800 1831//1805
f 1829//1796 1830//1799 1833//1802
f 1830//1799 1812//1900 1815//1789
f 1835//1804 1832//1790 1819//2544
f 1835//1804 1833//1802 1832//1790
f 1835//1804 1828//1800 1833//1802
f 1837//1806 1831//1805 1834//1803
f 1838//2556 1835//1804 1819//2544
f 1835//1804 1838//2556 1834//1803
f 1819//2544 1832//1790 1816//1788
f 1839//1810 1840//1809 1843//1811
f 1846//1808 1845//1815 1844//1813
f 1846//1808 1843//1811 1840//1809
f 1847//1816 1821//1814 1845//1815
f 1843//1811 1844//1813 1849//1818
f 1845//1815 1823//1795 1844//1813
f 1821//1814 1826//1793 1823//1795
f 1//1819 1842//1812 1848//1817
f 1822//1797 1827//1801 1849//1818
f 3//1 1848//1817 1849//1818
f 1849//1818 1827//1801 6//6
f 1836//5 6//6 1831//1805
f 1851//1822 1839//1810 1850//1821
f 1851//1822 1841//1807 1840//1809
f 1839//1810 1853//7 1854//1820
f 1850//1821 1854//1820 1856//1824
f 1858//1827 1850//1821 1857//1826
f 1853//7 1842//1812 8//8
f 1856//1824 1855//1825 1859//1828
f 1860//1832 1858//1827 1857//1826
f 1853//7 10//9 9//16
f 1860//1832 1857//1826 1861//1831
f 1864//1829 1859//1828 15//15
f 1861//1831 1862//1830 1865//1835
f 1863//1833 1861//1831 1866//1836
f 1868//1834 1862//1830 1864//1829
f 1870//1840 1867//1837 1866//1836
f 16//17 1868//1834 1864//1829
f 1869//1838 1865//1835 1872//1842
f 1873//1839 1869//1838 1872//1842
f 1881//1847 1880//2609 1876//1845
f 1888//1851 1887//1855 1886//1852
f 1884//1849 1882//1853 1886//1852
f 1884//1849 1886//1852 1891//1859
f 1888//1851 1875//1846 1890//1854
f 1886//1852 1887//1855 2583//1860
f 1891//1859 1886//1852 2583//1860
f 1877//1858 1875//1846 1876//1845
f 2583//1860 1887//1855 1892//1857
f 1877//1858 1876//1845 1879//1862
f 1894//1863 1893//1967 1885//1850
f 1893//1967 1883//1848 1885//1850
f 1885//1850 1884//1849 1891//1859
f 1891//1859 2586//2537 1885//1850
f 2586//2537 1891//1859 2582//2534
f 1896//1870 1898//1968 1897//1866
f 1897//1866 1898//1968 1894//1863
f 1897//1866 1894//1863 1895//1864
f 1800//1775 1899//1867 1801//2539
f 1899//1867 1895//1864 1801//2539
f 1901//1871 1896//1870 1902//1865
f 1906//1777 1902//1865 1802//1776
f 1903//1207 1219//1200 1904//1872
f 1905//1869 1900//1868 1901//1871
f 1905//1869 1901//1871 1906//1777
f 1904//1872 1905//1869 1804//1873
f 1804//1873 1906//1777 1803//1778
f 1907//1875 1903//1207 1904//1872
f 1909//1220 1903//1207 1907//1875
f 1909//1220 1907//1875 1908//1877
f 1907//1875 1911//1874 1910//1876
f 1904//1872 1804//1873 1911//1874
f 1806//1782 1910//1876 1911//1874
f 1911//1874 1810//1878 1807//1780
f 1809//1783 1910//1876 1806//1782
f 1908//1877 1913//1880 1912//1216
f 1908//1877 1910//1876 1913//1880
f 1912//1216 1913//1880 1914//1884
f 1913//1880 1917//1879 1918//1881
f 1918//1881 1914//1884 1913//1880
f 1919//1883 1915//1886 1914//1884
f 1923//1888 1919//1883 1921//1882
f 1923//1888 1916//1885 1919//1883
f 1926//1892 1925//1890 1812//1900
f 1813//1785 1918//1881 1917//1879
f 1927//1891 1920//1887 1925//1890
f 1812//1900 1925//1890 1815//1789
f 1929//1894 1928//1893 1825//1798
f 1931//1895 1930//1897 1928//1893
f 1932//1896 1931//1895 1929//1894
f 1932//1896 1933//1902 1931//1895
f 1933//1902 1934//1898 1931//1895
f 1934//1898 1923//1888 1922//1889
f 1935//1899 1916//1885 1923//1888
f 1930//1897 1927//1891 1926//1892
f 1936//1901 1937//1903 1933//1902
f 1939//1905 1935//1899 1934//1898
f 1938//1904 1939//1905 1937//1903
f 1941//1919 1940//1906 1938//1904
f 1943//1908 1821//1814 1847//1816
f 1943//1908 1847//1816 1841//1807
f 1945//1911 1943//1908 1944//1909
f 1942//1907 1826//1793 1821//1814
f 1932//1896 1826//1793 1942//1907
f 1946//1910 1942//1907 1945//1911
f 1948//1912 1945//1911 1944//1909
f 1948//1912 1949//1915 1946//1910
f 1949//1915 1936//1901 1946//1910
f 1947//1913 1950//1918 1951//1914
f 1952//1920 1938//1904 1936//1901
f 1949//1915 1952//1920 1936//1901
f 1950//1918 1953//1917 1951//1914
f 1954//1996 1952//1920 1949//1915
f 1954//1996 1949//1915 1951//1914
f 1953//1917 1954//1996 1951//1914
f 1954//1996 1941//1919 1952//1920
f 1958//1995 1957//1979 1941//1919
f 1954//1996 1958//1995 1941//1919
f 1852//1823 1959//1922 1851//1822
f 1944//1909 1841//1807 1959//1922
f 1961//1924 1852//1823 1960//1923
f 1947//1913 1944//1909 1961//1924
f 1962//1929 1947//1913 1961//1924
f 1963//1925 1962//1929 1961//1924
f 1964//1927 1960//1923 1858//1827
f 1965//1926 1963//1925 1960//1923
f 1962//1929 1963//1925 1965//1926
f 1966//1933 1947//1913 1962//1929
f 1947//1913 1966//1933 1950//1918
f 1969//1930 1968//1928 1965//1926
f 1970//1934 1966//1933 1962//1929
f 1968//1928 1970//1934 1962//1929
f 1969//1930 1970//1934 1968//1928
f 1975//1937 1964//1927 1860//1832
f 1975//1937 1860//1832 1863//1833
f 1976//1938 1863//1833 1867//1837
f 1978//1940 1967//1931 1975//1937
f 1981//1946 1978//1940 1976//1938
f 1977//1939 1867//1837 1870//1840
f 1982//1944 1981//1946 1976//1938
f 1983//1945 1979//1941 1978//1940
f 1984//1947 1972//1942 1979//1941
f 1977//1939 1870//1840 1874//1843
f 1986//1948 1874//1843 1985//2616
f 1980//1943 1977//1939 1986//1948
f 1987//1950 1982//1944 1980//1943
f 1988//1949 1981//1946 1982//1944
f 1988//1949 1983//1945 1981//1946
f 1990//1952 1989//1951 1983//1945
f 1984//1947 1991//2021 1972//1942
f 1996//1953 1878//1844 1994//1954
f 1993//1956 1997//2034 1996//1953
f 1997//2034 1881//1847 1996//1953
f 1209//1188 1211//1270 1882//1853
f 1998//1189 1209//1188 1883//1848
f 1212//1268 2001//1960 2004//1958
f 1999//1961 2001//1960 1212//1268
f 2004//1958 1888//1851 2003//1957
f 2004//1958 2003//1957 2000//1269
f 2006//1963 2005//1962 2001//1960
f 2083//1966 2006//1963 2002//1959
f 2004//1958 2007//1964 1889//1856
f 1992//1965 2007//1964 2005//1962
f 2006//1963 1992//1965 2005//1962
f 1889//1856 1994//1954 1875//1846
f 1995//1955 1994//1954 2007//1964
f 2008//1191 1998//1189 1883//1848
f 2008//1191 1883//1848 1893//1967
f 2009//1194 1893//1967 1894//1863
f 2010//1195 2009//1194 1898//1968
f 1898//1968 2009//1194 1894//1863
f 1900//1868 2010//1195 1896//1870
f 1219//1200 1218//1197 1900//1868
f 1218//1197 2010//1195 1900//1868
f 1232//1214 1908//1877 1912//1216
f 1912//1216 1914//1884 1915//1886
f 1233//1221 1915//1886 1916//1885
f 2012//1223 2011//1222 1916//1885
f 2013//1970 1234//1225 2015//1969
f 2013//1970 2015//1969 2016//1972
f 2018//1975 2017//2043 2014//1971
f 2019//1973 2015//1969 1935//1899
f 2020//1974 2014//1971 2016//1972
f 1940//1906 2022//1976 1939//1905
f 2020//1974 2019//1973 2022//1976
f 2024//1978 1940//1906 1941//1919
f 2025//1980 2022//1976 1940//1906
f 2026//1981 2023//1977 2022//1976
f 2027//1986 2021//2045 2018//1975
f 2024//1978 2029//1984 2028//1982
f 2029//1984 2024//1978 1957//1979
f 2030//1983 2026//1981 2028//1982
f 2031//1985 2018//1975 2023//1977
f 1238//1229 2034//1990 2043//2001
f 2034//1990 2033//1989 2035//1991
f 2036//1992 2035//1991 2037//1993
f 2043//2001 2040//1237 2032//1987
f 2043//2001 2032//1987 1238//1229
f 2044//2005 2041//1999 2042//2000
f 2042//2000 2045//2002 2044//2005
f 2043//2001 2034//1990 2036//1992
f 2045//2002 2043//2001 2046//2003
f 2046//2003 2036//1992 2048//1994
f 1973//1935 2050//2006 2049//2007
f 1972//1942 1991//2021 2050//2006
f 2051//4158 2049//2007 2050//2006
f 2051//4158 2050//2006 1991//2021
f 1259//1252 2054//1253 2058//2014
f 2055//1254 1259//1252 2058//2014
f 2056//2010 1258//1250 1248//1238
f 2056//2010 2054//1253 1258//1250
f 2058//2014 2054//1253 2057//2011
f 2057//2011 2056//2010 2059//2012
f 2058//2014 2057//2011 2060//2013
f 2059//2012 2056//2010 2041//1999
f 2041//1999 2044//2005 2059//2012
f 2063//2017 2060//2013 2059//2012
f 2061//2015 2060//2013 2063//2017
f 2067//2693 2062//2016 2065//2019
f 2067//2693 2063//2017 2062//2016
f 1263//1256 1260//1249 2055//1254
f 1265//1257 1264//1258 1263//1256
f 2069//2024 1265//1257 1263//1256
f 2070//2025 1373//1363 1265//1257
f 2074//2028 2072//2027 2069//2024
f 2075//2079 2070//2025 2072//2027
f 2071//2026 2055//1254 2061//2015
f 2077//2031 2072//2027 2074//2028
f 2078//2030 2075//2079 2072//2027
f 2080//2032 2071//2026 2061//2015
f 2081//2722 2077//2031 2074//2028
f 2081//2722 2074//2028 2076//2029
f 2078//2030 2077//2031 2081//2722
f 1277//1271 1999//1961 1212//1268
f 2084//2036 2082//2035 1278//1273
f 1276//1266 1391//1379 2084//2036
f 2083//1966 2002//1959 1999//1961
f 2084//2036 2083//1966 2082//2035
f 2085//2033 1993//1956 2083//1966
f 2086//2038 2085//2033 1391//1379
f 2085//2033 2087//2037 1997//2034
f 2086//2038 2793//2093 2087//2037
f 2089//2039 1319//1311 1324//1314
f 2091//2041 1320//1309 1319//1311
f 2090//2042 1322//1326 1320//1309
f 2014//1971 1323//1313 2013//1970
f 2017//2043 1324//1314 1323//1313
f 2092//2044 2091//2041 2089//2039
f 2021//2045 1324//1314 2017//2043
f 2093//2046 2089//2039 2088//2040
f 2094//2050 2090//2042 2092//2044
f 2095//2048 2092//2044 2093//2046
f 2096//2047 2094//2050 2092//2044
f 2099//2052 2095//2048 2093//2046
f 2098//2051 2095//2048 2099//2052
f 2097//2049 2096//2047 2098//2051
f 2106//2055 2088//2040 2021//2045
f 2102//2054 2093//2046 2088//2040
f 2103//2056 2099//2052 2093//2046
f 2104//2057 2100//2053 2099//2052
f 2097//2049 2100//2053 2104//2057
f 2106//2055 2021//2045 2027//1986
f 2108//2062 1339//1988 1338//1325
f 1338//1325 1322//1326 2109//2061
f 2033//1989 2108//2062 2110//2063
f 2109//2061 2090//2042 2094//2050
f 2033//1989 2110//2063 2111//2064
f 2112//2065 2110//2063 2113//2066
f 2109//2061 2097//2049 2101//2059
f 2035//1991 2111//2064 2112//2065
f 2114//2750 2112//2065 2113//2066
f 2115//2067 1370//1360 1373//1363
f 1371//1361 1370//1360 2115//2067
f 1374//1364 1371//1361 2116//2069
f 1375//1365 1374//1364 2117//2070
f 2117//2070 2116//2069 2118//2071
f 2118//2071 2115//2067 2120//2073
f 2073//2068 2070//2025 2075//2079
f 2073//2068 2075//2079 2123//2075
f 2156//2107 2119//2072 2121//2074
f 2124//2077 2120//2073 2123//2075
f 2122//2078 2156//2107 2121//2074
f 2124//2077 2123//2075 2126//2081
f 2127//2080 2125//2076 2124//2077
f 2129//2082 2122//2078 2125//2076
f 2126//2081 2123//2075 2078//2030
f 2133//2086 2132//2085 2131//2090
f 2129//2082 2127//2080 2133//2086
f 2135//2088 2130//2083 2128//2084
f 2126//2081 2078//2030 2136//2765
f 2132//2085 2137//2768 2131//2090
f 2139//2089 2138//2092 2134//2087
f 2139//2089 2134//2087 2133//2086
f 2140//2091 2135//2088 2134//2087
f 1436//1423 2141//1632 2086//2038
f 1422//1407 1421//1406 1375//1365
f 1418//1401 1423//1409 2143//2095
f 2144//2094 1424//1410 1418//1401
f 1425//1411 1424//1410 2144//2094
f 1426//1412 1425//1411 2145//2096
f 1375//1365 2117//2070 2119//2072
f 2148//2099 1422//1407 1375//1365
f 2144//2094 2143//2095 2149//2100
f 2146//2097 2144//2094 2149//2100
f 2119//2072 2151//2103 2147//2098
f 2152//2102 2148//2099 2147//2098
f 2153//2104 1423//1409 2148//2099
f 2143//2095 1423//1409 2153//2104
f 2155//2106 2150//2101 2149//2100
f 2153//2104 2152//2102 2157//2108
f 2154//2105 2153//2104 2157//2108
f 2159//2110 2155//2106 2154//2105
f 2161//2112 2156//2107 2122//2078
f 2151//2103 2156//2107 2161//2112
f 2162//2111 2152//2102 2151//2103
f 2162//2111 2157//2108 2152//2102
f 2159//2110 2158//2109 2163//2113
f 2160//2146 2159//2110 2164//2114
f 2160//2146 2164//2114 2165//2127
f 2122//2078 2129//2082 2130//2083
f 2158//2109 2162//2111 2166//2115
f 2163//2113 2158//2109 2166//2115
f 2167//2116 2164//2114 2163//2113
f 2165//2127 2164//2114 2168//2117
f 2170//2118 2122//2078 2130//2083
f 2171//2119 2161//2112 2122//2078
f 2171//2119 2166//2115 2161//2112
f 2167//2116 2166//2115 2172//2122
f 2173//2120 2170//2118 2135//2088
f 2171//2119 2170//2118 2173//2120
f 2167//2116 2172//2122 2174//2123
f 2175//2124 2168//2117 2167//2116
f 2176//2125 2165//2127 2168//2117
f 2178//1448 2177//2128 1457//1445
f 1436//1423 2177//2128 2141//1632
f 2178//1448 2179//2156 2177//2128
f 2177//2128 2179//2156 2180//2129
f 2179//2156 2209//2130 2180//2129
f 2793//2093 2177//2128 2180//2129
f 2181//2131 1450//1437 1426//1412
f 1453//1440 1450//1437 2181//2131
f 1454//1503 1448//1442 2182//1441
f 2184//2132 2181//2131 2146//2097
f 1453//1440 2181//2131 2184//2132
f 2182//1441 1453//1440 2184//2132
f 1454//1503 2182//1441 2186//2134
f 2188//2137 2184//2132 2146//2097
f 2185//2133 2184//2132 2188//2137
f 2186//2134 2185//2133 2190//2139
f 2186//2134 2182//1441 2185//2133
f 2183//2135 2186//2134 2191//2140
f 2193//2141 2150//2101 2155//2106
f 2193//2141 2159//2110 2160//2146
f 2193//2141 2187//2136 2150//2101
f 2194//2142 2189//2138 2187//2136
f 2195//2143 2190//2139 2189//2138
f 2191//2140 2190//2139 2195//2143
f 2197//2147 2193//2141 2160//2146
f 2198//2145 2197//2147 2160//2146
f 2197//2147 2194//2142 2193//2141
f 2199//2148 2195//2143 2194//2142
f 2199//2148 2198//2145 2201//2150
f 2202//2149 2191//2140 2199//2148
f 2196//2144 2191//2140 2202//2149
f 2203//2153 2201//2150 2169//2126
f 2202//2149 2201//2150 2204//2152
f 2205//2154 2200//2151 2202//2149
f 1458//1447 2206//2158 2178//1448
f 2206//2158 2207//2155 2178//1448
f 2207//2155 2209//2130 2179//2156
f 2208//2157 2209//2130 2207//2155
f 1476//1466 2212//2161 2211//2160
f 1477//2162 2213//2163 2212//2161
f 2213//2163 2215//2166 2214//2164
f 2217//2165 2216//2167 2214//2164
f 2219//2171 2217//2165 2215//2166
f 2222//2172 2220//2173 2221//2195
f 1515//1504 1454//1503 2183//2135
f 1516//1506 1515//1504 2223//2188
f 1510//1498 1511//1497 2224//2174
f 2226//2176 1513//1502 1508//1494
f 2223//2188 1515//1504 2192//2177
f 2227//2178 1516//1506 2223//2188
f 2229//2179 2228//2181 1517//2180
f 2225//2175 1507//1495 2230//4176
f 2229//2179 2224//2174 2231//2183
f 2192//2177 2183//2135 2196//2144
f 2229//2179 2231//2183 2234//2186
f 2225//2175 2230//4176 4223//4174
f 2192//2177 2196//2144 2200//2151
f 2223//2188 2192//2177 2236//2187
f 2238//2190 2227//2178 2223//2188
f 2229//2179 2234//2186 2239//2191
f 2241//2193 2232//2184 2239//2191
f 2244//2901 2236//2187 2200//2151
f 2243//2196 2221//2195 2242//4168
f 2243//2196 4220//2192 2241//2193
f 2241//2193 2245//2194 2243//2196
f 1458//1447 2246//2197 2206//2158
f 1520//1507 2247//2198 2246//2197
f 1520//1507 1521//4197 2247//2198
f 1521//4197 2248//1589 2247//2198
f 2248//1589 2208//2157 2247//2198
f 2251//2201 1539//1526 1537//1524
f 2252//2202 1529//1515 1539//1526
f 2254//2204 1533//1522 2252//2202
f 2250//2200 2255//2209 2253//2203
f 2255//2209 2250//2200 2211//2160
f 1534//1520 1533//1522 2254//2204
f 2257//2207 2251//2201 2253//2203
f 2258//2206 2252//2202 2251//2201
f 2255//2209 2260//2208 2253//2203
f 2254//2204 2252//2202 2258//2206
f 2260//2208 2261//2212 2253//2203
f 2257//2207 2253//2203 2261//2212
f 2266//2921 2254//2204 2258//2206
f 2262//2210 2254//2204 2266//2921
f 2265//2211 2264//2922 2261//2212
f 2257//2207 2261//2212 2264//2922
f 2266//2921 2258//2206 2257//2207
f 1554//1542 2267//2222 1553//2224
f 2267//2222 1554//1542 2278//2218
f 2269//2216 2278//2218 1554//1542
f 2269//2216 1550//1539 2268//2214
f 2211//2160 2212//2161 2255//2209
f 2271//2219 2270//2217 2269//2216
f 2212//2161 2214//2164 2255//2209
f 2272//2290 2271//2219 2268//2214
f 2274//2220 2273//2230 2270//2217
f 2271//2219 2272//2290 2275//2962
f 2275//2962 2274//2220 2271//2219
f 2276//2221 2260//2208 2259//2168
f 2276//2221 2263//2213 2260//2208
f 1560//4170 1561//2223 2277//2226
f 1561//2223 2267//2222 2278//2218
f 2279//2225 2278//2218 2281//2227
f 2278//2218 2270//2217 2281//2227
f 2280//2228 2284//2231 2282//2229
f 2280//2228 2281//2227 2273//2230
f 2281//2227 2270//2217 2273//2230
f 2285//2237 2282//2229 2284//2231
f 2283//2233 2282//2229 2285//2237
f 2285//2237 2287//2235 2283//2233
f 2284//2231 2273//2230 2288//2236
f 1574//1554 1513//1502 2226//2176
f 2290//2241 1581//1561 1579//1560
f 2291//2244 1581//1561 1580//2242
f 2292//2243 1582//1562 1581//1561
f 2293//2245 1583//1563 1582//1562
f 2290//2241 1579//1560 2294//2246
f 1580//2242 2290//2241 2295//2247
f 2289//2240 2226//2176 2233//2185
f 2296//2248 2295//2247 2297//2249
f 2298//2250 2292//2243 2291//2244
f 2289//2240 2233//2185 2299//2251
f 2294//2246 2289//2240 2300//2252
f 2297//2249 2294//2246 2301//2253
f 2296//2248 2302//2255 2298//2250
f 2304//2263 2225//2175 4223//4174
f 2299//2251 2225//2175 2304//2263
f 2297//2249 2301//2253 2306//2257
f 2302//2255 2307//2254 2308//2258
f 2305//2256 2300//2252 2311//2261
f 2312//2266 2307//2254 2306//2257
f 2286//2234 2315//2936 2304//2263
f 2315//2936 2316//2264 2304//2263
f 2311//2261 2299//2251 2316//2264
f 2317//2265 2305//2256 2311//2261
f 2306//2257 2305//2256 2317//2265
f 2308//2258 2307//2254 2318//2267
f 2319//2268 2309//2259 2308//2258
f 2313//2262 2319//2268 2325//2269
f 2317//2265 2316//2264 2322//2273
f 2312//2266 2317//2265 2322//2273
f 2325//2269 2319//2268 2318//2267
f 1519//1508 2248//1589 1521//4197
f 1604//1585 1648//1631 2248//1589
f 1648//1631 2249//2199 2248//1589
f 1648//1631 2327//2352 2249//2199
f 2328//2282 1609//1593 1610//1592
f 2329//2284 1610//1592 1534//1520
f 2330//2278 2329//2284 1534//1520
f 2330//2278 2335//2283 2329//2284
f 2331//2279 1534//1520 2256//2205
f 2331//2279 2330//2278 1534//1520
f 2332//2277 2338//2287 2330//2278
f 2334//2280 1555//1595 1612//1596
f 1555//1595 2334//2280 2337//2215
f 2328//2282 1610//1592 2333//2281
f 2333//2281 1612//1596 1609//1593
f 2335//2283 2333//2281 1610//1592
f 2338//2287 2336//2285 2330//2278
f 2339//2286 2334//2280 2336//2285
f 2337//2215 2334//2280 2342//2291
f 2341//2289 2339//2286 2338//2287
f 2344//2293 2343//2292 2338//2287
f 2345//2294 2340//2288 2343//2292
f 2342//2291 2340//2288 2345//2294
f 2347//2964 2332//2277 2331//2279
f 2348//2296 2346//2295 2344//2293
f 2349//2297 2345//2294 2346//2295
f 2353//2298 2342//2291 2345//2294
f 2350//2299 2351//2303 2349//2297
f 2986//2300 2331//2279 2256//2205
f 2342//2291 2352//2301 2272//2290
f 2354//2302 2350//2299 2348//2296
f 2351//2303 2350//2299 2354//2302
f 2355//2305 2356//2304 2351//2303
f 1633//1616 1584//1564 1583//1563
f 1634//2306 1633//1616 1583//1563
f 1635//1617 1633//1616 1634//2306
f 1636//1618 1635//1617 2357//2307
f 1637//1619 1636//1618 2358//2308
f 2359//2309 1638//1620 1637//1619
f 1634//2306 1583//1563 2293//2245
f 2357//2307 1634//2306 2361//2311
f 2358//2308 2357//2307 2362//2312
f 2359//2309 2358//2308 2363//2313
f 1640//2310 2359//2309 2364//2314
f 2293//2245 2292//2243 2298//2250
f 2361//2311 2293//2245 2366//2315
f 2362//2312 2361//2311 2368//2317
f 2363//2313 2362//2312 2368//2317
f 2364//2314 2363//2313 2369//2318
f 2370//2326 1640//2310 2364//2314
f 2367//2316 2366//2315 2298//2250
f 2372//2320 2368//2317 2367//2316
f 2369//2318 2368//2317 2373//2321
f 2374//2322 2371//2319 2302//2255
f 2374//2322 2302//2255 2310//2260
f 2372//2320 2371//2319 2374//2322
f 2375//2323 2373//2321 2372//2320
f 2375//2323 2313//2262 2314//2271
f 2314//2271 2376//2324 2375//2323
f 2360//2353 1640//2310 2365//2325
f 2379//2327 2364//2314 2369//2318
f 2370//2326 2364//2314 2379//2327
f 2380//2329 2365//2325 2370//2326
f 2381//2330 2360//2353 2365//2325
f 2377//2331 2360//2353 2381//2330
f 2378//2328 2369//2318 2373//2321
f 2379//2327 2378//2328 2384//2335
f 2380//2329 2379//2327 2384//2335
f 2385//2334 2381//2330 2380//2329
f 2383//2333 2373//2321 2376//2324
f 2384//2335 2378//2328 2383//2333
f 2388//2339 2385//2334 2384//2335
f 2382//2332 2385//2334 2388//2339
f 2386//2337 2383//2333 2390//2336
f 2387//2338 2386//2337 2392//2342
f 2388//2339 2387//2338 2393//2343
f 2390//2336 2314//2271 2321//2272
f 2391//2341 2390//2336 2394//2346
f 2395//2348 2386//2337 2391//2341
f 2392//2342 2386//2337 2395//2348
f 2389//2340 2388//2339 2396//2344
f 2394//2346 2390//2336 2321//2272
f 2391//2341 2394//2346 2398//2345
f 2399//2349 2393//2343 2392//2342
f 2400//2350 2396//2344 2393//2343
f 1662//1645 1640//2310 2360//2353
f 2402//2355 1663//1646 1662//1645
f 2403//2356 1664//1647 1663//1646
f 1665//1648 1664//1647 2403//2356
f 2404//2357 1666//1649 1660//1643
f 2406//2358 2404//2357 1665//1648
f 2401//2354 2360//2353 2377//2331
f 2405//2369 2403//2356 2402//2355
f 2408//2361 1690//1672 1666//1649
f 1692//1674 1691//1673 2409//2362
f 2402//2355 2401//2354 2411//2360
f 2407//2359 2403//2356 2405//2369
f 2412//2365 1666//1649 2404//2357
f 2413//2367 1691//1673 2408//2361
f 2413//2367 2409//2362 1691//1673
f 2411//2360 2377//2331 2382//2332
f 2405//2369 2402//2355 2416//2364
f 2407//2359 2405//2369 2417//2370
f 2419//2372 2408//2361 2412//2365
f 2417//2370 2416//2364 2421//2374
f 2423//2380 2419//2372 2418//2371
f 2421//2374 2382//2332 2389//2340
f 2422//2375 2417//2370 2421//2374
f 2426//2378 2418//2371 2422//2375
f 2423//2380 2418//2371 2426//2378
f 2427//2379 2419//2372 2423//2380
f 2424//2376 2414//2366 2413//2367
f 2426//2378 2421//2374 2428//2381
f 2431//2384 2427//2379 2426//2378
f 2432//2385 2424//2376 2427//2379
f 2434//2438 2425//2377 2424//2376
f 2428//2381 2421//2374 2389//2340
f 2429//2382 2428//2381 2435//2387
f 2434//2438 2424//2376 2433//2386
f 2435//2387 2389//2340 2436//2388
f 2429//2382 2435//2387 2436//2388
f 2437//2389 2430//2383 2429//2382
f 2438//2390 2432//2385 2430//2383
f 2439//2391 2433//2386 2432//2385
f 2440//2392 2434//2438 2433//2386
f 1104//1082 2441//2351 1648//1631
f 1695//1676 2441//2351 1104//1082
f 2450//2397 2442//2394 2447//2398
f 2442//2394 2444//2393 2448//2402
f 2445//2396 2443//2395 2450//2397
f 2444//2393 2506//2410 2448//2402
f 2446//2403 2454//2401 2442//2394
f 2449//2399 2447//2398 2452//2405
f 2453//2407 2450//2397 2449//2399
f 2451//2400 2450//2397 2453//2407
f 2454//2401 2446//2403 2458//3078
f 2452//2405 2447//2398 2455//2404
f 2449//2399 2452//2405 2456//2406
f 2458//3078 2457//2409 2454//2401
f 2459//2408 2456//2406 2455//2404
f 2458//3078 2448//2402 2460//2420
f 2448//2402 2458//3078 2446//2403
f 2453//2407 2456//2406 2516//2470
f 2463//2412 2465//2415 2462//2413
f 2448//2402 2461//2411 2466//2414
f 2464//2417 2465//2415 2463//2412
f 2467//2416 2468//3093 2460//2420
f 2469//2418 2471//2421 2470//3094
f 2538//2491 2473//2424 2472//2422
f 1689//1671 1692//1674 2410//2363
f 1718//1699 1717//1703 1721//1701
f 2476//2428 1716//1698 1718//1699
f 1719//1700 2476//2428 1764//2431
f 2476//2428 1719//1700 1716//1698
f 2415//2368 1720//1702 2410//2363
f 2477//2429 2415//2368 2420//2373
f 2476//2428 2479//2433 2478//2430
f 2425//2377 2420//2373 2409//2362
f 2484//2442 2479//2433 2483//2435
f 2484//2442 2481//2436 2479//2433
f 2484//2442 2485//2446 2481//2436
f 2482//2439 2480//2432 2486//2437
f 2483//2435 2482//2439 2487//2440
f 2487//2440 2486//2437 2489//2443
f 2490//2444 2488//2441 2487//2440
f 2491//2445 2492//2449 2485//2446
f 2492//2449 2473//2424 2541//2495
f 2485//2446 2492//2449 2541//2495
f 2487//2440 2489//2443 2493//3103
f 2490//2444 2487//2440 2493//3103
f 2491//2445 2490//2444 2495//2447
f 2492//2449 3164//2450 2473//2424
f 2492//2449 2491//2445 2495//2447
f 2497//2452 1721//1701 2496//2451
f 2475//2427 2474//2426 1721//1701
f 2496//2451 2477//2429 2420//2373
f 2498//2434 2475//2427 2497//2452
f 2475//2427 2498//2434 2479//2433
f 2482//2439 2496//2451 2420//2373
f 2498//2434 2496//2451 2482//2439
f 2502//2453 2500//2456 2499//2454
f 1735//1713 1734//1729 2500//2456
f 1736//1714 2502//2453 2501//2455
f 1736//1714 1735//1713 2502//2453
f 2500//2456 2508//2460 2503//2459
f 2504//2457 1736//1714 2501//2455
f 2508//2460 2526//2478 2506//2410
f 2503//2459 2505//2461 2507//2462
f 2510//2464 2503//2459 2509//2463
f 2501//2455 2499//2454 2510//2464
f 2511//2465 2444//2393 2445//2396
f 2506//2410 2511//2465 2505//2461
f 2507//2462 2505//2461 2511//2465
f 2504//2457 2510//2464 2512//2468
f 2511//2465 2445//2396 2451//2400
f 2509//2463 2511//2465 2515//2467
f 2515//2467 2451//2400 2453//2407
f 2510//2464 2515//2467 2516//2470
f 2518//2472 2512//2468 2516//2470
f 2513//2466 2512//2468 2518//2472
f 2517//2471 2513//2466 2519//2474
f 1734//1729 2522//2477 2500//2456
f 1749//1730 2523//2476 1734//1729
f 2500//2456 2522//2477 2508//2460
f 2521//2475 2524//2479 2523//2476
f 2521//2475 2525//2481 2524//2479
f 2506//2410 2526//2478 2461//2411
f 2523//2476 2527//2480 2526//2478
f 2524//2479 2528//2419 2527//2480
f 2527//2480 2463//2412 2461//2411
f 2463//2412 2527//2480 2464//2417
f 1757//1736 2530//2482 1748//1726
f 1758//1737 2529//2486 2531//2483
f 2521//2475 2534//2484 2525//2481
f 2532//2490 2534//2484 2531//2483
f 2533//2485 2532//2490 2531//2483
f 2532//2490 2535//2487 2534//2484
f 2534//2484 2536//2488 2528//2419
f 2535//2487 2472//2422 2536//2488
f 2538//2491 2535//2487 2537//2489
f 2478//2430 2539//2492 1764//2431
f 2539//2492 2478//2430 2540//2494
f 2540//2494 2541//2495 2533//2485
f 2540//2494 2481//2436 2485//2446
f 2538//2491 2541//2495 2473//2424
f 1768//1750 1771//2498 1769//1748
f 1769//1748 2542//2500 1770//1749
f 1772//1751 1770//1749 2542//2500
f 1769//1748 1771//2498 2542//2500
f 1772//1751 2545//2501 1766//1752
f 1778//1758 2514//2469 2517//2471
f 2549//2497 1773//2503 1778//1758
f 2546//2502 1771//2498 1773//2503
f 1771//2498 2546//2502 2544//2499
f 2545//2501 2542//2500 2544//2499
f 2548//2504 2543//2496 2517//2471
f 2550//3128 2544//2499 2546//2502
f 1778//1758 1775//1754 2514//2469
f 1777//1756 1778//1758 1773//2503
f 1177//1169 1726//1744 1723//1745
f 1793//1759 2562//3167 1726//1744
f 1726//1744 2562//3167 2551//4200
f 2552//2506 2553//2507 3204//3142
f 2553//2507 2554//2508 2555//3141
f 1784//2509 2556//2510 2554//2508
f 1787//1765 2557//2511 1786//1764
f 2557//2511 1787//1765 1788//1766
f 1791//2515 2559//2512 1790//1181
f 1789//2513 2558//3150 1788//1766
f 2558//3150 2557//2511 1788//1766
f 1789//2513 2559//2512 2558//3150
f 1766//1752 2561//2516 1792//1767
f 1796//2521 2563//2518 1795//1769
f 2566//2520 1796//2521 1206//1185
f 1797//1770 2567//3176 1798//1771
f 1799//1772 2552//2506 1797//1770
f 3244//3181 1797//1770 2552//2506
f 2573//2525 2569//2523 2571//2522
f 2573//2525 2575//2529 2570//30
f 2576//2526 2577//2530 2573//2525
f 2574//2527 2576//2526 2571//2522
f 2577//2530 2579//2532 2575//2529
f 2580//2533 2579//2532 2577//2530
f 2578//2531 2580//2533 2576//2526
f 2582//2534 2581//1861 31//2536
f 2581//1861 2583//1860 2585//2535
f 2583//1860 2569//2523 2570//30
f 2585//2535 2570//30 33//28
f 2589//2540 2586//2537 2588//32
f 2588//32 2587//2538 36//33
f 1801//2539 1895//1864 2586//2537
f 41//36 2589//2540 37//34
f 50//50 1805//1779 45//43
f 55//58 1808//1781 53//1784
f 57//57 1811//60 55//58
f 60//62 1817//2541 58//59
f 1817//2541 60//62 2593//2542
f 2592//2543 1818//1791 2593//2542
f 2596//2548 2592//2543 2595//2545
f 2598//2547 2594//2546 2592//2543
f 2596//2548 2595//2545 2597//2549
f 65//67 2595//2545 62//64
f 2599//2551 2596//2548 2597//2549
f 2600//2550 2598//2547 2596//2548
f 67//71 2597//2549 65//67
f 2601//2566 2600//2550 2599//2551
f 2602//2552 2599//2551 2597//2549
f 2603//2553 2601//2566 2599//2551
f 2605//2571 2603//2553 2602//2552
f 2606//2555 1834//1803 1838//2556
f 1819//2544 1820//1792 2607//2558
f 1838//2556 1819//2544 2608//2557
f 2609//75 1837//1806 2606//2555
f 2608//2557 2610//2559 2606//2555
f 2609//75 2610//2559 2611//76
f 2607//2558 2594//2546 2612//2560
f 2608//2557 2607//2558 2612//2560
f 2608//2557 2613//2561 2610//2559
f 2610//2559 2614//2562 70//77
f 2616//2563 2613//2561 2612//2560
f 2600//2550 2612//2560 2598//2547
f 2614//2562 2616//2563 2617//79
f 2616//2563 2615//2564 2620//2568
f 2620//2568 2615//2564 2618//2565
f 2617//79 2616//2563 2621//2569
f 2622//2570 2618//2565 2603//2553
f 2622//2570 2620//2568 2618//2565
f 1872//1842 1871//1841 2628//2580
f 1872//1842 2628//2580 2623//2573
f 2625//2574 1873//1839 2624//2572
f 1874//1843 1873//1839 2625//2574
f 2627//2578 2626//2575 2625//2574
f 1871//1841 99//109 2628//2580
f 2630//2576 2624//2572 2623//2573
f 2630//2576 2625//2574 2624//2572
f 2629//2577 2623//2573 2633//2581
f 2635//2583 2630//2576 2629//2577
f 2636//2584 2627//2578 2630//2576
f 2631//2579 2627//2578 2636//2584
f 2638//2586 2639//2588 2640//2589
f 2639//2588 2638//2586 2634//2582
f 2636//2584 2640//2589 2641//2590
f 2643//2591 2640//2589 2639//2588
f 119//127 2644//2594 115//123
f 2644//2594 120//128 115//123
f 2643//2591 2648//2604 2649//2644
f 2648//2604 2643//2591 2642//2592
f 2623//2573 2628//2580 2632//2595
f 2651//2597 2632//2595 2650//2596
f 2633//2581 2632//2595 2651//2597
f 2652//2598 2650//2596 103//110
f 2653//2587 2634//2582 2651//2597
f 2654//2599 2652//2598 108//116
f 2651//2597 2652//2598 2654//2599
f 2653//2587 2651//2597 2654//2599
f 2656//2601 2655//2600 2654//2599
f 2646//2602 120//128 2644//2594
f 2656//2601 120//128 2646//2602
f 2648//2604 2642//2592 2656//2601
f 1880//2609 2658//2605 1876//1845
f 2660//2606 2659//2524 2657//2607
f 1880//2609 2660//2606 2658//2605
f 2572//2528 2571//2522 2659//2524
f 2660//2606 2572//2528 2659//2524
f 2661//2608 2662//2611 2660//2606
f 2662//2611 2572//2528 2660//2606
f 2662//2611 2574//2527 2572//2528
f 2662//2611 2661//2608 2664//2610
f 2663//2612 2665//2613 2664//2610
f 2664//2610 2578//2531 2574//2527
f 2657//2607 1890//1854 1879//1862
f 2657//2607 2569//2523 1892//1857
f 1985//2616 1874//1843 2626//2575
f 2699//2615 1980//1943 1986//1948
f 1988//1949 2666//2617 1990//1952
f 1985//2616 2626//2575 2631//2579
f 2668//2619 2669//4201 1990//1952
f 1990//1952 2669//4201 2670//2698
f 2670//2698 2671//4165 1989//1951
f 2670//2698 1989//1951 1990//1952
f 2667//2618 2631//2579 2672//2620
f 2701//2621 2667//2618 2673//2622
f 2675//2626 2668//2619 2702//2649
f 2668//2619 2676//2633 2669//4201
f 2670//2698 2669//4201 2676//2633
f 2677//2630 2672//2620 2637//2585
f 2673//2622 2672//2620 2677//2630
f 2675//2626 2674//2623 2679//2625
f 2675//2626 2702//2649 2674//2623
f 2681//2629 2675//2626 2680//2627
f 2681//2629 2668//2619 2675//2626
f 2682//2628 2676//2633 2668//2619
f 2683//2631 2673//2622 2677//2630
f 2678//2624 2673//2622 2683//2631
f 2680//2627 2678//2624 2683//2631
f 2684//2637 2681//2629 2680//2627
f 2682//2628 2681//2629 2684//2637
f 2686//2636 2677//2630 2641//2590
f 2687//2635 2683//2631 2677//2630
f 2684//2637 2680//2627 2688//2632
f 2689//2639 2684//2637 2692//2638
f 2694//2640 2686//2636 2641//2590
f 2690//2642 2687//2635 2686//2636
f 2691//2641 2688//2632 2687//2635
f 2692//2638 2688//2632 2691//2641
f 2693//2643 2685//2634 2689//2639
f 2696//2646 2691//2641 2695//2645
f 2692//2638 2691//2641 2696//2646
f 2697//4202 2692//2638 3336//2647
f 2693//2643 2692//2638 2697//4202
f 1987//1950 1980//1943 2699//2615
f 2700//2648 2666//2617 1987//1950
f 2701//2621 2699//2615 1985//2616
f 2700//2648 2699//2615 2701//2621
f 2700//2648 2702//2649 2668//2619
f 1881//1847 2663//2612 2661//2608
f 2705//2655 2030//1983 2029//1984
f 2706//2653 2705//2655 2029//1984
f 2707//2654 2026//1981 2030//1983
f 2708//2656 2031//1985 2026//1981
f 2706//2653 2713//2658 2710//2659
f 2711//2660 2708//2656 2707//2654
f 2712//2661 2027//1986 2031//1985
f 2714//2666 2708//2656 2711//2660
f 2713//2658 2717//2663 2716//2665
f 2718//2664 2711//2660 2713//2658
f 2719//2667 2714//2666 2718//2664
f 2720//2668 2708//2656 2714//2666
f 2719//2667 2716//2665 2721//2669
f 2723//3301 2722//2670 2721//2669
f 1956//1921 2039//1998 1953//1917
f 2704//2652 1957//1979 1958//1995
f 2726//2672 2039//1998 1956//1921
f 1958//1995 2728//2674 2709//2657
f 2726//2672 2729//2678 2728//2674
f 2726//2672 2730//2676 2729//2678
f 2726//2672 2731//2675 2730//2676
f 2728//2674 2732//3313 2709//2657
f 2732//3313 2728//2674 2729//2678
f 2709//2657 2732//3313 2717//2663
f 2729//2678 2734//2677 2732//3313
f 2730//2676 2731//2675 2733//4203
f 1955//1916 2735//2680 1956//1921
f 1974//1936 2735//2680 1955//1916
f 1991//2021 2736//4159 2051//4158
f 2053//2009 2052//2008 2046//2003
f 2735//2680 2727//2673 1956//1921
f 2738//2687 2737//2679 2049//2007
f 2053//2009 2048//1994 2739//2681
f 2725//2671 2739//2681 2048//1994
f 2741//2683 2743//2685 2735//2680
f 2738//2687 2742//2684 2737//2679
f 2746//2688 2739//2681 2725//2671
f 2743//2685 2731//2675 2727//2673
f 2740//2682 2739//2681 2745//2689
f 2748//4167 2740//2682 2745//2689
f 2743//2685 2733//4203 2731//2675
f 2747//2690 2743//2685 2741//2683
f 2750//3328 2733//4203 2743//2685
f 2747//2690 2750//3328 2743//2685
f 2751//4164 3392//2692 2744//2686
f 2748//4167 2745//2689 2752//3389
f 2749//2691 2752//3389 2745//2689
f 2066//2020 1984//1947 1989//1951
f 2753//2695 2063//2017 2067//2693
f 2755//2699 2753//2695 2754//2696
f 2759//2703 2755//2699 2757//2700
f 2762//2702 2763//2705 2759//2703
f 2780//2704 2755//2699 2759//2703
f 2760//2706 2780//2704 2763//2705
f 2765//2712 2756//2697 2685//2634
f 2756//2697 2766//2713 2761//4162
f 2768//2709 2762//2702 2758//2701
f 2769//2710 2763//2705 2762//2702
f 2764//2707 2763//2705 2769//2710
f 2765//2712 2685//2634 2693//2643
f 2769//2710 2768//2709 2770//2718
f 2765//2712 2693//2643 2698//2714
f 2770//2718 2768//2709 2774//2717
f 2776//2720 2076//2029 2080//2032
f 2081//2722 2076//2029 2776//2720
f 2777//2723 2079//2022 2753//2695
f 2776//2720 2079//2022 2777//2723
f 2778//2721 2078//2030 2081//2722
f 2755//2699 2780//2704 2777//2723
f 2778//2721 2776//2720 2781//2724
f 2779//2764 2778//2721 2782//2725
f 2782//2725 2781//2724 2760//2706
f 2783//2726 2782//2725 2760//2706
f 2785//4148 2760//2706 2764//2707
f 2787//2711 2785//4148 2764//2707
f 2786//2728 2785//4148 2787//2711
f 2787//2711 2769//2710 2770//2718
f 2789//2730 2787//2711 2791//2732
f 2794//2734 2107//2060 2103//2056
f 2795//2735 2105//2058 2794//2734
f 2796//2736 2799//2740 2101//2059
f 2712//2661 2106//2055 2027//1986
f 2798//2737 2795//2735 2102//2054
f 2102//2054 2106//2055 2800//2739
f 2801//2741 2796//2736 2798//2737
f 2802//2742 2801//2741 2798//2737
f 2803//2743 2799//2740 2801//2741
f 2805//2745 2802//2742 2797//2738
f 2800//2739 2712//2661 2804//2744
f 2807//2759 2803//2743 2805//2745
f 2809//2747 2805//2745 2800//2739
f 2810//2748 2807//2759 2805//2745
f 2112//2065 2811//2752 2037//1993
f 2113//2066 2101//2059 2813//2753
f 2112//2065 2114//2750 2814//2751
f 2812//2749 2814//2751 2114//2750
f 2811//2752 2815//2754 2037//1993
f 2813//2753 2101//2059 2799//2740
f 2816//2755 2815//2754 2811//2752
f 2817//2756 2816//2755 2814//2751
f 2813//2753 2799//2740 2818//2757
f 2817//2756 2815//2754 2816//2755
f 2817//2756 2818//2757 2820//2760
f 2808//2758 2818//2757 2803//2743
f 2821//2761 2819//2763 2815//2754
f 2822//3379 2821//2761 2817//2756
f 2820//2760 2822//3379 2817//2756
f 2746//2688 2815//2754 2819//2763
f 2136//2765 2078//2030 2779//2764
f 2825//2767 2126//2081 2136//2765
f 2137//2768 2132//2085 2126//2081
f 2827//2769 2131//2090 2137//2768
f 2827//2769 2139//2089 2131//2090
f 2828//2773 2140//2091 2138//2092
f 2138//2092 2827//2769 2829//2771
f 2831//2775 2830//2772 2829//2771
f 2828//2773 2138//2092 2830//2772
f 2832//2774 2830//2772 2831//2775
f 2824//2766 2783//2726 2834//2777
f 2836//2779 2825//2767 2824//2766
f 2826//2770 2825//2767 2837//2780
f 2829//2771 2826//2770 2838//2781
f 2834//2777 2783//2726 2784//2727
f 2841//2783 2836//2779 2835//2778
f 2841//2783 2837//2780 2836//2779
f 2838//2781 2837//2780 2841//2783
f 2831//2775 2838//2781 2842//2785
f 2833//2776 2831//2775 2842//2785
f 2839//2782 2784//2727 2786//2728
f 2845//2787 2840//2784 2839//2782
f 2841//2783 2840//2784 2845//2787
f 2842//2785 2841//2783 2846//2788
f 2844//2793 2843//2786 2842//2785
f 2848//2790 2846//2788 2845//2787
f 2848//2790 2842//2785 2846//2788
f 2849//2791 2844//2793 2842//2785
f 2852//2794 2850//2792 2849//2791
f 2853//2796 2848//2790 2847//2789
f 2851//2795 2849//2791 2848//2790
f 2856//2798 2855//2797 2858//2799
f 2861//2802 2859//2801 2858//2799
f 2828//2773 2173//2120 2140//2091
f 2862//2804 2171//2119 2173//2120
f 2172//2122 2142//2121 2863//2805
f 2174//2123 2172//2122 2863//2805
f 2175//2124 2174//2123 2864//2806
f 2865//2843 2169//2126 2176//2125
f 2857//2800 2862//2804 2828//2773
f 2857//2800 2832//2774 2866//2807
f 2863//2805 2856//2798 2859//2801
f 2864//2806 2863//2805 2868//2809
f 2870//2851 2865//2843 2176//2125
f 2871//2811 2860//2803 2866//2807
f 2872//2812 2861//2802 2860//2803
f 2867//2808 2859//2801 2861//2802
f 2873//2814 2864//2806 2868//2809
f 2874//2813 2869//2810 2864//2806
f 2176//2125 2869//2810 2874//2813
f 2871//2811 2833//2776 2843//2786
f 2876//2816 2872//2812 2860//2803
f 2868//2809 2872//2812 2876//2816
f 2870//2851 2176//2125 2878//2818
f 2871//2811 2843//2786 2844//2793
f 2880//2819 2844//2793 2879//2823
f 2875//2815 2871//2811 2880//2819
f 2876//2816 2875//2815 2881//2820
f 2877//2817 2876//2816 2882//2821
f 2883//2822 2874//2813 2873//2814
f 2884//2831 2870//2851 2878//2818
f 2879//2823 2844//2793 2850//2792
f 2881//2820 2880//2819 2892//2824
f 2886//2826 2882//2821 2881//2820
f 2887//2827 2877//2817 2882//2821
f 2888//2828 2873//2814 2877//2817
f 2889//2829 2883//2822 2873//2814
f 2890//2830 2884//2831 2878//2818
f 2892//2824 2879//2823 2850//2792
f 2894//2834 2888//2828 2886//2826
f 2890//2830 2883//2822 2895//2835
f 2891//2832 2890//2830 2895//2835
f 2897//3483 2892//2824 2852//2794
f 2898//2838 2894//2834 2893//2833
f 2899//2837 2889//2829 2894//2834
f 2900//2839 2895//2835 2889//2829
f 2901//2840 2896//2836 2895//2835
f 2793//2093 2141//1632 2177//2128
f 2902//2844 2204//2152 2203//2153
f 2903//2845 2205//2154 2204//2152
f 2904//2846 2244//2901 2205//2154
f 2905//2847 2865//2843 2870//2851
f 2905//2847 2902//2844 2865//2843
f 2905//2847 2870//2851 2907//2850
f 2908//2849 2904//2846 2903//2845
f 2909//2854 2905//2847 2907//2850
f 2909//2854 2906//2848 2905//2847
f 2910//2852 2906//2848 2909//2854
f 2911//2853 2907//2850 2884//2831
f 2915//2858 2910//2852 2912//2855
f 2916//2859 2911//2853 2896//2836
f 2914//2857 2911//2853 2916//2859
f 2918//2862 2913//2856 2915//2858
f 2210//2159 2793//2093 2209//2130
f 2922//2926 2924//2866 2923//2925
f 2928//2863 2926//2889 2925//2864
f 2926//2889 2928//2863 2922//2926
f 2924//2866 2922//2926 2928//2863
f 2931//2888 2929//2874 2925//2864
f 2926//2889 2931//2888 2925//2864
f 2927//2865 2925//2864 2930//2867
f 2938//4204 2930//2867 2937//2873
f 2930//2867 2925//2864 2937//2873
f 2934//2871 2940//2878 2939//2875
f 2943//2879 2934//2871 2942//2876
f 2937//2873 2935//2872 2943//2879
f 2938//4204 2937//2873 2944//2881
f 2932//2868 2930//2867 2938//4204
f 2933//2869 2932//2868 2945//3574
f 2946//2883 2947//2886 2216//2167
f 2216//2167 2217//2165 2946//2883
f 2949//2884 2922//2926 2921//2885
f 2950//2887 2949//2884 2946//2883
f 2949//2884 2926//2889 2922//2926
f 2949//2884 2951//2890 2931//2888
f 2929//2874 2952//2880 2936//2870
f 2951//2890 2953//2891 2929//2874
f 2953//2891 2954//3584 2952//2880
f 2957//2894 2956//2893 2219//2171
f 2948//2882 2958//2897 2950//2887
f 2948//2882 2956//2893 2958//2897
f 2956//2893 2960//2898 2958//2897
f 2959//2896 2960//2898 2956//2893
f 2962//2900 2954//3584 2953//2891
f 2960//2898 2963//3590 2962//2900
f 2961//2899 2963//3590 2960//2898
f 2964//2902 2237//2189 2236//2187
f 2965//2903 2238//2190 2237//2189
f 2239//2191 2967//2904 2966//2905
f 2967//2904 2239//2191 2238//2190
f 2241//2193 2239//2191 2966//2905
f 2245//2194 2955//2892 2221//2195
f 2964//2902 2244//2901 2904//2846
f 2969//2907 2965//2903 2964//2902
f 2967//2904 2971//2909 2966//2905
f 2971//2909 2967//2904 2965//2903
f 2972//2895 2955//2892 2245//2194
f 2968//2906 2904//2846 2973//2911
f 2245//2194 2966//2905 2974//2910
f 2968//2906 2976//4205 2975//2912
f 2976//4205 2968//2906 2973//2911
f 2977//2913 2974//2910 2971//2909
f 2977//2913 2970//2908 2969//2907
f 2975//2912 2976//4205 2978//2915
f 2978//2915 2979//2914 2974//2910
f 2977//2913 2975//2912 2978//2915
f 2973//2911 2908//2849 2913//2856
f 2980//2916 2978//2915 2976//4205
f 2976//4205 2973//2911 2980//2916
f 2979//2914 2978//2915 2981//2919
f 2919//2917 2980//2916 2913//2856
f 2981//2919 2983//3591 2961//2899
f 2327//2352 3627//2920 2249//2199
f 2921//2885 2984//2923 2265//2211
f 2264//2922 2265//2211 2984//2923
f 2987//2927 2262//2210 2266//2921
f 2986//2300 2262//2210 2987//2927
f 2984//2923 2923//2925 2924//2866
f 2985//2924 2924//2866 2927//2865
f 2266//2921 2985//2924 2933//2869
f 2985//2924 2927//2865 2933//2869
f 2287//2235 2285//2237 2993//2238
f 2995//2934 2287//2235 2993//2238
f 2997//2935 2996//2933 2994//2239
f 2998//2948 2995//2934 2996//2933
f 3001//2938 2316//2264 2315//2936
f 3002//2939 2325//2269 2318//2267
f 3003//2940 2320//2270 2325//2269
f 2326//2276 2320//2270 3003//2940
f 3000//2937 2286//2234 2287//2235
f 3004//2941 2323//2274 2322//2273
f 3005//2942 2324//2275 2323//2274
f 3005//2942 3002//2939 2324//2275
f 3000//2937 2287//2235 2995//2934
f 3007//2944 3000//2937 2995//2934
f 3007//2944 3008//2946 3001//2938
f 3006//2943 3002//2939 3005//2942
f 2999//2947 3007//2944 2995//2934
f 3010//2949 3008//2946 3007//2944
f 3011//2950 3009//2945 3005//2942
f 3011//2950 3004//2941 3010//2949
f 2326//2276 3003//2940 3006//2943
f 3014//2953 3006//2943 3009//2945
f 3015//2954 3013//2952 3014//2953
f 3016//2955 3015//2954 3009//2945
f 3017//2956 3011//2950 3012//2951
f 3039//2957 3018//2930 3019//2958
f 3018//2930 2989//2929 2990//2960
f 3021//2961 3020//2959 3019//2958
f 2275//2962 2272//2290 3022//2967
f 3022//2967 2272//2290 2352//2301
f 3024//2965 2354//2302 2332//2277
f 2355//2305 2354//2302 3024//2965
f 2356//2304 2355//2305 3025//2966
f 3022//2967 3026//2968 3023//2963
f 2352//2301 3027//2969 3022//2967
f 3028//2970 3025//2966 3024//2965
f 3029//2971 2356//2304 3025//2966
f 3082//2976 3027//2969 3029//2971
f 3027//2969 3033//4206 3026//2968
f 3032//2974 3028//2970 2347//2964
f 3032//2974 3030//2972 3028//2970
f 3034//2975 3033//4206 3027//2969
f 3032//2974 2986//2300 2988//2928
f 3026//2968 3035//2979 3031//2973
f 3037//2980 3026//2968 3033//4206
f 3037//2980 3035//2979 3026//2968
f 3038//3024 3037//2980 3033//4206
f 3040//3040 3046//2978 3037//2980
f 3041//2981 2997//2935 2992//2932
f 2997//2935 3042//2982 2996//2933
f 3043//2983 2997//2935 3041//2981
f 3044//2986 2999//2947 2998//2948
f 3044//2986 2998//2948 3042//2982
f 3045//2984 3044//2986 3042//2982
f 3049//2988 3047//2985 3045//2984
f 3049//2988 3048//2996 3047//2985
f 3049//2988 3051//3001 3048//2996
f 3053//2990 3051//3001 3049//2988
f 3054//2991 3010//2949 2999//2947
f 3054//2991 3055//2992 3010//2949
f 3055//2992 3017//2956 3012//2951
f 3058//2994 3055//2992 3054//2991
f 3047//2985 3059//2995 3054//2991
f 3061//2998 3057//2993 3058//2994
f 3062//2999 3060//3012 3057//2993
f 3051//3001 3059//2995 3048//2996
f 3123//3000 3061//2998 3063//2997
f 2397//2347 2394//2346 2321//2272
f 3065//3003 3066//3005 3064//3002
f 3066//3005 2400//2350 2399//2349
f 3067//3006 2398//2345 2397//2347
f 3068//3007 2395//2348 2398//2345
f 3064//3002 2395//2348 3068//3007
f 3067//3006 2397//2347 3013//2952
f 3071//4207 3068//3007 3067//3006
f 3074//3009 3069//3004 3071//4207
f 3069//3004 3068//3007 3071//4207
f 3072//3008 3065//3003 3069//3004
f 3070//4208 3065//3003 3072//3008
f 3016//2955 3067//3006 3015//2954
f 3073//3011 3071//4207 3016//2955
f 3071//4207 3067//3006 3016//2955
f 3074//3009 3071//4207 3073//3011
f 3075//3010 3070//4208 3072//3008
f 3073//3011 3016//2955 3017//2956
f 3075//3010 3074//3009 3056//3013
f 3056//3013 3073//3011 3060//3012
f 3079//3017 3080//3018 3020//2959
f 3083//3021 3084//3022 3030//2972
f 3082//2976 3029//2971 3030//2972
f 3034//2975 3082//2976 3084//3022
f 3085//3025 3034//2975 3084//3022
f 3036//2977 3083//3021 3032//2974
f 3038//3024 3033//4206 3034//2975
f 3036//2977 3090//3026 3083//3021
f 3085//3025 3084//3022 3083//3021
f 3091//3027 3089//3023 3034//2975
f 3093//3028 3085//3025 3090//3026
f 3093//3028 3091//3027 3085//3025
f 3097//3032 3093//3028 3092//3029
f 3099//3035 3097//3032 3096//3033
f 3099//3035 3095//3031 3097//3032
f 3086//3037 3099//3035 3096//3033
f 3100//3034 3087//3039 3088//3085
f 3089//3023 3037//2980 3038//3024
f 3102//3042 3040//3040 3089//3023
f 3103//3041 3036//2977 3039//2957
f 3092//3029 3090//3026 3036//2977
f 3094//3030 3089//3023 3091//3027
f 3095//3031 3098//3036 3094//3030
f 3096//3033 3092//3029 3103//3041
f 3101//3038 3096//3033 3103//3041
f 3078//3019 3039//2957 3020//2959
f 3078//3019 3104//3043 3039//2957
f 3088//3085 3105//3044 3100//3034
f 3105//3044 3107//3098 3106//3045
f 3098//3036 3109//3048 3108//3046
f 3098//3036 3100//3034 3109//3048
f 3100//3034 3106//3045 3109//3048
f 3106//3045 3110//3051 3115//3047
f 3110//3051 3111//3050 3114//3054
f 3110//3051 3106//3045 3107//3098
f 3112//3052 3046//2978 3040//3040
f 3112//3052 3050//2987 3046//2978
f 3102//3042 3108//3046 3112//3052
f 3108//3046 3113//3053 3112//3052
f 3113//3053 3052//2989 3112//3052
f 3113//3053 3116//3063 3052//2989
f 3113//3053 3114//3054 3116//3063
f 3109//3048 3115//3047 3108//3046
f 3114//3054 3115//3047 3110//3051
f 3052//2989 3116//3063 3053//2990
f 3160//3055 3120//3057 3122//3060
f 3119//3014 3056//3013 3062//2999
f 3120//3057 3062//2999 3123//3000
f 3121//3059 3123//3000 3124//3062
f 3122//3060 3121//3059 3124//3062
f 3111//3050 3124//3062 3114//3054
f 3124//3062 3063//2997 3053//2990
f 3124//3062 3116//3063 3114//3054
f 3066//3005 2436//2388 2400//2350
f 3125//3064 2437//2389 2436//2388
f 2437//2389 3125//3064 3126//3069
f 2438//2390 2437//2389 3126//3069
f 3127//3065 3128//3066 2439//2391
f 3129//3068 3130//3067 3065//3003
f 3125//3064 3066//3005 3130//3067
f 3125//3064 3130//3067 3129//3068
f 3131//3070 2438//2390 3126//3069
f 3070//4208 3129//3068 3065//3003
f 3132//3072 3126//3069 3129//3068
f 3133//3071 3132//3072 3118//3058
f 3117//3056 3131//3070 3133//3071
f 3075//3010 3129//3068 3070//4208
f 3132//3072 3129//3068 3075//3010
f 3118//3058 3075//3010 3119//3014
f 3081//3020 3135//3073 3080//3018
f 3137//3079 3139//3080 2459//2408
f 2458//3078 2460//2420 3138//3077
f 2456//2406 2459//2408 3139//3080
f 2516//2470 2456//2406 3140//3081
f 3138//3077 3088//3085 3141//3082
f 2457//2409 3142//3083 3137//3079
f 3139//3080 3137//3079 3142//3083
f 3141//3082 3087//3039 3086//3037
f 3142//3083 3141//3082 3143//3084
f 3140//3081 3142//3083 3144//3086
f 2518//2472 3140//3081 3145//3087
f 3144//3086 3143//3084 3101//3038
f 3145//3087 3144//3086 3101//3038
f 3146//3088 3103//3041 3104//3043
f 3147//3112 3146//3088 3148//3089
f 3150//3091 3175//3111 3148//3089
f 3134//3074 3149//3090 3104//3043
f 3134//3074 3150//3091 3149//3090
f 2468//3093 3151//3092 3153//3095
f 3152//3096 3151//3092 2470//3094
f 3105//3044 3153//3095 3107//3098
f 3153//3095 3105//3044 2460//2420
f 3153//3095 3154//3097 3107//3098
f 3156//2423 2470//3094 2471//2421
f 2473//2424 3159//3099 3157//2425
f 3156//2423 3161//3100 3152//3096
f 3157//2425 3161//3100 3156//2423
f 3162//3061 3159//3099 3158//3101
f 3162//3061 3155//3049 3161//3100
f 2489//2443 2440//2392 3128//3066
f 2493//3103 2489//2443 3163//3102
f 3164//2450 3158//3101 3159//3099
f 3164//2450 3159//3099 2473//2424
f 3165//3104 3163//3102 3127//3065
f 3166//3105 2493//3103 3163//3102
f 3158//3101 3166//3105 3160//3055
f 2495//2447 2494//2448 3166//3105
f 3168//3645 3077//3015 3167//3106
f 3169//3107 3170//3668 3713//3108
f 3169//3107 3178//3116 3170//3668
f 3187//3109 3713//3108 3171//3644
f 2548//2504 2519//2474 3172//3110
f 3146//3088 2520//2473 3145//3087
f 3173//3131 2548//2504 3172//3110
f 2520//2473 3146//3088 3147//3112
f 3172//3110 2520//2473 3147//3112
f 3174//3114 3172//3110 3147//3112
f 3174//3114 3173//3131 3172//3110
f 3175//3111 3174//3114 3147//3112
f 3176//3113 3173//3131 3174//3114
f 3178//3116 3177//3115 3175//3111
f 3136//3076 3178//3116 3150//3091
f 3178//3116 3175//3111 3150//3091
f 3170//3668 3178//3116 3136//3076
f 2551//4200 3167//3106 1726//1744
f 3167//3106 3179//3685 3168//3645
f 3181//3117 3745//3701 3743//3118
f 3183//3120 3199//3137 3184//3121
f 3184//3121 3186//3140 3187//3109
f 3185//3122 3184//3121 3188//3123
f 3186//3140 3169//3107 3187//3109
f 3181//3117 3729//3124 3745//3701
f 2550//3128 3189//3129 2544//2499
f 3191//3127 2549//2497 3193//3126
f 3194//3135 3191//3127 3193//3126
f 3194//3135 3193//3126 3173//3131
f 3196//3132 3194//3135 3198//3136
f 3196//3132 3191//3127 3194//3135
f 3194//3135 3173//3131 3176//3113
f 3195//3134 3197//3133 3199//3137
f 3198//3136 3176//3113 3177//3115
f 3201//3139 3200//3138 3186//3140
f 3201//3139 3198//3136 3200//3138
f 3201//3139 3196//3132 3198//3136
f 3199//3137 3201//3139 3184//3121
f 3179//3685 3167//3106 2551//4200
f 3202//3171 3179//3685 2551//4200
f 3202//3171 3180//3686 3179//3685
f 2555//3141 3206//3143 3204//3142
f 3206//3143 3208//3717 3207//3145
f 2554//2508 3209//3146 2555//3141
f 3213//3147 3214//3149 3209//3146
f 3224//3160 3215//3151 2558//3150
f 2557//2511 3215//3151 2556//2510
f 3216//3152 3209//3146 2556//2510
f 3218//3157 3210//3148 3209//3146
f 3221//3125 3181//3117 3182//3119
f 3222//3155 3221//3125 3220//3158
f 3213//3147 3222//3155 3211//3725
f 3218//3157 3213//3147 3210//3148
f 2560//2514 3224//3160 2559//2512
f 3195//3134 3225//3162 3223//3159
f 3223//3159 3226//3161 3224//3160
f 3225//3162 3226//3161 3223//3159
f 3227//3156 3216//3152 3215//3151
f 3228//3163 3183//3120 3217//3154
f 3228//3163 3226//3161 3225//3162
f 3227//3156 3228//3163 3219//3153
f 3229//3164 3183//3120 3185//3122
f 3217//3154 3229//3164 3221//3125
f 3221//3125 3229//3164 3188//3123
f 3190//3165 3223//3159 2561//2516
f 3190//3165 3189//3129 3192//3130
f 2563//2518 3230//3168 2564//2517
f 2565//2519 3232//3166 1793//1759
f 2564//2517 3231//3169 2565//2519
f 3232//3166 2551//4200 2562//3167
f 3232//3166 3202//3171 2551//4200
f 3230//3168 3236//3174 3231//3169
f 2565//2519 3202//3171 3232//3166
f 2565//2519 3233//4209 3203//3170
f 3234//3172 3233//4209 2565//2519
f 2566//2520 3235//3173 3230//3168
f 1798//1771 2567//3176 3235//3173
f 3236//3174 3235//3173 3239//3177
f 3235//3173 3237//3175 3239//3177
f 3240//3178 3239//3177 3237//3175
f 2567//3176 1797//1770 2568//3182
f 3241//3183 3237//3175 2567//3176
f 3241//3183 3238//3180 3237//3175
f 3243//3184 3245//3185 3242//3738
f 3204//3142 3244//3181 2552//2506
f 3244//3181 3245//3185 3241//3183
f 3246//3739 3245//3185 3244//3181
f 3205//3144 3246//3739 3244//3181
f 2579//2532 121//130 30//31
f 2580//2533 3247//3186 2579//2532
f 3249//2614 3248//3187 2578//2531
f 3250//3188 126//132 124//133
f 3247//3186 124//133 121//130
f 3248//3187 3250//3188 3247//3186
f 3248//3187 3249//2614 3251//3189
f 3251//3189 128//136 126//132
f 3251//3189 129//135 128//136
f 3333//2651 3253//4210 3252//3190
f 2605//2571 2602//2552 2604//2554
f 3254//3191 2622//2570 2605//2571
f 2620//2568 2622//2570 3255//3192
f 3256//3195 3255//3192 2622//2570
f 2619//2567 2621//2569 3257//3199
f 3258//3194 3254//3191 2604//2554
f 3259//3193 2622//2570 3254//3191
f 3261//3197 2604//2554 68//72
f 3255//3192 3266//3213 2621//2569
f 3263//3201 3260//3196 3259//3193
f 3262//3200 2621//2569 3266//3213
f 3265//3203 3267//3206 3258//3194
f 3255//3192 3256//3195 3270//3202
f 3266//3213 3255//3192 3268//3204
f 3269//3205 3263//3201 3258//3194
f 3270//3202 3260//3196 3263//3201
f 3266//3213 3274//3212 3262//3200
f 3271//3207 3270//3202 3269//3205
f 3275//3209 3271//3207 3265//3203
f 3266//3213 3268//3204 3276//3211
f 3277//3214 3272//3208 3271//3207
f 3265//3203 3261//3197 3278//3215
f 3279//3216 3272//3208 3277//3214
f 3280//3219 3275//3209 3273//3210
f 3280//3219 3279//3216 3275//3209
f 3288//4211 3274//3212 3281//3217
f 3283//3220 3276//3211 3279//3216
f 3281//3217 3790//3753 3288//4211
f 3285//3222 3284//3221 3283//3220
f 150//3223 2619//2567 3257//3199
f 3286//3224 155//154 149//149
f 150//3223 3262//3200 3264//3225
f 3264//3225 3286//3224 150//3223
f 3288//4211 3264//3225 3274//3212
f 3288//4211 3287//3226 3264//3225
f 155//154 3289//156 154//153
f 155//154 3286//3224 3290//3227
f 3296//3229 2645//2593 119//127
f 3292//3230 2647//2603 2646//2602
f 3293//3231 2648//2604 2647//2603
f 3294//3232 2649//2644 2648//2604
f 2649//2644 3294//3232 3299//3236
f 3292//3230 2645//2593 3296//3229
f 3303//3235 3293//3231 3292//3230
f 3297//3234 3294//3232 3293//3231
f 3299//3236 3297//3234 3298//3240
f 3300//3238 3295//3233 180//175
f 3303//3235 3292//3230 3302//3239
f 3302//3239 3295//3233 3301//3237
f 3303//3235 3302//3239 3306//3244
f 3298//3240 3303//3235 3307//3245
f 3304//3241 3298//3240 3308//3246
f 3300//3238 185//3242 187//183
f 3301//3237 3300//3238 3309//3247
f 3305//3243 3301//3237 3310//3248
f 3306//3244 3305//3243 3312//3250
f 3313//3251 3307//3245 3306//3244
f 3308//3246 3307//3245 3314//3252
f 193//188 3309//3247 187//183
f 3310//3248 3309//3247 193//188
f 3311//3249 3310//3248 194//3255
f 3313//3251 3312//3250 3317//3256
f 3311//3249 194//3255 3323//3262
f 3317//3256 3311//3249 3324//3263
f 3322//3261 3316//3254 3326//3265
f 3328//3780 3317//3256 3324//3263
f 3318//3257 3317//3256 3328//3780
f 3329//3267 3325//3264 3319//3258
f 3330//3268 3321//3260 3325//3264
f 3331//3269 3326//3265 3321//3260
f 3322//3261 3331//3269 3332//3287
f 3333//2651 3252//3190 3249//2614
f 3335//3274 2696//2646 2695//2645
f 3336//2647 2696//2646 3335//3274
f 2698//2714 2693//2643 2697//4202
f 3339//3272 2695//2645 2694//2640
f 3340//3273 3335//3274 2695//2645
f 3337//3342 2697//4202 3336//2647
f 2698//2714 2697//4202 3337//3342
f 3338//3271 3299//3236 3304//3241
f 3342//3275 3335//3274 3340//3273
f 3343//3276 3336//2647 3335//3274
f 3337//3342 3336//2647 3343//3276
f 3341//3281 3337//3342 3343//3276
f 3348//3282 3337//3342 3341//3281
f 3344//3277 3339//3272 3338//3271
f 3345//3278 3340//3273 3339//3272
f 3346//3279 3342//3275 3340//3273
f 3343//3276 3342//3275 3346//3279
f 3341//3281 3343//3276 3347//3280
f 3347//3280 3346//3279 3350//3284
f 3352//3286 3348//3282 3347//3280
f 3332//3287 3353//3295 3315//3253
f 3353//3295 3349//3283 3344//3277
f 3353//3295 3344//3277 3315//3253
f 3355//3289 3350//3284 3345//3278
f 3356//3290 3351//3285 3350//3284
f 3357//3291 3352//3286 3351//3285
f 3354//3288 3349//3283 3359//3296
f 3360//3293 3356//3290 3355//3289
f 3349//3283 3353//3295 3361//3294
f 3362//3297 3355//3289 3354//3288
f 3360//3293 3355//3289 3362//3297
f 3364//3299 3357//3291 3360//3293
f 3365//3300 3358//3292 3357//3291
f 3366//3303 2724//3302 2723//3301
f 2723//3301 2732//3313 3367//3305
f 3368//3304 3366//3303 2723//3301
f 3369//3306 2720//2668 3366//3303
f 3367//3305 3371//3316 3370//3310
f 3367//3305 3370//3310 3372//3307
f 3371//3316 3373//3312 3370//3310
f 3373//3312 3375//3309 3370//3310
f 3375//3309 3376//4212 3372//3307
f 3374//3308 3372//3307 3376//4212
f 3390//3311 3377//3876 3375//3309
f 3376//4212 3375//3309 3377//3876
f 2730//2676 3378//3314 2734//2677
f 2730//2676 2733//4203 3378//3314
f 3380//3318 3378//3314 2733//4203
f 2734//2677 3381//3317 3371//3316
f 2732//3313 3371//3316 3367//3305
f 3378//3314 3382//3319 3381//3317
f 3381//3317 3383//3321 3373//3312
f 3380//3318 3384//3322 3382//3319
f 3384//3322 3389//3336 3388//3323
f 3386//3324 3390//3311 3373//3312
f 3387//3325 3386//3324 3383//3321
f 3390//3311 3391//3326 3377//3876
f 3392//2692 2750//3328 2747//2690
f 3393//3330 3392//2692 2751//4164
f 2752//3389 2749//2691 3395//3387
f 2750//3328 3380//3318 2733//4203
f 3397//3329 3396//3327 3392//2692
f 3398//3334 3397//3329 3393//3330
f 3394//3355 2752//3389 3399//3356
f 3400//3331 3384//3322 3380//3318
f 3401//3332 3400//3331 3396//3327
f 3402//3333 3401//3332 3397//3329
f 3400//3331 3403//3335 3384//3322
f 3401//3332 3403//3335 3400//3331
f 3404//3337 3403//3335 3401//3332
f 3403//3335 3951//3338 3389//3336
f 3408//3341 3407//3348 2774//2717
f 2775//2719 2774//2717 3407//3348
f 2765//2712 3410//3344 3409//3343
f 3410//3344 2765//2712 2771//2715
f 2772//2716 3409//3343 3411//3345
f 3411//3345 3406//3347 2772//2716
f 3412//3346 3398//3334 3393//3330
f 2775//2719 3407//3348 3413//3351
f 2771//2715 3337//3342 3348//3282
f 3394//3355 3414//3349 3408//3341
f 3414//3349 3415//3352 3407//3348
f 3415//3352 3413//3351 3407//3348
f 3409//3343 3417//3353 3411//3345
f 3412//3346 3411//3345 3417//3353
f 3414//3349 3394//3355 3418//3357
f 3418//3357 3419//3360 3414//3349
f 3423//3358 3417//3353 3409//3343
f 3421//3354 3420//3362 3412//3346
f 3420//3362 3402//3333 3398//3334
f 3398//3334 3412//3346 3420//3362
f 3422//3359 3415//3352 3414//3349
f 3423//3358 3410//3344 3352//3286
f 3417//3353 3425//3363 3421//3354
f 3365//3300 3423//3358 3358//3292
f 3425//3363 3405//3340 3420//3362
f 3424//3361 3425//3363 3417//3353
f 3426//3364 2790//2731 3413//3351
f 2791//2732 2790//2731 3426//3364
f 3427//3365 2792//2733 2791//2732
f 3428//3366 3416//3350 3415//3352
f 3428//3366 3426//3364 3416//3350
f 3430//3368 3334//3270 2703//2650
f 3431//3369 2807//2759 2810//2748
f 3432//3370 3431//3369 2809//2747
f 2804//2744 2715//2662 3369//3306
f 2806//2746 2804//2744 3433//3372
f 3432//3370 2806//2746 3434//3371
f 2804//2744 3369//3306 3374//3308
f 3433//3372 2804//2744 3374//3308
f 3434//3371 3433//3372 3436//3375
f 3433//3372 3374//3308 3438//3376
f 3441//3380 2823//2762 2807//2759
f 2823//2762 3442//3385 2822//3379
f 3442//3385 3440//3378 2822//3379
f 2821//2761 3440//3378 3443//3381
f 3442//3385 2823//2762 3441//3380
f 3445//3384 3443//3381 3440//3378
f 3447//3382 3395//3387 2749//2691
f 2749//2691 2819//2763 3447//3382
f 3447//3382 3444//3383 3448//3388
f 3449//3399 3399//3356 3451//3391
f 3453//3401 3449//3399 3451//3391
f 3448//3388 3444//3383 3452//3392
f 3448//3388 3452//3392 3451//3391
f 3452//3392 3454//3395 3451//3391
f 3454//3395 3453//3401 3451//3391
f 3455//3397 3454//3395 3452//3392
f 3456//3393 3452//3392 3450//3390
f 3456//3393 3455//3397 3452//3392
f 3454//3395 3457//3394 3453//3401
f 3455//3397 3458//3396 3454//3395
f 3461//3400 3418//3357 3449//3399
f 3461//3400 3419//3360 3418//3357
f 3464//3405 3462//3402 3461//3400
f 3464//3405 3465//3409 3460//3403
f 3466//3407 3464//3405 3463//3404
f 3465//3409 3464//3405 3467//3410
f 3467//3410 3464//3405 3466//3407
f 3468//3406 3463//3404 3457//3394
f 3468//3406 3467//3410 3466//3407
f 3471//3408 3467//3410 3468//3406
f 3472//3413 2852//2794 2851//2795
f 3473//3414 2851//2795 2853//2796
f 3475//3417 2853//2796 2792//2733
f 3477//3419 3473//3414 3476//3415
f 3546//3418 3472//3413 3473//3414
f 3478//3421 3477//3419 3476//3415
f 3479//3420 3546//3418 3477//3419
f 3480//3422 3474//3416 3426//3364
f 3481//3423 3475//3417 3474//3416
f 3476//3415 3475//3417 3481//3423
f 3482//3424 3478//3421 3476//3415
f 3483//3425 3479//3420 3478//3421
f 3428//3366 3422//3359 3460//3403
f 3484//3426 3480//3422 3428//3366
f 3485//3427 3481//3423 3480//3422
f 3486//3428 3487//3430 3485//3427
f 3488//3429 3482//3424 3481//3423
f 3483//3425 3482//3424 3488//3429
f 3465//3409 3487//3430 3486//3428
f 3489//3431 3490//3432 3487//3430
f 3471//3408 3489//3431 3465//3409
f 3491//3434 3489//3431 3471//3408
f 2854//2842 3429//3367 2793//2093
f 3494//3436 3493//3449 3492//3435
f 3435//3373 3494//3436 3432//3370
f 3435//3373 3495//3437 3494//3436
f 3501//3443 3498//3439 3434//3371
f 3498//3439 3496//3438 3435//3373
f 3498//3439 3497//3440 3496//3438
f 3501//3443 3434//3371 3437//3374
f 3500//3442 3499//3441 3498//3439
f 3503//3444 3501//3443 3437//3374
f 3505//3448 3441//3380 3431//3369
f 3493//3449 3506//3450 3505//3448
f 3506//3450 3442//3385 3505//3448
f 3506//3450 3445//3384 3442//3385
f 3507//3451 3506//3450 3494//3436
f 3495//3437 3508//3454 3507//3451
f 3506//3450 3509//3452 3445//3384
f 3508//3454 3495//3437 3496//3438
f 3510//3453 3509//3452 3507//3451
f 3511//3455 3508//3454 3496//3438
f 3511//3455 3510//3453 3508//3454
f 3497//3440 3512//3459 3511//3455
f 3513//3456 3446//3386 3445//3384
f 3514//3457 3513//3456 3509//3452
f 3516//3465 3514//3457 3515//3458
f 3499//3441 3517//3461 3512//3459
f 3518//3460 3515//3458 3512//3459
f 3518//3460 3516//3465 3515//3458
f 3519//3525 3518//3460 3517//3461
f 3521//3470 3520//3462 3513//3456
f 3522//3463 3521//3470 3513//3456
f 3523//3464 3522//3463 3514//3457
f 3518//3460 3524//3467 3516//3465
f 3524//3467 3523//3464 3516//3465
f 3520//3462 3456//3393 3446//3386
f 3527//3468 3458//3396 3456//3393
f 3521//3470 3527//3468 3520//3462
f 3522//3463 3528//3469 3521//3470
f 3523//3464 3532//3471 3528//3469
f 3525//3466 3526//3472 3532//3471
f 3530//3474 3459//3398 3458//3396
f 3528//3469 3530//3474 3527//3468
f 3531//3475 3469//3411 3530//3474
f 3539//3478 3471//3408 3536//3479
f 3538//3481 3983//3482 3537//3480
f 3529//3473 3538//3481 3537//3480
f 3535//3545 3539//3478 3538//3481
f 3540//3484 2892//2824 2897//3483
f 2885//2825 2892//2824 3540//3484
f 2893//2833 2885//2825 3540//3484
f 3542//3486 2898//2838 2893//2833
f 3543//3487 2899//2837 2898//2838
f 3544//3488 2900//2839 2899//2837
f 3545//3489 2901//2840 2900//2839
f 3540//3484 2897//3483 3546//3418
f 3548//3491 3544//3488 3543//3487
f 3549//3492 3545//3489 3544//3488
f 3551//3494 3542//3486 3541//3485
f 3553//3495 3547//3490 3546//3418
f 3554//3496 3551//3494 3547//3490
f 3555//3497 3548//3491 3551//3494
f 3549//3492 3548//3491 3555//3497
f 3483//3425 3553//3495 3479//3420
f 3483//3425 3557//3500 3553//3495
f 3560//3503 3552//3498 3559//3501
f 3557//3500 3488//3429 3563//3433
f 3562//3504 3558//3499 3561//3502
f 3562//3504 3559//3501 3558//3499
f 3560//3503 3562//3504 3533//3476
f 3561//3502 3563//3433 3491//3434
f 3533//3476 3561//3502 3534//3477
f 3564//2841 3565//3937 2854//2842
f 3588//3529 3500//3442 3502//3445
f 3589//3505 3588//3529 3502//3445
f 3566//3506 3590//3510 3589//3505
f 3568//3507 3566//3506 3502//3445
f 3569//3508 3567//3509 3566//3506
f 3571//3512 3572//3516 3574//3513
f 3572//3516 3582//3518 3576//3517
f 3576//3517 3582//3518 3581//3520
f 3580//3521 3582//3518 3577//3523
f 3580//3521 3577//3523 3587//3530
f 3575//3514 3574//3513 3583//3522
f 3585//3526 3517//3461 3500//3442
f 3519//3525 3524//3467 3518//3460
f 3578//3528 3519//3525 3585//3526
f 3578//3528 3524//3467 3519//3525
f 3581//3520 3578//3528 3585//3526
f 3581//3520 3579//3519 3578//3528
f 3578//3528 3580//3521 3586//3527
f 3580//3521 3587//3530 3586//3527
f 3583//3522 3581//3520 3588//3529
f 3584//3524 3583//3522 3589//3505
f 3636//3532 3584//3524 3589//3505
f 3567//3509 3591//3531 3590//3510
f 3595//3533 3596//3537 3598//3540
f 3596//3537 3595//3533 3592//3534
f 3596//3537 3592//3534 3593//3586
f 3593//3586 3594//3535 3596//3537
f 3587//3530 3595//3533 3597//3538
f 3595//3533 3598//3540 3597//3538
f 3597//3538 3598//3540 3526//3472
f 3526//3472 3599//3539 3529//3473
f 3596//3537 3603//3536 3598//3540
f 3605//3568 3602//3547 3604//3546
f 3601//3543 3604//3546 3606//3542
f 3605//3568 3604//3546 3601//3543
f 3602//3547 3626//3549 3608//3544
f 3608//3544 3539//3478 3535//3545
f 3604//3546 3535//3545 3607//3548
f 3599//3539 3606//3542 3607//3548
f 2914//2857 2916//2859 3609//3550
f 3611//3553 3612//3552 3610//3551
f 3612//3552 2918//2862 2915//2858
f 3613//3554 2920//2861 2918//2862
f 2901//2840 3545//3489 3550//3493
f 3614//3555 2914//2857 3609//3550
f 2917//2860 2914//2857 3614//3555
f 3610//3551 2917//2860 3615//3556
f 3622//3563 3613//3554 3616//3561
f 3550//3493 3549//3492 3552//3498
f 3609//3550 2901//2840 3550//3493
f 3618//3557 3614//3555 3609//3550
f 3615//3556 3614//3555 3619//3558
f 3611//3553 3615//3556 3620//3559
f 3613//3554 3611//3553 3616//3561
f 3617//3564 3625//3562 3605//3568
f 3550//3493 3552//3498 3556//3565
f 3619//3558 3618//3557 3623//3566
f 3621//3560 3620//3559 3624//3567
f 3625//3562 3621//3560 3624//3567
f 3560//3503 3556//3565 3552//3498
f 3626//3549 3556//3565 3560//3503
f 3620//3559 3623//3566 3626//3549
f 3625//3562 3624//3567 3602//3547
f 3626//3549 3560//3503 3533//3476
f 2940//2878 3573//3515 3571//3512
f 2940//2878 2941//2877 3577//3523
f 2943//2879 2942//2876 3630//3572
f 2938//4204 2944//2881 3631//3573
f 2932//2868 2938//4204 3631//3573
f 2991//2931 2933//2869 2945//3574
f 3630//3572 3571//3512 3575//3514
f 2943//2879 3630//3572 3632//3575
f 3632//3575 3630//3572 3575//3514
f 3631//3573 3632//3575 3634//3576
f 2945//3574 3631//3573 3635//3577
f 3637//3579 3633//3578 3635//3577
f 2991//2931 2945//3574 3633//3578
f 3632//3575 3575//3514 3584//3524
f 3636//3532 3635//3577 3634//3576
f 3636//3532 3634//3576 3584//3524
f 3637//3579 3635//3577 3636//3532
f 3640//3583 3638//3580 3591//3531
f 3641//3582 3639//3581 3638//3580
f 3641//3582 3567//3509 3629//3570
f 2952//2880 3642//3585 2941//2877
f 3593//3586 3592//3534 2941//2877
f 3594//3535 3593//3586 3642//3585
f 3642//3585 2954//3584 3594//3535
f 2954//3584 3643//3587 3594//3535
f 2962//2900 2963//3590 3644//3589
f 2962//2900 3644//3589 3643//3587
f 3645//3592 3644//3589 2963//3590
f 3644//3589 3645//3592 3646//3588
f 3594//3535 3600//3541 3603//3536
f 3643//3587 3600//3541 3594//3535
f 3646//3588 3600//3541 3643//3587
f 3646//3588 3645//3592 3601//3543
f 2919//2917 3613//3554 3622//3563
f 2982//2918 2983//3591 2981//2919
f 2983//3591 2963//3590 2961//2899
f 2982//2918 3622//3563 3617//3564
f 2983//3591 3617//3564 3645//3592
f 2982//2918 3617//3564 2983//3591
f 3645//3592 3605//3568 3601//3543
f 3652//3595 3628//3569 4017//3571
f 3651//3615 3653//3607 3654//3597
f 3652//3595 4017//3571 4018//3596
f 3653//3607 3652//3595 3654//3597
f 3649//3617 3654//3597 4015//3599
f 2990//2960 2991//2931 3633//3578
f 3656//3602 3655//3600 3633//3578
f 3657//3605 3670//3601 3656//3602
f 3639//3581 3656//3602 3637//3579
f 3656//3602 3633//3578 3637//3579
f 3659//3603 3657//3605 3656//3602
f 3658//3620 3659//3603 3674//3606
f 3658//3620 3672//3604 3659//3603
f 3628//3569 3659//3603 3641//3582
f 3674//3606 3628//3569 3652//3595
f 2327//2352 3660//3594 3627//2920
f 3661//3609 3647//3593 3660//3594
f 3662//3608 3648//3968 3647//3593
f 3664//3633 3665//3618 3666//3611
f 3649//3617 4015//3599 3650//4001
f 3666//3611 3650//4001 4047//3612
f 3666//3611 3649//3617 3650//4001
f 3668//3614 3653//3607 3651//3615
f 3665//3618 3649//3617 3666//3611
f 3649//3617 3667//3616 3654//3597
f 3021//2961 3655//3600 3670//3601
f 3670//3601 3669//3638 3021//2961
f 3671//3619 3669//3638 3670//3601
f 3671//3619 3657//3605 3672//3604
f 3673//3641 3658//3620 3674//3606
f 3076//3016 3660//3594 2327//2352
f 3693//3622 3661//3609 3076//3016
f 3676//3623 3678//3627 3677//3626
f 3675//3621 3678//3627 3676//3623
f 3676//3623 3662//3608 3661//3609
f 3677//3626 3663//3624 3676//3623
f 3681//3630 4056//3629 3703//3657
f 3684//3613 3664//3633 3666//3611
f 3712//3636 3665//3618 3664//3633
f 3669//3638 3079//3017 3021//2961
f 3671//3619 3687//3637 3669//3638
f 3690//3639 3687//3637 3689//3640
f 3687//3637 3688//3075 3081//3020
f 3689//3640 3658//3620 3673//3641
f 3689//3640 3687//3637 3671//3619
f 3171//3644 3691//3642 3686//3635
f 3691//3642 3674//3606 3668//3614
f 3693//3622 3076//3016 3077//3015
f 3694//3647 3693//3622 3168//3645
f 3695//3646 3675//3621 3693//3622
f 3696//3648 3678//3627 3675//3621
f 3698//3654 3679//3625 3696//3648
f 3698//3654 3699//3650 3701//3652
f 3698//3654 3701//3652 3680//3656
f 4052//3651 3700//3655 4051//3661
f 3705//3677 3681//3630 3703//3657
f 3724//3659 4055//3658 3702//3660
f 3705//3677 3704//3663 3681//3630
f 3706//3664 3704//3663 3705//3677
f 3704//3663 3682//3628 3681//3630
f 3707//3662 3683//3634 3708//3631
f 3711//3667 3685//3632 3683//3634
f 3710//3666 3712//3636 3685//3632
f 3136//3076 3688//3075 3690//3639
f 3713//3108 3690//3639 3692//3643
f 3729//3124 3171//3644 3712//3636
f 3730//3670 3694//3647 3168//3645
f 3714//3649 3695//3646 3694//3647
f 3716//3669 3714//3649 3694//3647
f 3715//3673 3717//3672 3716//3669
f 3716//3669 3696//3648 3714//3649
f 3717//3672 3696//3648 3716//3669
f 3718//3671 3697//3653 3717//3672
f 3718//3671 3720//3674 3719//3676
f 3697//3653 3698//3654 3696//3648
f 3697//3653 3719//3676 3699//3650
f 3718//3671 3719//3676 3697//3653
f 3722//3675 3721//3691 3700//3655
f 3722//3675 3700//3655 3699//3650
f 3735//3679 3705//3677 3724//3659
f 3721//3691 3723//3693 3702//3660
f 3724//3659 3705//3677 3703//3657
f 3700//3655 3721//3691 3702//3660
f 3725//3681 3706//3664 3726//3678
f 3728//3684 3710//3666 3711//3667
f 3187//3109 3171//3644 3729//3124
f 3732//3689 3715//3673 3731//3687
f 3731//3687 3716//3669 3730//3670
f 3747//3688 3733//3692 3720//3674
f 3715//3673 3720//3674 3718//3671
f 3720//3674 3734//3690 3722//3675
f 3723//3693 3736//3694 3735//3679
f 3735//3679 3724//3659 3702//3660
f 3738//3695 3725//3681 3726//3678
f 3737//3696 3738//3695 3736//3694
f 3741//3680 3707//3662 3706//3664
f 3738//3695 3739//3697 3725//3681
f 3741//3680 3742//3699 3727//3683
f 3740//3698 3744//3682 3727//3683
f 3743//3118 3728//3684 3744//3682
f 3740//3698 3743//3118 3744//3682
f 3744//3682 3711//3667 3709//3665
f 3745//3701 3729//3124 3728//3684
f 3730//3670 3180//3686 3731//3687
f 3746//3702 3732//3689 3180//3686
f 3747//3688 3748//3703 3733//3692
f 3746//3702 3747//3688 3732//3689
f 3755//3710 3754//3709 3751//3706
f 3753//3714 3756//3708 3755//3710
f 3754//3709 3737//3696 3736//3694
f 3758//3715 3757//3713 3205//3144
f 3760//3712 3739//3697 3737//3696
f 3756//3708 3760//3712 3754//3709
f 3761//3716 3756//3708 3757//3713
f 3761//3716 3760//3712 3756//3708
f 3765//3723 3764//3718 3206//3143
f 3208//3717 3764//3718 3768//3721
f 3207//3145 3758//3715 3205//3144
f 3766//3719 3762//3700 3759//3711
f 3767//3720 3766//3719 3759//3711
f 3763//3722 3767//3720 3764//3718
f 3768//3721 3767//3720 3759//3711
f 3768//3721 3760//3712 3758//3715
f 3739//3697 3762//3700 3741//3680
f 3211//3725 3220//3158 3769//3724
f 3212//3726 3769//3724 3770//3727
f 3212//3726 3771//3728 3214//3149
f 3212//3726 3211//3725 3769//3724
f 3765//3723 3771//3728 3763//3722
f 3182//3119 3743//3118 3740//3698
f 3766//3719 3770//3727 3740//3698
f 3769//3724 3182//3119 3740//3698
f 3771//3728 3770//3727 3766//3719
f 3233//4209 3746//3702 3203//3170
f 3233//4209 3772//3733 3746//3702
f 3234//3172 3772//3733 3233//4209
f 3772//3733 3748//3703 3746//3702
f 3776//3729 3773//3731 3775//3735
f 3240//3178 3781//3730 3776//3729
f 3234//3172 3777//3179 3774//3732
f 3239//3177 3777//3179 3234//3172
f 3777//3179 3775//3735 3774//3732
f 3777//3179 3776//3729 3775//3735
f 3778//3734 3751//3706 3750//3707
f 3772//3733 3774//3732 3749//3704
f 3774//3732 3775//3735 3750//3707
f 3781//3730 3779//3737 3773//3731
f 3780//3736 3781//3730 3243//3184
f 3243//3184 3242//3738 3780//3736
f 3773//3731 3779//3737 3778//3734
f 3779//3737 3755//3710 3751//3706
f 3780//3736 3753//3714 3779//3737
f 3246//3739 3757//3713 3753//3714
f 3245//3185 3246//3739 3242//3738
f 3333//2651 3782//4213 3253//4210
f 3253//4210 3782//4213 3783//4214
f 3786//4215 3785//4216 3784//3807
f 3787//4008 3786//4215 3784//3807
f 3856//3806 3787//4008 3784//3807
f 3789//3741 3280//3219 3273//3210
f 3791//3742 3282//3218 3280//3219
f 3792//3743 3285//3222 3282//3218
f 3793//3744 3284//3221 3285//3222
f 3796//3813 3790//3753 3281//3217
f 3796//3813 3281//3217 3794//3745
f 3797//3748 3795//3746 146//146
f 3798//4217 146//146 197//4184
f 3798//4217 3797//3748 146//146
f 3799//3747 3788//3740 3795//3746
f 3797//3748 3798//4217 3801//4218
f 3804//3751 3799//3747 3797//3748
f 3290//3227 3287//3226 3790//3753
f 3790//3753 3287//3226 3288//4211
f 3289//156 3291//3228 3806//3757
f 3790//3753 3808//3758 3805//3754
f 3809//3759 3790//3753 3796//3813
f 3810//3756 3806//3757 3291//3228
f 3812//3762 3811//3761 3806//3757
f 3812//3762 3806//3757 3810//3756
f 3813//3760 3812//3762 3808//3758
f 3816//197 204//198 202//195
f 205//200 204//198 3817//3765
f 3818//3767 3816//197 3815//3764
f 3819//3766 204//198 3816//197
f 3811//3761 3815//3764 3807//3755
f 3820//3769 3819//3766 3818//3767
f 3819//3766 3821//3772 3817//3765
f 3822//3768 3818//3767 3815//3764
f 3823//3770 3822//3768 3811//3761
f 3824//3771 3823//3770 3812//3762
f 3825//3774 3821//3772 3820//3769
f 3826//3773 3820//3769 3822//3768
f 3824//3771 3827//3775 3826//3773
f 3829//3777 3827//3775 3824//3771
f 3829//3777 3831//3855 3827//3775
f 3830//3804 3825//3774 3827//3775
f 3327//3266 196//189 206//201
f 3833//3779 3324//3263 3323//3262
f 3834//3781 3329//3267 3318//3257
f 3330//3268 3329//3267 3835//3782
f 3832//3778 206//201 208//203
f 3838//3784 3318//3257 3328//3780
f 3834//3781 3318//3257 3838//3784
f 3835//3782 3834//3781 3839//3785
f 3840//3788 3331//3269 3836//3783
f 209//204 3832//3778 208//203
f 3842//3789 3833//3779 3832//3778
f 3842//3789 3838//3784 3833//3779
f 3839//3785 3838//3784 3843//3790
f 3835//3782 3839//3785 3843//3790
f 3836//3783 3835//3782 3844//3791
f 3845//3792 3840//3788 3836//3783
f 3846//3793 3842//3789 209//204
f 3843//3790 3842//3789 3846//3793
f 3845//3792 3844//3791 3848//3795
f 3913//3797 3841//3786 3845//3792
f 3821//3772 3850//3799 3847//3794
f 3850//3799 3851//3798 3847//3794
f 3851//3798 3844//3791 3846//3793
f 3848//3795 3844//3791 3851//3798
f 3852//3800 3853//3801 3851//3798
f 3849//3796 3848//3795 3853//3801
f 3921//3803 3853//3801 3854//3802
f 3825//3774 3852//3800 3850//3799
f 3855//3805 3782//4213 3333//2651
f 3782//4213 3855//3805 3784//3807
f 3858//3809 3793//3744 3857//3808
f 3858//3809 3860//3811 3794//3745
f 3861//3810 3796//3813 3794//3745
f 3862//3814 3857//3808 3791//3742
f 3862//3814 3858//3809 3857//3808
f 3865//3817 3866//3819 3860//3811
f 3866//3819 3861//3810 3860//3811
f 3866//3819 3868//3834 3867//3818
f 3871//3820 3862//3814 3789//3741
f 3871//3820 3863//3815 3862//3814
f 3871//3820 3864//3816 3863//3815
f 3871//3820 3865//3817 3864//3816
f 3872//3821 3869//3822 3865//3817
f 3874//3823 3869//3822 3872//3821
f 3874//3823 3870//3835 3869//3822
f 3870//3835 3866//3819 3869//3822
f 3800//3749 3871//3820 3788//3740
f 3800//3749 3872//3821 3871//3820
f 3875//3825 3873//3824 3872//3821
f 3802//3752 3875//3825 3799//3747
f 3877//3827 3876//3826 3875//3825
f 3880//3829 3877//3827 3802//3752
f 3867//3818 3882//3832 3861//3810
f 3870//3835 3884//3836 3868//3834
f 3881//3831 3813//3760 3809//3759
f 3888//3838 3887//3837 3881//3831
f 3867//3818 3888//3838 3882//3832
f 3889//3839 3888//3838 3867//3818
f 3891//3843 3814//3763 3813//3760
f 3892//3844 3891//3843 3887//3837
f 3889//3839 3893//3845 3892//3844
f 3886//3846 3896//3847 3894//3842
f 3898//3872 3903//3854 3897//3848
f 3892//3844 3893//3845 3828//3776
f 3893//3845 3899//3849 3828//3776
f 3901//3850 3831//3855 3899//3849
f 3894//3842 3902//3851 3899//3849
f 3902//3851 3903//3854 3901//3850
f 3903//3854 3900//3853 3901//3850
f 3898//3872 3923//3852 3903//3854
f 3897//3848 3903//3854 3902//3851
f 3901//3850 3830//3804 3831//3855
f 3361//3294 3332//3287 3837//3787
f 3362//3297 3359//3296 3904//3856
f 3363//3298 3362//3297 3905//3857
f 3906//3858 3364//3299 3363//3298
f 3907//3859 3365//3300 3364//3299
f 3908//3860 3904//3856 3361//3294
f 3905//3857 3904//3856 3909//3862
f 3906//3858 3905//3857 3910//3861
f 3907//3859 3911//3863 3912//3906
f 3911//3863 3907//3859 3906//3858
f 3913//3797 3908//3860 3841//3786
f 3908//3860 3913//3797 3914//3864
f 3914//3864 3909//3862 3904//3856
f 3915//3865 3910//3861 3909//3862
f 3919//3869 3920//3871 3912//3906
f 3919//3869 3912//3906 3911//3863
f 3917//3867 3914//3864 3913//3797
f 3916//3866 3915//3865 3914//3864
f 3919//3869 3911//3863 3916//3866
f 3917//3867 3849//3796 3921//3803
f 3919//3869 3922//3868 3918//3870
f 3920//3871 3918//3870 3898//3872
f 3922//3868 3921//3803 3924//3874
f 3923//3852 3924//3874 3900//3853
f 3918//3870 3922//3868 3924//3874
f 3926//3881 3928//3877 3377//3876
f 3927//3875 3376//4212 3377//3876
f 3374//3308 3376//4212 3927//3875
f 3932//3885 3931//3883 3935//3884
f 3929//3878 3934//3880 3928//3877
f 3934//3880 3927//3875 3928//3877
f 3935//3884 3874//3823 3873//3824
f 3935//3884 3870//3835 3874//3823
f 3933//3879 3932//3885 3936//3886
f 3934//3880 3933//3879 3936//3886
f 3936//3886 3935//3884 3873//3824
f 3937//3887 3936//3886 3876//3826
f 3939//3890 3966//3889 3938//3888
f 3878//3828 3938//3888 3876//3826
f 3968//3892 3939//3890 3940//3891
f 3968//3892 3941//3893 4089//3921
f 3944//3896 3943//3894 3387//3325
f 3388//3323 3945//3897 3944//3896
f 3926//3881 3391//3326 3942//3895
f 3391//3326 3926//3881 3377//3876
f 3943//3894 3948//3902 3947//3898
f 3943//3894 3949//3899 3948//3902
f 3945//3897 3950//3901 3949//3899
f 3944//3896 3945//3897 3949//3899
f 3942//3895 3947//3898 3929//3878
f 3931//3883 3884//3836 3870//3835
f 3948//3902 3885//3840 3884//3836
f 3948//3902 3949//3899 3885//3840
f 3950//3901 3886//3846 3949//3899
f 3947//3898 3931//3883 3932//3885
f 3389//3336 3951//3338 3945//3897
f 3946//3900 3953//3903 3950//3901
f 3954//3909 3955//3904 3952//3339
f 3957//3907 3954//3909 3952//3339
f 3950//3901 3953//3903 3896//3847
f 3955//3904 3953//3903 3951//3338
f 3896//3847 3956//3905 3897//3848
f 3956//3905 3898//3872 3897//3848
f 3954//3909 3895//3873 3956//3905
f 3954//3909 3956//3905 3955//3904
f 3365//3300 3907//3859 3912//3906
f 3912//3906 3957//3907 3425//3363
f 3957//3907 3952//3339 3405//3340
f 3957//3907 3912//3906 3958//3908
f 3958//3908 3920//3871 3895//3873
f 3958//3908 3954//3909 3957//3907
f 3334//3270 3925//3911 3855//3805
f 3430//3368 3925//3911 3334//3270
f 3960//3912 4089//3921 4090//3913
f 3438//3376 3374//3308 3927//3875
f 3439//3446 3437//3374 3963//3915
f 3438//3376 3927//3875 3930//3882
f 3964//3918 3961//3916 3963//3915
f 3937//3887 3962//3377 3930//3882
f 3966//3889 3963//3915 3962//3377
f 3966//3889 3964//3918 3963//3915
f 3967//3919 3965//3917 3966//3889
f 3969//3920 3968//3892 4089//3921
f 3970//3936 3430//3368 3429//3367
f 3973//3922 3981//3925 3974//3923
f 3972//3924 3974//3923 3975//3927
f 3960//3912 4117//3914 4118//3926
f 3975//3927 4118//3926 4119//3928
f 3976//3929 4119//3928 4115//4067
f 3961//3916 3503//3444 3439//3446
f 3977//3931 3504//3447 3978//3930
f 3965//3917 3978//3930 3964//3918
f 3979//3933 3977//3931 3978//3930
f 3992//3932 3979//3933 3980//3934
f 3980//3934 3965//3917 3969//3920
f 3982//3935 3969//3920 3960//3912
f 3981//3925 3982//3935 3960//3912
f 3983//3482 3470//3412 3469//3411
f 2854//2842 3970//3936 3429//3367
f 3985//4069 3971//4068 3970//3936
f 3986//3939 3985//4069 3970//3936
f 3987//3944 4137//3946 4136//4087
f 3990//3949 4110//3947 4137//3946
f 4016//3965 3991//3950 3989//3948
f 3991//3950 3972//3924 3975//3927
f 3992//3932 3569//3508 3568//3507
f 3570//3511 3992//3932 3993//3951
f 3570//3511 3993//3951 3973//3922
f 3994//3964 3570//3511 3973//3922
f 3993//3951 3980//3934 3981//3925
f 3994//3964 3973//3922 3972//3924
f 3995//3952 3994//3964 3972//3924
f 3998//3940 3984//3938 3565//3937
f 4022//3955 3998//3940 3997//3953
f 4000//3959 4002//3957 3999//3956
f 4001//4091 3986//3939 3998//3940
f 4002//3957 4001//4091 3998//3940
f 4007//3987 4153//3961 4008//3979
f 4007//3987 4009//3960 4153//3961
f 4010//3945 4011//3963 4014//3991
f 4010//3945 4014//3991 3990//3949
f 4013//3598 4018//3596 4016//3965
f 4013//3598 4016//3965 4014//3991
f 4014//3991 4016//3965 3989//3948
f 3989//3948 3990//3949 4014//3991
f 4017//3571 3629//3570 3994//3964
f 3648//3968 4019//3966 3647//3593
f 4019//3966 3565//3937 3627//2920
f 4021//3969 3996//3954 4019//3966
f 4034//3971 4021//3969 4020//3967
f 4021//3969 4022//3955 3996//3954
f 4022//3955 4024//3972 4000//3959
f 4021//3969 4024//3972 4022//3955
f 4000//3959 4025//3973 4003//3958
f 4024//3972 4026//3975 4025//3973
f 4029//3977 4041//3982 4028//3978
f 4026//3975 4004//3974 4025//3973
f 4026//3975 4029//3977 4005//3976
f 4027//3981 4006//3980 4028//3978
f 4005//3976 4028//3978 4150//3983
f 4044//3986 4007//3987 4008//3979
f 4009//3960 4031//3989 4012//3962
f 4032//3990 4015//3599 4011//3963
f 3650//4001 4015//3599 4032//3990
f 4032//3990 4012//3962 4031//3989
f 4033//3992 4020//3967 3662//3608
f 3663//3624 4033//3992 3662//3608
f 4049//3993 4035//3996 4033//3992
f 4035//3996 4034//3971 4033//3992
f 4036//3994 4037//3997 4039//3995
f 4034//3971 4035//3996 4023//3970
f 4035//3996 4039//3995 4024//3972
f 4039//3995 4037//3997 4040//3999
f 4038//4004 4045//3985 4042//3998
f 4026//3975 4040//3999 4029//3977
f 4041//3982 4042//3998 4027//3981
f 4040//3999 4042//3998 4041//3982
f 4045//3985 4027//3981 4042//3998
f 4043//4006 4044//3986 4045//3985
f 4044//3986 4046//4000 4030//3988
f 4046//4000 4031//3989 4030//3988
f 4044//3986 4030//3988 4007//3987
f 4048//3610 4047//3612 4046//4000
f 3679//3625 4049//3993 3663//3624
f 3679//3625 3680//3656 4049//3993
f 4053//4005 4052//3651 4054//4003
f 4049//3993 4050//4002 4036//3994
f 4054//4003 4051//3661 4038//4004
f 4037//3997 4053//4005 4042//3998
f 4053//4005 4054//4003 4042//3998
f 3703//3657 4056//3629 4038//4004
f 4043//4006 4045//3985 4038//4004
f 4046//4000 4056//3629 4048//3610
f 4056//3629 4046//4000 4043//4006
f 3680//3656 3701//3652 4050//4002
f 4052//3651 4051//3661 4054//4003
f 3701//3652 4052//3651 4053//4005
f 3702//3660 4055//3658 4051//3661
f 4059//4011 3879//3830 4060//4009
f 3879//3830 3802//3752 3804//3751
f 4059//4011 4060//4009 4061//4012
f 4062//4014 4079//4010 4061//4012
f 3801//4218 3803//3750 3797//3748
f 4065//4045 4064//4016 3856//3806
f 4068//4033 4070//4219 4071//4025
f 4068//4033 4080//4013 4070//4219
f 4069//4024 4068//4033 4071//4025
f 4072//4026 4071//4025 4076//4027
f 4073//4028 4076//4027 4074//4030
f 4074//4030 4076//4027 4183//4031
f 4077//4019 4183//4031 4178//4020
f 4079//4010 3879//3830 4059//4011
f 4079//4010 3880//3829 3879//3830
f 4080//4013 4078//4032 4079//4010
f 4070//4219 4080//4013 4058//4015
f 3925//3911 4065//4045 3855//3805
f 4065//4045 3856//3806 3855//3805
f 4081//4048 4064//4016 4065//4045
f 4081//4048 4082//4106 4064//4016
f 4088//4040 4067//4021 4086//4023
f 4113//4063 4088//4040 4084//4034
f 4088//4040 4086//4023 4084//4034
f 4117//3914 4090//3913 4091//4041
f 4089//3921 4068//4033 4069//4024
f 4090//3913 4069//4024 4072//4026
f 4091//4041 4072//4026 4073//4028
f 4092//4039 4077//4019 4067//4021
f 3941//3893 3940//3891 3878//3828
f 3430//3368 3970//3936 3959//3910
f 3959//3910 4065//4045 3925//3911
f 3970//3936 4093//4043 3959//3910
f 4094//4042 4095//4044 3959//3910
f 4095//4044 4081//4048 4065//4045
f 4097//4049 4083//4047 4095//4044
f 4098//4050 4097//4049 4096//4046
f 4099//4051 4083//4047 4097//4049
f 4100//4052 4099//4051 4098//4050
f 4104//4054 4105//4058 4207//4055
f 4106//4061 4107//4036 4108//4057
f 4135//4062 4106//4061 4108//4057
f 4112//4060 4084//4034 4107//4036
f 4107//4036 4085//4035 4108//4057
f 4111//4064 4113//4063 4109//4059
f 4109//4059 4113//4063 4112//4060
f 4115//4067 4116//4066 4110//3947
f 4116//4066 4115//4067 4114//4065
f 4116//4066 4088//4040 4113//4063
f 4119//3928 4118//3926 4114//4065
f 4118//3926 4117//3914 4091//4041
f 4114//4065 4091//4041 4092//4039
f 4114//4065 4092//4039 4088//4040
f 3971//4068 4093//4043 3970//3936
f 4120//4070 4093//4043 3985//4069
f 4121//4071 4094//4042 4093//4043
f 4120//4070 4122//4072 4121//4071
f 4124//4074 4123//4073 4122//4072
f 4124//4074 4125//4076 4128//4075
f 4123//4073 4096//4046 4121//4071
f 4128//4075 4129//4078 4100//4052
f 4128//4075 4125//4076 4129//4078
f 4125//4076 4126//4098 4130//4077
f 4126//4098 4127//4084 4130//4077
f 4127//4084 4103//4056 4130//4077
f 4128//4075 4098//4050 4096//4046
f 4100//4052 4129//4078 4101//4053
f 4101//4053 4129//4078 4206//4080
f 4129//4078 4130//4077 4102//4079
f 4133//4082 4151//4083 4132//4081
f 4132//4081 4104//4054 4103//4056
f 4151//4083 4133//4082 4103//4056
f 4154//4101 4134//4086 4131//4085
f 4132//4081 4134//4086 4135//4062
f 4135//4062 4108//4057 4104//4054
f 4136//4087 4134//4086 4152//3942
f 4134//4086 4109//4059 4135//4062
f 4137//3946 4111//4064 4109//4059
f 4137//3946 4110//3947 4111//4064
f 4139//4089 4120//4070 3985//4069
f 4001//4091 4139//4089 4138//4088
f 4143//4093 4146//4095 4145//4097
f 4139//4089 4141//4090 4140//4092
f 4141//4090 4142//4094 4143//4093
f 4140//4092 4124//4074 4122//4072
f 4143//4093 4124//4074 4140//4092
f 4146//4095 4144//4096 4147//4099
f 4124//4074 4145//4097 4125//4076
f 4145//4097 4146//4095 4126//4098
f 4147//4099 4127//4084 4146//4095
f 4148//4102 4131//4085 4149//4100
f 4149//4100 4132//4081 4151//4083
f 4149//4100 4151//4083 4127//4084
f 4150//3983 4149//4100 4147//4099
f 4155//3941 4136//4087 4152//3942
f 3988//3943 4152//3942 4154//4101
f 4001//4091 4138//4088 3986//3939
f 4003//3958 4156//4104 4141//4090
f 4156//4104 4157//4103 4142//4094
f 4003//3958 4004//3974 4156//4104
f 4004//3974 4005//3976 4157//4103
f 4006//3980 4148//4102 4150//3983
f 4158//3984 4150//3983 4144//4096
f 4148//4102 4149//4100 4150//3983
f 4153//3961 3988//3943 4154//4101
f 4064//4016 4160//4107 4159//4105
f 4184//4110 4161//4109 4082//4106
f 4171//4116 4170//4220 4172//4114
f 4171//4116 4173//4221 4170//4220
f 4171//4116 4174//4222 4173//4221
f 4204//4038 4177//4118 4174//4222
f 4175//4022 4180//4119 4182//4120
f 4067//4021 4178//4020 4180//4119
f 4175//4022 4181//4121 4176//4117
f 4186//4123 4184//4110 4081//4048
f 4187//4124 4186//4123 4083//4047
f 4189//4126 4188//4129 4184//4110
f 4187//4124 4189//4126 4186//4123
f 4187//4124 4208//4134 4192//4127
f 4193//4130 4196//4136 4190//4128
f 4194//4135 4209//4133 4199//4132
f 4195//4113 4163//4112 4184//4110
f 4190//4128 4195//4113 4188//4129
f 4193//4130 4194//4135 4198//4137
f 4196//4136 4197//4141 4164//4111
f 4193//4130 4198//4137 4197//4141
f 4164//4111 4197//4141 4165//4142
f 4198//4137 4165//4142 4197//4141
f 4201//4138 4166//4140 4199//4132
f 4203//4144 4168//4223 4167//4139
f 4203//4144 4169//4115 4168//4223
f 4201//4138 4203//4144 4167//4139
f 4202//4145 4171//4116 4203//4144
f 4203//4144 4171//4116 4169//4115
f 4085//4035 4204//4038 4202//4145
f 4204//4038 4174//4222 4171//4116
f 4087//4037 4175//4022 4204//4038
f 4101//4053 4205//4146 4099//4051
f 4101//4053 4206//4080 4208//4134
f 4103//4056 4207//4055 4102//4079
f 4205//4146 4187//4124 4185//4125
f 4208//4134 4206//4080 4209//4133
f 4102//4079 4191//4131 4206//4080
f 4205//4146 4208//4134 4187//4124
f 4208//4134 4209//4133 4194//4135
f 4207//4055 4201//4138 4191//4131
f 4105//4058 4200//4143 4207//4055
f 4105//4058 4108//4057 4200//4143
f 2722//2670 2723//3301 2724//3302
f 3350//3284 3346//3279 3345//3278
f 1065//1040 1064//1039 1070//4147
f 1070//4147 1064//1039 1062//1038
f 2835//2778 2834//2777 2839//2782
f 2784//2727 2760//2706 2785//4148
f 1070//4147 1068//1045 1069//1046
f 169//196 202//195 167//4151
f 162//160 161//159 4211//4152
f 158//193 169//196 4210//4150
f 164//4153 4210//4150 167//4151
f 151//152 153//151 4212//4154
f 4211//4152 4212//4154 4210//4150
f 161//159 159//158 4212//4154
f 153//151 4210//4150 4212//4154
f 2049//2007 2051//4158 2738//2687
f 2051//4158 4214//4160 2738//2687
f 2738//2687 4214//4160 2744//2686
f 2744//2686 4214//4160 2751//4164
f 2772//2716 3406//3347 2767//4155
f 2766//2713 2767//4155 2761//4162
f 3393//3330 4215//4161 2767//4155
f 4215//4161 2751//4164 4216//4163
f 2670//2698 2756//2697 2761//4162
f 2671//4165 2761//4162 4217//4156
f 4216//4163 2736//4159 4213//4157
f 3394//3355 2748//4167 2752//3389
f 2754//2696 4218//2694 2758//2701
f 4219//4166 2052//2008 2740//2682
f 4219//4166 4218//2694 2052//2008
f 4218//2694 2047//2004 2052//2008
f 2758//2701 4218//2694 2773//2708
f 2220//2173 2242//4168 2221//2195
f 1484//1473 1512//1500 1488//1474
f 1512//1500 4221//2170 1488//1474
f 2218//2169 4222//4169 2220//2173
f 4221//2170 1512//1500 4222//4169
f 4220//2192 4222//4169 1512//1500
f 4220//2192 2242//4168 4222//4169
f 2304//2263 4223//4174 2240//2232
f 2279//2225 2282//2229 4224//4172
f 2277//2226 4224//4172 1560//4170
f 2282//2229 2240//2232 4224//4172
f 1486//4171 1560//4170 4225//4173
f 1487//1489 2235//4224 1500//1488
f 4223//4174 2303//4175 4224//4172
f 2303//4175 2235//4224 4225//4173
f 4225//4173 2235//4224 1487//1489
f 1507//1495 1500//1488 2235//4224
f 1507//1495 2235//4224 2303//4175
f 2230//4176 2303//4175 4223//4174
