$MeshFormat
4.1 0 8
$EndMeshFormat
$Entities
0 0 1 1
1 0 0 0 0 0 0 0 0 
1 -1.797693134862316e+308 -1.797693134862316e+308 -1.797693134862316e+308 1.797693134862316e+308 1.797693134862316e+308 1.797693134862316e+308 0 1 1 
$EndEntities
$Nodes
2 1168 1 1168
2 1 0 1087
1
2
3
4
5
6
7
8
9
10
11
12
13
14
15
16
17
18
19
20
21
22
23
24
25
26
27
28
29
30
31
32
33
34
35
36
37
38
39
40
41
42
43
44
45
46
47
48
49
50
51
52
53
54
55
56
57
58
59
60
61
62
63
64
65
66
67
68
69
70
71
72
73
74
75
76
77
78
79
80
81
82
83
84
85
86
87
88
89
90
91
92
93
94
95
96
97
98
99
100
101
102
103
104
105
106
107
108
109
110
111
112
113
114
115
116
117
118
119
120
121
122
123
124
125
126
127
128
129
130
131
132
133
134
135
136
137
138
139
140
141
142
143
144
145
146
147
148
149
150
151
152
153
154
155
156
157
158
159
160
161
162
163
164
165
166
167
168
169
170
171
172
173
174
175
176
177
178
179
180
181
182
183
184
185
186
187
188
189
190
191
192
193
194
195
196
197
198
199
200
201
202
203
204
205
206
207
208
209
210
211
212
213
214
215
216
217
218
219
220
221
222
223
224
225
226
227
228
229
230
231
232
233
234
235
236
237
238
239
240
241
242
243
244
245
246
247
248
249
250
251
252
253
254
255
256
257
258
259
260
261
262
263
264
265
266
267
268
269
270
271
272
273
274
275
276
277
278
279
280
281
282
283
284
285
286
287
288
289
290
291
292
293
294
295
296
297
298
299
300
301
302
303
304
305
306
307
308
309
310
311
312
313
314
315
316
317
318
319
320
321
322
323
324
325
326
327
328
329
330
331
332
333
334
335
336
337
338
339
340
341
342
343
344
345
346
347
348
349
350
351
352
353
354
355
356
357
358
359
360
361
362
363
364
365
366
367
368
369
370
371
372
373
374
375
376
377
378
379
380
381
382
383
384
385
386
387
388
389
390
391
392
393
394
395
396
397
398
399
400
401
402
403
404
405
406
407
408
409
410
411
412
413
414
415
416
417
418
419
420
421
422
423
424
425
426
427
428
429
430
431
432
433
434
435
436
437
438
439
440
441
442
443
444
445
446
447
448
449
450
451
452
453
454
455
456
457
458
459
460
461
462
463
464
465
466
467
468
469
470
471
472
473
474
475
476
477
478
479
480
481
482
483
484
485
486
487
488
489
490
491
492
493
494
495
496
497
498
499
500
501
502
503
504
505
506
507
508
509
510
511
512
513
514
515
516
517
518
519
520
521
522
523
524
525
526
527
528
529
530
531
532
533
534
535
536
537
538
539
540
541
542
543
544
545
546
547
548
549
550
551
552
553
554
555
556
557
558
559
560
561
562
563
564
565
566
567
568
569
570
571
572
573
574
575
576
577
578
579
580
581
582
583
584
585
586
587
588
589
590
591
592
593
594
595
596
597
598
599
600
601
602
603
604
605
606
607
608
609
610
611
612
613
614
615
616
617
618
619
620
621
622
623
624
625
626
627
628
629
630
631
632
633
634
635
636
637
638
639
640
641
642
643
644
645
646
647
648
649
650
651
652
653
654
655
656
657
658
659
660
661
662
663
664
665
666
667
668
669
670
671
672
673
674
675
676
677
678
679
680
681
682
683
684
685
686
687
688
689
690
691
692
693
694
695
696
697
698
699
700
701
702
703
704
705
706
707
708
709
710
711
712
713
714
715
716
717
718
719
720
721
722
723
724
725
726
727
728
729
730
731
732
733
734
735
736
737
738
739
740
741
742
743
744
745
746
747
748
749
750
751
752
753
754
755
756
757
758
759
760
761
762
763
764
765
766
767
768
769
770
771
772
773
774
775
776
777
778
779
780
781
782
783
784
785
786
787
788
789
790
791
792
793
794
795
796
797
798
799
800
801
802
803
804
805
806
807
808
809
810
811
812
813
814
815
816
817
818
819
820
821
822
823
824
825
826
827
828
829
830
831
832
833
834
835
836
837
838
839
840
841
842
843
844
845
846
847
848
849
850
851
852
853
854
855
856
857
858
859
860
861
862
863
864
865
866
867
868
869
870
871
872
873
874
875
876
877
878
879
880
881
882
883
884
885
886
887
888
889
890
891
892
893
894
895
896
897
898
899
900
901
902
903
904
905
906
907
908
909
910
911
912
913
914
915
916
917
918
919
920
921
922
923
924
925
926
927
928
929
930
931
932
933
934
935
936
937
938
939
940
941
942
943
944
945
946
947
948
949
950
951
952
953
954
955
956
957
958
959
960
961
962
963
964
965
966
967
968
969
970
971
972
973
974
975
976
977
978
979
980
981
982
983
984
985
986
987
988
989
990
991
992
993
994
995
996
997
998
999
1000
1001
1002
1003
1004
1005
1006
1007
1008
1009
1010
1011
1012
1013
1014
1015
1016
1017
1018
1019
1020
1021
1022
1023
1024
1025
1026
1027
1028
1029
1030
1031
1032
1033
1034
1035
1036
1037
1038
1039
1040
1041
1042
1043
1044
1045
1046
1047
1048
1049
1050
1051
1052
1053
1054
1055
1056
1057
1058
1059
1060
1061
1062
1063
1064
1065
1066
1067
1068
1069
1070
1071
1072
1073
1074
1075
1076
1077
1078
1079
1080
1081
1082
1083
1084
1085
1086
1087
-0.01350838784128428 -0.008745033293962479 0.03030429407954216
-0.01304917316883802 -0.007744872011244297 0.02964895032346249
-0.01452082488685846 -0.007771627511829138 0.0306938998401165
-0.01138990931212902 -0.01834614761173725 0.02778926864266396
-0.01088826917111874 -0.01584463380277157 0.02802599221467972
-0.01349716819822788 -0.01624791696667671 0.02987495064735413
-0.01396690960973501 -0.01059795822948217 0.03049354813992977
-0.01143923494964838 -0.009075666777789593 0.02837926521897316
-0.01485902443528175 -0.01617215201258659 0.0306618120521307
-0.01488987263292074 -0.01735065132379532 0.03032603301107883
-0.01375909522175789 -0.01767617650330067 0.02963211014866829
-0.01491954643279314 -0.006506698671728373 0.03060268051922321
-0.01422894839197397 -0.005742877721786499 0.02992095611989498
-0.01552111189812422 -0.005451317876577377 0.03062229230999947
-0.01572058536112309 -0.005893939640372992 0.03084313310682774
-0.01319127157330513 -0.01385114155709743 0.0298386886715889
-0.01142800040543079 -0.01430199667811394 0.02858400344848633
-0.01228286325931549 -0.005671882536262274 0.0282115563750267
-0.01545766647905111 -0.01774239167571068 0.03040957078337669
-0.01471709925681353 -0.01846564561128616 0.02983823604881763
-0.01064331270754337 -0.01279174722731113 0.0278632678091526
-0.01069161109626293 -0.01835428923368454 0.02716397307813168
-0.009719474241137505 -0.01779459044337273 0.02632125280797482
-0.009616617113351822 -0.01676276698708534 0.02650967426598072
-0.01386145316064358 -0.011952412314713 0.03036122769117355
-0.01268519647419453 -0.004868723917752504 0.02817392162978649
-0.009803904220461845 -0.01611980423331261 0.02695812098681927
-0.01952099986374378 -0.004951998125761747 0.01054100040346384
-0.02078912034630775 -0.005441358778625727 0.01051559392362833
-0.02020700089633465 -0.005595997907221317 0.01037999987602234
-0.02278368920087814 -0.007537534926086664 0.01724570244550705
-0.02275599911808968 -0.008216998539865017 0.01728099957108498
-0.02253299951553345 -0.008094998076558113 0.01655399985611439
-0.02210400067269802 -0.005656998138874769 0.009704999625682831
-0.02139501087367535 -0.005428927950561047 0.009693160653114319
-0.0213210005313158 -0.005251999013125896 0.008836999535560608
-0.009811265394091606 -0.01332378946244717 0.02564788609743118
-0.01005206909030676 -0.01265960466116667 0.02636417746543884
-0.009569221176207066 -0.01410742942243814 0.0260604489594698
-0.01040572207421064 -0.01226233225315809 0.02713169157505035
-0.01025109924376011 -0.01040190178900957 0.02621076256036758
-0.01065259054303169 -0.01068559754639864 0.02726448327302933
-0.009903953410685062 -0.0149438101798296 0.02727004513144493
-0.009408194571733475 -0.01728972420096397 0.02523583546280861
-0.009316127747297287 -0.01611313596367836 0.02582030929625034
-0.009375580586493015 -0.01775521785020828 0.02540435269474983
-0.009383669123053551 -0.01634525321424007 0.02621274068951607
-0.01011941954493523 -0.01743507571518421 0.02356383018195629
-0.009903609752655029 -0.01793970167636871 0.024031987413764
-0.01025099959224463 -0.01830199547111988 0.02403700351715088
-0.009713099338114262 -0.01844687946140766 0.02514746226370335
-0.00950200017541647 -0.018047995865345 0.024963004514575
-0.01011032145470381 -0.01842021010816097 0.02630855329334736
-0.01048260647803545 -0.01864656992256641 0.02635577134788036
-0.01048202812671661 -0.01363890618085861 0.02770591340959072
-0.01104033179581165 -0.01156019326299429 0.02814664132893085
-0.01050427090376616 -0.009471498429775238 0.02684992924332619
-0.01511957496404648 -0.005923471879214048 0.009775151498615742
-0.01553341094404459 -0.003390250261873007 0.01053982973098755
-0.01446293573826551 -0.006835705135017633 0.0131697366014123
-0.01426241640001535 -0.008638923056423664 0.0128284702077508
-0.01459068804979324 -0.01224737334996462 0.009820814244449139
-0.01407504081726074 -0.01180032920092344 0.01219007559120655
-0.01382715534418821 -0.0155708147212863 0.01203857827931643
-0.01538841146975756 -0.01399664394557476 0.006061152089387178
-0.01460627373307943 -0.01500183902680874 0.009107773192226887
-0.01510141789913177 -0.009930849075317383 0.007972038350999355
-0.01453447062522173 -0.009054849855601788 0.01109566725790501
-0.0141860144212842 -0.01551975961774588 0.0106427650898695
-0.01395379472523928 -0.01620753109455109 0.01209900435060263
-0.01421667356044054 -0.01599364727735519 0.01076417602598667
-0.01456416491419077 -0.01653744280338287 0.01253978163003922
-0.01515340525656939 -0.01497422531247139 0.007034772541373968
-0.01497741509228945 -0.01541633158922195 0.007853678427636623
-0.01531189493834972 -0.01575944013893604 0.007965059950947762
-0.01484811305999756 -0.01595666073262691 0.009536417201161385
-0.01449096854776144 -0.01556830294430256 0.009757178835570812
-0.01465599983930588 -0.0162809994071722 0.0109560014680028
-0.01521192956715822 -0.01620892062783241 0.01044129952788353
-0.01418615318834782 -0.004945628810673952 0.01712106913328171
-0.01381985750049353 -0.007561970502138138 0.01582326181232929
-0.01515373680740595 -0.003192845499143004 0.01383933797478676
-0.01449640933424234 -0.003869085805490613 0.01726794987916946
-0.01367543172091246 -0.009393524378538132 0.01510080881416798
-0.0127907320857048 -0.009713164530694485 0.01861785538494587
-0.01244509965181351 -0.01199526246637106 0.01853057742118835
-0.012760772369802 -0.01313236728310585 0.01677817292511463
-0.01341779250651598 -0.01280309539288282 0.01450608391314745
-0.01308299973607063 -0.01649699546396732 0.01477300189435482
-0.01288010459393263 -0.01679954677820206 0.01569823175668716
-0.01340247970074415 -0.01697253808379173 0.01546289678663015
-0.01331893354654312 -0.01581184379756451 0.01393002178519964
-0.01253263372927904 -0.01615387760102749 0.01653127558529377
-0.01301453076303005 -0.01712397485971451 0.01651699468493462
-0.0124249504879117 -0.01683255843818188 0.01690988056361675
-0.01365839038044214 -0.01609797030687332 0.01266612485051155
-0.01403742283582687 -0.01650618016719818 0.01265000645071268
-0.01359870657324791 -0.01659750938415527 0.01382744498550892
-0.01329921372234821 -0.01617413386702538 0.01406819093972445
-0.01393672544509172 -0.0169216375797987 0.01497536152601242
-0.01282620523124933 -0.01737774163484573 0.0178665891289711
-0.01583339460194111 -0.01699400506913662 0.01538862660527229
-0.01472462993115187 -0.002717635594308376 0.01916167140007019
-0.01429656893014908 -0.002861963585019112 0.02115059830248356
-0.01406461838632822 -0.003461421467363834 0.02037486992776394
-0.01465634163469076 -0.002629022346809506 0.02021247521042824
-0.01454200129956007 -0.002657853765413165 0.02134876698255539
-0.01367625780403614 -0.004088615067303181 0.02137579955160618
-0.01515827048569918 -0.002801625523716211 0.01631593704223633
-0.01535530667752028 -0.002334782620891929 0.01896688900887966
-0.01519818045198917 -0.002672209404408932 0.01997283659875393
-0.01483672391623259 -0.002859432250261307 0.02130897156894207
-0.01334099192172289 -0.007369093596935272 0.0184668842703104
-0.01270255167037249 -0.006846923846751451 0.02155008167028427
-0.0137248570099473 -0.004412710666656494 0.02011996321380138
-0.01277199387550354 -0.006013158243149519 0.02232186123728752
-0.01162174437195063 -0.01186402607709169 0.02154808305203915
-0.01154627185314894 -0.01386803388595581 0.02118188701570034
-0.01173650845885277 -0.01046212203800678 0.02198227308690548
-0.01119371969252825 -0.01736367680132389 0.02077509835362434
-0.01072297617793083 -0.0173431858420372 0.0220912117511034
-0.01089990977197886 -0.01791610568761826 0.02219370566308498
-0.01118099968880415 -0.01770399697124958 0.0210840031504631
-0.01144024357199669 -0.01807236857712269 0.02227322198450565
-0.01195468753576279 -0.01667888276278973 0.01848578453063965
-0.0114191947504878 -0.01683899946510792 0.02027101814746857
-0.01184365060180426 -0.01719306781888008 0.01895210705697536
-0.0115999998524785 -0.01747899688780308 0.01984300464391708
-0.01222025416791439 -0.01761241070926189 0.01940027624368668
-0.01175969839096069 -0.01774436049163342 0.0204029344022274
-0.01238379348069429 -0.01715215854346752 0.01746218651533127
-0.01207199972122908 -0.01736999675631523 0.01855100318789482
-0.01838343217968941 -0.01853503473103046 0.02520641498267651
-0.01456400007009506 -0.002840996719896793 0.02185199968516827
-0.01463981997221708 -0.003180713625624776 0.02301718480885029
-0.01422726269811392 -0.003439101623371243 0.02292409725487232
-0.01382605545222759 -0.003807847620919347 0.02244428172707558
-0.01461324188858271 -0.003422632580623031 0.02498164959251881
-0.01416818145662546 -0.003516414668411016 0.02439778670668602
-0.01495534647256136 -0.003178951097652316 0.0217964518815279
-0.01510799955576658 -0.003096996806561947 0.02234599925577641
-0.01519499998539686 -0.00309799681417644 0.02296699956059456
-0.0152967656031251 -0.003174383193254471 0.02353649213910103
-0.01550918724387884 -0.0032517712097615 0.02449596673250198
-0.01626182533800602 -0.003382334019988775 0.02524028532207012
-0.01600212417542934 -0.003763752290979028 0.02548940666019917
-0.01125767175108194 -0.008017338812351227 0.02515901625156403
-0.01105051580816507 -0.006973517127335072 0.0268119815737009
-0.01074743643403053 -0.007780117448419333 0.02679664455354214
-0.01250593084841967 -0.005631180480122566 0.02414815872907639
-0.01144967041909695 -0.006152333691716194 0.02681742981076241
-0.01296382490545511 -0.004743743687868118 0.02426579594612122
-0.01201525516808033 -0.005195665173232555 0.02680904231965542
-0.01183579582720995 -0.007917355746030807 0.0235942155122757
-0.01234518736600876 -0.006415427662432194 0.02350213937461376
-0.01264785788953304 -0.004569823388010263 0.02603027410805225
-0.01231931708753109 -0.004739335738122463 0.02727187238633633
-0.01317480392754078 -0.004862812347710133 0.0227709524333477
-0.01327883079648018 -0.00424159737303853 0.02457980252802372
-0.01300634816288948 -0.004181443713605404 0.02625305391848087
-0.01333654392510653 -0.004010943695902824 0.02594068273901939
-0.01328991632908583 -0.004126382526010275 0.02662465907633305
-0.01362476218491793 -0.004110673442482948 0.02261922508478165
-0.01354153361171484 -0.003970715217292309 0.024766830727458
-0.01405199989676476 -0.003691996214911342 0.02480999939143658
-0.01395799964666367 -0.003946996293962002 0.0254490002989769
-0.01368600036948919 -0.004024996422231197 0.02590999938547611
-0.0136139877140522 -0.004447351675480604 0.0261864997446537
-0.01355549413710833 -0.004558135289698839 0.02678218856453896
-0.01459299959242344 -0.003919996321201324 0.02524399943649769
-0.01394540071487427 -0.006470107473433018 0.02492421120405197
-0.01371353212743998 -0.005711319856345654 0.02530971355736256
-0.01443725917488337 -0.005215890239924192 0.02492092549800873
-0.0145005825906992 -0.008198864758014679 0.0243084616959095
-0.01360019482672215 -0.007261857856065035 0.02538965828716755
-0.01382043771445751 -0.008330114185810089 0.02478625997900963
-0.01364943291991949 -0.008398574776947498 0.02544667758047581
-0.01410968787968159 -0.008844173513352871 0.02438749372959137
-0.01457399968057871 -0.004374996293336153 0.02524599991738796
-0.01399082504212856 -0.004446354229003191 0.02555008977651596
-0.01340133789926767 -0.006404316052794456 0.02609624341130257
-0.01358948461711407 -0.007810071110725403 0.02609636262059212
-0.01384241227060556 -0.008728533051908016 0.02633070573210716
-0.01345451828092337 -0.006183360703289509 0.02673881128430367
-0.01452426984906197 -0.009483861736953259 0.02400880120694637
-0.01522117387503386 -0.005657611880451441 0.02484444715082645
-0.01531658321619034 -0.008176206611096859 0.02433127537369728
-0.01536815520375967 -0.004366037901490927 0.0252531673759222
-0.01007340755313635 -0.0119037851691246 0.02579396404325962
-0.01056031230837107 -0.008738304488360882 0.0264540072530508
-0.01054111123085022 -0.008576241321861744 0.02693468518555164
-0.01086606364697218 -0.01198172941803932 0.02365585789084435
-0.01453533954918385 -0.01067203469574451 0.02377806976437569
-0.01401376817375422 -0.01045025419443846 0.02427930384874344
-0.01385451946407557 -0.01035062316805124 0.02474037557840347
-0.01379916537553072 -0.009913252666592598 0.02540534175932407
-0.01406726520508528 -0.01105119287967682 0.02541393786668777
-0.01407775562256575 -0.009121713228523731 0.02650825493037701
-0.01462233997881413 -0.01148129347711802 0.02367095649242401
-0.01415438205003738 -0.01108909770846367 0.02423877269029617
-0.01507501304149628 -0.008399572223424911 0.02422742173075676
-0.01517326012253761 -0.01125536859035492 0.02351558208465576
-0.01429000031203032 -0.01193299610167742 0.02422500029206276
-0.0146270003169775 -0.01257899589836597 0.02372300438582897
-0.01448618527501822 -0.01291262172162533 0.02429983764886856
-0.01460995152592659 -0.01301707793027163 0.02478449232876301
-0.01416849624365568 -0.01170484535396099 0.02489855326712132
-0.01471100002527237 -0.01326999627053738 0.02406800352036953
-0.01512021385133266 -0.0138223385438323 0.02480876445770264
-0.01458642072975636 -0.01215606834739447 0.02551655471324921
-0.0146671375259757 -0.01134416181594133 0.02611702494323254
-0.0144390631467104 -0.008589684031903744 0.02718573994934559
-0.01508039981126785 -0.01182990707457066 0.02620788104832172
-0.01521939877420664 -0.009662404656410217 0.02732189744710922
-0.01047330815345049 -0.01786629669368267 0.02269419841468334
-0.01022600010037422 -0.01803799718618393 0.02356500364840031
-0.01084362249821424 -0.01817656308412552 0.02300973422825336
-0.01079694461077452 -0.01443827617913485 0.02298456989228725
-0.01083112135529518 -0.01834090426564217 0.02397613041102886
-0.01011056546121836 -0.01854216679930687 0.02524722926318645
-0.01155749149620533 -0.01880989037454128 0.02699883840978146
-0.01765234209597111 -0.01875247806310654 0.02659181132912636
-0.01145092118531466 -0.007105335127562284 0.02762020938098431
-0.01228038221597672 -0.007110156118869781 0.02864655666053295
-0.01176100037992001 -0.007903995923697948 0.02856200002133846
-0.01167328096926212 -0.005936305969953537 0.02753178961575031
-0.01195183582603931 -0.00542926462367177 0.02754589729011059
-0.01273838803172112 -0.004469886422157288 0.02766919508576393
-0.0132819814607501 -0.004283717833459377 0.02797125279903412
-0.01328600011765957 -0.004531995393335819 0.02832400053739548
-0.01390425302088261 -0.00470912829041481 0.02895274013280869
-0.01367140002548695 -0.00459938170388341 0.02752990648150444
-0.01390418875962496 -0.004504836164414883 0.02808228693902493
-0.01389000006020069 -0.004372995346784592 0.0286640003323555
-0.01393722742795944 -0.006325959693640471 0.02770701050758362
-0.01417878456413746 -0.004765181802213192 0.0283699557185173
-0.01446781679987907 -0.004609353374689817 0.02873999811708927
-0.01449500024318695 -0.004473995417356491 0.029296999797225
-0.01458354759961367 -0.004909095820039511 0.029695650562644
-0.01506972033530474 -0.00467663211748004 0.02992573566734791
-0.01493749767541885 -0.006681825965642929 0.02849608100950718
-0.0149826891720295 -0.004840626381337643 0.02910111285746098
-0.01509069744497538 -0.004625021014362574 0.02938621863722801
-0.01107021421194077 -0.01865176856517792 0.02731949090957642
-0.01233272347599268 -0.01875783689320087 0.02808184735476971
-0.0119582898914814 -0.01848804019391537 0.02816439233720303
-0.01391949877142906 -0.01902079582214355 0.0284078661352396
-0.01326093263924122 -0.01844732463359833 0.028950285166502
-0.01395945064723492 -0.01891731284558773 0.02886494435369968
-0.01623066514730453 -0.01907436177134514 0.02863272093236446
-0.01670178771018982 -0.01897932402789593 0.02805398777127266
-0.01496107783168554 -0.01894932053983212 0.02961581945419312
-0.01529466733336449 -0.0191335566341877 0.02927215397357941
-0.01627032272517681 -0.003499150741845369 0.006383494473993778
-0.01675700955092907 -0.00244692456908524 0.00637267529964447
-0.01629622839391232 -0.002790048252791166 0.006727853324264288
-0.01707887463271618 -0.003674815874546766 0.006066084373742342
-0.01724670827388763 -0.001208393252454698 0.006526004523038864
-0.01676072366535664 -0.001382329268381 0.006754705216735601
-0.01658925414085388 -0.003951873164623976 0.006047822535037994
-0.01762444525957108 -0.0008664738852530718 0.006529246922582388
-0.02335019037127495 -0.0002864015114028007 0.006609958130866289
-0.01853067055344582 0.0001331750536337495 0.006685157306492329
-0.01565279439091682 -0.007702648639678955 0.005722591653466225
-0.01569954864680767 -0.006406282540410757 0.006041290704160929
-0.01553902961313725 -0.009138110093772411 0.00566052133217454
-0.01575438119471073 -0.008887364529073238 0.005213690921664238
-0.01606767438352108 -0.006209621205925941 0.005636796355247498
-0.0159640908241272 -0.005286501720547676 0.006001722533255816
-0.01607028022408485 -0.008402705192565918 0.005162443965673447
-0.01653690077364445 -0.008160979487001896 0.005161350592970848
-0.01591611839830875 -0.004600780550390482 0.006658758968114853
-0.01658962666988373 -0.005468687508255243 0.005708672571927309
-0.01921375282108784 -0.00924332719296217 0.004966867621988058
-0.02453389577567577 -0.006355473306030035 0.005581402685493231
-0.01600588299334049 -0.01057176664471626 0.00474854139611125
-0.01566907949745655 -0.01018194667994976 0.005119277630001307
-0.01563585922122002 -0.01144337188452482 0.0050557148642838
-0.01570727676153183 -0.0134256212040782 0.004548666998744011
-0.01567093841731548 -0.01452700421214104 0.00459176255390048
-0.01606922969222069 -0.01220581959933043 0.004419694654643536
-0.01579009741544724 -0.0120454803109169 0.004615688230842352
-0.01596652343869209 -0.01432952936738729 0.004102122969925404
-0.01659545488655567 -0.01426432281732559 0.003967370837926865
-0.01658283174037933 -0.01127420738339424 0.004561488516628742
-0.01594737730920315 -0.01493054069578648 0.004243988078087568
-0.0153046976774931 -0.01547684241086245 0.006980534642934799
-0.01599022001028061 -0.01551821175962687 0.006066606845706701
-0.0165952555835247 -0.01490085385739803 0.004061549436300993
-0.01620984263718128 -0.01521278452128172 0.004510699305683374
-0.02450641244649887 -0.0149199366569519 0.004280997905880213
-0.01676854304969311 -0.01522522792220116 0.004403053782880306
-0.01631998829543591 -0.002370156347751617 0.007357808761298656
-0.01587060280144215 -0.002322264248505235 0.01027922891080379
-0.01684718392789364 -0.0009328235173597932 0.007125556003302336
-0.01725307106971741 -0.0002915636578109115 0.006837965454906225
-0.01725423894822598 -0.0001289099454879761 0.007264967542141676
-0.01698204316198826 -0.000615342112723738 0.008183754980564117
-0.01647409051656723 -0.001301247044466436 0.009206940419971943
-0.0168931819498539 -0.0006733472691848874 0.009457992389798164
-0.01618799194693565 -0.001095671090297401 0.01278394740074873
-0.01663583889603615 -0.000751340645365417 0.0115670207887888
-0.01726048067212105 -0.0002258402237202972 0.0108965802937746
-0.01719165965914726 -0.0003109637182205915 0.01145973708480597
-0.01797407865524292 0.0003909588849637657 0.006861762143671513
-0.01779395155608654 0.0004294321697670966 0.00727440882474184
-0.01797922886908054 0.0002142647426808253 0.009937244467437267
-0.0174212995916605 -0.0001805646606953815 0.009877863340079784
-0.01774599961936474 -4.299835563870147e-05 0.0108839999884367
-0.01769700087606907 -0.0002169982763007283 0.01134399976581335
-0.01842200011014938 0.0005290010594762862 0.006816000211983919
-0.01866213791072369 0.0009535862482152879 0.007363957818597555
-0.01846418529748917 0.0005416061612777412 0.009417166002094746
-0.0184201393276453 0.0002396655036136508 0.01011127699166536
-0.0180375948548317 -0.0003307731822133064 0.01114275306463242
-0.01955245621502399 0.0006036013946868479 0.006757696624845266
-0.01900199986994267 0.0009420010610483587 0.007027999963611364
-0.01906037703156471 0.00080641801469028 0.008943721652030945
-0.01909899525344372 0.0004147464933339506 0.009611090645194054
-0.01871700026094913 0.0003050015075132251 0.01003399956971407
-0.01871711201965809 -0.0001483545056544244 0.01032902020961046
-0.0187366958707571 -0.001471049268729985 0.01075152587145567
-0.01818731054663658 -0.000750474282540381 0.01114820130169392
-0.01911978609859943 -0.002560392254963517 0.01111866906285286
-0.01841401867568493 -0.002026812173426151 0.01109782326966524
-0.01870414055883884 -0.003472269279882312 0.01097912527620792
-0.01829399913549423 -0.003104998031631112 0.01125899981707335
-0.01901976950466633 -0.003111675847321749 0.01112290751188993
-0.0185186006128788 -0.004222861025482416 0.01098938193172216
-0.01787853986024857 -0.003501759143546224 0.01160155795514584
-0.01972335577011108 0.001071259845048189 0.006860701367259026
-0.0199882984161377 0.001307401107624173 0.007288805209100246
-0.01997479051351547 0.001054219319485128 0.008719878271222115
-0.01984992250800133 0.0007934917812235653 0.009135192260146141
-0.01939952187240124 -4.194032590021379e-05 0.009618399664759636
-0.01946942694485188 -0.0009035193361341953 0.009544482454657555
-0.01907854154706001 -0.001201016362756491 0.01012872532010078
-0.01916748285293579 -0.001808154629543424 0.0104411207139492
-0.01954899914562702 -0.002409998094663024 0.0108219999819994
-0.01962199993431568 -0.002709998050704598 0.01128000020980835
-0.02019030973315239 0.0003177664475515485 0.00935023371130228
-0.02022632583975792 -0.001464546425268054 0.009030725806951523
-0.01976118050515652 -0.001917351852171123 0.009453750215470791
-0.01983453333377838 -0.002769783604890108 0.009653810411691666
-0.01967599987983704 -0.002260998589918017 0.009881000034511089
-0.01989976316690445 -0.002797926543280482 0.01032342668622732
-0.02023261412978172 -0.002839213004335761 0.01088535971939564
-0.02069586887955666 -0.00279536284506321 0.01152252126485109
-0.01571681536734104 -0.005191379692405462 0.007391928229480982
-0.01535352598875761 -0.007432107347995043 0.00748811848461628
-0.01820088177919388 -0.004734439309686422 0.01148219034075737
-0.01936788484454155 -0.004054676275700331 0.01084326300770044
-0.01943599991500378 -0.005752997938543558 0.01069200038909912
-0.01903400011360645 -0.005519998259842396 0.01099499966949224
-0.01922114007174969 -0.005951349157840014 0.01158127281814814
-0.02130297385156155 -0.004131292458623648 0.0114252595230937
-0.02023600041866302 -0.006364997942000628 0.01071800198405981
-0.0196979995816946 -0.006190998014062643 0.01094000227749348
-0.02012315578758717 -0.006466374266892672 0.01155327633023262
-0.01581144146621227 -0.01574845239520073 0.007539124228060246
-0.01749563775956631 -0.01606038585305214 0.009489377029240131
-0.01918115094304085 -0.01588725298643112 0.008395255543291569
-0.01554866787046194 -0.002260254928842187 0.01347760017961264
-0.01576115749776363 -0.001914119231514633 0.01241980865597725
-0.01586095802485943 -0.001772128394804895 0.01365315727889538
-0.01534060854464769 -0.002657273784279823 0.01430817693471909
-0.01579374633729458 -0.002091367961838841 0.01540674082934856
-0.01647965423762798 -0.001179672428406775 0.01424657925963402
-0.01652962155640125 -0.001422436442226171 0.01477760262787342
-0.01664853468537331 -0.00145429524127394 0.01549006439745426
-0.01703767850995064 -0.0008838954963721335 0.01221705228090286
-0.01645632274448872 -0.0007249253103509545 0.01330527476966381
-0.01683599688112736 -0.0008600587607361376 0.01332068908959627
-0.01682399958372116 -0.0007479978958144784 0.01384299993515015
-0.01643400080502033 -0.0009259979124180973 0.01375200040638447
-0.01707999967038631 -0.0009319978998973966 0.01412300020456314
-0.01711699925363064 -0.001026997691951692 0.0147709995508194
-0.01714355871081352 -0.001204550499096513 0.01544889807701111
-0.01710544712841511 -0.001287846127524972 0.01716763898730278
-0.01651696301996708 -0.001461180159822106 0.01705396175384521
-0.01762310229241848 -0.0006350731709972024 0.01159083936363459
-0.01726989075541496 -0.001002624514512718 0.01194301340728998
-0.0170395877212286 -0.001770403934642673 0.01297547947615385
-0.01721991039812565 -0.002114442177116871 0.01219589356333017
-0.01728296652436256 -0.002690906869247556 0.01224760711193085
-0.01702100597321987 -0.001307596452534199 0.01354292780160904
-0.01770452223718166 -0.002686453284695745 0.01363622862845659
-0.01746699959039688 -0.001503997948020697 0.01416500005871058
-0.01779600605368614 -0.001280553173273802 0.01468764524906874
-0.01773899979889393 -0.001092997728846967 0.01540799997746944
-0.01788114383816719 -0.001133857411332428 0.01598856970667839
-0.01786450110375881 -0.001204195548780262 0.01673390343785286
-0.01761362701654434 -0.002017795341089368 0.01153907366096973
-0.01775815710425377 -0.003950055688619614 0.01227675750851631
-0.01770615391433239 -0.003471958916634321 0.0130386995151639
-0.01851961761713028 -0.003724437672644854 0.01379598211497068
-0.0183220487087965 -0.001485493732616305 0.014992980286479
-0.01861587539315224 -0.001257491414435208 0.01552853640168905
-0.01951314508914948 -0.00124277756549418 0.01609357818961143
-0.0189985129982233 -0.003863061778247356 0.01403676811605692
-0.01982936076819897 -0.003920400980859995 0.01438199356198311
-0.01984179578721523 -0.002039568033069372 0.01546439435333014
-0.01955068483948708 -0.001521625090390444 0.01572191715240479
-0.01892448775470257 -0.001763698412105441 0.01519259624183178
-0.0196225568652153 -0.001445999601855874 0.01704426482319832
-0.02113569900393486 -0.003169701201841235 0.01176290493458509
-0.02017633430659771 -0.00149486493319273 0.01679643057286739
-0.01816174574196339 -0.004894630517810583 0.01217870786786079
-0.0187972467392683 -0.005555709823966026 0.01220848970115185
-0.01839909330010414 -0.004875858779996634 0.01278587151318789
-0.01895060949027538 -0.005288484506309032 0.01287310663610697
-0.01976020447909832 -0.006077276077121496 0.01210912968963385
-0.01947902515530586 -0.00543143367394805 0.01296121999621391
-0.02029639109969139 -0.006107690278440714 0.01224238239228725
-0.02073319628834724 -0.005264433100819588 0.01329957321286201
-0.02072005532681942 -0.00467913132160902 0.01394280046224594
-0.01727872528135777 -0.01688050478696823 0.01407964900135994
-0.0174405425786972 -0.01647229306399822 0.01208387315273285
-0.01769530773162842 -0.01678213477134705 0.01340363174676895
-0.01846723631024361 -0.01672153174877167 0.01368704903870821
-0.01736189238727093 -0.01717895828187466 0.01657017879188061
-0.01931695453822613 -0.0162181481719017 0.010486108250916
-0.02261858619749546 -0.01687064580619335 0.01466919016093016
-0.01551262754946947 -0.002166709629818797 0.01840631291270256
-0.01589754223823547 -0.001915500848554075 0.01785516738891602
-0.01586299948394299 -0.001959997229278088 0.01844099909067154
-0.01581799983978271 -0.002186997095122933 0.01884599961340427
-0.01497143507003784 -0.00263497675769031 0.01857466250658035
-0.01570072025060654 -0.002701136516407132 0.01938329450786114
-0.01537821069359779 -0.003538056975230575 0.02002419903874397
-0.01516239065676928 -0.003833069233223796 0.02056989446282387
-0.01511070597916842 -0.004013622179627419 0.02113066054880619
-0.01653416641056538 -0.00164999533444643 0.01767914369702339
-0.0163580309599638 -0.002059740712866187 0.01843832060694695
-0.01611189544200897 -0.00226289639249444 0.01877917349338531
-0.01620051264762878 -0.00315996864810586 0.01890479028224945
-0.01741438172757626 -0.001583471661433578 0.01750757358968258
-0.01683937758207321 -0.002100647892802954 0.01790954545140266
-0.01738483458757401 -0.003396111773326993 0.01754852943122387
-0.01727915927767754 -0.004041515290737152 0.01794858276844025
-0.01700134202837944 -0.004514578264206648 0.01860406994819641
-0.01860753074288368 -0.001394391525536776 0.01719405502080917
-0.01740098558366299 -0.002002708613872528 0.01757495291531086
-0.01861275918781757 -0.001895818393677473 0.01741867326200008
-0.01837189868092537 -0.003535788971930742 0.01703485101461411
-0.01964600011706352 -0.001713997451588511 0.01744800060987473
-0.01891807653009892 -0.003265264676883817 0.01703566126525402
-0.01954225823283195 -0.00213108048774302 0.01748093031346798
-0.01973859965801239 -0.00436712009832263 0.01674106158316135
-0.02022499963641167 -0.001624997472390532 0.01744000054895878
-0.02026600018143654 -0.001996997278183699 0.017705999314785
-0.02014362625777721 -0.00254327617585659 0.01756673119962215
-0.01541824545711279 -0.004479867406189442 0.02182945236563683
-0.01626809313893318 -0.005116327665746212 0.01951436884701252
-0.01615126989781857 -0.005827767308801413 0.0203524399548769
-0.01589676178991795 -0.005520727019757032 0.02109192870557308
-0.01603852771222591 -0.005519029684364796 0.02162064239382744
-0.01720478199422359 -0.006547135300934315 0.0191905852407217
-0.0166171882301569 -0.006189266685396433 0.01972598396241665
-0.01693372800946236 -0.007238531485199928 0.02039891295135021
-0.01655984297394753 -0.006599425338208675 0.02090157940983772
-0.01717974245548248 -0.007377949543297291 0.02111414633691311
-0.01752457208931446 -0.00490557448938489 0.01827715523540974
-0.01787610724568367 -0.005968791432678699 0.01863660663366318
-0.01718437299132347 -0.007377932779490948 0.01972522214055061
-0.01868977025151253 -0.005078126676380634 0.01676677167415619
-0.01851285062730312 -0.005556984804570675 0.01696627773344517
-0.01844177395105362 -0.006012152880430222 0.0176154226064682
-0.01820681430399418 -0.006021801382303238 0.01834945380687714
-0.01813502050936222 -0.007457816507667303 0.01875665225088596
-0.01774623431265354 -0.007857449352741241 0.01925381273031235
-0.01774308457970619 -0.008374894037842751 0.01976711302995682
-0.01778329163789749 -0.008571543730795383 0.0203296672552824
-0.01814094372093678 -0.008888673037290573 0.02070951275527477
-0.01819232851266861 -0.008016817271709442 0.02167275175452232
-0.01918371766805649 -0.004705672618001699 0.01665447652339935
-0.01874670572578907 -0.006449607666581869 0.01721303723752499
-0.01865833438932896 -0.006391183938831091 0.01822447218000889
-0.01910600066184998 -0.00685799727216363 0.01856400072574615
-0.01846499927341938 -0.006898997351527214 0.01860800012946129
-0.01894131861627102 -0.007788246031850576 0.01850781962275505
-0.01849718764424324 -0.008879700675606728 0.01881512440741062
-0.0184884499758482 -0.009274736046791077 0.01926681026816368
-0.01867625676095486 -0.009146131575107574 0.021064767614007
-0.01984577253460884 -0.006730586290359497 0.01612218096852303
-0.01907350681722164 -0.006351849529892206 0.01664014719426632
-0.01940209232270718 -0.007162243593484163 0.01644627191126347
-0.01929830759763718 -0.007340431679040194 0.01718360558152199
-0.0191079992800951 -0.006817997433245182 0.01788200065493584
-0.01970400288701057 -0.007391967810690403 0.01792744733393192
-0.01968399994075298 -0.006866997107863426 0.01851500011980534
-0.01972699910402298 -0.007039997261017561 0.01892600022256374
-0.01937903091311455 -0.007222877815365791 0.01866897754371166
-0.01958424039185047 -0.00930427759885788 0.01824444532394409
-0.02021785639226437 -0.006314587779343128 0.01607101038098335
-0.01978199928998947 -0.007791997399181128 0.01651600003242493
-0.01980799995362759 -0.007905998267233372 0.01727199926972389
-0.02060258947312832 -0.004325613379478455 0.01693514175713062
-0.02027251198887825 -0.007069861516356468 0.01861945912241936
-0.02013199962675571 -0.006682997103780508 0.01920099928975105
-0.02043390274047852 -0.007472366094589233 0.01935331895947456
-0.02088678814470768 -0.009220442734658718 0.01876145787537098
-0.01880741864442825 -0.009764185175299644 0.01977036334574223
-0.0191003680229187 -0.009717672131955624 0.01858967170119286
-0.01961524225771427 -0.0103134885430336 0.01850057579576969
-0.01945691928267479 -0.01049013901501894 0.01912032626569271
-0.01974516175687313 -0.01056715566664934 0.01964010298252106
-0.01945928111672401 -0.00956221017986536 0.02108174934983253
-0.02025514468550682 -0.00922591146081686 0.01835578307509422
-0.02037400007247925 -0.01004699803888798 0.01829900033771992
-0.02013400010764599 -0.01050899643450975 0.01854199916124344
-0.02022700011730194 -0.01076999586075544 0.01903500035405159
-0.02019349113106728 -0.01066507957875729 0.01976481266319752
-0.02016295492649078 -0.009395767003297806 0.02153154090046883
-0.02141832001507282 -0.01740326546132565 0.01802710629999638
-0.01951549388468266 -0.01818135008215904 0.02297004871070385
-0.02009777911007404 -0.01806324161589146 0.02226326987147331
-0.01539573911577463 -0.003641495481133461 0.02245559543371201
-0.01584723591804504 -0.003466982627287507 0.02302605658769608
-0.01660739257931709 -0.003569824388250709 0.02338334359228611
-0.01666422933340073 -0.003259055549278855 0.02374170906841755
-0.01720213703811169 -0.003237288212403655 0.02425412274897099
-0.01707246713340282 -0.003543035127222538 0.02561558783054352
-0.01786654256284237 -0.00349559704773128 0.02392823994159698
-0.0180854070931673 -0.003488403977826238 0.0246951375156641
-0.01841192133724689 -0.003522329498082399 0.02429233305156231
-0.01597285643219948 -0.004868824034929276 0.02227156423032284
-0.01670684479176998 -0.004938196390867233 0.02270691283047199
-0.01692044921219349 -0.005693898070603609 0.02539712935686111
-0.01642648503184319 -0.008537898771464825 0.02467957139015198
-0.01667333766818047 -0.004049697890877724 0.02574426494538784
-0.01716049760580063 -0.006154371425509453 0.02219748683273792
-0.01711841858923435 -0.003877522889524698 0.02600233070552349
-0.01803467608988285 -0.005930445156991482 0.0227988101541996
-0.01871429197490215 -0.004027887247502804 0.02387893758714199
-0.01786832325160503 -0.003661775961518288 0.02554677426815033
-0.01782716996967793 -0.003919196780771017 0.02630146034061909
-0.01726437173783779 -0.008461104705929756 0.02513725310564041
-0.01763040572404861 -0.005810549948364496 0.02585785277187824
-0.01766926422715187 -0.008709284476935863 0.02544953860342503
-0.0178406611084938 -0.004421793855726719 0.02638983726501465
-0.01804998517036438 -0.006941933650523424 0.02616440691053867
-0.01780463382601738 -0.009212836623191833 0.02573805116117001
-0.01828022673726082 -0.007345652207732201 0.02658865600824356
-0.01827187649905682 -0.007765758316963911 0.02697066962718964
-0.01888054981827736 -0.007039439398795366 0.02263291738927364
-0.0194249339401722 -0.00381838995963335 0.02430832199752331
-0.01890500076115131 -0.003762996289879084 0.02486499957740307
-0.01871543563902378 -0.004173276014626026 0.0258394181728363
-0.01833478361368179 -0.004022762645035982 0.02641225047409534
-0.0187391322106123 -0.004319126717746258 0.02654799818992615
-0.01951896585524082 -0.004177532158792019 0.02395128831267357
-0.01979632675647736 -0.00410497048869729 0.02466863952577114
-0.01911050267517567 -0.004364259541034698 0.02542235516011715
-0.01946898549795151 -0.005526475608348846 0.02607794106006622
-0.01903421804308891 -0.004868284799158573 0.02730968594551086
-0.01958663761615753 -0.007132759783416986 0.022766949608922
-0.01954670250415802 -0.009118963964283466 0.02162681706249714
-0.02025336585938931 -0.007619194220751524 0.02252057380974293
-0.01953493617475033 -0.005506610497832298 0.02343053929507732
-0.02007662691175938 -0.00535452039912343 0.02344812639057636
-0.02019282802939415 -0.004197691101580858 0.02382436953485012
-0.02024899981915951 -0.003946996293962002 0.02426099963486195
-0.0198381170630455 -0.004737971350550652 0.02487795054912567
-0.01971657574176788 -0.005533232353627682 0.02539791725575924
-0.01926697976887226 -0.005401823204010725 0.02768443338572979
-0.01577476412057877 -0.01120792981237173 0.02362892776727676
-0.01578716188669205 -0.01273128390312195 0.02343553118407726
-0.01514314021915197 -0.01310144923627377 0.02346447482705116
-0.01580700092017651 -0.0138719966635108 0.02339200302958488
-0.0151819996535778 -0.01372999604791403 0.02349200285971165
-0.01491499971598387 -0.01405399665236473 0.02407900430262089
-0.0150296688079834 -0.01290478929877281 0.02545743063092232
-0.01567287370562553 -0.01302182208746672 0.02574356645345688
-0.01577652245759964 -0.011978380382061 0.02640029229223728
-0.0157438050955534 -0.01000767108052969 0.02746067009866238
-0.01629110053181648 -0.01156535837799311 0.02377003245055676
-0.01636661402881145 -0.01364438980817795 0.02359834313392639
-0.01673338375985622 -0.01209359616041183 0.02399354800581932
-0.01733146607875824 -0.01021739561110735 0.0248374417424202
-0.01714328117668629 -0.01162528339773417 0.02455264702439308
-0.01691387966275215 -0.01303190924227238 0.0242510698735714
-0.01660699956119061 -0.01392999663949013 0.02414700388908386
-0.01691144518554211 -0.01317794527858496 0.02494348585605621
-0.01719816029071808 -0.0119460541754961 0.02506591007113457
-0.01708106137812138 -0.01204408146440983 0.02561819739639759
-0.01655079424381256 -0.01263971719890833 0.02580888755619526
-0.01635809987783432 -0.01340337004512548 0.02546852640807629
-0.01706487126648426 -0.01155153941363096 0.02616393007338047
-0.01642924919724464 -0.01141736190766096 0.02671406231820583
-0.01696907915174961 -0.01107367407530546 0.02664821781218052
-0.01766493730247021 -0.0101376511156559 0.02577134594321251
-0.01749741286039352 -0.01056268159300089 0.02621419355273247
-0.01776646636426449 -0.009458363987505436 0.02675140462815762
-0.01723030023276806 -0.01009245309978724 0.02712094970047474
-0.01971760205924511 -0.009184000082314014 0.02665587887167931
-0.01978547871112823 -0.01140397600829601 0.02591800317168236
-0.01955646649003029 -0.008761200122535229 0.02726022899150848
-0.01951605826616287 -0.01393179781734943 0.0259332899004221
-0.01579600013792515 -0.01450899615883827 0.02411700412631035
-0.01571499928832054 -0.0142019959166646 0.02490400336682796
-0.01652700081467628 -0.01393499597907066 0.02488400414586067
-0.01882235147058964 -0.01852476969361305 0.0253904964774847
-0.01874399930238724 -0.01849199645221233 0.02613300457596779
-0.01912658661603928 -0.01801446639001369 0.02589750289916992
-0.01857499964535236 -0.01834499649703503 0.0267340037971735
-0.01855744048953056 -0.01793664880096912 0.02697382122278214
-0.01948199979960918 -0.01826299540698528 0.02364100329577923
-0.02003699913620949 -0.01800599694252014 0.0236040037125349
-0.01965600065886974 -0.01825099624693394 0.02424500323832035
-0.0199055653065443 -0.01785910874605179 0.02420129254460335
-0.01963254809379578 -0.01801576092839241 0.02483516931533813
-0.01925107650458813 -0.01836392655968666 0.0242994911968708
-0.01928099989891052 -0.01838299632072449 0.02487600408494473
-0.02011892013251781 -0.012876289896667 0.02475583925843239
-0.02003810368478298 -0.01736344955861568 0.02406971529126167
-0.01919499970972538 -0.01831099577248096 0.02548900432884693
-0.01823899708688259 -0.0186648778617382 0.02629099041223526
-0.01577563397586346 -0.007130604237318039 0.02883691340684891
-0.01576570980250835 -0.0051278006285429 0.02944847941398621
-0.01605198346078396 -0.004941749386489391 0.0299600251019001
-0.01662490703165531 -0.005360668525099754 0.03045113198459148
-0.01639741472899914 -0.005343948025256395 0.02955920808017254
-0.0170242078602314 -0.005461296997964382 0.02951456047594547
-0.01733811572194099 -0.005343414377421141 0.02983587235212326
-0.01696956716477871 -0.00567263038828969 0.03046493604779243
-0.01646104641258717 -0.00638729240745306 0.03096199408173561
-0.01613252982497215 -0.005705050192773342 0.03076798282563686
-0.01699821464717388 -0.006615775171667337 0.0307404100894928
-0.01716689392924309 -0.008094687946140766 0.02849284745752811
-0.0179618876427412 -0.007335227448493242 0.0282897986471653
-0.01765693910419941 -0.00732719711959362 0.02865177392959595
-0.01771700009703636 -0.005379995331168175 0.02929200045764446
-0.01808380335569382 -0.005802488885819912 0.02950317412614822
-0.01772081106901169 -0.007151649333536625 0.0301621537655592
-0.01667881943285465 -0.008637611754238605 0.03138158842921257
-0.01829004101455212 -0.004418671596795321 0.02693480625748634
-0.01845085434615612 -0.005143379326909781 0.02724617905914783
-0.01822846010327339 -0.007455605082213879 0.02772471867501736
-0.01764491014182568 -0.008811159990727901 0.02764670923352242
-0.01826780661940575 -0.005373328924179077 0.02858655713498592
-0.01756229624152184 -0.005980157759040594 0.02915148623287678
-0.01798318512737751 -0.005593072157353163 0.02891469560563564
-0.01824899949133396 -0.005411995574831963 0.02901400066912174
-0.01762865297496319 -0.008363969624042511 0.03037182614207268
-0.01825828291475773 -0.007048087194561958 0.02954312786459923
-0.01786938868463039 -0.009332944639027119 0.02993573434650898
-0.01732856407761574 -0.009030393324792385 0.03091344982385635
-0.01715470105409622 -0.008124515414237976 0.03097626380622387
-0.01880799978971481 -0.004557996056973934 0.02728700079023838
-0.01841874606907368 -0.006650992669165134 0.02734986878931522
-0.01861428469419479 -0.004823820665478706 0.02756964042782784
-0.01891114749014378 -0.005008446983993053 0.0279178824275732
-0.01849138922989368 -0.005224507302045822 0.02799282595515251
-0.01858987659215927 -0.005393709521740675 0.02885789610445499
-0.01903730072081089 -0.005816584452986717 0.0285655502229929
-0.01946183107793331 -0.006186741404235363 0.02781635709106922
-0.01916603930294514 -0.006924307905137539 0.02849707566201687
-0.01926448941230774 -0.008138153702020645 0.02814770303666592
-0.01869839988648891 -0.009193891659379005 0.02880062162876129
-0.01967656798660755 -0.006249668542295694 0.02596515044569969
-0.0198376476764679 -0.007844623178243637 0.02607547864317894
-0.01955103129148483 -0.006976896431297064 0.0276706125587225
-0.01647199131548405 -0.0100665558129549 0.027573486790061
-0.0164641160517931 -0.007590125314891338 0.02887047454714775
-0.01753146387636662 -0.01264799293130636 0.02991991676390171
-0.01685985364019871 -0.01501802820712328 0.03018435835838318
-0.01650663837790489 -0.015444191172719 0.03066512010991573
-0.01705502346158028 -0.008709218353033066 0.03125201910734177
-0.01614386402070522 -0.008726830594241619 0.03145521879196167
-0.01709417067468166 -0.01054872572422028 0.03102963976562023
-0.01646529138088226 -0.01011180505156517 0.03135784342885017
-0.01691815815865993 -0.01225869823247194 0.03111437521874905
-0.01651363633573055 -0.01166912261396646 0.03137999400496483
-0.01643523201346397 -0.01333571132272482 0.03125272691249847
-0.01837199553847313 -0.01330813951790333 0.02837949059903622
-0.01903356425464153 -0.0104414401575923 0.0279141440987587
-0.01828892342746258 -0.0179654136300087 0.02738693170249462
-0.01880746893584728 -0.01494459528476 0.02718228846788406
-0.01627255231142044 -0.01749777235090733 0.03035830706357956
-0.01622873358428478 -0.01857468299567699 0.02986906468868256
-0.01567691378295422 -0.01868258789181709 0.02996492572128773
-0.01550125237554312 -0.01587117277085781 0.03083489276468754
-0.01605285704135895 -0.01606748439371586 0.03071942552924156
-0.01601590402424335 -0.01763769239187241 0.03043704107403755
-0.01654305122792721 -0.01723418571054935 0.03012694232165813
-0.01668689958751202 -0.01860067620873451 0.029386842623353
-0.01621600054204464 -0.01496399473398924 0.03101600334048271
-0.01549861300736666 -0.01493749767541885 0.03099793195724487
-0.01732400059700012 -0.01835699565708637 0.02858800441026688
-0.01705699972808361 -0.01874199695885181 0.02862200327217579
-0.01743423379957676 -0.01676610670983791 0.02889140322804451
-0.01782065257430077 -0.01851720176637173 0.02784663066267967
-0.01813500002026558 -0.01858699694275856 0.02732900343835354
-0.01594021916389465 -0.01893222890794277 0.02970933727920055
-0.01623000018298626 -0.01907499693334103 0.0292310044169426
-0.01673899963498116 -0.01900499686598778 0.02865100279450417
-0.01663899980485439 -0.018905995413661 0.02922800369560719
-0.01764599978923798 -0.01883199624717236 0.02739100344479084
-0.01716800034046173 -0.01891999691724777 0.02805200405418873
-0.01577325724065304 -0.0066312151029706 0.03097823075950146
-0.01617939583957195 -0.007437657099217176 0.03126728534698486
-0.01549643091857433 -0.007699429523199797 0.03123346902430058
-0.01570791378617287 -0.01238863449543715 0.03117625042796135
-0.01586014591157436 -0.01153290830552578 0.03145360574126244
-0.01474117673933506 -0.009868904948234558 0.03090032376348972
-0.01526270341128111 -0.00865936279296875 0.03122902475297451
-0.01577016524970531 -0.009942199103534222 0.03132255747914314
-0.01564219780266285 -0.01358446944504976 0.03115581721067429
-0.02389802597463131 -0.0007427408127114177 0.006547791883349419
-0.02436373010277748 -0.001797309843823314 0.006390919908881187
-0.02466256357729435 -0.001646810560487211 0.006578426342457533
-0.02446014061570168 -0.004866821691393852 0.005850085522979498
-0.02499451115727425 -0.006127743981778622 0.005703593604266644
-0.02511770650744438 -0.008624411188066006 0.005336876027286053
-0.02450894936919212 -0.008544218726456165 0.005206083413213491
-0.02512933872640133 -0.004846842959523201 0.006111370865255594
-0.02119349129498005 -0.01434621959924698 0.004138477612286806
-0.02445998787879944 -0.01428286079317331 0.004244084004312754
-0.02499817870557308 -0.009504703804850578 0.005091248080134392
-0.02446193248033524 -0.01135772839188576 0.004731729626655579
-0.02514096163213253 -0.01165787503123283 0.004868900403380394
-0.0249057337641716 -0.01297428365796804 0.004503441974520683
-0.02437442354857922 -0.01533645484596491 0.004922385793179274
-0.02441442012786865 -0.01553946547210217 0.006261935923248529
-0.02428439259529114 -0.01521531213074923 0.004531089682132006
-0.02497405372560024 -0.01474659144878387 0.00439181737601757
-0.02492023631930351 -0.01522256713360548 0.004862617235630751
-0.02496399916708469 -0.01533699966967106 0.005975001957267523
-0.02228805422782898 0.001065857126377523 0.006848550867289305
-0.0216112919151783 0.001381488982588053 0.007321768905967474
-0.02100155875086784 0.000401161058107391 0.009340526536107063
-0.02100722305476665 -0.00256273802369833 0.008595067076385021
-0.02045204490423203 -0.002955117262899876 0.008837283588945866
-0.0205060001462698 -0.003826998639851809 0.009004999883472919
-0.02037334442138672 -0.003414599224925041 0.00919647142291069
-0.02043649926781654 -0.003906993195414543 0.009795036166906357
-0.02030044607818127 -0.003436498576775193 0.01031822338700294
-0.02084320411086082 -0.003991779871284962 0.01048150565475225
-0.02087435498833656 -0.003008503932505846 0.0112383933737874
-0.02199209481477737 0.0008777870680205524 0.009350131265819073
-0.0214702058583498 -0.002893752884119749 0.008509611710906029
-0.02148258686065674 -0.003934825304895639 0.008390617556869984
-0.02096458524465561 -0.004044195171445608 0.00855397991836071
-0.02152693457901478 0.0004816532309632748 0.009479274973273277
-0.02141051739454269 -0.003827368142083287 0.01101383753120899
-0.02144957706332207 -0.002828221535310149 0.01163161639124155
-0.02215463295578957 0.0006186125101521611 0.009804751724004745
-0.0221896804869175 -0.002156930742785335 0.008895170874893665
-0.02261681295931339 -0.0007930341525934637 0.009571896865963936
-0.02299820259213448 0.0009954377310350537 0.006909932941198349
-0.02255833894014359 0.001283738645724952 0.007340956944972277
-0.02277512662112713 0.0007140769739635289 0.009760885499417782
-0.02276159077882767 -0.002800935413688421 0.009097273461520672
-0.02291413769125938 -0.004056925419718027 0.009045158512890339
-0.02253177389502525 -0.004028129857033491 0.008698571473360062
-0.02303018234670162 0.0003193394222762436 0.01037883851677179
-0.02253205142915249 0.0002953578950837255 0.009959187358617783
-0.02304054610431194 -5.010229870094918e-05 0.01042890083044767
-0.02218456193804741 -0.003101360285654664 0.01140450593084097
-0.02290030755102634 -0.002768134698271751 0.01116620562970638
-0.02246998809278011 -0.002510116901248693 0.01174589432775974
-0.02223909832537174 -0.0040948954410851 0.0109845157712698
-0.02273000031709671 -0.003640998154878616 0.01098200026899576
-0.02338589355349541 0.001005309633910656 0.007316743023693562
-0.02310243062674999 0.0008706002263352275 0.008772472850978374
-0.02330423332750797 0.0005634421831928194 0.009994359686970711
-0.02316624857485294 -0.002199918031692505 0.009775961749255657
-0.02325642853975296 -0.002735357731580734 0.009762268513441086
-0.02318976819515228 -0.000757392670493573 0.01026991661638021
-0.02335204184055328 -0.002412648173049092 0.01044472772628069
-0.02338300086557865 0.000397001625970006 0.0107439998537302
-0.0234695803374052 -0.0008096443489193916 0.01080398820340633
-0.02342632226645947 -0.001720970612950623 0.01082083769142628
-0.02334508486092091 -0.003469594987109303 0.01031395141035318
-0.02341100014746189 -7.998330147529487e-06 0.01105600036680698
-0.02382639609277248 0.0003009431820828468 0.006883007939904928
-0.02387700043618679 0.0005690010730177164 0.007309999782592058
-0.02378934063017368 0.0005182573804631829 0.008522206917405128
-0.02376165241003036 0.0003111343248747289 0.0107187032699585
-0.02325939945876598 -0.00373360887169838 0.009711521677672863
-0.02395300008356571 0.0001320016599493101 0.0110060004517436
-0.02390994317829609 -0.0001737135753501207 0.01194595079869032
-0.02365168742835522 -0.0003336811205372214 0.01188042014837265
-0.02435092441737652 -0.0005072606727480888 0.006846572272479534
-0.02416954934597015 0.0001176533260149881 0.007355294190347195
-0.02402838319540024 7.021164492471144e-05 0.009296204894781113
-0.02480988018214703 -0.001478400779888034 0.007085737772285938
-0.02458756044507027 -0.001589783001691103 0.008323467336595058
-0.02471656538546085 -0.002354982541874051 0.008672719821333885
-0.02461657673120499 -0.002468181774020195 0.01011731009930372
-0.02452139742672443 -0.002134316135197878 0.01189574133604765
-0.024204071611166 -0.0003986428200732917 0.01132926251739264
-0.02466706931591034 -0.003235312877222896 0.01226958353072405
-0.02089899964630604 -0.006313998252153397 0.01071200147271156
-0.02090799994766712 -0.006467998027801514 0.01157500222325325
-0.0208006389439106 -0.004664572421461344 0.009152390994131565
-0.02090103924274445 -0.004845253191888332 0.009651144035160542
-0.02147670648992062 -0.005377326626330614 0.01091194059699774
-0.02142300084233284 -0.006045998074114323 0.01093699969351292
-0.02153325267136097 -0.006068695802241564 0.01149891875684261
-0.0219369400292635 -0.003509778762236238 0.008455919101834297
-0.02195215784013271 -0.004661602899432182 0.008511376567184925
-0.02209177613258362 -0.004952894523739815 0.01041059661656618
-0.02234725467860699 -0.005269807763397694 0.008847614750266075
-0.02283300086855888 -0.005077998153865337 0.009713999927043915
-0.022664999589324 -0.00491799833253026 0.01027700025588274
-0.02299665659666061 -0.003997142426669598 0.01057769078761339
-0.02314399927854538 -0.004370998125523329 0.009705999866127968
-0.02472720667719841 -0.01036842353641987 0.0106155825778842
-0.02441948838531971 -0.01548249833285809 0.01038316730409861
-0.02435168996453285 -0.01231374125927687 0.011806670576334
-0.02319274842739105 -0.01650914736092091 0.01235369220376015
-0.02384668961167336 -0.01576671004295349 0.007644535042345524
-0.02388490922749043 -0.01612854190170765 0.01027411408722401
-0.02429783716797829 -0.01582593657076359 0.008329457603394985
-0.02393800020217896 -0.01624899916350842 0.01099200174212456
-0.0242200642824173 -0.01590759679675102 0.01110258791595697
-0.02404151111841202 -0.01618360355496407 0.01177884824573994
-0.02452784404158592 -0.0156899057328701 0.007528503891080618
-0.02484291978180408 -0.01529858540743589 0.007071672473102808
-0.0248139351606369 -0.01512253284454346 0.007796866819262505
-0.02466399967670441 -0.01557699777185917 0.008512001484632492
-0.02432587556540966 -0.01590746827423573 0.009394083172082901
-0.02457350492477417 -0.01551878172904253 0.009430507197976112
-0.0250190868973732 -0.01174860540777445 0.008260334841907024
-0.02434499934315681 -0.01599599979817867 0.01036700140684843
-0.02412396855652332 -0.01557235233485699 0.01184925716370344
-0.02078277431428432 -0.001722384360618889 0.01615982688963413
-0.02128908410668373 -0.002878260798752308 0.01187786553055048
-0.02155193686485291 -0.003992734011262655 0.01475116144865751
-0.02110176719725132 -0.002188150538131595 0.01572120003402233
-0.02087439969182014 -0.003977563232183456 0.01468543335795403
-0.02225680463016033 -0.002572963247075677 0.01231019571423531
-0.02231172099709511 -0.003277561627328396 0.01246170792728662
-0.02207218855619431 -0.002249230165034533 0.01563397981226444
-0.02207045070827007 -0.001985589042305946 0.01609495840966702
-0.02252000011503696 -0.002278998028486967 0.01225099992007017
-0.02275983802974224 -0.002512562088668346 0.01295668724924326
-0.02266261540353298 -0.003558763302862644 0.01301682740449905
-0.0223229993134737 -0.003639997681602836 0.01473200041800737
-0.02272836118936539 -0.003524604020640254 0.01412697415798903
-0.02275777608156204 -0.002753125503659248 0.01480074413120747
-0.02213257551193237 -0.004272970370948315 0.01410686876624823
-0.02219715714454651 -0.002980063203722239 0.01519148517400026
-0.02271329611539841 -0.002137385308742523 0.01531976368278265
-0.02265500091016293 -0.002147997729480267 0.01602399908006191
-0.02227260358631611 -0.00241215224377811 0.01684619672596455
-0.02322184480726719 -0.002015801146626472 0.01139532867819071
-0.02329096384346485 -0.00126337178517133 0.01224117912352085
-0.02305729873478413 -0.001258975360542536 0.01295347232371569
-0.02287100069224834 -0.001889998093247414 0.01287900004535913
-0.02322881110012531 -0.001520678866654634 0.01412235852330923
-0.0229464415460825 -0.002838696353137493 0.01357610244303942
-0.02324399910867214 -0.001038997899740934 0.01347799971699715
-0.02339700050652027 -0.001139997853897512 0.01403400022536516
-0.02338255941867828 -0.001469226786866784 0.01478455308824778
-0.02311786636710167 -0.002075335010886192 0.01453342381864786
-0.02318386174738407 -0.002192910527810454 0.01545234490185976
-0.02286028861999512 -0.002834624378010631 0.01621581427752972
-0.02296474017202854 -0.003566921455785632 0.01645703800022602
-0.02356399968266487 -0.0006289981538429856 0.01220299955457449
-0.0239967554807663 -0.0005184203619137406 0.01230318285524845
-0.02352599985897541 -0.0007479980122298002 0.01286699995398521
-0.02377473562955856 -0.0009886397747322917 0.01374609582126141
-0.02352669835090637 -0.0008990703499875963 0.01371573004871607
-0.02379852347075939 -0.001387305441312492 0.01429966930299997
-0.02375508099794388 -0.002031528623774648 0.01486294623464346
-0.02352247200906277 -0.003493192605674267 0.01553374622017145
-0.02409923449158669 -0.001569160376675427 0.01367041375488043
-0.02448307722806931 -0.002746567595750093 0.01333135552704334
-0.02438103780150414 -0.003398794680833817 0.01405744999647141
-0.02410711906850338 -0.003312817774713039 0.014628148637712
-0.02099242433905602 -0.006105008535087109 0.0121495733037591
-0.02076662704348564 -0.006616368889808655 0.01597238518297672
-0.02081600017845631 -0.007467997260391712 0.01582900062203407
-0.02021922916173935 -0.00773212406784296 0.01598549634218216
-0.02071000076830387 -0.008192998357117176 0.01583199948072433
-0.02017212100327015 -0.008470066823065281 0.01648932136595249
-0.02180499956011772 -0.004947998095303774 0.01149700023233891
-0.02163299918174744 -0.00568799814209342 0.01227500010281801
-0.02152481488883495 -0.005373499356210232 0.01291639544069767
-0.0215268824249506 -0.004785057157278061 0.01378983166068792
-0.02168011292815208 -0.006960268598049879 0.01611737720668316
-0.02144177071750164 -0.007995346561074257 0.01582021452486515
-0.02147999964654446 -0.00873399805277586 0.01594500057399273
-0.02091499976813793 -0.008710998110473156 0.01596299931406975
-0.02079899981617928 -0.008962998166680336 0.01655199937522411
-0.02204194478690624 -0.004329426679760218 0.01192981749773026
-0.02209919691085815 -0.005007580853998661 0.01223060116171837
-0.0221209991723299 -0.004899998195469379 0.01289799995720387
-0.02205067314207554 -0.004700694233179092 0.01346596423536539
-0.02203547209501266 -0.008541732095181942 0.01603852212429047
-0.02240199968218803 -0.004368998110294342 0.01287699956446886
-0.02267071790993214 -0.00386168691329658 0.0136436065658927
-0.02234453707933426 -0.006922442931681871 0.01661606132984161
-0.02355087921023369 -0.004754873923957348 0.01562595553696156
-0.02282332070171833 -0.003767644288018346 0.01709206588566303
-0.02331847138702869 -0.005989945027977228 0.01638089120388031
-0.0237894169986248 -0.007171776611357927 0.01507840305566788
-0.02348076738417149 -0.008337667211890221 0.01591812632977962
-0.02424583211541176 -0.005591398570686579 0.01419750601053238
-0.02455149963498116 -0.007321203127503395 0.01291620545089245
-0.02478941529989243 -0.005395026411861181 0.01216356549412012
-0.02474333718419075 -0.007753117475658655 0.01174783986061811
-0.02456198818981647 -0.00573518592864275 0.01326991803944111
-0.0246084276586771 -0.003769546747207642 0.01321594603359699
-0.02147199958562851 -0.009262998588383198 0.01660200022161007
-0.02230500057339668 -0.008924998342990875 0.01657300069928169
-0.02366818115115166 -0.0101209431886673 0.01502361614257097
-0.02294011414051056 -0.01104711275547743 0.0176853109151125
-0.02394603937864304 -0.0118353795260191 0.01359180174767971
-0.02304700016975403 -0.01660499535501003 0.01542400196194649
-0.02277399972081184 -0.01695899665355682 0.01606200449168682
-0.02327608875930309 -0.01609802432358265 0.01499219425022602
-0.02253168821334839 -0.01670127362012863 0.01744070090353489
-0.02196225523948669 -0.01724616251885891 0.01710190810263157
-0.02237600088119507 -0.01711699552834034 0.01667800359427929
-0.02355300076305866 -0.01644900068640709 0.01228600181639194
-0.0236159935593605 -0.01645112968981266 0.01326363068073988
-0.02378591522574425 -0.01606407761573792 0.01307450141757727
-0.02319983020424843 -0.01673086732625961 0.01452483981847763
-0.02081741020083427 -0.001700145774520934 0.01725461333990097
-0.02083499915897846 -0.001837997231632471 0.01799399964511395
-0.02098868042230606 -0.002471888205036521 0.01804300583899021
-0.02128699235618114 -0.003954481333494186 0.01749389991164207
-0.02146471291780472 -0.001843545120209455 0.01681535318493843
-0.02145499922335148 -0.001873997156508267 0.01791200041770935
-0.02148300036787987 -0.002011997159570456 0.0185100007802248
-0.02114599943161011 -0.002146997256204486 0.01824500039219856
-0.02166572958230972 -0.002498927526175976 0.01877910085022449
-0.02188959531486034 -0.002093405462801456 0.01762880757451057
-0.02194900065660477 -0.00205599726177752 0.01848299987614155
-0.02198014967143536 -0.002127871382981539 0.0190637893974781
-0.02168899960815907 -0.002196997171267867 0.01882000081241131
-0.0220300480723381 -0.00313573214225471 0.01923619583249092
-0.02183924429118633 -0.003470998024567962 0.02067268826067448
-0.02198999933898449 -0.003102996852248907 0.02039499953389168
-0.02207699976861477 -0.003175996709614992 0.0210609994828701
-0.02170292288064957 -0.003383599454537034 0.02116139233112335
-0.02213600091636181 -0.003300996730104089 0.02171600051224232
-0.02224056608974934 -0.002502497518435121 0.0179934911429882
-0.02230656892061234 -0.002574606565758586 0.01881787925958633
-0.0224143099039793 -0.002911169547587633 0.02005092427134514
-0.02217763662338257 -0.002816714579239488 0.02009457349777222
-0.02206964604556561 -0.003251672489568591 0.01982029899954796
-0.0220483411103487 -0.00409281300380826 0.01983914338052273
-0.02248598076403141 -0.003223150502890348 0.02034934423863888
-0.02238017879426479 -0.003439559368416667 0.02121521532535553
-0.0227532647550106 -0.0041165123693645 0.01792941056191921
-0.0213471706956625 -0.005567591171711683 0.01652419753372669
-0.020371338352561 -0.008559897541999817 0.01710070669651031
-0.02129346132278442 -0.009069512598216534 0.01731600053608418
-0.02088477090001106 -0.007538569625467062 0.01842432655394077
-0.02094399929046631 -0.006789997220039368 0.01909000054001808
-0.02069364301860332 -0.00660725450143218 0.01940277963876724
-0.02070086449384689 -0.006526078563183546 0.0196731723845005
-0.02048589289188385 -0.006907929200679064 0.01959758810698986
-0.02183551527559757 -0.005903960205614567 0.01941518671810627
-0.02132200077176094 -0.006025996990501881 0.01981399953365326
-0.02161428332328796 -0.006819615140557289 0.01901155710220337
-0.02142917923629284 -0.005818778183311224 0.02034537866711617
-0.02127827145159245 -0.006304271519184113 0.02041714079678059
-0.02135055139660835 -0.00689585879445076 0.02063348889350891
-0.02147807367146015 -0.007942624390125275 0.02040491811931133
-0.02128622867166996 -0.007981555536389351 0.02170716039836407
-0.02140397764742374 -0.009127936325967312 0.02115645632147789
-0.02161114662885666 -0.008471084758639336 0.02100188285112381
-0.02078341878950596 -0.007978510111570358 0.02215761505067348
-0.02078220807015896 -0.009149857796728611 0.02157878875732422
-0.02200643345713615 -0.005750689189881086 0.01688336208462715
-0.02166356518864632 -0.003694350132718682 0.01801007799804211
-0.02152643352746964 -0.007741558365523815 0.01838734373450279
-0.02237199991941452 -0.00763899739831686 0.01814300008118153
-0.02207235805690289 -0.007255538366734982 0.0185861699283123
-0.02143403328955173 -0.008507934398949146 0.01786726526916027
-0.02209524624049664 -0.008554210886359215 0.01782681979238987
-0.02218034118413925 -0.005407909397035837 0.01923010684549809
-0.02170714549720287 -0.00534340925514698 0.01999638602137566
-0.02159823291003704 -0.004911412019282579 0.02064354531466961
-0.02143388614058495 -0.006036589853465557 0.02110026590526104
-0.02133836224675179 -0.006147416308522224 0.0219781007617712
-0.02239284105598927 -0.00597247714176774 0.01724989525973797
-0.02260983176529408 -0.006574514787644148 0.01724566705524921
-0.02234330773353577 -0.005239030346274376 0.01784524507820606
-0.02265891246497631 -0.006429472006857395 0.01789561286568642
-0.02227799966931343 -0.008927998133003712 0.01730900071561337
-0.02208395302295685 -0.004053093958646059 0.01848298124969006
-0.02240700088441372 -0.005573997274041176 0.01858000084757805
-0.02269736677408218 -0.007276339456439018 0.01801560632884502
-0.0221931878477335 -0.00613335520029068 0.01899660937488079
-0.02223113365471363 -0.004387288354337215 0.01900012418627739
-0.02305238135159016 -0.006155348382890224 0.01759514026343822
-0.02267669141292572 -0.006427640095353127 0.02028884552419186
-0.02276363410055637 -0.004725678358227015 0.01892796158790588
-0.02266211062669754 -0.004354317672550678 0.02022094838321209
-0.0225367546081543 -0.004515117965638638 0.02131099253892899
-0.02242595888674259 -0.006435816641896963 0.02128440700471401
-0.02250823564827442 -0.009720086120069027 0.01978904008865356
-0.02281802147626877 -0.008354923687875271 0.01901576295495033
-0.02084599994122982 -0.009780996479094028 0.01853900030255318
-0.02128731459379196 -0.01002459041774273 0.01900514401495457
-0.02088100090622902 -0.0105969961732626 0.01884300075471401
-0.02084900066256523 -0.01073099672794342 0.0196090005338192
-0.02099299989640713 -0.0104179959744215 0.01987800002098083
-0.02091977372765541 -0.009880450554192066 0.0208159051835537
-0.02137494273483753 -0.009073736146092415 0.01949581131339073
-0.02153700031340122 -0.00943299662321806 0.02054299972951412
-0.02161210216581821 -0.008876864798367023 0.02023985423147678
-0.021522032096982 -0.009954172186553478 0.02019706554710865
-0.02169894613325596 -0.01258818712085485 0.02105584926903248
-0.02164993435144424 -0.0107537554576993 0.02168364264070988
-0.02137871645390987 -0.01760892570018768 0.01964040845632553
-0.02100761421024799 -0.01772090792655945 0.02018327079713345
-0.02069579623639584 -0.01787581667304039 0.02152962051331997
-0.02112905867397785 -0.01771354489028454 0.02076597511768341
-0.02124765142798424 -0.01727396622300148 0.02119170129299164
-0.02098700031638145 -0.01758099719882011 0.02173900417983532
-0.02190284058451653 -0.0173176471143961 0.01888270862400532
-0.02150737121701241 -0.01737590320408344 0.02045511640608311
-0.02169488742947578 -0.01720958575606346 0.01994370669126511
-0.02234164625406265 -0.01708477362990379 0.01764993742108345
-0.02202346734702587 -0.0167546235024929 0.01909548602998257
-0.02267313376069069 -0.012456264346838 0.01824562065303326
-0.02158378623425961 -0.003328229300677776 0.02210702002048492
-0.02187304757535458 -0.003440553322434425 0.0225939080119133
-0.02143302373588085 -0.003829128807410598 0.02232839912176132
-0.02154053188860416 -0.003429953241720796 0.02269977144896984
-0.02182910963892937 -0.004008046351373196 0.02296182699501514
-0.02223605662584305 -0.004038319922983646 0.02215224504470825
-0.02064573019742966 -0.004753370303660631 0.02344358712434769
-0.02086166478693485 -0.006114366464316845 0.02274678647518158
-0.02079500071704388 -0.004087996203452349 0.02350600063800812
-0.02101299911737442 -0.004045541863888502 0.02389022707939148
-0.02062501572072506 -0.004540563561022282 0.02430009283125401
-0.02033535577356815 -0.005915792658925056 0.02460258267819881
-0.02020133286714554 -0.01014834456145763 0.02490497753024101
-0.01996267586946487 -0.009209822863340378 0.0256052203476429
-0.0200335755944252 -0.007585630752146244 0.02510337717831135
-0.01989582739770412 -0.006338969338685274 0.02522882632911205
-0.02130382880568504 -0.006980456411838531 0.02194464020431042
-0.0212172344326973 -0.004167319741100073 0.02294362522661686
-0.02118317037820816 -0.005561506375670433 0.02257632277905941
-0.02103490941226482 -0.004835727624595165 0.0230898093432188
-0.02133099921047688 -0.004028996452689171 0.02342800050973892
-0.02092403545975685 -0.008983829990029335 0.02345691062510014
-0.02056154608726501 -0.009466424584388733 0.02407048456370831
-0.02125883847475052 -0.004519097972661257 0.02375379391014576
-0.02131755091249943 -0.005240248050540686 0.02365448139607906
-0.02143253944814205 -0.009088455699384212 0.02256408892571926
-0.02092831023037434 -0.006898892112076283 0.02377782016992569
-0.02206867001950741 -0.007006449159234762 0.02202727645635605
-0.02207422256469727 -0.004999834578484297 0.02260789275169373
-0.02096940763294697 -0.01218497939407825 0.02284174785017967
-0.02013299986720085 -0.01813799701631069 0.02300100401043892
-0.02046100050210953 -0.01773799583315849 0.0229750033468008
-0.02077445015311241 -0.01736502349376678 0.02237989008426666
-0.02064999938011169 -0.01791699603199959 0.02237700298428535
-0.02504425868391991 -0.002615114906802773 0.006777271162718534
-0.02540344372391701 -0.006637762766331434 0.005981093738228083
-0.02543209865689278 -0.006676933262497187 0.006295617204159498
-0.02533652819693089 -0.005122377071529627 0.006602732464671135
-0.0254024937748909 -0.00889953225851059 0.005700716748833656
-0.0254643838852644 -0.009306649677455425 0.006069246213883162
-0.02522646263241768 -0.0147851062938571 0.004758078139275312
-0.02527491189539433 -0.01273587811738253 0.004805070348083973
-0.02545187994837761 -0.01078897994011641 0.005484917666763067
-0.02536403201520443 -0.009968037717044353 0.005303983110934496
-0.02537638694047928 -0.01272081304341555 0.005408255849033594
-0.02529527433216572 -0.01396390330046415 0.005627722479403019
-0.025332847610116 -0.01142575312405825 0.006695130839943886
-0.02509505860507488 -0.01487795636057854 0.006052627228200436
-0.02509733662009239 -0.003242152277380228 0.007223146967589855
-0.02520958706736565 -0.006052318960428238 0.008001052774488926
-0.02536099962890148 -0.009030049666762352 0.007128519937396049
-0.02488578855991364 -0.004635263234376907 0.009704717434942722
-0.02496305294334888 -0.007056690752506256 0.009752771817147732
-0.01502969954162836 -0.003830429865047336 0.01353743579238653
-0.01659803278744221 -0.01532494463026524 0.004827947355806828
-0.01885900087654591 -0.005042998120188713 0.01081600040197372
-0.01887072250247002 -0.01608386822044849 0.009316503070294857
-0.01707221381366253 -0.01709483563899994 0.01544504147022963
-0.01714210212230682 -0.006842945236712694 0.02162813954055309
-0.01879663206636906 -0.008416147902607918 0.02175944484770298
-0.01705733872950077 -0.007158197928220034 0.0289971400052309
-0.01714190095663071 -0.00921796727925539 0.02781948819756508
-0.02201822400093079 -0.01395777892321348 0.01983626186847687
3 1 0 81
1088
1089
1090
1091
1092
1093
1094
1095
1096
1097
1098
1099
1100
1101
1102
1103
1104
1105
1106
1107
1108
1109
1110
1111
1112
1113
1114
1115
1116
1117
1118
1119
1120
1121
1122
1123
1124
1125
1126
1127
1128
1129
1130
1131
1132
1133
1134
1135
1136
1137
1138
1139
1140
1141
1142
1143
1144
1145
1146
1147
1148
1149
1150
1151
1152
1153
1154
1155
1156
1157
1158
1159
1160
1161
1162
1163
1164
1165
1166
1167
1168
-0.0208222527041158 -0.009868590318433143 0.01275312021635107
-0.01940960490699454 -0.01235794949542468 0.01515686410921282
-0.01838280389576385 -0.008187499339922176 0.007776423789984313
-0.01724443100848664 -0.009682251539755911 0.01596951947727163
-0.01557149603819667 -0.01603400262681424 0.02096072155036185
-0.01729840782586014 -0.01343747438827927 0.01997101775428869
-0.01412578076185492 -0.01698800541960737 0.02511798772059723
-0.01821450092787474 -0.004138766915221181 0.008674708754460136
-0.0191237271306744 -0.008735389854468593 0.010711454988081
-0.01490090029067548 -0.009501345055612212 0.02094196793083387
-0.01911289661582736 -0.01411332924598646 0.01795515815683109
-0.0199993595431005 -0.01515840776869072 0.01437467600522935
-0.01181644497859644 -0.01541260848394694 0.02527333441564126
-0.01820505831679343 -0.007886194883260427 0.01391148012832397
-0.02148757394084869 -0.007272925902308867 0.01383707034671667
-0.01932783054145117 -0.00930740611174161 0.01483837392234792
-0.02108528671181912 -0.01067131240237078 0.01492183259174638
-0.01422053824581796 -0.01512159580050992 0.02784360436687036
-0.0225864102406818 -0.008281909337439244 0.0100084764681999
-0.01730381402640929 -0.007373983880545065 0.0158442175279856
-0.0143590030175153 -0.01260621488756153 0.02034962276967093
-0.0228479559682775 -0.006414339605928051 0.01324300433705435
-0.0231549591392901 -0.006551950059628588 0.0108689762183413
-0.01562489932317657 -0.0089528088427442 0.01865406337303901
-0.0211494725671819 -0.008694629762314566 0.01441076425266839
-0.01966419585437839 -0.01071317788486402 0.0164514616230929
-0.0209820459084498 -0.01123788841193912 0.01731457994202812
-0.02128806583396694 -0.01236950989996228 0.006914008475363964
-0.01760976845098206 -0.01113411834313281 0.01256200085658135
-0.01665882761075008 -0.007663169180875284 0.0112291745330413
-0.01520306337840601 -0.01400438646693051 0.0171962331584403
-0.02034136570488896 -0.007195258286336519 0.009282948308690177
-0.01673057172015961 -0.01055935833974603 0.02015195686976901
-0.01753472504184373 -0.006634024645551822 0.009487140236236435
-0.01310097427589382 -0.01412575288695772 0.02277063993976464
-0.01320134314332445 -0.01354004711011537 0.02622704570743241
-0.01820221276298092 -0.001661820241520174 0.008336627527204446
-0.01718057239940677 -0.01026763954898609 0.01797446406277024
-0.0175637652019127 -0.01602925293391557 0.0222337139523388
-0.01750840124935986 -0.01607447349613085 0.024603159934762
-0.01796852376571732 -0.01376392461113729 0.02623074488824836
-0.017034464994659 -0.01383090892808666 0.01389936629583963
-0.01856239866027524 -0.008955446630114909 0.01676954492194248
-0.02069868641236725 -0.008028645209578222 0.01085340488228705
-0.01259691947678207 -0.01275687343384292 0.02458502665232343
-0.02048500536072869 -0.007720714597313372 0.01257487899557636
-0.01287254921192358 -0.01099677306778761 0.02755817925925558
-0.02119155725459327 -0.01114208572071702 0.01031862920034281
-0.01767800727600736 -0.01040566760198179 0.02251310362341061
-0.01825238423370298 -0.01284111518641938 0.02210665433791936
-0.01939885741489275 -0.004957192934613218 0.009386211630452225
-0.02250157946473353 -0.005686774680316226 0.01453483949994645
-0.01359527284886707 -0.01397190873508462 0.02456843189244973
-0.0178501010502563 -0.002621431188640935 0.00970442431764746
-0.01989472130869048 -0.007062399102546303 0.01443938806631574
-0.01823633122012148 -0.005810493024350242 0.01478466530541494
-0.01505325370622581 -0.006759781440588315 0.02261151495658004
-0.01444879484720562 -0.01547121577587135 0.02509049585597505
-0.01894908984841222 -0.007501118722540874 0.01204358627703879
-0.0128591237602871 -0.01170979514824097 0.02298783943235164
-0.02171929844114483 -0.0004360399916122412 0.007975171269217146
-0.01626134858609855 -0.006296026587192184 0.01732381776622342
-0.02220208046869848 -0.007733999134300581 0.01191048044775252
-0.01893611606268466 -0.007998422475851839 0.01534673532349034
-0.0177423039992169 -0.007119394309200688 0.02392860677262133
-0.02003219835383323 -0.005198537223145482 0.007745057958041287
-0.02182523661444833 -0.00696060147155474 0.006850347168296762
-0.01487957142990738 -0.007469129844140715 0.01996088601400265
-0.01780006188220199 -0.01242058170065109 0.009053541224231345
-0.01923495767721492 -0.0115286604809231 0.02089703446912618
-0.02302015699175718 -0.004909002485263475 0.01144106194968024
-0.01618129127556862 -0.01723701103461218 0.02697541211113584
-0.01710845230032619 -0.01360473882011286 0.0278703541822147
-0.02042485423257948 -0.002733258010048846 0.007231958155296437
-0.01740889907941328 -0.006122458801448442 0.01333477577208289
-0.0163836126281446 -0.01542369476955657 0.02701394321588663
-0.0160468818617165 -0.00919461061840109 0.02985401362070826
-0.01531554141470719 -0.01719404496432394 0.02853252926178019
-0.02327422936458577 -0.00514813326438943 0.01345117211341501
-0.01145009059181804 -0.01702579035525715 0.02600340791993385
-0.02353274273112973 -0.002857538016852908 0.01214757490197413
$EndNodes
$Elements
1 3655 2171 5825
3 1 4 3655
2171 998 1012 999 968 
2172 525 524 526 522 
2173 560 564 565 554 
2174 909 886 908 1104 
2175 893 1102 885 1112 
2176 445 439 466 1143 
2177 966 1032 1041 1052 
2178 445 367 439 1143 
2179 848 837 932 927 
2180 473 462 474 1097 
2181 671 672 648 669 
2182 408 395 410 1162 
2183 34 1077 806 805 
2184 272 260 254 269 
2185 588 574 587 1163 
2186 1046 1036 559 1051 
2187 396 367 445 1143 
2188 1013 1021 1014 1098 
2189 335 342 318 336 
2190 1098 1091 1125 1129 
2191 1093 1120 1108 1125 
2192 478 489 477 480 
2193 805 809 1076 806 
2194 395 1143 410 1162 
2195 808 764 775 1168 
2196 396 370 367 387 
2197 389 396 387 370 
2198 755 1074 756 805 
2199 591 589 590 1160 
2200 202 201 185 1097 
2201 477 470 488 1107 
2202 505 1113 504 1125 
2203 505 512 511 1098 
2204 510 888 952 1113 
2205 416 883 415 1139 
2206 574 1105 575 1163 
2207 307 297 308 298 
2208 329 326 327 1141 
2209 512 1003 1024 1004 
2210 511 510 505 1113 
2211 764 808 1158 1168 
2212 489 488 477 470 
2213 1091 1098 1089 1129 
2214 462 1083 187 1144 
2215 358 359 357 1131 
2216 507 513 512 1098 
2217 1078 1143 1107 1149 
2218 1012 968 1050 967 
2219 888 879 952 1113 
2220 439 1143 109 1149 
2221 1012 968 967 999 
2222 720 1068 1063 715 
2223 1118 1125 1091 1129 
2224 1089 1104 1088 1135 
2225 133 129 101 1092 
2226 109 439 367 1143 
2227 101 515 133 1092 
2228 408 394 395 1162 
2229 1021 1024 1087 1098 
2230 201 1097 462 1144 
2231 462 475 530 1083 
2232 574 601 209 1105 
2233 506 505 504 1125 
2234 914 913 915 1099 
2235 220 219 222 1094 
2236 462 473 460 1097 
2237 78 69 79 72 
2238 589 587 590 1160 
2239 474 1097 462 1136 
2240 807 808 809 1158 
2241 893 900 885 1102 
2242 397 396 370 445 
2243 577 580 538 1136 
2244 918 914 916 1099 
2245 968 982 1052 1041 
2246 329 351 1080 1121 
2247 1083 462 461 1144 
2248 884 876 885 1102 
2249 842 895 844 1166 
2250 910 1112 1088 1150 
2251 460 472 465 1111 
2252 911 987 32 1000 
2253 775 761 771 1168 
2254 1089 1116 1129 1156 
2255 480 489 477 470 
2256 222 219 124 1094 
2257 1037 1039 1038 540 
2258 885 876 878 1112 
2259 330 329 327 1141 
2260 1097 1111 1108 1120 
2261 474 462 475 1136 
2262 149 223 182 183 
2263 474 473 1097 1120 
2264 805 809 755 1076 
2265 882 415 883 1139 
2266 877 879 878 1151 
2267 900 1102 893 1112 
2268 1098 1125 1118 1129 
2269 878 879 887 1103 
2270 193 194 119 185 
2271 351 58 408 1117 
2272 396 370 445 367 
2273 355 351 409 1117 
2274 554 565 560 539 
2275 119 193 185 1097 
2276 517 1014 1015 1126 
2277 1088 1116 1089 1135 
2278 796 800 795 1150 
2279 885 900 884 1102 
2280 861 845 848 926 
2281 475 462 530 1136 
2282 274 273 275 1154 
2283 993 994 990 986 
2284 525 536 531 523 
2285 505 1098 511 1113 
2286 257 713 275 1154 
2287 471 458 465 1111 
2288 683 689 9 1105 
2289 568 570 1093 1108 
2290 654 639 656 651 
2291 795 800 34 1106 
2292 453 456 116 1144 
2293 202 185 193 1097 
2294 439 440 467 1149 
2295 512 506 507 1098 
2296 926 836 845 848 
2297 270 264 268 271 
2298 195 200 194 1147 
2299 1089 1103 1088 1104 
2300 76 74 66 77 
2301 457 456 453 1144 
2302 885 1102 876 1112 
2303 462 460 461 1155 
2304 453 108 116 456 
2305 366 367 396 1143 
2306 734 735 744 1153 
2307 470 1107 1111 1130 
2308 1021 1013 1023 1098 
2309 465 458 459 1155 
2310 535 560 546 1152 
2311 742 743 802 1161 
2312 366 109 367 1143 
2313 1091 1113 1098 1125 
2314 395 396 410 1143 
2315 990 994 991 986 
2316 1089 1104 1024 1114 
2317 1088 1101 1116 1146 
2318 483 506 504 1125 
2319 415 874 414 1102 
2320 806 1077 34 1110 
2321 1083 530 462 187 
2322 882 1102 415 1139 
2323 1096 1135 1090 1156 
2324 486 1107 487 1151 
2325 505 506 512 1098 
2326 351 408 409 1117 
2327 756 749 711 754 
2328 761 775 764 1168 
2329 415 882 874 1102 
2330 602 584 583 1128 
2331 415 1102 875 1139 
2332 208 204 205 1122 
2333 845 848 860 861 
2334 887 888 1104 1113 
2335 1080 351 354 1121 
2336 912 1104 1089 1135 
2337 507 513 1098 1157 
2338 387 396 366 367 
2339 358 1121 355 1146 
2340 387 395 82 396 
2341 1089 1135 1116 1156 
2342 459 1149 454 1155 
2343 1089 1098 1091 1113 
2344 415 1102 414 1142 
2345 61 1101 1091 1107 
2346 875 1102 415 1142 
2347 414 1133 412 1142 
2348 975 961 965 973 
2349 876 878 1112 1142 
2350 470 488 1107 1130 
2351 84 1091 1118 1125 
2352 119 193 1097 1147 
2353 595 664 666 591 
2354 861 841 845 831 
2355 395 1078 1143 1162 
2356 877 878 1142 1151 
2357 571 1092 570 1108 
2358 194 193 119 1147 
2359 25 590 576 575 
2360 395 394 1078 1162 
2361 667 709 689 1105 
2362 894 840 889 1158 
2363 588 601 574 1163 
2364 409 411 412 1146 
2365 353 358 1119 1121 
2366 194 119 195 1147 
2367 494 504 505 1113 
2368 84 85 1111 1125 
2369 445 400 396 1143 
2370 495 1142 416 1143 
2371 878 1103 887 1112 
2372 1096 1117 67 1121 
2373 416 415 875 1139 
2374 749 756 711 802 
2375 1088 1103 1089 1116 
2376 708 706 705 1164 
2377 503 1120 506 1125 
2378 807 806 1076 809 
2379 1101 1117 1116 1146 
2380 416 831 883 1139 
2381 462 187 201 1144 
2382 575 590 587 1160 
2383 1088 1101 1103 1116 
2384 567 1108 568 1120 
2385 487 1107 488 1130 
2386 504 1125 1113 1130 
2387 581 1037 580 1136 
2388 496 487 488 1130 
2389 447 392 444 445 
2390 1088 910 1104 1112 
2391 418 422 423 1099 
2392 1088 1133 1112 1142 
2393 67 1096 1090 1156 
2394 257 275 273 1154 
2395 415 416 875 1142 
2396 909 908 987 911 
2397 876 877 878 1142 
2398 462 1097 460 1155 
2399 187 530 462 1136 
2400 313 335 318 336 
2401 764 889 835 1158 
2402 16 709 25 1105 
2403 439 445 443 370 
2404 1091 1116 88 1129 
2405 1089 1129 422 1156 
2406 565 1040 560 1152 
2407 1091 1111 1107 1130 
2408 882 892 891 1109 
2409 506 1098 505 1125 
2410 590 664 666 576 
2411 844 831 841 1139 
2412 512 1003 511 1114 
2413 713 802 743 1161 
2414 456 1144 461 1155 
2415 891 894 890 1166 
2416 840 1158 907 1168 
2417 568 1108 1093 1120 
2418 683 667 689 1105 
2419 1093 1118 1098 1125 
2420 336 318 313 1124 
2421 455 459 454 1155 
2422 505 1098 1113 1125 
2423 1021 1023 1024 1098 
2424 204 569 199 1108 
2425 771 761 849 1168 
2426 116 158 453 1144 
2427 474 1120 1097 1136 
2428 1101 1133 1088 1142 
2429 572 571 208 1122 
2430 601 209 1105 1145 
2431 453 432 108 456 
2432 1103 1112 878 1142 
2433 1091 1103 1101 1116 
2434 903 1102 900 1112 
2435 285 274 721 1115 
2436 370 367 387 369 
2437 84 1111 1091 1125 
2438 445 447 404 400 
2439 531 146 188 520 
2440 815 817 828 818 
2441 445 439 367 370 
2442 803 743 713 802 
2443 989 995 993 994 
2444 571 1108 569 1122 
2445 445 447 400 476 
2446 423 420 418 1099 
2447 194 200 193 1147 
2448 903 1102 1112 1150 
2449 506 1120 1093 1125 
2450 16 689 709 1105 
2451 1089 1116 1091 1129 
2452 515 1098 1014 1126 
2453 1088 1112 1103 1142 
2454 590 666 664 591 
2455 1001 1003 1002 1114 
2456 421 1118 1082 1129 
2457 963 957 961 960 
2458 1091 1103 1089 1113 
2459 81 1107 1091 1111 
2460 472 483 482 1125 
2461 879 952 1113 1130 
2462 453 116 108 158 
2463 416 1142 413 1143 
2464 422 1099 1089 1135 
2465 414 1102 1133 1142 
2466 466 486 485 1143 
2467 416 415 413 1142 
2468 755 769 790 781 
2469 60 1101 1107 1162 
2470 201 174 1097 1144 
2471 1076 806 807 1110 
2472 412 1142 1133 1146 
2473 523 531 525 522 
2474 1103 1142 878 1151 
2475 567 568 577 1120 
2476 276 267 271 277 
2477 422 418 79 1129 
2478 286 73 288 287 
2479 764 1158 835 1168 
2480 1089 422 1135 1156 
2481 393 327 325 1141 
2482 68 1096 1116 1117 
2483 16 1105 25 1123 
2484 1091 1101 61 1116 
2485 572 1122 1140 1145 
2486 465 1111 458 1155 
2487 414 1102 874 1133 
2488 397 396 445 404 
2489 1013 1014 515 1098 
2490 1082 1118 102 1129 
2491 489 481 488 470 
2492 1088 1116 1096 1146 
2493 755 756 1073 754 
2494 1091 88 1118 1129 
2495 800 796 801 1150 
2496 894 895 840 1166 
2497 1090 1096 67 1121 
2498 909 910 893 886 
2499 756 711 1073 754 
2500 916 1089 1024 1098 
2501 709 1105 667 1160 
2502 879 1103 878 1151 
2503 365 388 387 369 
2504 503 506 483 1125 
2505 582 583 615 1137 
2506 861 498 951 831 
2507 602 601 588 1163 
2508 353 1119 30 1138 
2509 831 861 841 897 
2510 884 1102 900 1139 
2511 1084 540 1047 1136 
2512 439 443 380 370 
2513 1089 1099 422 1129 
2514 368 388 365 369 
2515 475 530 1083 1152 
2516 401 495 416 1143 
2517 358 359 1131 1146 
2518 568 1120 1093 1137 
2519 413 414 412 1142 
2520 888 1113 510 1114 
2521 85 1108 1097 1111 
2522 413 1142 412 1146 
2523 361 360 288 1156 
2524 68 1096 67 1116 
2525 887 1104 886 1112 
2526 582 578 583 1137 
2527 59 351 329 1121 
2528 917 918 916 1099 
2529 416 951 831 1139 
2530 329 59 330 351 
2531 1101 1088 1103 1142 
2532 1084 1136 475 1152 
2533 208 569 204 1122 
2534 1089 1103 1091 1116 
2535 735 734 736 1095 
2536 337 322 338 1141 
2537 183 197 196 1134 
2538 460 1111 465 1155 
2539 1078 394 395 385 
2540 876 1112 1102 1142 
2541 221 222 250 1094 
2542 514 513 1012 1006 
2543 799 801 880 1158 
2544 529 524 525 522 
2545 389 396 370 397 
2546 88 84 61 1091 
2547 921 912 915 1089 
2548 1024 1098 1089 1114 
2549 564 560 535 554 
2550 1089 1098 916 1099 
2551 1076 808 775 794 
2552 893 885 886 1112 
2553 1076 807 809 1158 
2554 201 174 185 1097 
2555 1088 1133 1101 1146 
2556 470 1111 1107 1149 
2557 213 25 576 575 
2558 704 666 25 709 
2559 828 815 811 1135 
2560 1078 1107 60 1149 
2561 512 511 1098 1114 
2562 59 330 351 394 
2563 828 817 815 813 
2564 486 1143 1107 1151 
2565 84 1118 87 1125 
2566 459 458 1149 1155 
2567 879 1113 1103 1130 
2568 68 67 1096 1117 
2569 417 102 418 1129 
2570 1100 1122 1094 1145 
2571 1097 1111 460 1155 
2572 861 498 926 951 
2573 795 1106 34 1119 
2574 454 115 455 1155 
2575 62 79 69 1129 
2576 878 887 885 1112 
2577 910 911 1024 1104 
2578 512 1024 1003 1114 
2579 519 188 186 143 
2580 245 247 249 248 
2581 487 1130 496 1151 
2582 471 465 472 1111 
2583 893 896 901 33 
2584 1116 1117 1096 1146 
2585 61 1116 1101 1117 
2586 195 207 200 1132 
2587 585 584 586 1128 
2588 344 738 737 352 
2589 953 888 952 510 
2590 973 977 976 1007 
2591 1076 781 755 790 
2592 1091 1125 1111 1130 
2593 525 536 529 531 
2594 540 1084 1047 1152 
2595 196 57 190 183 
2596 791 775 771 1168 
2597 571 569 208 1122 
2598 579 582 581 1137 
2599 37 45 39 1100 
2600 893 886 910 1112 
2601 1107 1111 81 1149 
2602 460 465 459 1155 
2603 391 397 390 378 
2604 887 886 885 1112 
2605 1093 1108 1092 1118 
2606 1083 187 1144 1152 
2607 638 661 544 651 
2608 223 181 182 184 
2609 666 25 590 576 
2610 86 125 1108 1118 
2611 345 343 338 1141 
2612 63 88 1091 1116 
2613 397 391 404 445 
2614 125 118 86 1108 
2615 358 1096 1119 1121 
2616 1024 1003 1002 1004 
2617 601 1105 574 1163 
2618 367 365 387 369 
2619 835 889 840 1158 
2620 522 529 524 520 
2621 396 82 387 366 
2622 496 879 877 1151 
2623 510 952 494 1113 
2624 802 742 711 749 
2625 1000 987 32 977 
2626 108 115 116 456 
2627 569 1108 204 1122 
2628 470 1107 477 1149 
2629 408 409 1117 1162 
2630 398 404 444 403 
2631 415 414 413 1142 
2632 176 195 178 154 
2633 510 494 505 1113 
2634 358 1096 1121 1146 
2635 421 1098 1118 1129 
2636 421 1098 1093 1118 
2637 921 1089 915 1099 
2638 882 883 892 1139 
2639 1076 1074 755 805 
2640 174 185 114 178 
2641 666 591 590 1160 
2642 487 1107 1130 1151 
2643 350 67 1117 1121 
2644 213 25 1123 1134 
2645 732 334 333 741 
2646 185 154 119 1097 
2647 1075 1106 826 1115 
2648 497 496 488 1130 
2649 951 833 416 831 
2650 60 1117 1101 1162 
2651 67 1116 1096 1156 
2652 875 951 416 1139 
2653 330 59 329 1141 
2654 1105 1160 575 1163 
2655 1038 1037 540 543 
2656 472 1120 483 1125 
2657 400 404 445 396 
2658 63 1091 61 1116 
2659 1112 1133 1102 1142 
2660 271 265 268 1090 
2661 115 456 455 1155 
2662 496 497 879 1130 
2663 874 1109 881 1150 
2664 199 193 200 1147 
2665 927 932 848 925 
2666 586 587 589 1128 
2667 895 907 840 1166 
2668 9 1105 6 1165 
2669 379 380 443 370 
2670 199 203 204 1147 
2671 235 237 231 236 
2672 204 1108 199 1147 
2673 57 41 42 1134 
2674 207 203 200 1132 
2675 506 1093 1098 1125 
2676 472 473 483 1120 
2677 894 1158 890 1166 
2678 579 581 580 1136 
2679 400 447 401 476 
2680 580 597 1037 581 
2681 887 1104 1103 1113 
2682 183 196 57 1134 
2683 183 198 197 1134 
2684 926 836 848 832 
2685 875 876 884 1102 
2686 880 801 890 1158 
2687 953 490 509 952 
2688 264 265 268 271 
2689 496 1130 879 1151 
2690 355 1117 409 1146 
2691 477 486 467 1107 
2692 195 1132 200 1147 
2693 494 504 1113 1130 
2694 392 443 444 445 
2695 60 1107 81 1149 
2696 771 849 792 1168 
2697 1076 1110 807 1158 
2698 794 904 808 1158 
2699 444 404 447 403 
2700 808 904 1076 1158 
2701 409 411 1146 1162 
2702 1097 1120 567 1136 
2703 476 495 401 1143 
2704 540 580 1047 1136 
2705 912 910 1088 1150 
2706 402 404 447 400 
2707 854 871 852 839 
2708 1047 558 1084 1136 
2709 539 565 560 1152 
2710 911 1024 1104 1114 
2711 262 263 730 1161 
2712 912 1088 1104 1135 
2713 890 1158 1109 1166 
2714 531 529 525 522 
2715 9 689 6 1105 
2716 961 965 973 501 
2717 353 30 28 1138 
2718 280 290 286 288 
2719 794 808 775 1168 
2720 835 1158 840 1168 
2721 917 916 1098 1099 
2722 539 540 542 1152 
2723 831 951 861 897 
2724 799 880 804 1158 
2725 204 1122 1108 1147 
2726 86 87 1118 1125 
2727 1076 809 808 1158 
2728 571 1092 1108 1122 
2729 882 1109 1102 1139 
2730 535 546 534 1152 
2731 761 764 760 1168 
2732 421 1093 1092 1118 
2733 327 294 330 1141 
2734 108 163 453 158 
2735 543 1037 540 580 
2736 504 482 1125 1130 
2737 1092 1093 570 1108 
2738 926 927 848 925 
2739 401 402 447 400 
2740 801 874 881 1150 
2741 892 891 1109 1166 
2742 206 573 209 1123 
2743 600 601 1127 1145 
2744 1003 1001 510 1114 
2745 1120 1137 1136 1157 
2746 891 890 1109 1166 
2747 666 25 576 704 
2748 756 803 713 802 
2749 573 210 213 1123 
2750 223 148 149 182 
2751 388 365 386 368 
2752 171 175 176 155 
2753 754 1073 755 790 
2754 597 592 585 581 
2755 991 975 994 990 
2756 84 1091 88 1118 
2757 901 900 893 1112 
2758 1107 1143 467 1149 
2759 330 327 393 294 
2760 790 754 711 789 
2761 527 186 519 528 
2762 413 1142 1146 1162 
2763 1131 1135 1088 1150 
2764 826 1115 1106 1135 
2765 572 600 1092 1145 
2766 854 840 895 907 
2767 1047 514 558 1136 
2768 884 875 1102 1139 
2769 329 352 326 1141 
2770 417 1082 102 1129 
2771 411 413 412 1146 
2772 888 510 953 1114 
2773 338 346 345 1141 
2774 484 503 474 1120 
2775 350 1090 67 1121 
2776 887 1103 1104 1112 
2777 401 416 413 1143 
2778 416 495 875 1142 
2779 915 1024 916 1089 
2780 706 7 705 1164 
2781 1101 1146 1142 1162 
2782 503 483 1120 1125 
2783 35 795 34 1119 
2784 1071 1075 826 1115 
2785 1024 1087 512 1004 
2786 325 322 323 300 
2787 592 597 580 581 
2788 787 791 770 773 
2789 1092 1108 125 1118 
2790 60 59 394 1078 
2791 567 1120 577 1136 
2792 28 329 1080 1138 
2793 61 60 1101 1107 
2794 927 848 832 926 
2795 1088 1096 1116 1135 
2796 1101 1103 1091 1151 
2797 1133 1142 1101 1146 
2798 554 564 553 548 
2799 1101 1091 1107 1151 
2800 274 1090 1135 1156 
2801 845 841 861 869 
2802 1106 1115 1075 1154 
2803 540 538 580 1136 
2804 995 947 989 992 
2805 66 79 77 69 
2806 344 736 734 1095 
2807 185 174 114 1097 
2808 226 223 224 184 
2809 738 344 346 352 
2810 79 1129 62 1156 
2811 456 457 461 1144 
2812 34 1106 800 1110 
2813 601 602 600 1127 
2814 190 191 149 183 
2815 951 926 861 898 
2816 61 63 88 1091 
2817 79 361 1129 1156 
2818 791 770 773 774 
2819 1077 1106 34 1110 
2820 203 199 200 1147 
2821 62 1129 1116 1156 
2822 214 213 211 1134 
2823 83 430 436 454 
2824 59 330 394 385 
2825 1 241 212 214 
2826 908 911 1104 1114 
2827 177 196 147 183 
2828 770 790 768 791 
2829 202 567 201 1097 
2830 915 1089 916 1099 
2831 1002 1001 977 502 
2832 531 529 522 520 
2833 999 987 977 1002 
2834 754 749 711 789 
2835 63 1116 62 1129 
2836 794 1158 808 1168 
2837 455 456 461 1155 
2838 908 888 953 1114 
2839 1074 1076 755 1073 
2840 148 223 181 182 
2841 910 886 909 1104 
2842 449 448 447 402 
2843 452 923 927 925 
2844 412 414 359 1133 
2845 16 1123 25 1134 
2846 125 1092 118 1108 
2847 1101 1143 1107 1162 
2848 1098 1099 1089 1129 
2849 274 67 1090 1156 
2850 1083 530 187 1152 
2851 203 205 204 1132 
2852 393 294 327 1141 
2853 403 447 444 448 
2854 953 987 908 911 
2855 546 558 1047 557 
2856 68 67 62 1116 
2857 58 1117 351 1121 
2858 737 736 344 1138 
2859 670 702 703 1164 
2860 1083 1144 532 1152 
2861 211 198 212 1134 
2862 900 1102 903 1109 
2863 365 387 388 386 
2864 567 202 568 1108 
2865 401 447 449 476 
2866 178 185 114 154 
2867 422 813 1099 1135 
2868 615 1047 1037 1136 
2869 926 452 927 925 
2870 644 634 655 643 
2871 892 844 895 1166 
2872 799 800 801 1110 
2873 331 312 316 317 
2874 355 1121 1117 1146 
2875 338 339 346 1141 
2876 257 273 1153 1154 
2877 511 1113 1098 1114 
2878 343 345 344 1141 
2879 61 1091 84 1107 
2880 952 879 497 1130 
2881 781 809 1076 755 
2882 184 183 224 235 
2883 114 1097 1144 1155 
2884 539 536 549 541 
2885 256 254 272 1095 
2886 357 795 1119 1131 
2887 879 1130 1103 1151 
2888 190 147 189 1132 
2889 796 795 1131 1150 
2890 467 1107 486 1143 
2891 1102 1109 900 1139 
2892 149 191 8 183 
2893 231 230 235 236 
2894 380 367 439 370 
2895 884 900 896 1139 
2896 852 839 871 1168 
2897 35 34 795 800 
2898 421 102 1082 1118 
2899 875 876 1102 1142 
2900 546 1047 1084 1152 
2901 11 6 1105 1165 
2902 615 1037 581 1136 
2903 114 1097 174 1144 
2904 413 1143 1142 1162 
2905 118 126 120 1122 
2906 701 665 702 629 
2907 59 60 394 58 
2908 844 883 831 1139 
2909 338 324 339 1141 
2910 88 1116 63 1129 
2911 515 1023 1013 1098 
2912 511 510 1113 1114 
2913 796 359 414 1133 
2914 903 1109 1102 1150 
2915 1105 1145 1094 1163 
2916 1091 1113 1125 1130 
2917 208 1122 205 1140 
2918 964 957 961 963 
2919 209 1123 1105 1145 
2920 831 897 841 1139 
2921 585 584 615 582 
2922 277 267 271 266 
2923 81 84 1091 1107 
2924 543 592 1037 580 
2925 951 897 831 1139 
2926 173 186 527 1144 
2927 1102 874 1133 1150 
2928 915 916 914 1099 
2929 58 350 1117 1121 
2930 529 531 188 520 
2931 1111 1149 458 1155 
2932 422 79 361 1129 
2933 357 795 30 1119 
2934 796 1133 874 1150 
2935 213 576 25 1134 
2936 557 558 1047 559 
2937 1037 1038 592 543 
2938 385 330 393 294 
2939 119 1097 1108 1147 
2940 792 771 774 849 
2941 882 892 1109 1139 
2942 1101 1142 1103 1151 
2943 1 3 619 1164 
2944 5 1105 17 1123 
2945 1101 1107 1143 1151 
2946 173 174 186 1144 
2947 806 34 807 1110 
2948 836 845 848 860 
2949 211 210 197 1123 
2950 975 961 994 965 
2951 791 771 792 1168 
2952 498 449 951 833 
2953 886 1104 910 1112 
2954 1047 580 1037 1136 
2955 1094 1122 1092 1145 
2956 467 440 463 1149 
2957 481 489 480 470 
2958 567 530 187 1136 
2959 721 719 285 1115 
2960 1105 1159 1094 1165 
2961 271 270 267 276 
2962 755 769 754 790 
2963 326 352 346 1141 
2964 961 965 501 955 
2965 430 83 115 454 
2966 1102 1109 874 1150 
2967 64 69 79 1129 
2968 734 1095 735 1153 
2969 530 475 1136 1152 
2970 1101 1143 1142 1151 
2971 1126 1127 583 1137 
2972 1071 716 1075 1115 
2973 185 114 154 1097 
2974 483 504 482 1125 
2975 1106 1135 1115 1154 
2976 1103 1113 1091 1130 
2977 263 318 336 1124 
2978 904 1158 907 1166 
2979 452 927 832 926 
2980 200 1132 203 1147 
2981 787 791 773 793 
2982 1103 1104 1089 1113 
2983 512 1098 1024 1114 
2984 68 350 67 1117 
2985 1094 1145 1127 1163 
2986 656 639 658 651 
2987 439 443 438 380 
2988 79 66 62 69 
2989 600 602 583 1127 
2990 86 87 125 1118 
2991 36 35 34 1119 
2992 358 355 359 1146 
2993 67 62 1116 1156 
2994 581 585 615 582 
2995 224 183 225 212 
2996 764 760 835 889 
2997 1142 1143 485 1151 
2998 762 830 760 747 
2999 971 861 951 897 
3000 615 583 1127 1137 
3001 532 1144 528 1152 
3002 744 1153 743 1161 
3003 739 347 352 738 
3004 274 1135 1090 1154 
3005 329 1080 1095 1121 
3006 604 618 607 606 
3007 711 1073 754 790 
3008 764 835 760 1168 
3009 494 1113 952 1130 
3010 235 183 224 212 
3011 501 965 973 1007 
3012 472 1111 1120 1125 
3013 409 1146 1117 1162 
3014 841 861 869 897 
3015 1105 601 1145 1163 
3016 1074 805 1077 1154 
3017 1101 1142 1143 1162 
3018 801 796 874 1150 
3019 441 83 436 454 
3020 907 1158 794 1168 
3021 852 871 792 1168 
3022 449 402 447 401 
3023 572 1092 571 1122 
3024 1021 1020 1014 1017 
3025 1092 600 1127 1145 
3026 842 841 869 897 
3027 186 1144 187 1152 
3028 213 1123 211 1134 
3029 118 1108 1092 1122 
3030 5 1105 1100 1167 
3031 81 1091 84 1111 
3032 578 1126 583 1137 
3033 539 533 536 541 
3034 1 619 214 1164 
3035 2 224 225 212 
3036 764 760 889 763 
3037 432 115 108 456 
3038 274 275 716 1154 
3039 1088 1104 1103 1112 
3040 904 1109 1158 1166 
3041 994 999 968 998 
3042 525 535 524 529 
3043 554 555 565 539 
3044 411 1143 413 1162 
3045 912 1088 910 1104 
3046 359 796 1131 1133 
3047 1011 1098 513 1157 
3048 476 449 401 495 
3049 332 333 732 316 
3050 561 559 1036 1051 
3051 1037 1047 540 580 
3052 487 496 877 1151 
3053 592 597 1037 580 
3054 615 612 616 1127 
3055 804 807 34 1110 
3056 412 355 409 1146 
3057 353 1121 1119 1138 
3058 796 414 874 1133 
3059 421 1099 1098 1129 
3060 203 1132 204 1147 
3061 1078 59 394 385 
3062 770 791 768 774 
3063 889 764 763 1158 
3064 903 1112 910 1150 
3065 113 1149 1111 1155 
3066 540 1047 1039 1152 
3067 572 1122 208 1140 
3068 665 703 702 1164 
3069 1100 1140 1122 1145 
3070 833 498 832 831 
3071 405 403 444 448 
3072 1004 1002 999 1005 
3073 1094 1105 1100 1145 
3074 407 829 402 452 
3075 206 210 573 1123 
3076 746 35 799 804 
3077 1073 1076 755 790 
3078 121 218 118 1122 
3079 6 689 16 1105 
3080 449 498 832 833 
3081 15 14 12 620 
3082 384 385 393 294 
3083 271 274 266 1090 
3084 1093 1137 1120 1157 
3085 476 401 400 1143 
3086 978 989 991 994 
3087 302 393 381 303 
3088 80 454 1149 1155 
3089 5 1100 1105 1123 
3090 735 1095 736 1138 
3091 15 619 701 623 
3092 412 1133 359 1146 
3093 825 1115 826 1135 
3094 205 1122 204 1132 
3095 485 476 466 1143 
3096 833 951 498 831 
3097 58 350 68 1117 
3098 892 1139 844 1166 
3099 434 439 438 425 
3100 983 971 899 985 
3101 188 529 520 528 
3102 971 951 861 898 
3103 841 843 842 869 
3104 485 495 476 1143 
3105 456 114 1144 1155 
3106 577 578 579 1137 
3107 453 527 457 1144 
3108 832 829 927 452 
3109 572 1092 1122 1145 
3110 171 158 150 155 
3111 510 1001 953 1114 
3112 207 210 206 1132 
3113 1038 596 592 543 
3114 1071 716 1064 1075 
3115 345 346 344 1141 
3116 643 632 642 646 
3117 119 1097 85 1108 
3118 581 1136 579 1137 
3119 568 202 569 1108 
3120 433 425 438 380 
3121 1088 1096 1133 1146 
3122 661 566 638 555 
3123 961 956 959 960 
3124 271 350 265 1090 
3125 118 120 121 1122 
3126 848 861 926 898 
3127 1106 1119 795 1131 
3128 28 30 29 798 
3129 842 897 873 1166 
3130 209 1140 1123 1145 
3131 840 907 854 1168 
3132 951 884 971 1139 
3133 336 337 343 1124 
3134 822 1070 1071 1115 
3135 79 62 66 1156 
3136 892 883 844 1139 
3137 1071 1070 1069 1115 
3138 1100 1105 1094 1167 
3139 841 845 843 869 
3140 892 895 894 1166 
3141 207 195 197 1132 
3142 832 452 498 449 
3143 1008 999 1012 967 
3144 740 406 356 352 
3145 455 432 456 115 
3146 1023 916 1024 1098 
3147 411 413 1146 1162 
3148 262 730 1148 1161 
3149 746 35 739 799 
3150 358 1131 1096 1146 
3151 581 615 1136 1137 
3152 404 447 403 402 
3153 807 1110 804 1158 
3154 828 811 812 1135 
3155 119 192 195 1147 
3156 346 352 344 1141 
3157 713 803 756 805 
3158 1076 808 794 904 
3159 81 61 84 1107 
3160 213 210 211 1123 
3161 235 224 2 212 
3162 303 302 393 300 
3163 1 241 214 619 
3164 775 769 781 791 
3165 114 85 1097 1155 
3166 485 1142 495 1143 
3167 803 36 805 1154 
3168 602 583 1127 1128 
3169 1106 1135 1131 1150 
3170 546 558 1084 1047 
3171 1105 667 1160 1163 
3172 850 852 792 1168 
3173 839 854 871 1168 
3174 383 395 385 363 
3175 171 176 174 155 
3176 503 484 507 1157 
3177 186 528 527 1144 
3178 742 732 733 1148 
3179 849 774 792 850 
3180 821 822 814 1115 
3181 382 371 384 302 
3182 709 667 666 1160 
3183 484 1120 474 1136 
3184 81 1111 113 1149 
3185 325 338 322 1141 
3186 743 744 803 1153 
3187 951 875 884 1139 
3188 1117 1121 1096 1146 
3189 455 461 460 1155 
3190 147 181 175 182 
3191 60 61 81 1107 
3192 739 347 740 352 
3193 799 1110 801 1158 
3194 760 762 761 1168 
3195 16 17 1105 1123 
3196 378 397 389 370 
3197 85 1111 1097 1155 
3198 196 190 147 183 
3199 61 1101 60 1117 
3200 1088 1133 1131 1150 
3201 482 504 494 1130 
3202 716 1075 1115 1154 
3203 79 66 361 1156 
3204 854 907 871 1168 
3205 55 43 5 1100 
3206 511 1003 510 1114 
3207 382 384 393 302 
3208 569 202 199 1108 
3209 1123 1132 197 1134 
3210 365 387 386 383 
3211 498 452 832 926 
3212 332 732 333 731 
3213 63 64 92 1129 
3214 206 1123 209 1140 
3215 455 460 459 1155 
3216 791 1076 775 794 
3217 503 1120 484 1157 
3218 927 924 925 923 
3219 84 88 87 1118 
3220 587 586 584 1128 
3221 12 15 619 701 
3222 1105 1094 1159 1163 
3223 241 1 212 2 
3224 1092 1127 1094 1145 
3225 61 68 1116 1117 
3226 799 804 1110 1158 
3227 411 410 396 1143 
3228 59 329 1095 1121 
3229 907 895 872 1166 
3230 422 1129 361 1156 
3231 800 801 1110 1150 
3232 1039 1040 542 1152 
3233 619 703 12 701 
3234 1109 1110 904 1158 
3235 570 1093 1092 1126 
3236 172 175 171 150 
3237 894 889 890 1158 
3238 411 400 413 1143 
3239 515 421 420 1099 
3240 484 508 507 1157 
3241 117 1108 1122 1147 
3242 1091 1130 1107 1151 
3243 737 344 352 1138 
3244 92 88 63 1129 
3245 623 15 12 620 
3246 494 952 510 509 
3247 894 891 892 1166 
3248 514 1136 1054 1157 
3249 707 703 3 1164 
3250 422 813 423 1099 
3251 214 212 1 1134 
3252 115 114 456 1155 
3253 26 230 235 231 
3254 359 1133 1131 1146 
3255 581 582 615 1137 
3256 382 393 381 302 
3257 80 1078 60 1149 
3258 59 1095 329 1141 
3259 1089 1113 1104 1114 
3260 441 440 83 1149 
3261 793 791 773 774 
3262 589 1128 587 1160 
3263 1076 904 1110 1158 
3264 971 897 951 1139 
3265 539 549 551 541 
3266 1096 1088 1131 1135 
3267 829 832 402 452 
3268 1076 1077 806 1110 
3269 899 896 900 1139 
3270 1083 461 457 1144 
3271 502 977 1002 1007 
3272 36 803 744 1153 
3273 512 1087 1024 1098 
3274 791 769 781 790 
3275 1091 1103 1130 1151 
3276 401 413 400 1143 
3277 92 72 102 1129 
3278 431 430 115 454 
3279 17 5 6 1105 
3280 910 1024 912 1104 
3281 870 792 864 850 
3282 447 403 402 448 
3283 1105 1123 1100 1145 
3284 69 72 71 70 
3285 775 781 1076 791 
3286 810 1135 1106 1150 
3287 515 420 423 1099 
3288 529 188 186 528 
3289 80 60 81 1149 
3290 532 528 534 1152 
3291 158 159 163 173 
3292 7 706 1 1164 
3293 615 1037 597 581 
3294 356 739 740 352 
3295 454 115 431 455 
3296 475 1083 532 1152 
3297 714 717 1060 1062 
3298 352 29 356 739 
3299 3 703 619 1164 
3300 459 458 454 1149 
3301 116 456 114 1144 
3302 955 965 501 958 
3303 142 518 135 143 
3304 449 448 402 452 
3305 85 113 81 1111 
3306 901 893 910 1112 
3307 1105 1163 1159 1165 
3308 754 750 749 789 
3309 35 36 797 1119 
3310 25 56 21 1134 
3311 441 436 83 440 
3312 971 972 898 985 
3313 1036 1047 1046 559 
3314 552 560 535 564 
3315 910 911 909 901 
3316 615 1126 1057 1137 
3317 423 913 914 1099 
3318 530 1136 538 1152 
3319 265 350 349 1090 
3320 602 1127 601 1163 
3321 551 555 549 539 
3322 329 1138 352 1141 
3323 34 1119 1106 1154 
3324 186 187 529 1152 
3325 204 1132 1122 1147 
3326 1098 1113 1089 1114 
3327 895 872 854 907 
3328 797 798 35 1119 
3329 411 410 1143 1162 
3330 172 175 150 181 
3331 214 7 1 1164 
3332 842 858 873 843 
3333 798 28 30 1138 
3334 1096 1131 1088 1133 
3335 383 395 363 387 
3336 363 367 365 387 
3337 1075 1074 1077 1154 
3338 975 994 990 1000 
3339 997 979 996 980 
3340 1096 1116 1135 1156 
3341 85 119 114 1097 
3342 419 417 418 1129 
3343 1012 1006 513 1005 
3344 1057 1126 1017 1137 
3345 787 790 770 791 
3346 683 10 19 684 
3347 452 832 402 449 
3348 463 440 441 1149 
3349 274 1135 1115 1156 
3350 626 627 623 628 
3351 349 1095 1090 1121 
3352 67 266 274 1090 
3353 58 351 59 1121 
3354 1117 1146 1101 1162 
3355 579 578 582 1137 
3356 859 843 846 860 
3357 1127 1145 601 1163 
3358 327 324 325 1141 
3359 952 497 494 1130 
3360 455 432 115 431 
3361 892 1109 1139 1166 
3362 35 798 30 1119 
3363 608 610 613 611 
3364 584 602 588 1128 
3365 404 391 397 398 
3366 214 576 213 1134 
3367 182 177 147 183 
3368 65 62 67 1156 
3369 475 484 474 1136 
3370 954 501 973 1007 
3371 623 665 629 1085 
3372 92 64 72 1129 
3373 977 1000 987 999 
3374 988 950 936 943 
3375 451 923 450 452 
3376 256 272 349 1095 
3377 92 96 72 64 
3378 864 863 792 870 
3379 961 994 963 960 
3380 192 189 147 1132 
3381 1075 1061 1074 1154 
3382 86 117 119 1108 
3383 1084 484 475 1136 
3384 322 308 323 300 
3385 533 529 536 531 
3386 1054 1057 1017 1137 
3387 420 418 1099 1129 
3388 911 1002 1003 1114 
3389 826 1106 810 1135 
3390 352 1138 344 1141 
3391 1075 1077 1106 1154 
3392 791 794 775 1168 
3393 630 664 665 1164 
3394 707 670 703 1164 
3395 346 328 326 1141 
3396 181 223 151 184 
3397 137 518 140 453 
3398 211 1123 197 1134 
3399 596 1038 662 543 
3400 749 732 742 1148 
3401 349 1090 350 1121 
3402 1047 1054 514 1136 
3403 440 436 83 439 
3404 661 638 542 555 
3405 665 576 619 1164 
3406 952 953 510 509 
3407 828 811 815 818 
3408 487 877 485 1151 
3409 577 538 530 1136 
3410 80 1149 113 1155 
3411 544 543 545 662 
3412 588 587 1128 1163 
3413 587 584 588 1128 
3414 324 338 325 1141 
3415 407 450 923 452 
3416 307 336 313 1124 
3417 863 864 865 870 
3418 559 558 1047 1046 
3419 92 102 1118 1129 
3420 893 884 901 896 
3421 642 634 643 646 
3422 950 899 898 985 
3423 898 861 971 897 
3424 792 870 871 852 
3425 464 458 470 1149 
3426 1087 1011 1017 1137 
3427 849 838 850 1168 
3428 119 154 114 1097 
3429 29 35 30 795 
3430 570 1092 600 1126 
3431 312 318 333 316 
3432 145 138 146 144 
3433 641 639 631 656 
3434 329 28 352 1138 
3435 1036 557 560 1040 
3436 346 339 328 1141 
3437 490 501 499 954 
3438 854 842 872 895 
3439 490 502 501 954 
3440 826 1075 810 1106 
3441 615 599 612 1127 
3442 515 917 916 1098 
3443 870 792 850 852 
3444 307 298 308 1124 
3445 555 554 549 539 
3446 1090 1119 1096 1121 
3447 114 113 85 1155 
3448 302 384 393 294 
3449 207 205 203 1132 
3450 1071 826 822 1115 
3451 901 31 33 896 
3452 735 736 737 1138 
3453 1 707 3 1164 
3454 224 18 226 184 
3455 782 787 773 793 
3456 534 528 529 1152 
3457 324 328 339 1141 
3458 615 1057 1054 1137 
3459 683 668 667 684 
3460 798 737 28 1138 
3461 625 634 642 626 
3462 902 873 897 1166 
3463 116 115 114 456 
3464 181 147 175 150 
3465 167 180 166 161 
3466 534 535 529 528 
3467 173 171 158 150 
3468 377 368 388 376 
3469 839 840 854 1168 
3470 954 961 501 955 
3471 125 126 118 1092 
3472 502 976 977 1007 
3473 62 63 68 1116 
3474 870 850 851 852 
3475 539 538 540 1152 
3476 85 81 84 1111 
3477 8 183 57 1134 
3478 30 795 35 1119 
3479 214 1 7 1134 
3480 370 389 378 369 
3481 513 507 508 1157 
3482 643 634 656 646 
3483 576 214 7 1134 
3484 781 1076 791 790 
3485 800 1110 1106 1150 
3486 656 655 634 643 
3487 293 1124 1095 1141 
3488 733 744 743 1161 
3489 596 662 545 543 
3490 904 794 907 1158 
3491 927 928 925 924 
3492 192 119 195 154 
3493 494 493 481 490 
3494 329 1095 1080 1138 
3495 274 1115 1135 1154 
3496 911 1024 1003 1002 
3497 7 8 56 1134 
3498 168 181 172 156 
3499 1037 1039 540 1047 
3500 662 1039 540 1038 
3501 703 12 3 619 
3502 178 114 174 154 
3503 362 1135 422 1156 
3504 835 762 760 1168 
3505 796 1131 1133 1150 
3506 467 463 468 1149 
3507 493 502 501 490 
3508 72 64 418 1129 
3509 1094 1127 1159 1163 
3510 399 407 403 405 
3511 1039 542 540 1152 
3512 736 1095 344 1138 
3513 971 972 926 898 
3514 519 518 142 143 
3515 501 973 961 954 
3516 408 410 409 1162 
3517 864 870 850 851 
3518 363 82 395 385 
3519 869 873 842 897 
3520 843 845 846 860 
3521 993 950 995 985 
3522 904 906 1109 1166 
3523 207 206 205 1132 
3524 467 486 466 1143 
3525 559 970 1046 969 
3526 233 235 230 236 
3527 209 572 1140 1145 
3528 585 615 597 581 
3529 412 359 355 1146 
3530 147 192 195 154 
3531 529 187 530 1152 
3532 911 908 953 1114 
3533 961 991 975 994 
3534 615 616 1057 1126 
3535 17 6 16 1105 
3536 808 763 764 1158 
3537 873 902 872 1166 
3538 227 26 157 184 
3539 214 576 7 1164 
3540 950 993 899 985 
3541 195 192 1132 1147 
3542 880 763 804 1158 
3543 561 559 1051 1032 
3544 484 1084 558 1136 
3545 303 323 308 300 
3546 759 767 758 750 
3547 791 793 792 774 
3548 44 45 1100 1167 
3549 877 1142 485 1151 
3550 632 647 645 646 
3551 568 578 577 1137 
3552 178 174 176 154 
3553 926 951 971 898 
3554 999 911 987 1002 
3555 983 899 993 985 
3556 899 897 971 1139 
3557 1004 999 1011 1005 
3558 1120 1136 484 1157 
3559 40 55 21 1123 
3560 1 706 707 1164 
3561 838 852 850 1168 
3562 24 22 27 1167 
3563 362 422 1081 1156 
3564 576 7 25 1134 
3565 233 235 232 230 
3566 479 481 489 480 
3567 113 1111 85 1155 
3568 458 441 454 1149 
3569 814 725 821 1115 
3570 356 835 760 889 
3571 897 900 902 1139 
3572 1054 1017 1011 1137 
3573 210 1123 206 1132 
3574 645 665 649 1164 
3575 797 744 735 1153 
3576 635 642 629 1085 
3577 448 407 402 452 
3578 293 1095 294 1141 
3579 21 16 25 1134 
3580 327 326 328 1141 
3581 600 583 1126 1127 
3582 124 1094 1100 1122 
3583 148 223 151 181 
3584 615 1127 1126 1137 
3585 961 994 965 964 
3586 540 662 1038 543 
3587 411 396 400 1143 
3588 1002 1010 999 1005 
3589 1131 1133 1096 1146 
3590 179 170 165 139 
3591 870 871 852 854 
3592 767 759 770 750 
3593 956 961 957 960 
3594 531 536 533 523 
3595 79 76 66 77 
3596 615 616 1126 1127 
3597 977 973 1000 1007 
3598 372 371 302 301 
3599 42 40 56 1134 
3600 789 750 749 1148 
3601 901 884 900 896 
3602 125 87 93 1118 
3603 515 917 1098 1099 
3604 1075 1077 810 1106 
3605 64 79 418 1129 
3606 92 1118 88 1129 
3607 288 362 361 1156 
3608 436 109 83 439 
3609 850 792 849 1168 
3610 768 754 769 790 
3611 749 750 745 1148 
3612 341 733 732 1148 
3613 647 632 645 630 
3614 999 1010 1011 1005 
3615 898 899 971 985 
3616 803 1153 36 1154 
3617 897 899 900 1139 
3618 493 502 490 509 
3619 870 871 854 858 
3620 756 1074 713 805 
3621 567 577 530 1136 
3622 187 186 174 1144 
3623 974 1000 32 977 
3624 774 784 773 793 
3625 177 175 147 176 
3626 335 319 313 318 
3627 492 501 499 493 
3628 972 932 848 942 
3629 638 661 542 544 
3630 118 1092 126 1122 
3631 2 3 12 241 
3632 318 312 263 316 
3633 418 422 1099 1129 
3634 900 1109 902 1139 
3635 928 927 925 932 
3636 773 780 787 782 
3637 158 159 173 152 
3638 654 639 641 656 
3639 988 931 943 936 
3640 163 137 108 453 
3641 420 417 419 1129 
3642 732 332 316 1148 
3643 274 716 1115 1154 
3644 173 179 165 139 
3645 484 558 508 1136 
3646 211 212 214 1134 
3647 973 976 502 1007 
3648 861 860 845 869 
3649 223 226 151 184 
3650 1054 1136 1137 1157 
3651 154 176 175 155 
3652 619 15 12 623 
3653 672 670 708 1164 
3654 565 1036 560 1040 
3655 561 557 1036 559 
3656 2 241 235 212 
3657 625 642 624 626 
3658 744 734 1153 1161 
3659 418 102 72 1129 
3660 1122 1132 205 1140 
3661 1095 1138 735 1153 
3662 860 843 845 869 
3663 576 214 619 1164 
3664 23 22 24 1167 
3665 258 259 295 1124 
3666 175 171 150 155 
3667 994 961 959 960 
3668 1002 999 1024 1004 
3669 209 572 208 1140 
3670 1076 904 1077 1110 
3671 771 791 792 774 
3672 902 897 1139 1166 
3673 909 32 33 901 
3674 837 848 832 927 
3675 1071 721 716 1115 
3676 117 1108 118 1122 
3677 762 830 834 760 
3678 792 794 791 1168 
3679 1100 1123 38 1132 
3680 36 797 1119 1153 
3681 1002 977 999 1007 
3682 364 385 384 294 
3683 327 328 324 1141 
3684 147 175 177 182 
3685 21 55 17 1123 
3686 457 532 1083 1144 
3687 539 637 541 551 
3688 1078 395 82 385 
3689 63 61 68 1116 
3690 744 733 734 1161 
3691 8 7 1 1134 
3692 119 1108 117 1147 
3693 800 35 34 799 
3694 362 1115 1135 1156 
3695 86 119 85 1108 
3696 665 619 703 1164 
3697 490 497 488 481 
3698 834 839 838 1168 
3699 880 804 356 799 
3700 502 954 973 1007 
3701 421 1092 101 1118 
3702 649 648 645 1164 
3703 732 731 332 1148 
3704 434 439 425 436 
3705 961 994 964 963 
3706 872 871 854 907 
3707 798 797 737 1138 
3708 343 1124 734 1161 
3709 341 732 316 1148 
3710 985 995 993 989 
3711 328 346 326 352 
3712 100 92 102 1118 
3713 738 346 347 352 
3714 791 771 768 774 
3715 577 579 580 1136 
3716 629 627 623 626 
3717 33 32 31 901 
3718 409 410 411 1162 
3719 770 780 787 773 
3720 1092 600 1126 1127 
3721 672 671 648 1164 
3722 475 546 1084 1152 
3723 613 608 616 1127 
3724 181 147 148 182 
3725 536 537 541 533 
3726 602 601 600 583 
3727 842 858 854 873 
3728 481 490 497 494 
3729 1039 540 542 662 
3730 701 619 665 629 
3731 490 499 501 493 
3732 154 174 176 155 
3733 37 48 44 1100 
3734 738 739 737 352 
3735 140 432 137 453 
3736 1040 1036 557 1039 
3737 1026 1030 941 1025 
3738 1123 1140 1100 1145 
3739 64 79 72 418 
3740 365 363 387 383 
3741 59 330 294 1141 
3742 133 1092 516 1126 
3743 544 543 662 540 
3744 1048 1029 1045 1042 
3745 836 837 848 832 
3746 150 147 175 155 
3747 544 542 540 662 
3748 553 562 552 564 
3749 763 880 889 1158 
3750 797 735 737 1138 
3751 59 293 349 1095 
3752 319 313 320 335 
3753 388 389 369 377 
3754 979 996 978 994 
3755 252 249 253 1165 
3756 656 639 631 658 
3757 627 701 702 629 
3758 577 579 1136 1137 
3759 953 510 509 1001 
3760 623 622 626 628 
3761 873 842 843 869 
3762 562 563 1035 553 
3763 56 25 7 1134 
3764 615 1054 1047 1136 
3765 147 149 148 182 
3766 1027 982 1043 1053 
3767 252 20 249 1165 
3768 730 332 316 331 
3769 576 665 664 1164 
3770 31 986 984 993 
3771 527 532 457 1144 
3772 206 209 208 1140 
3773 78 69 72 71 
3774 1000 911 987 999 
3775 219 1100 1094 1167 
3776 235 230 26 232 
3777 853 870 852 854 
3778 525 526 535 548 
3779 630 632 645 1085 
3780 349 58 1095 1121 
3781 27 22 5 1167 
3782 830 834 760 835 
3783 1015 1057 517 1126 
3784 902 1139 1109 1166 
3785 387 82 395 363 
3786 508 484 1136 1157 
3787 361 1081 422 1156 
3788 838 839 852 1168 
3789 556 555 551 638 
3790 997 979 980 994 
3791 285 278 276 277 
3792 53 22 23 1167 
3793 925 451 923 924 
3794 310 323 315 303 
3795 524 526 535 525 
3796 197 198 211 1134 
3797 80 115 83 454 
3798 300 1124 299 1141 
3799 118 117 86 1108 
3800 973 976 954 502 
3801 1023 515 916 1098 
3802 562 561 552 564 
3803 1095 1121 1080 1138 
3804 713 803 805 1154 
3805 731 732 333 741 
3806 226 18 227 184 
3807 648 649 669 1164 
3808 602 588 1128 1163 
3809 1119 1121 1090 1138 
3810 971 899 898 897 
3811 124 1100 121 1122 
3812 775 771 769 791 
3813 1159 1163 692 1165 
3814 553 1035 562 564 
3815 515 1098 421 1099 
3816 564 1036 560 565 
3817 117 1122 192 1147 
3818 974 973 1000 977 
3819 907 906 904 1166 
3820 18 224 235 184 
3821 539 533 529 536 
3822 561 562 1035 564 
3823 834 838 762 1168 
3824 256 349 293 1095 
3825 271 268 273 1090 
3826 20 10 11 1165 
3827 2 12 13 241 
3828 112 111 106 431 
3829 124 1092 1094 1122 
3830 423 914 917 1099 
3831 1061 714 1062 1074 
3832 130 123 120 124 
3833 854 853 870 858 
3834 1000 990 975 974 
3835 153 227 157 184 
3836 613 608 611 616 
3837 1029 1048 1044 1042 
3838 241 13 2 235 
3839 58 59 1095 1121 
3840 996 979 997 994 
3841 810 1106 905 1150 
3842 429 427 110 436 
3843 615 1054 1136 1137 
3844 152 173 158 150 
3845 640 659 631 639 
3846 452 451 923 925 
3847 667 668 683 689 
3848 165 164 173 139 
3849 73 65 280 288 
3850 478 479 489 480 
3851 843 873 869 868 
3852 835 839 834 1168 
3853 737 352 28 1138 
3854 156 168 184 169 
3855 925 932 972 942 
3856 847 859 846 860 
3857 369 368 388 377 
3858 219 1094 220 1167 
3859 667 692 1160 1163 
3860 329 1095 1138 1141 
3861 369 389 378 377 
3862 733 742 1148 1161 
3863 757 767 758 759 
3864 102 421 101 1118 
3865 215 121 122 217 
3866 762 838 849 1168 
3867 34 806 807 804 
3868 1052 968 966 1050 
3869 530 538 529 1152 
3870 797 735 1138 1153 
3871 406 760 830 747 
3872 684 668 667 686 
3873 344 1138 1095 1141 
3874 168 181 156 184 
3875 169 229 232 228 
3876 1047 558 514 1046 
3877 721 1069 723 1115 
3878 294 1095 59 1141 
3879 1002 1009 1007 999 
3880 744 797 36 1153 
3881 704 674 673 675 
3882 779 766 750 1148 
3883 962 959 979 960 
3884 144 520 521 143 
3885 187 174 201 1144 
3886 217 219 48 1100 
3887 100 98 92 99 
3888 125 101 1092 1118 
3889 304 302 381 303 
3890 363 367 387 366 
3891 938 949 937 939 
3892 340 346 328 347 
3893 59 349 58 1095 
3894 1079 288 65 1115 
3895 716 1061 1075 1154 
3896 265 273 268 1090 
3897 294 293 59 1095 
3898 1006 1012 1010 1005 
3899 13 12 14 620 
3900 59 330 385 294 
3901 501 954 502 1007 
3902 761 762 849 1168 
3903 797 1138 1119 1153 
3904 1032 969 559 1051 
3905 893 910 909 901 
3906 707 708 670 1164 
3907 665 645 630 1164 
3908 368 386 388 376 
3909 962 963 994 960 
3910 259 293 295 1124 
3911 985 972 898 950 
3912 839 835 840 1168 
3913 968 982 981 1052 
3914 80 81 113 1149 
3915 271 273 274 1090 
3916 620 13 242 239 
3917 968 1041 1052 966 
3918 93 87 88 1118 
3919 538 539 529 1152 
3920 133 1092 1126 1127 
3921 342 343 734 1161 
3922 488 490 481 489 
3923 561 560 552 564 
3924 942 931 930 929 
3925 898 926 848 972 
3926 235 237 241 231 
3927 535 547 552 548 
3928 587 1160 1128 1163 
3929 384 385 364 383 
3930 559 970 514 1046 
3931 834 762 835 1168 
3932 356 835 406 760 
3933 274 716 721 1115 
3934 312 332 316 333 
3935 896 901 899 900 
3936 300 308 298 1124 
3937 1090 1138 1121 1153 
3938 623 12 619 620 
3939 873 843 858 868 
3940 368 365 386 375 
3941 973 1000 975 974 
3942 733 743 742 1161 
3943 356 739 29 799 
3944 848 898 972 942 
3945 403 829 407 399 
3946 988 950 943 942 
3947 419 418 420 1129 
3948 859 858 843 868 
3949 58 349 350 1121 
3950 1095 1121 1138 1153 
3951 88 92 93 1118 
3952 222 1094 1127 1159 
3953 929 942 931 933 
3954 29 30 35 798 
3955 285 1115 65 1156 
3956 18 26 227 184 
3957 1057 616 1056 1126 
3958 932 929 933 942 
3959 853 870 858 867 
3960 1012 999 1008 1010 
3961 397 389 390 378 
3962 795 29 35 800 
3963 92 90 93 1118 
3964 514 1050 1047 1046 
3965 247 253 249 1165 
3966 173 179 164 165 
3967 623 665 619 629 
3968 934 943 936 945 
3969 205 1132 206 1140 
3970 208 205 206 1140 
3971 157 153 184 169 
3972 274 1115 285 1156 
3973 93 94 101 1118 
3974 241 231 13 235 
3975 241 3 12 619 
3976 65 284 1079 1115 
3977 220 1094 221 1167 
3978 494 493 490 509 
3979 169 229 228 162 
3980 734 1124 1095 1161 
3981 645 665 630 1085 
3982 1122 1132 192 1147 
3983 433 438 443 380 
3984 1119 1138 1090 1153 
3985 137 432 108 453 
3986 647 630 645 1164 
3987 692 678 1160 1163 
3988 893 908 909 886 
3989 566 555 556 638 
3990 1050 969 1051 1046 
3991 340 328 346 339 
3992 830 835 760 406 
3993 346 340 339 347 
3994 514 1054 1012 1157 
3995 435 434 424 436 
3996 880 890 889 1158 
3997 1056 616 516 1126 
3998 164 179 166 165 
3999 607 1159 1127 1163 
4000 768 769 791 790 
4001 153 157 156 169 
4002 4 5 22 1167 
4003 847 837 848 860 
4004 435 427 429 436 
4005 541 549 551 550 
4006 206 1132 1123 1140 
4007 829 402 403 407 
4008 557 561 1036 560 
4009 746 356 804 799 
4010 707 706 708 1164 
4011 749 745 732 1148 
4012 961 959 991 994 
4013 160 156 157 169 
4014 868 858 870 867 
4015 979 996 947 978 
4016 156 172 159 152 
4017 649 636 669 1164 
4018 527 528 532 1144 
4019 1095 1090 1121 1153 
4020 1011 1010 1012 1005 
4021 154 175 147 155 
4022 265 349 273 1090 
4023 36 1153 1119 1154 
4024 386 368 374 376 
4025 361 362 1081 1156 
4026 542 544 661 662 
4027 734 1095 1153 1161 
4028 179 170 166 165 
4029 230 228 232 229 
4030 38 37 1100 1132 
4031 713 805 1074 1154 
4032 263 297 306 1124 
4033 12 13 241 620 
4034 324 338 322 325 
4035 804 34 35 799 
4036 450 407 446 448 
4037 514 559 1046 558 
4038 48 44 1100 1167 
4039 1079 362 288 1115 
4040 176 175 147 154 
4041 746 739 356 799 
4042 231 239 238 237 
4043 977 1000 999 1007 
4044 847 846 836 860 
4045 941 940 1030 949 
4046 681 680 682 1165 
4047 385 363 364 383 
4048 271 270 264 266 
4049 846 858 843 859 
4050 902 1109 906 1166 
4051 994 959 962 960 
4052 310 323 303 381 
4053 903 1110 1109 1150 
4054 118 218 192 1122 
4055 184 153 156 169 
4056 161 180 166 164 
4057 118 192 117 1122 
4058 641 655 656 643 
4059 513 1012 1011 1157 
4060 721 1071 1069 1115 
4061 1006 1008 1012 967 
4062 904 1109 903 1110 
4063 217 124 219 1100 
4064 770 759 780 773 
4065 1010 1008 1012 1006 
4066 48 121 215 217 
4067 72 69 64 70 
4068 648 671 647 1164 
4069 254 257 255 260 
4070 108 140 432 137 
4071 931 930 925 942 
4072 563 562 552 553 
4073 285 718 284 1115 
4074 773 759 780 776 
4075 635 646 642 1085 
4076 1024 911 999 1002 
4077 1086 640 660 630 
4078 1048 1031 1033 1034 
4079 141 135 518 136 
4080 120 122 124 123 
4081 905 1077 904 1110 
4082 642 634 646 635 
4083 943 972 988 942 
4084 762 835 760 834 
4085 979 978 959 994 
4086 770 787 767 750 
4087 768 769 771 791 
4088 631 632 646 660 
4089 356 740 739 746 
4090 1003 1024 911 1114 
4091 192 1122 218 1132 
4092 184 235 26 232 
4093 104 112 106 431 
4094 905 1106 1110 1150 
4095 622 623 625 621 
4096 559 1051 969 1046 
4097 420 1099 417 1129 
4098 620 13 241 242 
4099 988 931 972 943 
4100 390 397 391 398 
4101 347 346 328 352 
4102 499 501 500 955 
4103 871 907 794 1168 
4104 731 741 752 1148 
4105 854 872 842 873 
4106 778 765 779 1148 
4107 12 241 619 620 
4108 82 387 366 363 
4109 749 710 711 789 
4110 1090 1095 273 1153 
4111 721 723 719 1115 
4112 172 173 180 159 
4113 141 518 135 142 
4114 598 639 640 594 
4115 598 639 594 545 
4116 273 1090 349 1095 
4117 779 786 778 1148 
4118 904 906 903 1109 
4119 29 35 800 799 
4120 1077 905 810 1106 
4121 1045 1033 1048 1042 
4122 231 234 230 236 
4123 10 20 19 1165 
4124 141 134 135 136 
4125 31 986 993 990 
4126 239 243 620 240 
4127 994 959 979 962 
4128 845 836 846 860 
4129 284 718 292 1115 
4130 1033 1035 562 1034 
4131 164 161 180 159 
4132 980 996 997 937 
4133 272 273 349 1095 
4134 837 847 836 860 
4135 110 429 436 428 
4136 902 900 903 1109 
4137 48 1100 219 1167 
4138 777 765 778 1148 
4139 681 695 696 1165 
4140 996 980 947 937 
4141 556 551 650 638 
4142 607 222 618 1127 
4143 931 925 972 942 
4144 905 1106 1077 1110 
4145 38 189 37 1132 
4146 521 522 524 520 
4147 1043 1042 1053 1044 
4148 125 93 101 1118 
4149 765 766 779 1148 
4150 1052 1043 1032 982 
4151 140 112 104 432 
4152 985 950 988 972 
4153 242 243 620 239 
4154 652 650 556 653 
4155 1035 563 562 1034 
4156 374 368 386 375 
4157 140 104 108 432 
4158 648 647 645 1164 
4159 499 501 492 500 
4160 602 1128 1127 1163 
4161 880 889 356 763 
4162 450 407 448 452 
4163 950 988 972 942 
4164 253 247 250 1165 
4165 848 837 836 860 
4166 937 996 997 949 
4167 138 165 170 139 
4168 1035 1033 1031 1034 
4169 647 632 660 646 
4170 48 49 44 1167 
4171 660 640 631 630 
4172 179 166 180 164 
4173 495 485 875 1142 
4174 647 632 630 660 
4175 1100 1132 1122 1140 
4176 298 297 261 1124 
4177 1006 1012 514 970 
4178 1012 999 1010 1011 
4179 858 857 853 867 
4180 656 657 654 651 
4181 640 631 659 660 
4182 965 998 994 968 
4183 978 991 959 994 
4184 777 751 765 1148 
4185 1119 1153 1090 1154 
4186 893 909 33 901 
4187 275 1074 1061 1154 
4188 424 434 425 436 
4189 871 794 792 1168 
4190 660 647 1086 630 
4191 631 632 660 630 
4192 124 1094 219 1100 
4193 1049 1029 1048 1044 
4194 1035 562 561 1031 
4195 371 383 384 301 
4196 435 434 426 424 
4197 870 855 856 853 
4198 427 435 424 436 
4199 1054 1137 1011 1157 
4200 658 657 656 651 
4201 1002 1009 999 1010 
4202 1012 1006 967 970 
4203 903 906 902 1109 
4204 943 931 972 942 
4205 253 696 695 1165 
4206 427 424 110 436 
4207 780 757 772 759 
4208 19 20 682 1165 
4209 112 107 104 106 
4210 765 752 766 1148 
4211 26 18 235 184 
4212 238 239 242 237 
4213 545 639 651 663 
4214 1050 514 1012 970 
4215 267 270 271 266 
4216 638 654 566 651 
4217 167 168 180 161 
4218 563 552 547 553 
4219 129 126 125 1092 
4220 309 310 315 303 
4221 1048 1035 1031 1034 
4222 997 980 937 940 
4223 1044 1048 1033 1042 
4224 994 963 962 981 
4225 940 997 1030 949 
4226 220 221 54 1167 
4227 992 995 985 989 
4228 657 566 654 651 
4229 776 780 773 782 
4230 856 853 857 867 
4231 979 996 980 947 
4232 1029 1045 1042 1028 
4233 677 660 647 1086 
4234 443 437 433 379 
4235 693 699 694 1159 
4236 284 292 1079 1115 
4237 857 858 868 867 
4238 954 501 499 955 
4239 252 682 20 1165 
4240 342 734 733 1161 
4241 243 621 620 240 
4242 646 632 642 1085 
4243 633 634 642 625 
4244 687 692 686 1165 
4245 1001 509 953 502 
4246 405 446 407 448 
4247 898 950 972 942 
4248 829 837 832 927 
4249 599 679 605 1128 
4250 489 493 481 479 
4251 275 1061 716 1154 
4252 562 1035 1033 1031 
4253 111 103 430 429 
4254 616 612 613 1127 
4255 944 936 943 945 
4256 318 335 319 334 
4257 492 499 491 493 
4258 780 767 757 759 
4259 857 858 859 868 
4260 747 406 760 746 
4261 66 75 74 76 
4262 682 695 681 1165 
4263 828 819 817 813 
4264 340 324 328 339 
4265 641 644 655 643 
4266 304 381 310 303 
4267 1020 1016 1014 1017 
4268 266 265 271 350 
4269 356 760 406 746 
4270 560 561 1036 564 
4271 956 955 500 958 
4272 969 1050 970 1046 
4273 451 450 448 452 
4274 616 611 613 612 
4275 257 254 256 1095 
4276 501 500 955 958 
4277 96 92 98 99 
4278 1033 1031 1048 1044 
4279 1086 677 640 595 
4280 757 767 780 772 
4281 1043 1042 1027 1053 
4282 180 173 179 164 
4283 115 105 430 431 
4284 828 817 819 818 
4285 251 699 700 1159 
4286 607 693 694 1159 
4287 1036 561 1035 564 
4288 234 233 230 236 
4289 1012 1054 1011 1157 
4290 940 937 997 949 
4291 228 230 232 26 
4292 1045 1048 1033 1034 
4293 491 493 489 479 
4294 970 1050 514 1046 
4295 257 1153 1095 1161 
4296 634 644 633 643 
4297 905 1110 903 1150 
4298 289 284 718 292 
4299 985 993 983 986 
4300 431 104 112 432 
4301 384 364 371 301 
4302 295 298 261 1124 
4303 1123 1132 1100 1140 
4304 130 126 129 1092 
4305 104 134 112 140 
4306 678 679 1160 1163 
4307 380 443 433 379 
4308 1052 1053 1043 982 
4309 931 935 929 933 
4310 516 1055 609 1056 
4311 421 417 420 1099 
4312 302 381 382 304 
4313 624 633 642 625 
4314 984 983 899 993 
4315 784 776 773 793 
4316 1027 1030 1026 1025 
4317 261 297 263 1124 
4318 653 654 655 656 
4319 905 904 903 1110 
4320 654 566 657 656 
4321 444 446 405 448 
4322 925 928 930 924 
4323 164 180 173 159 
4324 659 658 631 639 
4325 302 382 371 304 
4326 759 772 780 776 
4327 295 261 258 1124 
4328 168 156 160 169 
4329 747 740 406 746 
4330 298 299 300 1124 
4331 607 222 1127 1159 
4332 1031 1032 1049 1044 
4333 261 258 1124 1161 
4334 159 172 173 152 
4335 678 1159 607 1163 
4336 693 700 699 1159 
4337 967 966 968 1050 
4338 288 73 360 287 
4339 192 37 189 1132 
4340 106 105 104 431 
4341 117 192 119 1147 
4342 765 751 752 1148 
4343 125 129 127 126 
4344 693 690 700 1159 
4345 638 551 650 637 
4346 94 93 101 95 
4347 443 437 438 433 
4348 594 640 677 595 
4349 651 639 658 663 
4350 257 273 1095 1153 
4351 935 943 934 933 
4352 993 985 989 986 
4353 999 1008 1010 1009 
4354 425 426 434 424 
4355 853 856 870 867 
4356 936 931 943 934 
4357 331 312 332 316 
4358 96 97 72 70 
4359 375 386 374 373 
4360 103 111 110 429 
4361 363 365 364 383 
4362 1032 1041 1052 982 
4363 614 605 617 133 
4364 436 424 110 428 
4365 714 1061 275 1074 
4366 104 105 108 432 
4367 1050 1012 967 970 
4368 1056 609 516 616 
4369 639 598 640 659 
4370 607 678 693 1159 
4371 1031 561 1035 1049 
4372 311 263 306 312 
4373 1009 999 1000 1007 
4374 692 1159 678 1163 
4375 965 994 998 964 
4376 681 696 687 1165 
4377 1049 561 1051 1032 
4378 919 819 828 813 
4379 782 773 776 793 
4380 371 373 383 301 
4381 429 110 103 428 
4382 678 607 679 1163 
4383 356 406 740 746 
4384 1050 967 966 970 
4385 639 659 658 663 
4386 1027 1030 1029 1026 
4387 105 115 108 432 
4388 1062 713 717 1073 
4389 1060 1061 714 1062 
4390 129 125 101 1092 
4391 115 105 431 432 
4392 651 658 657 663 
4393 608 609 611 616 
4394 942 943 931 933 
4395 372 373 371 301 
4396 364 384 383 301 
4397 275 713 1074 1154 
4398 491 499 490 493 
4399 378 389 390 377 
4400 383 386 365 301 
4401 547 535 526 548 
4402 633 642 634 643 
4403 821 822 820 814 
4404 653 556 652 638 
4405 1044 1049 1043 1032 
4406 72 69 79 64 
4407 493 481 490 489 
4408 980 998 997 994 
4409 611 610 613 612 
4410 263 261 1124 1161 
4411 935 931 943 933 
4412 70 72 96 64 
4413 297 298 261 295 
4414 1044 1053 1029 1042 
4415 980 997 998 981 
4416 1023 1013 1019 515 
4417 239 242 243 238 
4418 865 870 856 867 
4419 617 614 133 603 
4420 654 653 566 656 
4421 230 229 232 233 
4422 105 104 431 432 
4423 722 1071 1069 721 
4424 660 677 640 1086 
4425 687 681 698 696 
4426 637 541 551 550 
4427 863 783 784 793 
4428 424 426 435 427 
4429 1031 1032 561 1049 
4430 618 222 133 1127 
4431 134 112 107 104 
4432 65 284 280 1079 
4433 490 491 493 489 
4434 1036 561 1051 1049 
4435 1053 1030 1029 1027 
4436 966 969 1050 970 
4437 373 386 383 301 
4438 1048 1031 1035 1049 
4439 1042 1053 1029 1027 
4440 48 215 216 217 
4441 720 1063 1064 716 
4442 609 608 516 616 
4443 365 364 383 301 
4444 95 94 93 90 
4445 438 434 425 433 
4446 697 687 698 250 
4447 561 1036 1035 1049 
4448 334 335 319 341 
4449 1049 1029 1044 1053 
4450 251 222 699 1159 
4451 919 828 921 813 
4452 160 162 168 169 
4453 984 983 993 986 
4454 731 752 730 1148 
4455 128 126 129 130 
4456 654 653 652 638 
4457 1029 1027 1026 1028 
4458 693 678 690 1159 
4459 250 687 698 696 
4460 934 931 943 935 
4461 267 264 270 266 
4462 1027 1029 1042 1028 
4463 684 683 668 688 
4464 653 566 556 638 
4465 656 654 655 641 
4466 687 250 697 1165 
4467 689 668 683 688 
4468 758 753 767 757 
4469 566 653 654 638 
4470 124 122 121 217 
4471 1028 1027 1026 1025 
4472 679 1128 1160 1163 
4473 129 132 125 127 
4474 998 964 963 981 
4475 677 598 640 594 
4476 129 127 126 128 
4477 253 250 696 1165 
4478 937 940 939 949 
4479 305 263 261 296 
4480 941 939 940 949 
4481 1023 1022 916 515 
4482 638 650 652 637 
4483 819 919 828 921 
4484 917 916 1022 515 
4485 1063 720 715 716 
4486 263 311 306 305 
4487 1053 1052 998 982 
4488 269 272 260 273 
4489 726 291 719 718 
4490 730 752 751 1148 
4491 964 994 998 963 
4492 556 650 652 638 
4493 605 617 133 603 
4494 820 725 821 814 
4495 1055 516 517 1056 
4496 273 268 269 265 
4497 824 811 827 815 
4498 729 724 728 1072 
4499 729 821 725 1072 
4500 1053 1044 1049 1043 
4501 406 348 740 747 
4502 777 262 751 1148 
4503 811 827 815 818 
4504 406 830 348 747 
4505 728 1065 724 727 
4506 297 261 263 296 
4507 963 994 998 981 
4508 101 94 95 131 
4509 687 696 250 1165 
4510 694 699 222 1159 
4511 236 231 234 237 
4512 168 162 160 161 
4513 607 694 222 1159 
4514 296 297 261 295 
4515 280 65 1079 288 
4516 1031 1048 1044 1049 
4517 729 725 724 1072 
4518 217 216 48 219 
4519 125 132 129 101 
4520 52 51 46 220 
4521 730 751 262 1148 
4522 1079 290 280 288 
4523 130 128 126 120 
4524 1057 1015 517 1058 
4525 714 713 717 1062 
4526 120 122 121 124 
4527 918 916 1022 917 
4528 256 254 257 255 
4529 1023 1022 515 1019 
4530 1057 517 1056 1058 
4531 981 1052 982 998 
4532 1023 1013 1021 1019 
4533 604 605 133 603 
4534 712 710 785 788 
4535 1021 1020 1013 1014 
4536 284 289 283 280 
4537 921 920 919 813 
4538 1065 719 724 727 
4539 125 132 101 131 
4540 261 296 295 258 
4541 728 724 291 727 
4542 719 291 724 727 
4543 724 726 291 719 
4544 291 726 724 728 
4545 642 641 632 643 
4546 104 105 106 103 
4547 291 292 718 726 
4548 75 79 361 360 
4549 1064 722 1069 1067 
4550 722 1071 1064 1069 
4551 1063 1064 1061 1060 
4552 1059 1062 717 1073 
4553 787 779 780 767 
4554 863 793 792 870 
4555 363 294 385 364 
4556 901 911 32 1000 
4557 990 994 993 1000 
4558 32 31 901 1000 
4559 549 556 555 551 
4560 1052 1012 968 1050 
4561 998 1012 968 1052 
4562 1019 917 1022 515 
4563 1011 998 1012 999 
4564 675 709 689 688 
4565 686 684 668 680 
4566 135 138 143 139 
4567 325 330 327 393 
4568 265 266 271 264 
4569 289 291 292 718 
4570 286 73 280 288 
4571 636 629 627 702 
4572 101 421 515 1092 
4573 515 516 133 1092 
4574 222 221 220 1094 
4575 918 917 914 1099 
4576 423 917 515 1099 
4577 37 44 45 1100 
4578 285 719 718 1115 
4579 589 585 586 1128 
4580 589 593 585 1128 
4581 666 667 676 1160 
4582 676 667 692 1160 
4583 595 591 666 1160 
4584 676 692 678 1160 
4585 678 679 677 1160 
4586 677 676 678 1160 
4587 262 261 263 1161 
4588 262 257 261 1161 
4589 710 257 262 1161 
4590 901 993 984 899 
4591 984 993 901 31 
4592 984 896 901 899 
4593 901 896 984 31 
4594 1108 571 568 570 
4595 1108 568 571 569 
4596 362 1115 725 814 
4597 1124 313 297 306 
4598 307 297 313 306 
4599 1111 470 1125 471 
4600 1111 1125 470 1130 
4601 482 1125 470 471 
4602 482 470 1125 1130 
4603 944 936 950 943 
4604 394 351 58 408 
4605 394 58 351 59 
4606 1119 358 30 357 
4607 1119 30 358 353 
4608 1155 462 1144 461 
4609 1155 1144 462 1097 
4610 353 1121 355 358 
4611 355 1121 353 354 
4612 1162 60 394 1078 
4613 143 188 170 144 
4614 170 138 143 144 
4615 143 138 170 139 
4616 584 583 615 582 
4617 836 498 832 926 
4618 832 498 836 831 
4619 845 861 498 926 
4620 498 861 845 831 
4621 836 845 498 926 
4622 498 845 836 831 
4623 1132 195 147 192 
4624 1070 1066 719 1065 
4625 727 719 1066 1065 
4626 727 1066 719 723 
4627 271 277 285 276 
4628 1113 887 879 1103 
4629 1113 879 887 888 
4630 909 32 911 987 
4631 911 32 909 901 
4632 26 13 235 18 
4633 26 235 13 231 
4634 247 245 1105 248 
4635 246 1105 245 248 
4636 13 240 620 14 
4637 620 240 13 239 
4638 623 15 627 701 
4639 627 15 623 628 
4640 568 578 1093 570 
4641 568 1093 578 1137 
4642 1126 1093 578 570 
4643 1126 578 1093 1137 
4644 98 91 99 100 
4645 99 91 98 89 
4646 91 92 99 100 
4647 99 92 91 89 
4648 91 1118 92 100 
4649 362 1115 724 725 
4650 598 679 594 677 
4651 598 594 679 1128 
4652 359 795 1131 796 
4653 359 1131 795 357 
4654 630 664 647 1086 
4655 647 664 630 1164 
4656 592 598 543 596 
4657 592 543 598 594 
4658 543 598 545 596 
4659 543 545 598 594 
4660 464 480 1149 470 
4661 464 1149 480 469 
4662 1 1134 225 8 
4663 989 986 994 993 
4664 994 986 989 991 
4665 1111 1125 1108 1120 
4666 228 160 169 162 
4667 169 160 228 157 
4668 1151 486 485 487 
4669 1151 485 486 1143 
4670 190 197 57 196 
4671 190 57 197 41 
4672 57 197 1134 196 
4673 57 1134 197 41 
4674 332 730 1148 731 
4675 332 1148 730 316 
4676 890 1109 1110 881 
4677 1110 1109 890 1158 
4678 1110 801 890 881 
4679 890 801 1110 1158 
4680 1109 874 882 1102 
4681 1109 882 874 881 
4682 1112 1133 1150 1102 
4683 1150 1133 1112 1088 
4684 638 551 542 555 
4685 638 542 551 637 
4686 539 542 551 555 
4687 539 551 542 637 
4688 186 179 143 188 
4689 186 143 179 173 
4690 139 179 143 173 
4691 447 392 404 444 
4692 398 404 392 444 
4693 398 392 404 391 
4694 717 711 1073 713 
4695 965 994 1009 968 
4696 999 1009 994 968 
4697 999 994 1009 1000 
4698 74 73 1156 66 
4699 361 75 1156 66 
4700 361 1156 75 360 
4701 75 74 1156 66 
4702 1072 725 1115 821 
4703 1115 822 1072 821 
4704 1072 822 1115 1070 
4705 840 1166 1158 894 
4706 1158 1166 840 907 
4707 183 184 223 182 
4708 1097 462 567 201 
4709 1097 567 462 1136 
4710 187 567 462 201 
4711 187 462 567 1136 
4712 953 502 954 976 
4713 798 29 737 739 
4714 798 737 29 28 
4715 352 737 29 739 
4716 352 29 737 28 
4717 1149 439 83 109 
4718 1149 83 439 440 
4719 1120 577 1137 568 
4720 1120 1137 577 1136 
4721 1143 467 439 466 
4722 1143 439 467 1149 
4723 522 144 520 521 
4724 1138 798 1119 30 
4725 1138 1119 798 797 
4726 1098 1021 1017 1087 
4727 1098 1017 1021 1014 
4728 1105 11 246 6 
4729 1105 246 11 248 
4730 1123 574 209 1105 
4731 1123 209 574 573 
4732 875 416 449 495 
4733 401 416 449 833 
4734 401 449 416 495 
4735 1128 598 599 679 
4736 1128 599 598 597 
4737 173 158 527 163 
4738 173 527 158 1144 
4739 453 527 158 163 
4740 453 158 527 1144 
4741 912 1089 1024 915 
4742 912 1024 1089 1104 
4743 1098 507 1093 506 
4744 1098 1093 507 1157 
4745 1093 507 1120 506 
4746 1093 1120 507 1157 
4747 1120 507 503 506 
4748 1120 503 507 1157 
4749 1106 1135 1119 1131 
4750 1096 1135 1119 1090 
4751 1096 1119 1135 1131 
4752 1125 85 1108 86 
4753 1125 1108 85 1111 
4754 314 315 307 309 
4755 307 315 314 321 
4756 307 308 323 321 
4757 307 323 315 321 
4758 851 853 870 852 
4759 870 853 851 855 
4760 947 946 995 996 
4761 947 995 946 992 
4762 936 946 995 992 
4763 576 666 1164 664 
4764 1164 666 576 704 
4765 1076 805 1077 1074 
4766 1077 805 1076 806 
4767 322 1141 300 325 
4768 1004 513 1087 512 
4769 1004 1087 513 1011 
4770 1098 1087 513 512 
4771 1098 513 1087 1011 
4772 575 1163 587 574 
4773 587 1163 575 1160 
4774 596 1037 592 597 
4775 596 592 1037 1038 
4776 1143 476 445 400 
4777 1143 445 476 466 
4778 1167 1105 245 246 
4779 575 25 1160 1105 
4780 709 25 1160 666 
4781 709 1160 25 1105 
4782 1120 472 1097 1111 
4783 1120 1097 472 473 
4784 460 1097 472 1111 
4785 460 472 1097 473 
4786 677 659 640 598 
4787 640 659 677 660 
4788 1131 358 1119 357 
4789 1131 1119 358 1096 
4790 1114 888 1104 908 
4791 1114 1104 888 1113 
4792 1164 666 647 664 
4793 1164 647 666 671 
4794 1152 540 1136 538 
4795 1152 1136 540 1084 
4796 470 1111 458 471 
4797 458 1111 470 1149 
4798 1121 355 351 354 
4799 1121 351 355 1117 
4800 739 35 29 799 
4801 739 29 35 798 
4802 743 1153 713 1161 
4803 257 1153 713 1154 
4804 257 713 1153 1161 
4805 1150 903 912 910 
4806 1125 471 472 1111 
4807 1125 472 471 482 
4808 1139 1166 842 844 
4809 842 1166 1139 897 
4810 842 841 1139 844 
4811 1139 841 842 897 
4812 842 1166 872 895 
4813 872 1166 842 873 
4814 416 951 449 833 
4815 416 449 951 875 
4816 808 804 1158 807 
4817 808 1158 804 763 
4818 322 321 308 337 
4819 308 321 322 323 
4820 1097 567 1108 202 
4821 1097 1108 567 1120 
4822 564 548 535 552 
4823 535 548 564 554 
4824 1150 795 1106 800 
4825 1150 1106 795 1131 
4826 483 474 1120 473 
4827 483 1120 474 503 
4828 881 1150 1110 801 
4829 1110 1150 881 1109 
4830 590 1160 25 666 
4831 25 1160 590 575 
4832 155 1144 158 116 
4833 177 195 147 196 
4834 520 144 146 188 
4835 508 514 1136 558 
4836 1136 514 508 1157 
4837 1127 608 133 613 
4838 463 469 1149 464 
4839 463 1149 469 468 
4840 143 186 518 173 
4841 143 518 186 519 
4842 527 518 186 173 
4843 527 186 518 519 
4844 552 553 548 547 
4845 552 548 553 564 
4846 1149 477 467 1107 
4847 1149 467 477 468 
4848 705 1164 672 708 
4849 1108 1118 1125 86 
4850 1125 1118 1108 1093 
4851 964 958 956 957 
4852 956 961 964 957 
4853 1135 828 912 812 
4854 266 1090 350 271 
4855 350 1090 266 67 
4856 1093 1087 1011 1098 
4857 1011 1087 1093 1137 
4858 1011 1157 1093 1098 
4859 1093 1157 1011 1137 
4860 139 135 173 143 
4861 139 173 135 136 
4862 518 173 135 143 
4863 518 135 173 136 
4864 599 597 585 615 
4865 585 597 599 1128 
4866 599 585 584 615 
4867 584 585 599 1128 
4868 599 584 583 615 
4869 583 584 599 1128 
4870 599 583 1127 615 
4871 1127 583 599 1128 
4872 909 1104 911 910 
4873 911 1104 909 908 
4874 90 91 92 89 
4875 90 92 91 1118 
4876 25 576 1164 7 
4877 1164 576 25 704 
4878 1164 705 25 7 
4879 25 705 1164 704 
4880 183 149 147 182 
4881 183 147 149 190 
4882 788 786 710 785 
4883 710 786 788 789 
4884 241 1 3 619 
4885 241 3 1 2 
4886 799 34 1110 804 
4887 799 1110 34 800 
4888 1105 575 1123 574 
4889 573 1123 575 574 
4890 573 575 1123 213 
4891 999 967 1009 968 
4892 1009 967 999 1008 
4893 884 893 900 885 
4894 884 900 893 901 
4895 921 1089 828 912 
4896 1135 828 1089 912 
4897 1139 896 971 899 
4898 1139 971 896 884 
4899 154 195 194 119 
4900 194 195 154 178 
4901 194 185 154 119 
4902 154 185 194 178 
4903 1050 1054 514 1047 
4904 514 1054 1050 1012 
4905 1005 513 1011 1004 
4906 1005 1011 513 1012 
4907 1159 250 222 1094 
4908 1159 222 250 251 
4909 1135 815 813 828 
4910 1154 34 1077 1106 
4911 1154 1077 34 805 
4912 225 149 183 223 
4913 225 183 149 8 
4914 248 1105 1165 11 
4915 1165 1105 248 247 
4916 248 249 1165 247 
4917 546 1047 1039 557 
4918 546 1039 1047 1152 
4919 1040 546 1039 557 
4920 1040 1039 546 1152 
4921 560 546 1040 557 
4922 560 1040 546 1152 
4923 848 925 972 926 
4924 972 925 848 932 
4925 529 536 549 539 
4926 549 536 529 525 
4927 549 554 529 539 
4928 716 720 1071 1064 
4929 716 1071 720 721 
4930 722 1071 720 1064 
4931 722 720 1071 721 
4932 84 86 1125 87 
4933 84 1125 86 85 
4934 826 1135 811 825 
4935 1152 186 528 529 
4936 1152 528 186 1144 
4937 1124 1095 343 734 
4938 1124 343 1095 1141 
4939 344 343 1095 734 
4940 344 1095 343 1141 
4941 333 334 316 318 
4942 316 334 342 318 
4943 316 342 334 341 
4944 342 334 335 318 
4945 342 335 334 341 
4946 528 188 519 520 
4947 528 519 188 186 
4948 399 392 398 391 
4949 1156 73 288 65 
4950 1156 288 73 360 
4951 1155 115 80 454 
4952 702 636 1164 670 
4953 1057 1126 1018 1017 
4954 1057 1018 1126 1015 
4955 1141 337 343 338 
4956 1141 343 337 1124 
4957 151 227 184 226 
4958 151 184 227 153 
4959 1152 535 529 534 
4960 490 952 494 509 
4961 490 494 952 497 
4962 389 369 387 388 
4963 387 369 389 370 
4964 572 570 1092 600 
4965 572 1092 570 571 
4966 259 255 1124 258 
4967 183 191 57 190 
4968 183 57 191 8 
4969 1132 210 197 207 
4970 1132 197 210 1123 
4971 1161 258 257 261 
4972 1105 247 1167 245 
4973 221 1167 247 245 
4974 717 712 1073 711 
4975 717 1073 712 1059 
4976 882 890 1109 891 
4977 1109 890 882 881 
4978 701 665 703 702 
4979 701 703 665 619 
4980 1134 21 40 56 
4981 1134 40 21 1123 
4982 137 518 173 136 
4983 173 139 137 136 
4984 513 514 1157 508 
4985 513 1157 514 1012 
4986 628 15 620 14 
4987 620 15 628 623 
4988 1154 273 1090 274 
4989 1154 1090 273 1153 
4990 1123 5 55 17 
4991 1123 55 5 1100 
4992 488 486 1107 487 
4993 1107 486 488 477 
4994 10 683 1165 684 
4995 10 1165 683 9 
4996 1105 683 1165 9 
4997 439 425 380 438 
4998 21 16 1123 17 
4999 21 1123 16 1134 
5000 781 808 1076 809 
5001 781 1076 808 775 
5002 49 51 220 50 
5003 49 220 51 52 
5004 623 626 1085 629 
5005 623 1085 626 624 
5006 642 1085 626 629 
5007 642 626 1085 624 
5008 392 378 445 391 
5009 397 445 378 391 
5010 397 378 445 370 
5011 441 464 1149 458 
5012 441 1149 464 463 
5013 379 378 443 392 
5014 379 443 378 370 
5015 445 443 378 392 
5016 445 378 443 370 
5017 629 634 642 635 
5018 642 634 629 626 
5019 1115 822 825 826 
5020 984 971 899 983 
5021 899 971 984 896 
5022 65 281 280 284 
5023 428 430 429 436 
5024 428 429 430 103 
5025 1040 662 542 661 
5026 542 662 1040 1039 
5027 1085 629 649 665 
5028 649 629 1085 635 
5029 649 645 1085 665 
5030 1085 645 649 635 
5031 529 1152 560 535 
5032 560 1152 529 539 
5033 560 554 529 535 
5034 529 554 560 539 
5035 313 1124 263 306 
5036 263 1124 313 318 
5037 263 312 313 306 
5038 313 312 263 318 
5039 701 629 623 619 
5040 623 629 701 627 
5041 448 403 407 405 
5042 448 407 403 402 
5043 320 314 335 313 
5044 320 335 314 321 
5045 303 315 308 323 
5046 303 308 315 309 
5047 307 308 315 323 
5048 307 315 308 309 
5049 1156 288 1115 65 
5050 1156 1115 288 362 
5051 749 710 742 711 
5052 1025 1030 940 1027 
5053 1025 940 1030 941 
5054 299 295 1124 298 
5055 92 72 100 102 
5056 1118 90 94 91 
5057 1118 94 90 93 
5058 1073 756 1062 713 
5059 1074 1062 756 713 
5060 169 228 184 157 
5061 169 184 228 232 
5062 26 184 228 157 
5063 26 228 184 232 
5064 183 1134 212 198 
5065 43 1100 47 27 
5066 248 20 1165 249 
5067 248 1165 20 11 
5068 888 886 1104 908 
5069 1104 886 888 887 
5070 787 786 750 789 
5071 787 750 786 779 
5072 1148 750 786 789 
5073 1148 786 750 779 
5074 285 65 284 281 
5075 285 284 65 1115 
5076 856 870 866 855 
5077 856 866 870 865 
5078 851 866 870 855 
5079 550 536 541 549 
5080 550 541 536 537 
5081 953 502 977 1001 
5082 977 502 953 976 
5083 687 680 1165 686 
5084 687 1165 680 681 
5085 1072 1065 724 728 
5086 1164 669 670 636 
5087 143 520 188 144 
5088 143 188 520 519 
5089 146 523 522 531 
5090 522 523 146 145 
5091 522 520 146 531 
5092 595 1086 647 664 
5093 647 1086 595 677 
5094 647 666 595 664 
5095 4 1167 245 246 
5096 813 920 1099 921 
5097 915 1099 920 921 
5098 170 144 146 138 
5099 146 144 170 188 
5100 1165 686 1163 692 
5101 1165 1163 686 684 
5102 667 1163 686 692 
5103 667 686 1163 684 
5104 356 763 804 880 
5105 804 763 356 746 
5106 1032 1051 966 969 
5107 1050 966 1051 969 
5108 770 767 780 759 
5109 770 780 767 787 
5110 1100 217 121 48 
5111 1100 121 217 124 
5112 741 732 1148 731 
5113 741 1148 732 745 
5114 125 95 101 93 
5115 101 95 125 131 
5116 792 863 774 793 
5117 209 600 1145 601 
5118 1145 600 209 572 
5119 83 1149 454 441 
5120 454 1149 83 80 
5121 14 622 620 628 
5122 623 620 622 628 
5123 623 622 620 621 
5124 276 281 278 285 
5125 276 278 281 282 
5126 65 278 281 285 
5127 385 59 82 1078 
5128 365 372 373 375 
5129 373 372 365 301 
5130 373 386 365 375 
5131 365 386 373 301 
5132 1040 542 565 661 
5133 555 565 542 661 
5134 555 542 565 539 
5135 38 39 1100 37 
5136 868 872 858 873 
5137 854 858 872 873 
5138 854 872 858 871 
5139 616 516 1127 608 
5140 616 1127 516 1126 
5141 133 1127 516 608 
5142 133 516 1127 1126 
5143 173 150 172 171 
5144 172 150 173 152 
5145 436 109 424 428 
5146 674 672 1164 671 
5147 1164 672 674 705 
5148 1056 1126 517 1057 
5149 517 1126 1056 516 
5150 241 237 13 231 
5151 241 13 237 242 
5152 239 13 237 231 
5153 239 237 13 242 
5154 40 41 1134 42 
5155 69 78 77 71 
5156 69 77 78 79 
5157 76 77 78 71 
5158 76 78 77 79 
5159 262 1161 742 710 
5160 742 1161 262 1148 
5161 262 742 749 710 
5162 749 742 262 1148 
5163 262 749 789 710 
5164 789 749 262 1148 
5165 262 789 786 710 
5166 786 789 262 1148 
5167 695 252 1165 682 
5168 695 1165 252 253 
5169 431 111 105 430 
5170 431 105 111 106 
5171 103 105 111 430 
5172 103 111 105 106 
5173 104 137 140 108 
5174 763 356 760 889 
5175 763 760 356 746 
5176 915 1099 922 920 
5177 813 1099 922 423 
5178 813 922 1099 920 
5179 691 1159 700 690 
5180 700 1159 691 251 
5181 646 1085 645 632 
5182 645 1085 646 635 
5183 929 932 930 942 
5184 929 930 932 928 
5185 925 930 932 942 
5186 925 932 930 928 
5187 996 946 938 947 
5188 938 946 996 948 
5189 938 937 996 947 
5190 605 599 1127 612 
5191 605 1127 599 1128 
5192 766 767 758 753 
5193 316 312 311 317 
5194 316 311 312 263 
5195 697 251 1159 250 
5196 1159 251 697 691 
5197 1159 1165 697 250 
5198 254 260 1095 257 
5199 254 1095 260 272 
5200 273 1095 260 257 
5201 273 260 1095 272 
5202 1065 719 1072 724 
5203 1065 1072 719 1070 
5204 255 256 1095 257 
5205 877 875 1142 876 
5206 877 1142 875 485 
5207 776 783 793 784 
5208 776 793 783 782 
5209 998 982 997 1053 
5210 998 997 982 981 
5211 980 982 997 981 
5212 1127 605 604 607 
5213 604 605 1127 133 
5214 604 618 1127 607 
5215 1127 618 604 133 
5216 1163 1128 607 679 
5217 1163 607 1128 1127 
5218 605 607 1128 679 
5219 605 1128 607 1127 
5220 714 1074 713 1062 
5221 713 1074 714 275 
5222 625 623 626 624 
5223 625 626 623 622 
5224 968 981 998 1052 
5225 1064 716 1061 1075 
5226 1061 716 1064 1063 
5227 605 614 1127 133 
5228 605 1127 614 612 
5229 613 1127 614 133 
5230 613 614 1127 612 
5231 994 980 962 979 
5232 786 777 1148 262 
5233 786 1148 777 778 
5234 1115 1069 719 1070 
5235 1115 719 1069 723 
5236 1066 719 1069 1070 
5237 1066 1069 719 723 
5238 296 306 263 297 
5239 296 263 306 305 
5240 723 1069 722 1066 
5241 723 722 1069 721 
5242 275 1061 715 716 
5243 1063 715 1061 716 
5244 1063 1061 715 1060 
5245 50 220 1167 219 
5246 1167 220 50 49 
5247 50 1167 48 219 
5248 48 1167 50 49 
5249 50 48 216 219 
5250 216 48 50 49 
5251 54 244 1167 221 
5252 4 244 1167 22 
5253 618 607 694 222 
5254 618 694 607 606 
5255 334 732 316 341 
5256 316 732 334 333 
5257 981 994 980 962 
5258 981 980 994 998 
5259 53 46 1167 23 
5260 289 280 286 283 
5261 286 280 289 290 
5262 712 710 789 711 
5263 789 710 712 788 
5264 786 710 777 262 
5265 786 777 710 785 
5266 945 948 946 938 
5267 292 290 280 1079 
5268 280 290 292 289 
5269 280 284 292 1079 
5270 292 284 280 289 
5271 11 9 1165 10 
5272 11 1165 9 6 
5273 39 47 1100 45 
5274 39 1100 47 43 
5275 1105 6 1167 5 
5276 1105 1167 6 246 
5277 4 1167 6 5 
5278 4 6 1167 246 
5279 44 23 1167 46 
5280 45 47 44 46 
5281 47 23 44 46 
5282 56 57 1134 8 
5283 56 1134 57 42 
5284 38 41 1134 40 
5285 1134 41 38 189 
5286 38 1132 1134 189 
5287 43 1100 38 39 
5288 83 105 430 115 
5289 83 430 105 103 
5290 80 114 1155 113 
5291 80 1155 114 115 
5292 61 58 1117 60 
5293 1117 58 61 68 
5294 62 64 1129 69 
5295 1129 64 62 63 
5296 65 66 1156 73 
5297 1156 66 65 62 
5298 97 96 92 98 
5299 92 96 97 72 
5300 92 100 97 98 
5301 97 100 92 72 
5302 100 101 1118 102 
5303 91 101 1118 100 
5304 91 1118 101 94 
5305 79 75 66 76 
5306 66 75 79 361 
5307 810 811 1135 812 
5308 810 1135 811 826 
5309 812 905 1150 810 
5310 1000 31 993 990 
5311 1000 993 31 901 
5312 1063 1067 720 1064 
5313 1063 720 1067 1068 
5314 722 720 1067 1064 
5315 722 1067 720 1068 
5316 711 756 713 802 
5317 711 713 756 1073 
5318 1148 750 758 766 
5319 872 870 858 871 
5320 872 858 870 868 
5321 868 860 843 859 
5322 868 843 860 869 
5323 439 425 367 380 
5324 109 103 430 83 
5325 430 103 109 428 
5326 430 436 109 83 
5327 109 436 430 428 
5328 294 82 385 59 
5329 294 385 82 363 
5330 328 347 348 340 
5331 300 325 303 323 
5332 300 303 325 393 
5333 381 303 325 323 
5334 381 325 303 393 
5335 927 407 452 829 
5336 452 407 927 923 
5337 392 398 405 399 
5338 401 832 449 402 
5339 401 449 832 833 
5340 947 989 996 995 
5341 947 996 989 978 
5342 994 996 989 995 
5343 994 989 996 978 
5344 948 950 936 995 
5345 948 936 950 944 
5346 812 903 1150 905 
5347 1150 903 812 912 
5348 906 872 1166 907 
5349 906 1166 872 902 
5350 901 903 1112 910 
5351 901 1112 903 900 
5352 1000 31 974 32 
5353 1000 974 31 990 
5354 999 1087 1004 1011 
5355 999 1004 1087 1024 
5356 1050 1049 1052 1053 
5357 639 598 663 545 
5358 639 663 598 659 
5359 658 660 631 646 
5360 631 660 658 659 
5361 663 596 545 598 
5362 545 596 663 662 
5363 651 566 661 657 
5364 651 661 566 638 
5365 657 662 651 663 
5366 657 651 662 661 
5367 544 662 651 661 
5368 632 641 656 643 
5369 632 656 641 631 
5370 1047 1036 557 559 
5371 1047 557 1036 1039 
5372 660 676 647 666 
5373 660 647 676 677 
5374 647 676 595 666 
5375 647 595 676 677 
5376 595 676 1160 666 
5377 595 1160 676 677 
5378 666 668 675 673 
5379 583 570 1126 578 
5380 583 1126 570 600 
5381 53 244 1167 54 
5382 1167 244 53 22 
5383 2 18 235 13 
5384 2 235 18 224 
5385 159 180 168 161 
5386 168 160 159 161 
5387 159 160 168 156 
5388 152 156 151 153 
5389 629 665 1164 649 
5390 1164 665 629 702 
5391 1164 636 629 649 
5392 629 636 1164 702 
5393 622 240 620 621 
5394 620 240 622 14 
5395 443 379 444 437 
5396 443 444 379 392 
5397 442 444 379 437 
5398 442 379 444 392 
5399 136 104 140 134 
5400 140 104 136 137 
5401 140 141 136 134 
5402 520 535 529 524 
5403 520 529 535 528 
5404 150 148 181 147 
5405 150 181 148 151 
5406 439 367 436 109 
5407 439 436 367 425 
5408 424 436 367 109 
5409 424 367 436 425 
5410 710 1161 713 257 
5411 300 393 294 302 
5412 272 265 273 269 
5413 273 265 272 349 
5414 278 281 280 65 
5415 1079 724 1115 292 
5416 1079 1115 724 362 
5417 292 726 1115 718 
5418 292 1115 726 724 
5419 719 1115 726 718 
5420 719 726 1115 724 
5421 502 490 953 954 
5422 502 953 490 509 
5423 475 534 1152 532 
5424 475 1152 534 546 
5425 164 173 163 159 
5426 279 278 281 280 
5427 279 281 278 282 
5428 813 362 1135 422 
5429 176 147 195 154 
5430 176 195 147 177 
5431 129 124 1092 133 
5432 1092 124 129 130 
5433 813 814 1115 362 
5434 1115 814 813 815 
5435 1115 1135 813 362 
5436 813 1135 1115 815 
5437 421 417 1129 1082 
5438 1129 417 421 1099 
5439 192 48 1132 218 
5440 121 1122 1132 218 
5441 1132 1122 121 1100 
5442 48 121 1132 218 
5443 1132 121 48 1100 
5444 1093 1092 1098 421 
5445 1093 1098 1092 1126 
5446 515 1098 1092 421 
5447 515 1092 1098 1126 
5448 1098 1126 1017 1014 
5449 597 598 592 596 
5450 597 593 585 592 
5451 597 585 593 1128 
5452 598 594 597 592 
5453 598 597 594 1128 
5454 594 593 597 592 
5455 594 597 593 1128 
5456 1134 189 197 41 
5457 1134 197 189 1132 
5458 190 197 189 41 
5459 190 189 197 1132 
5460 1165 1094 250 1159 
5461 595 593 1128 594 
5462 679 595 1128 594 
5463 679 1128 595 1160 
5464 677 595 679 594 
5465 677 679 595 1160 
5466 342 733 263 1161 
5467 687 678 1159 690 
5468 1159 691 687 690 
5469 173 174 158 171 
5470 173 158 174 1144 
5471 155 158 174 171 
5472 155 174 158 1144 
5473 147 195 190 196 
5474 147 190 195 1132 
5475 197 190 195 196 
5476 197 195 190 1132 
5477 1149 480 477 470 
5478 1107 1162 1078 60 
5479 1078 1162 1107 1143 
5480 478 469 1149 468 
5481 1149 469 478 480 
5482 1149 477 478 468 
5483 478 477 1149 480 
5484 1126 515 517 1014 
5485 674 704 1164 705 
5486 406 328 740 348 
5487 406 740 328 352 
5488 347 740 328 348 
5489 347 328 740 352 
5490 283 281 280 279 
5491 283 280 281 284 
5492 202 199 1097 193 
5493 202 1097 199 1108 
5494 1147 1097 199 193 
5495 1147 199 1097 1108 
5496 535 548 529 525 
5497 535 529 548 554 
5498 549 529 548 525 
5499 549 548 529 554 
5500 1135 1099 828 813 
5501 1135 828 1099 1089 
5502 921 828 1099 813 
5503 921 1099 828 1089 
5504 982 997 940 980 
5505 354 1121 1138 1080 
5506 1138 1121 354 353 
5507 1138 28 354 1080 
5508 354 28 1138 353 
5509 1167 54 46 53 
5510 1167 46 54 220 
5511 51 46 54 53 
5512 51 54 46 220 
5513 403 405 398 399 
5514 398 405 403 444 
5515 1141 337 300 1124 
5516 1141 300 337 322 
5517 308 300 337 1124 
5518 308 337 300 322 
5519 1144 114 154 174 
5520 154 114 1144 116 
5521 154 155 1144 174 
5522 1144 155 154 116 
5523 1154 34 36 805 
5524 1154 36 34 1119 
5525 673 704 1164 674 
5526 1164 704 673 666 
5527 1164 671 673 674 
5528 673 671 1164 666 
5529 453 137 527 163 
5530 453 527 137 518 
5531 173 527 137 163 
5532 173 137 527 518 
5533 1030 1027 997 940 
5534 1030 997 1027 1053 
5535 982 997 1027 940 
5536 982 1027 997 1053 
5537 748 758 1148 750 
5538 1148 745 748 750 
5539 748 745 1148 741 
5540 27 1100 5 43 
5541 5 1100 27 1167 
5542 714 715 1061 1060 
5543 714 1061 715 275 
5544 669 672 1164 670 
5545 1164 672 669 648 
5546 1141 393 300 325 
5547 767 758 779 766 
5548 750 779 758 766 
5549 750 767 779 787 
5550 750 779 767 758 
5551 1122 124 120 121 
5552 124 130 1122 120 
5553 124 1122 130 1092 
5554 126 1122 130 120 
5555 126 130 1122 1092 
5556 259 256 1124 255 
5557 259 1124 256 293 
5558 1095 1124 256 255 
5559 1095 256 1124 293 
5560 245 244 1167 4 
5561 1167 244 245 221 
5562 1123 40 1100 38 
5563 1123 1100 40 55 
5564 43 1100 40 38 
5565 43 40 1100 55 
5566 164 137 173 139 
5567 164 173 137 163 
5568 250 221 1167 247 
5569 1167 221 250 1094 
5570 1167 1105 1165 247 
5571 1165 1105 1167 1094 
5572 250 1167 1165 247 
5573 1165 1167 250 1094 
5574 595 591 1128 593 
5575 595 1128 591 1160 
5576 589 1128 591 593 
5577 589 591 1128 1160 
5578 224 183 223 225 
5579 224 223 183 184 
5580 307 297 1124 313 
5581 1124 297 307 298 
5582 815 816 1115 814 
5583 816 824 1115 825 
5584 1115 824 816 815 
5585 824 1135 1115 825 
5586 1115 1135 824 815 
5587 824 811 1135 825 
5588 1135 811 824 815 
5589 948 936 945 946 
5590 945 936 948 944 
5591 948 946 995 936 
5592 948 995 946 996 
5593 1162 1117 58 60 
5594 58 1117 1162 408 
5595 58 394 1162 60 
5596 1162 394 58 408 
5597 170 143 179 188 
5598 179 143 170 139 
5599 1130 470 494 482 
5600 683 667 1163 684 
5601 1163 667 683 1105 
5602 1163 1165 683 684 
5603 683 1165 1163 1105 
5604 1134 225 183 212 
5605 1134 183 225 8 
5606 225 1 212 1134 
5607 212 1 225 2 
5608 392 404 445 447 
5609 392 445 404 391 
5610 1001 977 987 1002 
5611 1001 987 977 953 
5612 911 1001 987 1002 
5613 911 987 1001 953 
5614 1114 1001 911 1002 
5615 1114 911 1001 953 
5616 994 1009 975 965 
5617 994 975 1009 1000 
5618 973 975 1007 965 
5619 973 1007 975 1000 
5620 975 1009 1007 965 
5621 975 1007 1009 1000 
5622 75 287 73 74 
5623 73 287 75 360 
5624 73 1156 75 74 
5625 75 1156 73 360 
5626 719 1072 1115 1070 
5627 133 124 1094 222 
5628 1094 124 133 1092 
5629 1094 1127 133 222 
5630 133 1127 1094 1092 
5631 803 1153 713 743 
5632 713 1153 803 1154 
5633 396 395 1078 1143 
5634 1078 395 396 82 
5635 366 1143 1149 109 
5636 82 80 1149 1078 
5637 1143 82 1149 1078 
5638 1143 1149 82 366 
5639 396 82 1143 1078 
5640 396 1143 82 366 
5641 1149 83 366 109 
5642 82 83 1149 80 
5643 82 1149 83 366 
5644 1135 1119 1154 1106 
5645 1135 1154 1119 1090 
5646 790 754 750 768 
5647 750 754 790 789 
5648 790 787 750 789 
5649 770 790 750 768 
5650 770 750 790 787 
5651 823 825 1115 822 
5652 823 1115 825 816 
5653 814 823 1115 822 
5654 814 1115 823 816 
5655 820 823 814 822 
5656 820 814 823 816 
5657 958 956 965 964 
5658 958 965 956 955 
5659 961 965 956 964 
5660 961 956 965 955 
5661 575 1123 25 1105 
5662 575 25 1123 213 
5663 1018 1017 1015 1016 
5664 1018 1015 1017 1126 
5665 1014 1015 1017 1016 
5666 1014 1017 1015 1126 
5667 258 257 1124 1161 
5668 258 1124 257 255 
5669 1095 1124 257 1161 
5670 1095 257 1124 255 
5671 342 263 1124 1161 
5672 1124 263 342 336 
5673 1124 343 342 1161 
5674 342 343 1124 336 
5675 1073 788 712 1059 
5676 1043 1052 1049 1053 
5677 1043 1049 1052 1032 
5678 684 685 10 19 
5679 10 685 684 680 
5680 685 1165 10 19 
5681 10 1165 685 680 
5682 685 682 1165 19 
5683 1165 682 685 680 
5684 307 336 308 321 
5685 307 308 336 1124 
5686 337 308 336 321 
5687 337 336 308 1124 
5688 314 313 336 335 
5689 336 313 314 307 
5690 336 321 314 335 
5691 314 321 336 307 
5692 756 1074 1073 1062 
5693 1073 1074 756 755 
5694 24 27 1100 1167 
5695 1100 27 24 47 
5696 711 790 712 1073 
5697 711 712 790 789 
5698 788 712 790 1073 
5699 788 790 712 789 
5700 680 1165 684 10 
5701 684 1165 680 686 
5702 866 870 864 851 
5703 866 864 870 865 
5704 318 342 263 336 
5705 263 342 318 316 
5706 146 522 144 520 
5707 144 522 146 145 
5708 863 774 784 862 
5709 863 784 774 793 
5710 862 774 792 863 
5711 792 774 862 850 
5712 792 864 862 863 
5713 862 864 792 850 
5714 542 565 1152 1040 
5715 542 1152 565 539 
5716 1099 922 913 915 
5717 1099 913 922 423 
5718 992 985 950 988 
5719 950 985 992 995 
5720 950 936 992 988 
5721 992 936 950 995 
5722 996 938 949 937 
5723 949 938 996 948 
5724 998 964 968 965 
5725 968 964 998 981 
5726 1072 724 1115 725 
5727 1115 724 1072 719 
5728 1167 49 52 220 
5729 52 49 1167 44 
5730 52 46 1167 220 
5731 1167 46 52 44 
5732 1100 47 1167 45 
5733 1100 1167 47 24 
5734 44 1167 47 45 
5735 47 23 1167 44 
5736 1167 23 47 24 
5737 1134 38 1123 1132 
5738 1123 38 1134 40 
5739 1156 65 266 67 
5740 266 274 1156 67 
5741 1150 1135 812 810 
5742 912 1135 1150 1088 
5743 912 1150 1135 812 
5744 752 766 758 753 
5745 758 766 752 1148 
5746 758 748 741 753 
5747 741 748 758 1148 
5748 752 758 741 753 
5749 741 758 752 1148 
5750 405 392 444 398 
5751 444 392 405 442 
5752 1049 1032 966 1052 
5753 966 1032 1049 1051 
5754 966 1050 1049 1052 
5755 1049 1050 966 1051 
5756 662 651 545 544 
5757 662 545 651 663 
5758 656 646 632 643 
5759 631 646 656 658 
5760 631 656 646 632 
5761 470 481 1130 494 
5762 470 1130 481 488 
5763 497 1130 481 494 
5764 497 481 1130 488 
5765 704 675 666 709 
5766 666 675 704 673 
5767 668 666 709 667 
5768 668 689 709 688 
5769 709 689 668 667 
5770 675 668 709 688 
5771 675 709 668 666 
5772 168 159 172 180 
5773 172 159 168 156 
5774 156 151 184 181 
5775 156 184 151 153 
5776 151 152 172 156 
5777 172 152 151 150 
5778 172 181 151 156 
5779 151 181 172 150 
5780 136 140 518 141 
5781 518 140 136 137 
5782 713 710 742 1161 
5783 742 710 713 711 
5784 742 802 713 1161 
5785 713 802 742 711 
5786 294 301 300 302 
5787 371 384 294 364 
5788 294 384 371 302 
5789 301 371 294 364 
5790 294 371 301 302 
5791 294 300 1141 393 
5792 1141 300 294 299 
5793 294 299 301 364 
5794 301 299 294 300 
5795 299 1141 295 294 
5796 299 295 1141 1124 
5797 293 295 1141 294 
5798 293 1141 295 1124 
5799 65 278 1156 266 
5800 65 1156 278 285 
5801 1156 278 277 266 
5802 1156 277 278 285 
5803 271 274 277 266 
5804 271 277 274 285 
5805 274 1156 277 266 
5806 274 277 1156 285 
5807 516 515 1126 1092 
5808 516 1126 515 517 
5809 48 1132 37 192 
5810 48 37 1132 1100 
5811 1098 1126 1087 1017 
5812 1098 1087 1126 1093 
5813 1137 1087 1126 1017 
5814 1137 1126 1087 1093 
5815 341 342 1148 316 
5816 1148 342 341 733 
5817 263 730 1148 316 
5818 342 263 1148 316 
5819 1148 263 342 733 
5820 1148 1161 263 733 
5821 263 1161 1148 730 
5822 1159 687 692 678 
5823 692 687 1159 1165 
5824 687 1159 697 691 
5825 697 1159 687 1165 
$EndElements
