# Blender 4.3.2
# www.blender.org
mtllib Gum_Visual1.mtl
o Gum_Visual1
v -0.024787 -0.006204 0.011908
v -0.024800 -0.005579 0.011917
v -0.024794 -0.004964 0.011845
v -0.024779 -0.008069 0.011273
v -0.024802 -0.007450 0.011359
v -0.024814 -0.006828 0.011431
v -0.024826 -0.006205 0.011479
v -0.024835 -0.005590 0.011486
v -0.024825 -0.005024 0.011444
v -0.024803 -0.004611 0.011356
v -0.024796 -0.013758 0.008794
v -0.024803 -0.014712 0.008171
v -0.024828 -0.014301 0.008259
v -0.024861 -0.013740 0.008336
v -0.024787 -0.015189 0.007835
v -0.024847 -0.014793 0.007756
v -0.024893 -0.014311 0.007767
v -0.024941 -0.013735 0.007791
v -0.024837 -0.015266 0.007222
v -0.024919 -0.014840 0.007196
v -0.024983 -0.014323 0.007191
v -0.025044 -0.013736 0.007194
v -0.024903 -0.015307 0.006603
v -0.025012 -0.014862 0.006592
v -0.025093 -0.014332 0.006584
v -0.025163 -0.013740 0.006583
v -0.025421 -0.010001 0.006299
v -0.025429 -0.009365 0.006364
v -0.025433 -0.008731 0.006414
v -0.024780 -0.009335 0.010662
v -0.024802 -0.008704 0.010751
v -0.024792 -0.010624 0.010068
v -0.024815 -0.009980 0.010145
v -0.024838 -0.009341 0.010213
v -0.024860 -0.008711 0.010262
v -0.024790 -0.012501 0.009413
v -0.024820 -0.011870 0.009492
v -0.024844 -0.011245 0.009559
v -0.024868 -0.010619 0.009609
v -0.024893 -0.009982 0.009645
v -0.024913 -0.009347 0.009673
v -0.024932 -0.008716 0.009692
v -0.024826 -0.013130 0.008889
v -0.024860 -0.012499 0.008959
v -0.024895 -0.011868 0.009002
v -0.024926 -0.011240 0.009033
v -0.024955 -0.010612 0.009054
v -0.024983 -0.009980 0.009067
v -0.025007 -0.009349 0.009077
v -0.025024 -0.008719 0.009082
v -0.024898 -0.013123 0.008384
v -0.024939 -0.012495 0.008415
v -0.024980 -0.011865 0.008432
v -0.025016 -0.011237 0.008442
v -0.025049 -0.010608 0.008449
v -0.025083 -0.009979 0.008454
v -0.025112 -0.009350 0.008458
v -0.025129 -0.008721 0.008460
v -0.024988 -0.013119 0.007807
v -0.025036 -0.012493 0.007817
v -0.025086 -0.011865 0.007823
v -0.025126 -0.011237 0.007827
v -0.025162 -0.010609 0.007830
v -0.025195 -0.009982 0.007833
v -0.025225 -0.009352 0.007840
v -0.025242 -0.008723 0.007845
v -0.025101 -0.013119 0.007199
v -0.025155 -0.012494 0.007202
v -0.025207 -0.011867 0.007206
v -0.025249 -0.011239 0.007209
v -0.025279 -0.010613 0.007221
v -0.025305 -0.009989 0.007236
v -0.025327 -0.009357 0.007258
v -0.025338 -0.008726 0.007273
v -0.025216 -0.013123 0.006584
v -0.025266 -0.012497 0.006587
v -0.025312 -0.011869 0.006591
v -0.025350 -0.011236 0.006606
v -0.025366 -0.010616 0.006665
v -0.025378 -0.009997 0.006714
v -0.025390 -0.009362 0.006761
v -0.025396 -0.008729 0.006794
v -0.025431 -0.008102 0.006441
v -0.025427 -0.007491 0.006447
v -0.025421 -0.006957 0.006434
v -0.025414 -0.006619 0.006414
v -0.024826 -0.008075 0.010830
v -0.024847 -0.007453 0.010883
v -0.024858 -0.006830 0.010920
v -0.024865 -0.006206 0.010944
v -0.024868 -0.005589 0.010951
v -0.024849 -0.005011 0.010940
v -0.024813 -0.004530 0.010926
v -0.024884 -0.008083 0.010299
v -0.024902 -0.007458 0.010322
v -0.024902 -0.006832 0.010337
v -0.024899 -0.006207 0.010346
v -0.024897 -0.005585 0.010351
v -0.024878 -0.004987 0.010352
v -0.024832 -0.004461 0.010353
v -0.024954 -0.008088 0.009706
v -0.024972 -0.007462 0.009715
v -0.024970 -0.006835 0.009720
v -0.024954 -0.006209 0.009723
v -0.024938 -0.005585 0.009725
v -0.024916 -0.004974 0.009728
v -0.024866 -0.004407 0.009732
v -0.024811 -0.003916 0.009743
v -0.025040 -0.008091 0.009087
v -0.025053 -0.007464 0.009090
v -0.025053 -0.006837 0.009092
v -0.025036 -0.006211 0.009093
v -0.025016 -0.005585 0.009094
v -0.024987 -0.004964 0.009097
v -0.024929 -0.004366 0.009103
v -0.024860 -0.003826 0.009114
v -0.025143 -0.008093 0.008461
v -0.025155 -0.007466 0.008463
v -0.025154 -0.006839 0.008464
v -0.025134 -0.006212 0.008463
v -0.025108 -0.005586 0.008463
v -0.025078 -0.004960 0.008466
v -0.025024 -0.004344 0.008469
v -0.024945 -0.003758 0.008477
v -0.025252 -0.008095 0.007847
v -0.025258 -0.007468 0.007847
v -0.025255 -0.006842 0.007844
v -0.025235 -0.006218 0.007838
v -0.025204 -0.005588 0.007839
v -0.025170 -0.004960 0.007841
v -0.025121 -0.004336 0.007844
v -0.025047 -0.003723 0.007849
v -0.025340 -0.008097 0.007278
v -0.025340 -0.007471 0.007272
v -0.025336 -0.006854 0.007255
v -0.025321 -0.006240 0.007222
v -0.025288 -0.005597 0.007226
v -0.025252 -0.004961 0.007234
v -0.025207 -0.004331 0.007242
v -0.025142 -0.003706 0.007249
v -0.025396 -0.008099 0.006804
v -0.025394 -0.007480 0.006792
v -0.025393 -0.006892 0.006744
v -0.025392 -0.006325 0.006609
v -0.025360 -0.005607 0.006627
v -0.025323 -0.004952 0.006641
v -0.025267 -0.004317 0.006662
v -0.025196 -0.003689 0.006688
v -0.024869 -0.003228 0.008488
v -0.024965 -0.003139 0.007857
v -0.024889 -0.002611 0.007866
v -0.025062 -0.003095 0.007259
v -0.024981 -0.002519 0.007278
v -0.024905 -0.002014 0.007305
v -0.025095 -0.003074 0.006731
v -0.025024 -0.002475 0.006783
v -0.024877 -0.001958 0.006877
v -0.024807 -0.001582 0.006925
v -0.024964 -0.015337 0.005975
v -0.025109 -0.014880 0.005977
v -0.025191 -0.014338 0.005972
v -0.025256 -0.013745 0.005972
v -0.024921 -0.015280 0.005359
v -0.025175 -0.014894 0.005364
v -0.025260 -0.014347 0.005372
v -0.025319 -0.013754 0.005375
v -0.024846 -0.015221 0.004779
v -0.025161 -0.014883 0.004788
v -0.025271 -0.014352 0.004797
v -0.025299 -0.013756 0.004803
v -0.024983 -0.014782 0.004419
v -0.024987 -0.014324 0.004423
v -0.024982 -0.013749 0.004446
v -0.025427 -0.010917 0.005840
v -0.025436 -0.010540 0.005909
v -0.025446 -0.009983 0.005979
v -0.025456 -0.009363 0.006039
v -0.025460 -0.008733 0.006097
v -0.025439 -0.010912 0.005653
v -0.025452 -0.010531 0.005647
v -0.025452 -0.009974 0.005673
v -0.025298 -0.013128 0.005974
v -0.025335 -0.012503 0.005980
v -0.025373 -0.011868 0.005993
v -0.025406 -0.011177 0.006011
v -0.025412 -0.010593 0.006207
v -0.025415 -0.009364 0.005724
v -0.025414 -0.008733 0.005743
v -0.025355 -0.013136 0.005377
v -0.025378 -0.012511 0.005381
v -0.025406 -0.011875 0.005399
v -0.025442 -0.011185 0.005436
v -0.025401 -0.010588 0.005314
v -0.025368 -0.009979 0.005308
v -0.025291 -0.009367 0.005335
v -0.025123 -0.008736 0.005324
v -0.025296 -0.013133 0.004802
v -0.025244 -0.012507 0.004813
v -0.025161 -0.011886 0.004851
v -0.025141 -0.011238 0.004908
v -0.025084 -0.010612 0.004964
v -0.025036 -0.009998 0.005028
v -0.024972 -0.009433 0.005106
v -0.024897 -0.009018 0.005161
v -0.024935 -0.013140 0.004486
v -0.025457 -0.008105 0.006146
v -0.025449 -0.007496 0.006187
v -0.025439 -0.006963 0.006221
v -0.025427 -0.006615 0.006249
v -0.025416 -0.008101 0.005794
v -0.025404 -0.007480 0.005849
v -0.025381 -0.006884 0.005917
v -0.025392 -0.006297 0.006057
v -0.025247 -0.005589 0.006086
v -0.025129 -0.004940 0.006114
v -0.025074 -0.004305 0.006161
v -0.024980 -0.003686 0.006261
v -0.025124 -0.008087 0.005421
v -0.025108 -0.007464 0.005499
v -0.025070 -0.006845 0.005589
v -0.025004 -0.006226 0.005700
v -0.024901 -0.003070 0.006350
v -0.019739 -0.009969 0.026388
v -0.019769 -0.009336 0.026437
v -0.019782 -0.008708 0.026471
v -0.019779 -0.008085 0.026475
v -0.019759 -0.007471 0.026432
v -0.019716 -0.006860 0.026343
v -0.021007 -0.016593 0.021944
v -0.021023 -0.016175 0.021982
v -0.021049 -0.015608 0.022019
v -0.021080 -0.014993 0.022054
v -0.021111 -0.014368 0.022094
v -0.021147 -0.013740 0.022135
v -0.021068 -0.017127 0.021674
v -0.021142 -0.016701 0.021581
v -0.021185 -0.016195 0.021565
v -0.021226 -0.015607 0.021571
v -0.021265 -0.014987 0.021589
v -0.021303 -0.014364 0.021621
v -0.021344 -0.013735 0.021658
v -0.020377 -0.014381 0.023857
v -0.020408 -0.013745 0.023892
v -0.020419 -0.017239 0.023238
v -0.020438 -0.016812 0.023275
v -0.020462 -0.016240 0.023320
v -0.020491 -0.015626 0.023363
v -0.020521 -0.015003 0.023403
v -0.020555 -0.014378 0.023434
v -0.020594 -0.013745 0.023452
v -0.020461 -0.017738 0.022975
v -0.020571 -0.017327 0.022861
v -0.020629 -0.016824 0.022825
v -0.020658 -0.016238 0.022859
v -0.020688 -0.015624 0.022895
v -0.020720 -0.015000 0.022928
v -0.020754 -0.014373 0.022956
v -0.020792 -0.013744 0.022978
v -0.020650 -0.017917 0.022377
v -0.020783 -0.017410 0.022311
v -0.020874 -0.016842 0.022228
v -0.020861 -0.016228 0.022368
v -0.020880 -0.015618 0.022432
v -0.020908 -0.014997 0.022476
v -0.020938 -0.014371 0.022517
v -0.020970 -0.013744 0.022555
v -0.020672 -0.017899 0.021740
v -0.020987 -0.017581 0.021739
v -0.019733 -0.015616 0.025098
v -0.019772 -0.014991 0.025141
v -0.019810 -0.014365 0.025185
v -0.019847 -0.013737 0.025236
v -0.019792 -0.017789 0.024524
v -0.019819 -0.017400 0.024553
v -0.019848 -0.016853 0.024596
v -0.019881 -0.016244 0.024642
v -0.019919 -0.015618 0.024682
v -0.019964 -0.014995 0.024707
v -0.020006 -0.014370 0.024733
v -0.020043 -0.013739 0.024770
v -0.019911 -0.017886 0.024146
v -0.020011 -0.017416 0.024111
v -0.020052 -0.016855 0.024144
v -0.020088 -0.016247 0.024181
v -0.020126 -0.015624 0.024214
v -0.020167 -0.015001 0.024239
v -0.020204 -0.014376 0.024268
v -0.020234 -0.013743 0.024308
v -0.020037 -0.018006 0.023604
v -0.020266 -0.017457 0.023533
v -0.020264 -0.016853 0.023668
v -0.020284 -0.016246 0.023734
v -0.020313 -0.015626 0.023781
v -0.020346 -0.015004 0.023820
v -0.020133 -0.018138 0.023001
v -0.020124 -0.018066 0.022358
v -0.020142 -0.017976 0.021731
v -0.021635 -0.009948 0.021946
v -0.021695 -0.009319 0.022004
v -0.021764 -0.008693 0.022070
v -0.021617 -0.012455 0.021312
v -0.021660 -0.011834 0.021361
v -0.021712 -0.011209 0.021416
v -0.021773 -0.010581 0.021477
v -0.021837 -0.009950 0.021531
v -0.021906 -0.009320 0.021573
v -0.021978 -0.008693 0.021629
v -0.020988 -0.009933 0.023184
v -0.021033 -0.009315 0.023221
v -0.021086 -0.008693 0.023259
v -0.021005 -0.013115 0.022591
v -0.021041 -0.012479 0.022626
v -0.021077 -0.011847 0.022665
v -0.021121 -0.011214 0.022707
v -0.021167 -0.010576 0.022749
v -0.021210 -0.009938 0.022785
v -0.021259 -0.009315 0.022821
v -0.021319 -0.008692 0.022860
v -0.021190 -0.013109 0.022168
v -0.021238 -0.012472 0.022191
v -0.021280 -0.011843 0.022222
v -0.021329 -0.011213 0.022260
v -0.021382 -0.010579 0.022301
v -0.021435 -0.009945 0.022348
v -0.021489 -0.009318 0.022404
v -0.021551 -0.008693 0.022465
v -0.021390 -0.013099 0.021692
v -0.021438 -0.012462 0.021727
v -0.021481 -0.011838 0.021774
v -0.021529 -0.011210 0.021828
v -0.021582 -0.010580 0.021887
v -0.020366 -0.009962 0.024467
v -0.020373 -0.009336 0.024473
v -0.020373 -0.008707 0.024472
v -0.020437 -0.013111 0.023925
v -0.020464 -0.012480 0.023960
v -0.020492 -0.011851 0.023993
v -0.020515 -0.011220 0.024018
v -0.020536 -0.010587 0.024037
v -0.020556 -0.009954 0.024050
v -0.020572 -0.009329 0.024058
v -0.020584 -0.008702 0.024064
v -0.020630 -0.013113 0.023471
v -0.020661 -0.012481 0.023500
v -0.020691 -0.011850 0.023529
v -0.020719 -0.011217 0.023552
v -0.020747 -0.010579 0.023571
v -0.020774 -0.009942 0.023590
v -0.020800 -0.009320 0.023616
v -0.020827 -0.008695 0.023641
v -0.020827 -0.013114 0.023004
v -0.020858 -0.012481 0.023042
v -0.020887 -0.011848 0.023080
v -0.020919 -0.011214 0.023117
v -0.020952 -0.010575 0.023152
v -0.020660 -0.009183 0.021588
v -0.020779 -0.008754 0.021773
v -0.019748 -0.012491 0.025754
v -0.019788 -0.011853 0.025807
v -0.019823 -0.011220 0.025861
v -0.019847 -0.010594 0.025909
v -0.019865 -0.009969 0.025947
v -0.019875 -0.009339 0.025972
v -0.019876 -0.008711 0.025988
v -0.019884 -0.013113 0.025286
v -0.019920 -0.012488 0.025326
v -0.019958 -0.011853 0.025353
v -0.019989 -0.011222 0.025378
v -0.020014 -0.010594 0.025400
v -0.020028 -0.009967 0.025416
v -0.020018 -0.009339 0.025425
v -0.019998 -0.008712 0.025427
v -0.020078 -0.013111 0.024807
v -0.020112 -0.012483 0.024839
v -0.020143 -0.011852 0.024861
v -0.020165 -0.011222 0.024877
v -0.020185 -0.010593 0.024888
v -0.020199 -0.009966 0.024898
v -0.020189 -0.009338 0.024904
v -0.020168 -0.008711 0.024901
v -0.020261 -0.013111 0.024348
v -0.020290 -0.012481 0.024386
v -0.020316 -0.011851 0.024416
v -0.020334 -0.011222 0.024439
v -0.020350 -0.010592 0.024455
v -0.020134 -0.009240 0.021627
v -0.020162 -0.008795 0.021886
v -0.022266 -0.005554 0.021953
v -0.022312 -0.004939 0.021991
v -0.022319 -0.004347 0.021980
v -0.022269 -0.003816 0.021902
v -0.022272 -0.007446 0.021347
v -0.022328 -0.006814 0.021421
v -0.022373 -0.006184 0.021487
v -0.022411 -0.005559 0.021537
v -0.022454 -0.004940 0.021562
v -0.022457 -0.004346 0.021553
v -0.022395 -0.003837 0.021493
v -0.021637 -0.005532 0.023157
v -0.021682 -0.004943 0.023196
v -0.021683 -0.004427 0.023198
v -0.021645 -0.004086 0.023172
v -0.021675 -0.007455 0.022585
v -0.021743 -0.006811 0.022654
v -0.021814 -0.006170 0.022723
v -0.021885 -0.005541 0.022786
v -0.021939 -0.004937 0.022831
v -0.021937 -0.004368 0.022842
v -0.021864 -0.003833 0.022842
v -0.021837 -0.008074 0.022134
v -0.021909 -0.007453 0.022192
v -0.021980 -0.006814 0.022248
v -0.022051 -0.006178 0.022304
v -0.022115 -0.005551 0.022358
v -0.022161 -0.004939 0.022398
v -0.022157 -0.004354 0.022397
v -0.022094 -0.003831 0.022359
v -0.022053 -0.008071 0.021691
v -0.022121 -0.007448 0.021757
v -0.022177 -0.006814 0.021829
v -0.022221 -0.006181 0.021894
v -0.021034 -0.006176 0.023797
v -0.021097 -0.005551 0.023841
v -0.021129 -0.004958 0.023870
v -0.021139 -0.004451 0.023866
v -0.021124 -0.004121 0.023809
v -0.021134 -0.008068 0.023293
v -0.021182 -0.007440 0.023334
v -0.021238 -0.006804 0.023396
v -0.021309 -0.006168 0.023456
v -0.021385 -0.005541 0.023503
v -0.021424 -0.004952 0.023536
v -0.021422 -0.004438 0.023531
v -0.021331 -0.004029 0.023428
v -0.021384 -0.008071 0.022901
v -0.021446 -0.007448 0.022954
v -0.021507 -0.006807 0.023026
v -0.021571 -0.006167 0.023095
v -0.021417 -0.003658 0.022911
v -0.021613 -0.008074 0.022524
v -0.021339 -0.005589 0.022094
v -0.021385 -0.004972 0.022141
v -0.021415 -0.004397 0.022208
v -0.021420 -0.003861 0.022333
v -0.021349 -0.008142 0.021558
v -0.021426 -0.007490 0.021572
v -0.021430 -0.006847 0.021568
v -0.021410 -0.006213 0.021585
v -0.021428 -0.005581 0.021613
v -0.021466 -0.004961 0.021643
v -0.021505 -0.004364 0.021673
v -0.021541 -0.003825 0.021701
v -0.020373 -0.008077 0.024467
v -0.020380 -0.007446 0.024461
v -0.020398 -0.006817 0.024456
v -0.020429 -0.006193 0.024458
v -0.020453 -0.005574 0.024468
v -0.020449 -0.004980 0.024454
v -0.020419 -0.004446 0.024410
v -0.020597 -0.008071 0.024066
v -0.020621 -0.007439 0.024070
v -0.020669 -0.006808 0.024084
v -0.020726 -0.006182 0.024111
v -0.020772 -0.005563 0.024149
v -0.020796 -0.004972 0.024166
v -0.020812 -0.004451 0.024147
v -0.020797 -0.003979 0.024018
v -0.020858 -0.008066 0.023666
v -0.020902 -0.007436 0.023698
v -0.020965 -0.006805 0.023746
v -0.020692 -0.004567 0.023469
v -0.020795 -0.004088 0.023506
v -0.020694 -0.006028 0.022889
v -0.020813 -0.005580 0.022990
v -0.020979 -0.005053 0.023066
v -0.021096 -0.004558 0.023077
v -0.021173 -0.004174 0.023009
v -0.020674 -0.007901 0.022245
v -0.020774 -0.007465 0.022347
v -0.020856 -0.006912 0.022464
v -0.020954 -0.006303 0.022634
v -0.021165 -0.005621 0.022584
v -0.021247 -0.005018 0.022608
v -0.021291 -0.004498 0.022641
v -0.021311 -0.004162 0.022661
v -0.020895 -0.008167 0.021995
v -0.021160 -0.007504 0.022010
v -0.021256 -0.006875 0.022050
v -0.021301 -0.006244 0.022093
v -0.019862 -0.008088 0.025988
v -0.019821 -0.007472 0.025955
v -0.019766 -0.006860 0.025876
v -0.019726 -0.006239 0.025760
v -0.019978 -0.008087 0.025424
v -0.019934 -0.007466 0.025403
v -0.019887 -0.006850 0.025357
v -0.019867 -0.006230 0.025286
v -0.019850 -0.005609 0.025199
v -0.019755 -0.005030 0.025079
v -0.020150 -0.008083 0.024894
v -0.020135 -0.007456 0.024883
v -0.020131 -0.006831 0.024868
v -0.020135 -0.006209 0.024843
v -0.020128 -0.005593 0.024802
v -0.020087 -0.005008 0.024729
v -0.020034 -0.004503 0.024652
v -0.019947 -0.004144 0.024588
v -0.020249 -0.003947 0.024261
v -0.019955 -0.005325 0.023495
v -0.020071 -0.004973 0.023610
v -0.020157 -0.004555 0.023719
v -0.020190 -0.004197 0.023827
v -0.020283 -0.006574 0.022904
v -0.020213 -0.006129 0.023084
v -0.020228 -0.005577 0.023301
v -0.020523 -0.005045 0.023392
v -0.020174 -0.007966 0.022335
v -0.020206 -0.007510 0.022558
v -0.020257 -0.007032 0.022749
v -0.020197 -0.008367 0.022129
v -0.022334 -0.003492 0.021415
v -0.021852 -0.003482 0.022638
v -0.021987 -0.003376 0.022280
v -0.022136 -0.003301 0.021716
v -0.021590 -0.003377 0.022674
v -0.021575 -0.003342 0.022242
v -0.021646 -0.003320 0.021688
v -0.022879 -0.014353 0.016928
v -0.022913 -0.013735 0.016987
v -0.022914 -0.015975 0.016323
v -0.022933 -0.015552 0.016379
v -0.022963 -0.014977 0.016439
v -0.022998 -0.014358 0.016492
v -0.023038 -0.013737 0.016526
v -0.022260 -0.014997 0.018829
v -0.022299 -0.014367 0.018888
v -0.022339 -0.013730 0.018949
v -0.022308 -0.016581 0.018223
v -0.022328 -0.016171 0.018283
v -0.022359 -0.015608 0.018343
v -0.022398 -0.014995 0.018390
v -0.022444 -0.014367 0.018421
v -0.022492 -0.013736 0.018453
v -0.022308 -0.017037 0.017913
v -0.022413 -0.016665 0.017828
v -0.022465 -0.016185 0.017820
v -0.022510 -0.015609 0.017839
v -0.022557 -0.014993 0.017862
v -0.022606 -0.014364 0.017882
v -0.022652 -0.013738 0.017914
v -0.022372 -0.017118 0.017303
v -0.022560 -0.016728 0.017279
v -0.022630 -0.016199 0.017257
v -0.022670 -0.015609 0.017293
v -0.022713 -0.014989 0.017328
v -0.022755 -0.014358 0.017368
v -0.022793 -0.013736 0.017421
v -0.022376 -0.017117 0.016678
v -0.022712 -0.016805 0.016674
v -0.022812 -0.016215 0.016617
v -0.022817 -0.015600 0.016780
v -0.022844 -0.014983 0.016864
v -0.021615 -0.014973 0.020690
v -0.021650 -0.014356 0.020735
v -0.021691 -0.013731 0.020784
v -0.021643 -0.017141 0.020112
v -0.021668 -0.016761 0.020139
v -0.021699 -0.016221 0.020178
v -0.021733 -0.015611 0.020223
v -0.021772 -0.014981 0.020263
v -0.021817 -0.014359 0.020293
v -0.021867 -0.013730 0.020319
v -0.021743 -0.017251 0.019738
v -0.021819 -0.016771 0.019707
v -0.021864 -0.016222 0.019710
v -0.021908 -0.015617 0.019729
v -0.021953 -0.014991 0.019755
v -0.021998 -0.014362 0.019786
v -0.022046 -0.013727 0.019821
v -0.021874 -0.017320 0.019185
v -0.021998 -0.016786 0.019157
v -0.022038 -0.016221 0.019186
v -0.022078 -0.015618 0.019218
v -0.022119 -0.014995 0.019259
v -0.022158 -0.014363 0.019314
v -0.022199 -0.013725 0.019374
v -0.021935 -0.017308 0.018562
v -0.022194 -0.016801 0.018520
v -0.022199 -0.016212 0.018684
v -0.022225 -0.015614 0.018767
v -0.021956 -0.017306 0.017932
v -0.021959 -0.017254 0.017310
v -0.021949 -0.017185 0.016702
v -0.021095 -0.017701 0.021125
v -0.021275 -0.017289 0.021086
v -0.021330 -0.016777 0.021068
v -0.021374 -0.016217 0.021070
v -0.021416 -0.015607 0.021085
v -0.021456 -0.014979 0.021112
v -0.021491 -0.014359 0.021155
v -0.021529 -0.013731 0.021206
v -0.021136 -0.017716 0.020532
v -0.021497 -0.017388 0.020443
v -0.021523 -0.016797 0.020552
v -0.021549 -0.016223 0.020603
v -0.021580 -0.015607 0.020647
v -0.021084 -0.017699 0.020121
v -0.021364 -0.017623 0.019827
v -0.021384 -0.017563 0.019186
v -0.021403 -0.017474 0.018566
v -0.021420 -0.017384 0.017944
v -0.021431 -0.017292 0.017324
v -0.021433 -0.017198 0.016721
v -0.020689 -0.017848 0.021116
v -0.020705 -0.017786 0.020535
v -0.020712 -0.017720 0.020071
v -0.020775 -0.017657 0.019666
v -0.020803 -0.017580 0.019152
v -0.020822 -0.017489 0.018569
v -0.020835 -0.017393 0.017956
v -0.020843 -0.017295 0.017335
v -0.020847 -0.017200 0.016731
v -0.020162 -0.017889 0.021115
v -0.020175 -0.017798 0.020534
v -0.020183 -0.017721 0.020041
v -0.020200 -0.017654 0.019616
v -0.020211 -0.017579 0.019138
v -0.020219 -0.017490 0.018571
v -0.020225 -0.017394 0.017961
v -0.020228 -0.017296 0.017340
v -0.020230 -0.017200 0.016734
v -0.022885 -0.009962 0.018209
v -0.022914 -0.009335 0.018267
v -0.022940 -0.008709 0.018318
v -0.022897 -0.011867 0.017594
v -0.022932 -0.011230 0.017658
v -0.022963 -0.010596 0.017718
v -0.022990 -0.009965 0.017766
v -0.023017 -0.009338 0.017797
v -0.023041 -0.008711 0.017821
v -0.022946 -0.013113 0.017045
v -0.022979 -0.012489 0.017100
v -0.023014 -0.011864 0.017145
v -0.023053 -0.011230 0.017177
v -0.023088 -0.010598 0.017204
v -0.023115 -0.009968 0.017224
v -0.023141 -0.009340 0.017237
v -0.023162 -0.008713 0.017248
v -0.023077 -0.013113 0.016553
v -0.023115 -0.012486 0.016578
v -0.023153 -0.011859 0.016602
v -0.023191 -0.011229 0.016619
v -0.023226 -0.010599 0.016632
v -0.023252 -0.009970 0.016641
v -0.023274 -0.009343 0.016649
v -0.023293 -0.008715 0.016664
v -0.022257 -0.009319 0.020702
v -0.022312 -0.008694 0.020779
v -0.022242 -0.011195 0.020060
v -0.022295 -0.010576 0.020134
v -0.022352 -0.009951 0.020207
v -0.022408 -0.009323 0.020270
v -0.022466 -0.008697 0.020313
v -0.022243 -0.013088 0.019439
v -0.022290 -0.012466 0.019503
v -0.022338 -0.011836 0.019570
v -0.022386 -0.011204 0.019630
v -0.022443 -0.010580 0.019672
v -0.022504 -0.009955 0.019709
v -0.022562 -0.009328 0.019743
v -0.022615 -0.008701 0.019768
v -0.022384 -0.013096 0.019004
v -0.022435 -0.012472 0.019042
v -0.022490 -0.011845 0.019076
v -0.022544 -0.011214 0.019109
v -0.022600 -0.010586 0.019133
v -0.022654 -0.009958 0.019158
v -0.022705 -0.009331 0.019193
v -0.022747 -0.008704 0.019225
v -0.022542 -0.013105 0.018483
v -0.022595 -0.012480 0.018505
v -0.022647 -0.011853 0.018531
v -0.022697 -0.011221 0.018568
v -0.022744 -0.010590 0.018604
v -0.022785 -0.009960 0.018646
v -0.022823 -0.009333 0.018702
v -0.022853 -0.008707 0.018752
v -0.022698 -0.013111 0.017948
v -0.022743 -0.012486 0.017983
v -0.022785 -0.011861 0.018028
v -0.022824 -0.011227 0.018090
v -0.022857 -0.010593 0.018151
v -0.022828 -0.013112 0.017477
v -0.022862 -0.012489 0.017535
v -0.021738 -0.013095 0.020838
v -0.021789 -0.012460 0.020889
v -0.021844 -0.011834 0.020922
v -0.021906 -0.011205 0.020957
v -0.021969 -0.010578 0.021008
v -0.022035 -0.009949 0.021061
v -0.022099 -0.009319 0.021119
v -0.022158 -0.008693 0.021191
v -0.021922 -0.013096 0.020353
v -0.021976 -0.012465 0.020396
v -0.022032 -0.011832 0.020436
v -0.022090 -0.011199 0.020485
v -0.022145 -0.010576 0.020552
v -0.022201 -0.009949 0.020627
v -0.022097 -0.013092 0.019866
v -0.022146 -0.012465 0.019927
v -0.022193 -0.011832 0.019992
v -0.021977 -0.008639 0.017787
v -0.022278 -0.008928 0.017309
v -0.022305 -0.008925 0.016573
v -0.021572 -0.013095 0.021259
v -0.021433 -0.009253 0.020994
v -0.021564 -0.008733 0.021034
v -0.021465 -0.009906 0.020357
v -0.021537 -0.009433 0.020543
v -0.021608 -0.008705 0.020463
v -0.021517 -0.009945 0.019836
v -0.021572 -0.009260 0.019892
v -0.021459 -0.008657 0.019971
v -0.021421 -0.009778 0.019342
v -0.021377 -0.008613 0.017760
v -0.021414 -0.009093 0.017311
v -0.021472 -0.009263 0.016602
v -0.020908 -0.009798 0.020906
v -0.020922 -0.009397 0.021303
v -0.021231 -0.008784 0.021477
v -0.020885 -0.010123 0.020479
v -0.020849 -0.010731 0.019609
v -0.020993 -0.010418 0.019878
v -0.021362 -0.009200 0.019403
v -0.021200 -0.008617 0.019545
v -0.020881 -0.010597 0.018843
v -0.021262 -0.010045 0.018964
v -0.021079 -0.009216 0.019000
v -0.020906 -0.008604 0.019163
v -0.020846 -0.009781 0.018539
v -0.020791 -0.008828 0.017201
v -0.020799 -0.008963 0.016552
v -0.020211 -0.009862 0.020934
v -0.020183 -0.009579 0.021307
v -0.020216 -0.010155 0.020512
v -0.020223 -0.010686 0.019702
v -0.020210 -0.010444 0.020121
v -0.020227 -0.010770 0.019035
v -0.020716 -0.009206 0.018649
v -0.020561 -0.008604 0.018812
v -0.020134 -0.010509 0.018542
v -0.020374 -0.010047 0.018299
v -0.020225 -0.009296 0.018326
v -0.020122 -0.008637 0.018510
v -0.020378 -0.008596 0.017057
v -0.020326 -0.008610 0.016453
v -0.022949 -0.008083 0.018352
v -0.022947 -0.007456 0.018373
v -0.022948 -0.006826 0.018374
v -0.022941 -0.006191 0.018334
v -0.022908 -0.005561 0.018243
v -0.023047 -0.008085 0.017837
v -0.023040 -0.007458 0.017846
v -0.023032 -0.006829 0.017848
v -0.023015 -0.006198 0.017830
v -0.022973 -0.005573 0.017770
v -0.022924 -0.004971 0.017662
v -0.022872 -0.004368 0.017532
v -0.023166 -0.008087 0.017255
v -0.023152 -0.007460 0.017258
v -0.023136 -0.006833 0.017257
v -0.023115 -0.006205 0.017250
v -0.023070 -0.005583 0.017221
v -0.023011 -0.004975 0.017157
v -0.022962 -0.004369 0.017054
v -0.022872 -0.003753 0.016911
v -0.023298 -0.008087 0.016673
v -0.023286 -0.007460 0.016673
v -0.023269 -0.006833 0.016669
v -0.023248 -0.006207 0.016661
v -0.023207 -0.005584 0.016641
v -0.023150 -0.004972 0.016601
v -0.023096 -0.004363 0.016538
v -0.023020 -0.003744 0.016438
v -0.022368 -0.008070 0.020852
v -0.022423 -0.007446 0.020912
v -0.022478 -0.006816 0.020953
v -0.022520 -0.006188 0.020984
v -0.022547 -0.005562 0.021007
v -0.022573 -0.004941 0.021021
v -0.022566 -0.004337 0.021022
v -0.022487 -0.003802 0.021000
v -0.022520 -0.008072 0.020349
v -0.022572 -0.007446 0.020377
v -0.022622 -0.006818 0.020396
v -0.022651 -0.006191 0.020409
v -0.022658 -0.005565 0.020418
v -0.022660 -0.004942 0.020424
v -0.022643 -0.004328 0.020426
v -0.022566 -0.003748 0.020408
v -0.022659 -0.008074 0.019786
v -0.022700 -0.007447 0.019801
v -0.022737 -0.006821 0.019812
v -0.022750 -0.006194 0.019815
v -0.022740 -0.005568 0.019811
v -0.022721 -0.004944 0.019810
v -0.022684 -0.004326 0.019809
v -0.022609 -0.003731 0.019800
v -0.022778 -0.008077 0.019248
v -0.022803 -0.007450 0.019265
v -0.022823 -0.006824 0.019272
v -0.022826 -0.006195 0.019258
v -0.022796 -0.005567 0.019226
v -0.022756 -0.004947 0.019203
v -0.022703 -0.004330 0.019189
v -0.022619 -0.003728 0.019183
v -0.022866 -0.008080 0.018788
v -0.022874 -0.007453 0.018810
v -0.022886 -0.006825 0.018811
v -0.022885 -0.006192 0.018773
v -0.022852 -0.005563 0.018702
v -0.022803 -0.004950 0.018635
v -0.022741 -0.004338 0.018586
v -0.022634 -0.003735 0.018563
v -0.022712 -0.007360 0.017883
v -0.022708 -0.006860 0.017864
v -0.022659 -0.006444 0.017796
v -0.022860 -0.004958 0.018130
v -0.022800 -0.004352 0.018032
v -0.022682 -0.003747 0.017963
v -0.022769 -0.007307 0.017426
v -0.022688 -0.006824 0.017395
v -0.022608 -0.006439 0.017441
v -0.022760 -0.003756 0.017412
v -0.022214 -0.008069 0.021268
v -0.021972 -0.003749 0.020185
v -0.022044 -0.004987 0.019608
v -0.022104 -0.004336 0.019654
v -0.022109 -0.003729 0.019694
v -0.022080 -0.006095 0.019126
v -0.022208 -0.005575 0.019138
v -0.022247 -0.004950 0.019129
v -0.022219 -0.004318 0.019102
v -0.022126 -0.003675 0.019064
v -0.022059 -0.007389 0.018523
v -0.022192 -0.006915 0.018661
v -0.022337 -0.006331 0.018776
v -0.022407 -0.005574 0.018580
v -0.022331 -0.004944 0.018503
v -0.022188 -0.004391 0.018453
v -0.022214 -0.008214 0.017969
v -0.022372 -0.007639 0.018143
v -0.022588 -0.006912 0.018306
v -0.022601 -0.006216 0.018000
v -0.022441 -0.005571 0.017900
v -0.022242 -0.005007 0.017815
v -0.022756 -0.008217 0.017281
v -0.022783 -0.007547 0.017226
v -0.022557 -0.006787 0.017016
v -0.022471 -0.006184 0.017239
v -0.022246 -0.005641 0.017265
v -0.022533 -0.008095 0.016554
v -0.022423 -0.007412 0.016577
v -0.022269 -0.006761 0.016607
v -0.022094 -0.006191 0.016723
v -0.021974 -0.005764 0.016861
v -0.021590 -0.008100 0.021059
v -0.021538 -0.007460 0.021076
v -0.021473 -0.006838 0.021096
v -0.021443 -0.006224 0.021102
v -0.021479 -0.005609 0.021077
v -0.021523 -0.004968 0.021084
v -0.021584 -0.004351 0.021099
v -0.021649 -0.003809 0.021112
v -0.021528 -0.008064 0.020522
v -0.021437 -0.007444 0.020609
v -0.021464 -0.005684 0.020479
v -0.021610 -0.004987 0.020516
v -0.021713 -0.004353 0.020557
v -0.021798 -0.003811 0.020613
v -0.021322 -0.006026 0.019814
v -0.021596 -0.005584 0.019940
v -0.021806 -0.004982 0.020028
v -0.021909 -0.004351 0.020104
v -0.021627 -0.006683 0.019098
v -0.021575 -0.006202 0.019372
v -0.021884 -0.005615 0.019537
v -0.021962 -0.003374 0.018774
v -0.021478 -0.007450 0.018585
v -0.021541 -0.007059 0.018857
v -0.022021 -0.003878 0.018428
v -0.021802 -0.003444 0.018402
v -0.021448 -0.008195 0.018079
v -0.021518 -0.007823 0.018342
v -0.021982 -0.004515 0.017789
v -0.021745 -0.004005 0.017863
v -0.021515 -0.003493 0.017971
v -0.021935 -0.005189 0.017201
v -0.021539 -0.004693 0.017194
v -0.021955 -0.007395 0.016172
v -0.021802 -0.006766 0.016268
v -0.021547 -0.006145 0.016362
v -0.021561 -0.005511 0.016695
v -0.021350 -0.005061 0.016826
v -0.021356 -0.006846 0.020670
v -0.021347 -0.006265 0.020643
v -0.021325 -0.008040 0.020080
v -0.021189 -0.007441 0.020211
v -0.021114 -0.006867 0.020294
v -0.021174 -0.006363 0.020257
v -0.021324 -0.006019 0.020191
v -0.021031 -0.008025 0.019698
v -0.020880 -0.007446 0.019843
v -0.020781 -0.006880 0.019927
v -0.020878 -0.006379 0.019810
v -0.020944 -0.006790 0.019090
v -0.020996 -0.006496 0.019397
v -0.020830 -0.007430 0.018495
v -0.020893 -0.007129 0.018788
v -0.020839 -0.008118 0.017947
v -0.020819 -0.007762 0.018214
v -0.021335 -0.004086 0.017430
v -0.021128 -0.003514 0.017620
v -0.020786 -0.008475 0.017614
v -0.020914 -0.004574 0.016931
v -0.020830 -0.004074 0.017155
v -0.020889 -0.005968 0.016229
v -0.020909 -0.005469 0.016445
v -0.020878 -0.004996 0.016669
v -0.020729 -0.008017 0.019340
v -0.020565 -0.007459 0.019511
v -0.020483 -0.006914 0.019598
v -0.020620 -0.006589 0.019601
v -0.020391 -0.008020 0.018994
v -0.020227 -0.007468 0.019179
v -0.020132 -0.006683 0.019201
v -0.020617 -0.006621 0.019369
v -0.020198 -0.007359 0.018286
v -0.020273 -0.007060 0.018637
v -0.020376 -0.008032 0.017774
v -0.020157 -0.007720 0.017928
v -0.020672 -0.003515 0.017367
v -0.020219 -0.008275 0.017305
v -0.019808 -0.007906 0.017272
v -0.020300 -0.004501 0.016771
v -0.020260 -0.004049 0.016965
v -0.020167 -0.003515 0.017172
v -0.020003 -0.008243 0.016543
v -0.019782 -0.007792 0.016516
v -0.020235 -0.005971 0.016182
v -0.020251 -0.005460 0.016353
v -0.020274 -0.004949 0.016562
v -0.022910 -0.003142 0.016302
v -0.022399 -0.003376 0.020985
v -0.022456 -0.003211 0.020359
v -0.022404 -0.002906 0.020094
v -0.022499 -0.003208 0.019773
v -0.022413 -0.002859 0.019714
v -0.022503 -0.003195 0.019175
v -0.022394 -0.002784 0.019159
v -0.022485 -0.003199 0.018552
v -0.022355 -0.002777 0.018540
v -0.022507 -0.003202 0.017930
v -0.022339 -0.002768 0.017916
v -0.022559 -0.003200 0.017323
v -0.022361 -0.002754 0.017283
v -0.022696 -0.003175 0.016775
v -0.022498 -0.002709 0.016683
v -0.022077 -0.003176 0.021061
v -0.021990 -0.003103 0.020395
v -0.022214 -0.002859 0.020119
v -0.022073 -0.003186 0.019781
v -0.022090 -0.002584 0.019789
v -0.022020 -0.003112 0.019233
v -0.022052 -0.002295 0.019328
v -0.021950 -0.002096 0.018953
v -0.022212 -0.002386 0.018536
v -0.021949 -0.002056 0.018483
v -0.022172 -0.002404 0.017912
v -0.021899 -0.002091 0.017901
v -0.022190 -0.002395 0.017277
v -0.021898 -0.002084 0.017284
v -0.022319 -0.002352 0.016644
v -0.021979 -0.002028 0.016675
v -0.021734 -0.003366 0.021116
v -0.021856 -0.003447 0.020677
v -0.021857 -0.003009 0.018838
v -0.021732 -0.002544 0.018902
v -0.021689 -0.002197 0.018820
v -0.021633 -0.002982 0.018463
v -0.021497 -0.002525 0.018538
v -0.021483 -0.002012 0.018510
v -0.021455 -0.001874 0.017912
v -0.021423 -0.001877 0.017277
v -0.021472 -0.001831 0.016684
v -0.021336 -0.002979 0.018095
v -0.021198 -0.002524 0.018205
v -0.021146 -0.002147 0.018245
v -0.020950 -0.002969 0.017784
v -0.020809 -0.002476 0.017931
v -0.020835 -0.001838 0.017994
v -0.020819 -0.001700 0.017256
v -0.020514 -0.001609 0.016982
v -0.020943 -0.001700 0.016672
v -0.020522 -0.001586 0.016611
v -0.020488 -0.002958 0.017543
v -0.020330 -0.002460 0.017675
v -0.020266 -0.001997 0.017706
v -0.020225 -0.001625 0.017440
v -0.020133 -0.001540 0.017031
v -0.020096 -0.001458 0.016610
v -0.024149 -0.014966 0.011891
v -0.024172 -0.014366 0.011954
v -0.024202 -0.013748 0.012012
v -0.024189 -0.015874 0.011337
v -0.024225 -0.015496 0.011399
v -0.024247 -0.014959 0.011460
v -0.024275 -0.014366 0.011496
v -0.024309 -0.013747 0.011523
v -0.023514 -0.014975 0.014404
v -0.023541 -0.014365 0.014462
v -0.023569 -0.013742 0.014514
v -0.023590 -0.015966 0.013852
v -0.023605 -0.015544 0.013918
v -0.023629 -0.014973 0.013974
v -0.023661 -0.014366 0.014005
v -0.023696 -0.013744 0.014029
v -0.023592 -0.016421 0.013522
v -0.023682 -0.016048 0.013441
v -0.023730 -0.015561 0.013437
v -0.023766 -0.014981 0.013447
v -0.023802 -0.014370 0.013459
v -0.023840 -0.013746 0.013473
v -0.023613 -0.016478 0.012899
v -0.023812 -0.016103 0.012881
v -0.023876 -0.015571 0.012873
v -0.023912 -0.014982 0.012875
v -0.023946 -0.014370 0.012895
v -0.023981 -0.013748 0.012922
v -0.023553 -0.016449 0.012286
v -0.023959 -0.016159 0.012274
v -0.024015 -0.015567 0.012313
v -0.024042 -0.014973 0.012344
v -0.024070 -0.014367 0.012391
v -0.024099 -0.013748 0.012446
v -0.024043 -0.016176 0.011633
v -0.024133 -0.015547 0.011811
v -0.022942 -0.016477 0.016028
v -0.023015 -0.016066 0.015936
v -0.023058 -0.015569 0.015924
v -0.023100 -0.014983 0.015939
v -0.023141 -0.014365 0.015963
v -0.023183 -0.013741 0.015981
v -0.023047 -0.016605 0.015424
v -0.023154 -0.016124 0.015383
v -0.023208 -0.015583 0.015372
v -0.023251 -0.014984 0.015379
v -0.023290 -0.014368 0.015403
v -0.023328 -0.013742 0.015429
v -0.023214 -0.016729 0.014809
v -0.023320 -0.016157 0.014786
v -0.023360 -0.015586 0.014817
v -0.023394 -0.014979 0.014852
v -0.023425 -0.014366 0.014898
v -0.023455 -0.013741 0.014948
v -0.023235 -0.016690 0.014170
v -0.023491 -0.016178 0.014142
v -0.023496 -0.015579 0.014319
v -0.023215 -0.016630 0.013532
v -0.023207 -0.016568 0.012919
v -0.023168 -0.016502 0.012366
v -0.023090 -0.016448 0.011981
v -0.023351 -0.016393 0.011678
v -0.022288 -0.017074 0.016077
v -0.022774 -0.016959 0.016062
v -0.022674 -0.016948 0.015438
v -0.022659 -0.016870 0.014801
v -0.022677 -0.016794 0.014169
v -0.022687 -0.016687 0.013544
v -0.022694 -0.016600 0.012934
v -0.022687 -0.016513 0.012381
v -0.022673 -0.016445 0.011942
v -0.022728 -0.016381 0.011534
v -0.021899 -0.017108 0.016163
v -0.021813 -0.017052 0.015800
v -0.022064 -0.017000 0.015496
v -0.022081 -0.016898 0.014819
v -0.022094 -0.016799 0.014183
v -0.022104 -0.016700 0.013556
v -0.022110 -0.016603 0.012944
v -0.022110 -0.016515 0.012385
v -0.022108 -0.016443 0.011923
v -0.022120 -0.016375 0.011491
v -0.021420 -0.017114 0.016186
v -0.021404 -0.017049 0.015773
v -0.021461 -0.016984 0.015362
v -0.021479 -0.016895 0.014795
v -0.021487 -0.016799 0.014183
v -0.021492 -0.016700 0.013560
v -0.021495 -0.016604 0.012947
v -0.021496 -0.016516 0.012386
v -0.021496 -0.016442 0.011917
v -0.021499 -0.016373 0.011480
v -0.020845 -0.017115 0.016194
v -0.020842 -0.017047 0.015761
v -0.020855 -0.016978 0.015325
v -0.020862 -0.016893 0.014782
v -0.020865 -0.016798 0.014181
v -0.020867 -0.016700 0.013560
v -0.020869 -0.016604 0.012947
v -0.020870 -0.016516 0.012386
v -0.020871 -0.016441 0.011915
v -0.020872 -0.016372 0.011477
v -0.020231 -0.017116 0.016196
v -0.020231 -0.017047 0.015758
v -0.020234 -0.016977 0.015315
v -0.020236 -0.016892 0.014777
v -0.020238 -0.016798 0.014179
v -0.020239 -0.016700 0.013559
v -0.020240 -0.016604 0.012947
v -0.020241 -0.016515 0.012386
v -0.020241 -0.016441 0.011914
v -0.020242 -0.016372 0.011475
v -0.024155 -0.008704 0.013782
v -0.024161 -0.010607 0.013178
v -0.024200 -0.009971 0.013240
v -0.024244 -0.009337 0.013301
v -0.024294 -0.008706 0.013348
v -0.024161 -0.012502 0.012559
v -0.024197 -0.011865 0.012623
v -0.024238 -0.011234 0.012685
v -0.024282 -0.010605 0.012734
v -0.024331 -0.009971 0.012766
v -0.024385 -0.009338 0.012793
v -0.024441 -0.008707 0.012815
v -0.024234 -0.013125 0.012068
v -0.024270 -0.012498 0.012112
v -0.024314 -0.011864 0.012143
v -0.024362 -0.011232 0.012171
v -0.024413 -0.010602 0.012192
v -0.024466 -0.009970 0.012205
v -0.024521 -0.009338 0.012217
v -0.024576 -0.008707 0.012232
v -0.024347 -0.013122 0.011547
v -0.024389 -0.012493 0.011566
v -0.024438 -0.011862 0.011579
v -0.024489 -0.011232 0.011590
v -0.024540 -0.010602 0.011600
v -0.024590 -0.009970 0.011613
v -0.024639 -0.009336 0.011633
v -0.024680 -0.008704 0.011671
v -0.023522 -0.009345 0.015681
v -0.023541 -0.008715 0.015704
v -0.023514 -0.012473 0.015046
v -0.023542 -0.011851 0.015094
v -0.023570 -0.011226 0.015139
v -0.023598 -0.010599 0.015181
v -0.023622 -0.009971 0.015217
v -0.023645 -0.009342 0.015241
v -0.023671 -0.008712 0.015250
v -0.023598 -0.013111 0.014565
v -0.023629 -0.012478 0.014607
v -0.023664 -0.011853 0.014633
v -0.023701 -0.011226 0.014654
v -0.023738 -0.010598 0.014673
v -0.023774 -0.009969 0.014695
v -0.023811 -0.009339 0.014711
v -0.023846 -0.008709 0.014722
v -0.023732 -0.013115 0.014052
v -0.023771 -0.012485 0.014072
v -0.023813 -0.011856 0.014089
v -0.023855 -0.011228 0.014102
v -0.023896 -0.010601 0.014120
v -0.023935 -0.009969 0.014151
v -0.023975 -0.009337 0.014181
v -0.024014 -0.008706 0.014215
v -0.023879 -0.013120 0.013486
v -0.023920 -0.012492 0.013505
v -0.023960 -0.011860 0.013536
v -0.024001 -0.011232 0.013570
v -0.024040 -0.010604 0.013612
v -0.024077 -0.009970 0.013670
v -0.024115 -0.009336 0.013729
v -0.024017 -0.013124 0.012953
v -0.024051 -0.012498 0.012995
v -0.024087 -0.011864 0.013055
v -0.024124 -0.011234 0.013117
v -0.024130 -0.013125 0.012502
v -0.023224 -0.013112 0.015994
v -0.023262 -0.012482 0.016010
v -0.023296 -0.011856 0.016036
v -0.023330 -0.011228 0.016061
v -0.023362 -0.010599 0.016084
v -0.023387 -0.009972 0.016101
v -0.023406 -0.009344 0.016119
v -0.023422 -0.008715 0.016142
v -0.023365 -0.013110 0.015455
v -0.023399 -0.012477 0.015487
v -0.023427 -0.011852 0.015530
v -0.023455 -0.011226 0.015575
v -0.023482 -0.010599 0.015617
v -0.023504 -0.009972 0.015652
v -0.023485 -0.013109 0.014998
v -0.022026 -0.008599 0.016072
v -0.021480 -0.008734 0.015945
v -0.020915 -0.008711 0.015963
v -0.024154 -0.005542 0.014387
v -0.024175 -0.004927 0.014407
v -0.024197 -0.004310 0.014420
v -0.024212 -0.003687 0.014417
v -0.024192 -0.008077 0.013830
v -0.024230 -0.007449 0.013872
v -0.024269 -0.006819 0.013911
v -0.024305 -0.006183 0.013947
v -0.024335 -0.005550 0.013976
v -0.024362 -0.004930 0.013989
v -0.024384 -0.004309 0.013998
v -0.024392 -0.003686 0.013998
v -0.024344 -0.008077 0.013376
v -0.024393 -0.007450 0.013397
v -0.024439 -0.006821 0.013416
v -0.024480 -0.006191 0.013434
v -0.024512 -0.005561 0.013450
v -0.024533 -0.004936 0.013455
v -0.024545 -0.004312 0.013460
v -0.024546 -0.003688 0.013463
v -0.024496 -0.008078 0.012829
v -0.024546 -0.007450 0.012843
v -0.024590 -0.006823 0.012856
v -0.024629 -0.006196 0.012870
v -0.024656 -0.005568 0.012882
v -0.024665 -0.004942 0.012878
v -0.024664 -0.004316 0.012870
v -0.024654 -0.003690 0.012869
v -0.024629 -0.008076 0.012253
v -0.024672 -0.007451 0.012285
v -0.024703 -0.006826 0.012317
v -0.024731 -0.006200 0.012344
v -0.024749 -0.005574 0.012355
v -0.024745 -0.004949 0.012326
v -0.024727 -0.004323 0.012267
v -0.024701 -0.003694 0.012254
v -0.024721 -0.008072 0.011726
v -0.024751 -0.007450 0.011795
v -0.024770 -0.006826 0.011859
v -0.024768 -0.004341 0.011624
v -0.024723 -0.003690 0.011628
v -0.023553 -0.008086 0.015716
v -0.023554 -0.007458 0.015716
v -0.023552 -0.006830 0.015707
v -0.023547 -0.006202 0.015691
v -0.023546 -0.005576 0.015674
v -0.023538 -0.004962 0.015655
v -0.023529 -0.004347 0.015632
v -0.023697 -0.008083 0.015259
v -0.023713 -0.007455 0.015261
v -0.023725 -0.006826 0.015258
v -0.023736 -0.006194 0.015251
v -0.023745 -0.005565 0.015244
v -0.023747 -0.004949 0.015244
v -0.023750 -0.004332 0.015234
v -0.023749 -0.003702 0.015202
v -0.023875 -0.008081 0.014742
v -0.023898 -0.007452 0.014758
v -0.023920 -0.006821 0.014770
v -0.023944 -0.006185 0.014778
v -0.023965 -0.005551 0.014787
v -0.023978 -0.004935 0.014802
v -0.023992 -0.004316 0.014808
v -0.024005 -0.003692 0.014797
v -0.024046 -0.008078 0.014257
v -0.024075 -0.007449 0.014296
v -0.024101 -0.006818 0.014330
v -0.024128 -0.006181 0.014359
v -0.023429 -0.008087 0.016157
v -0.023422 -0.007460 0.016158
v -0.023411 -0.006832 0.016150
v -0.023396 -0.006205 0.016136
v -0.023375 -0.005582 0.016115
v -0.023339 -0.004968 0.016082
v -0.023306 -0.004353 0.016046
v -0.023259 -0.003726 0.015996
v -0.023509 -0.003714 0.015593
v -0.022711 -0.003611 0.014056
v -0.022773 -0.003583 0.013551
v -0.022711 -0.003488 0.013098
v -0.022030 -0.007993 0.016097
v -0.022323 -0.003640 0.014732
v -0.022068 -0.004342 0.014081
v -0.022309 -0.003989 0.014266
v -0.021995 -0.004827 0.013358
v -0.022187 -0.004498 0.013569
v -0.022572 -0.004034 0.013546
v -0.022121 -0.004900 0.012898
v -0.022402 -0.004369 0.012877
v -0.022551 -0.003770 0.012836
v -0.022167 -0.004816 0.012377
v -0.022239 -0.004285 0.012279
v -0.022195 -0.003697 0.012272
v -0.021448 -0.008028 0.015824
v -0.021425 -0.007424 0.015930
v -0.021344 -0.006851 0.016043
v -0.021249 -0.006441 0.016153
v -0.021563 -0.003747 0.014910
v -0.021509 -0.004435 0.014243
v -0.021568 -0.004126 0.014613
v -0.021509 -0.004998 0.013474
v -0.021522 -0.004735 0.013865
v -0.021427 -0.005555 0.012760
v -0.021618 -0.005265 0.012956
v -0.021633 -0.005688 0.012275
v -0.022070 -0.005091 0.012115
v -0.021961 -0.004283 0.011849
v -0.021765 -0.003665 0.011934
v -0.021490 -0.006170 0.011487
v -0.021675 -0.005764 0.011682
v -0.021805 -0.004948 0.011497
v -0.021565 -0.004242 0.011552
v -0.020710 -0.008193 0.015832
v -0.020816 -0.007468 0.015829
v -0.020782 -0.006880 0.015925
v -0.020803 -0.006396 0.016060
v -0.020840 -0.003673 0.014861
v -0.020840 -0.004405 0.014258
v -0.020839 -0.004068 0.014597
v -0.020868 -0.005024 0.013555
v -0.020848 -0.004719 0.013910
v -0.020856 -0.005615 0.012843
v -0.020881 -0.005322 0.013196
v -0.020971 -0.006185 0.012080
v -0.020907 -0.005895 0.012434
v -0.021374 -0.003651 0.011690
v -0.020908 -0.006468 0.011575
v -0.021350 -0.004852 0.011082
v -0.021094 -0.004227 0.011317
v -0.020923 -0.003660 0.011500
v -0.020281 -0.007996 0.016048
v -0.020186 -0.007540 0.015970
v -0.020103 -0.006960 0.016040
v -0.020253 -0.006402 0.016044
v -0.020186 -0.003546 0.014721
v -0.020174 -0.004291 0.014173
v -0.020174 -0.003936 0.014474
v -0.020201 -0.004971 0.013544
v -0.020184 -0.004629 0.013863
v -0.020224 -0.005622 0.012856
v -0.020212 -0.005307 0.013216
v -0.020311 -0.006205 0.012100
v -0.020246 -0.005924 0.012464
v -0.020277 -0.006485 0.011555
v -0.020611 -0.004247 0.011125
v -0.020415 -0.003680 0.011319
v -0.024186 -0.003068 0.014373
v -0.024358 -0.003066 0.013962
v -0.024261 -0.002464 0.013859
v -0.024157 -0.001887 0.013705
v -0.024500 -0.003067 0.013448
v -0.024391 -0.002468 0.013392
v -0.024273 -0.001932 0.013298
v -0.024185 -0.001550 0.013189
v -0.024597 -0.003068 0.012863
v -0.024479 -0.002463 0.012842
v -0.024341 -0.001906 0.012807
v -0.024229 -0.001455 0.012780
v -0.024649 -0.003069 0.012250
v -0.024542 -0.002454 0.012243
v -0.024406 -0.001866 0.012232
v -0.024287 -0.001353 0.012225
v -0.024672 -0.003068 0.011627
v -0.024584 -0.002448 0.011624
v -0.024469 -0.001840 0.011620
v -0.024354 -0.001275 0.011617
v -0.024257 -0.000799 0.011618
v -0.023723 -0.003088 0.015150
v -0.023673 -0.002536 0.015097
v -0.023615 -0.002128 0.015068
v -0.023984 -0.003072 0.014765
v -0.023923 -0.002473 0.014728
v -0.023805 -0.001874 0.014721
v -0.023738 -0.001438 0.014503
v -0.024113 -0.002464 0.014286
v -0.024015 -0.001866 0.014191
v -0.023839 -0.001301 0.014032
v -0.023753 -0.000999 0.013780
v -0.024054 -0.001324 0.013452
v -0.023844 -0.000903 0.013420
v -0.024119 -0.001097 0.012848
v -0.023920 -0.000702 0.012891
v -0.024188 -0.000928 0.012240
v -0.023992 -0.000480 0.012256
v -0.023874 -0.000185 0.012016
v -0.024151 -0.000393 0.011623
v -0.023931 -0.000050 0.011593
v -0.023176 -0.003122 0.015903
v -0.023107 -0.002597 0.015805
v -0.023017 -0.002276 0.015706
v -0.023463 -0.003102 0.015528
v -0.023403 -0.002549 0.015451
v -0.023256 -0.002096 0.015314
v -0.023362 -0.001632 0.014935
v -0.023379 -0.001342 0.014556
v -0.023397 -0.001140 0.014034
v -0.023558 -0.000932 0.013788
v -0.023244 -0.001039 0.013478
v -0.023526 -0.000835 0.013415
v -0.023258 -0.001041 0.012876
v -0.023526 -0.000748 0.012867
v -0.023385 -0.001105 0.012253
v -0.023564 -0.000629 0.012203
v -0.023670 -0.000335 0.011941
v -0.023332 -0.001621 0.011679
v -0.023477 -0.001158 0.011636
v -0.023575 -0.000668 0.011592
v -0.023602 -0.000240 0.011557
v -0.022799 -0.002632 0.016181
v -0.022655 -0.002148 0.016024
v -0.022566 -0.002435 0.015224
v -0.022699 -0.002138 0.015358
v -0.022683 -0.003012 0.014739
v -0.022795 -0.002614 0.014838
v -0.023070 -0.002099 0.014665
v -0.023202 -0.001668 0.014388
v -0.022823 -0.003183 0.014254
v -0.023047 -0.002579 0.014164
v -0.023151 -0.002030 0.014094
v -0.023194 -0.001563 0.014002
v -0.022893 -0.003059 0.013560
v -0.022982 -0.002507 0.013499
v -0.023038 -0.001948 0.013486
v -0.023084 -0.001446 0.013475
v -0.022727 -0.003035 0.013012
v -0.022706 -0.002475 0.012845
v -0.022871 -0.001890 0.012879
v -0.022997 -0.001392 0.012883
v -0.022520 -0.002279 0.012251
v -0.022826 -0.001862 0.012266
v -0.023127 -0.001483 0.012271
v -0.022662 -0.002408 0.011694
v -0.023054 -0.002033 0.011698
v -0.022077 -0.001972 0.016090
v -0.022200 -0.002888 0.015259
v -0.022106 -0.002563 0.015445
v -0.022085 -0.002241 0.015647
v -0.022206 -0.003231 0.015018
v -0.022469 -0.003153 0.012645
v -0.022435 -0.002747 0.012565
v -0.022076 -0.003150 0.012290
v -0.022078 -0.002636 0.012208
v -0.022230 -0.002975 0.011471
v -0.022116 -0.002655 0.011720
v -0.021496 -0.001881 0.016130
v -0.021497 -0.002919 0.015342
v -0.021476 -0.002570 0.015542
v -0.021474 -0.002200 0.015754
v -0.021516 -0.003302 0.015144
v -0.021631 -0.003174 0.012024
v -0.021583 -0.002802 0.011987
v -0.021535 -0.003070 0.011460
v -0.021546 -0.002803 0.011666
v -0.020942 -0.001765 0.016135
v -0.020818 -0.002852 0.015290
v -0.020821 -0.002482 0.015499
v -0.020851 -0.002083 0.015746
v -0.020826 -0.003241 0.015085
v -0.021256 -0.003193 0.011815
v -0.021217 -0.002878 0.011862
v -0.020828 -0.003187 0.011638
v -0.020894 -0.003002 0.011261
v -0.020919 -0.002763 0.011621
v -0.020449 -0.001624 0.016117
v -0.020046 -0.001425 0.016134
v -0.020175 -0.002335 0.015398
v -0.020182 -0.001907 0.015699
v -0.019923 -0.001603 0.015822
v -0.020183 -0.003131 0.014946
v -0.020175 -0.002726 0.015171
v -0.020262 -0.003186 0.011459
v -0.020265 -0.002771 0.011388
v -0.024242 -0.015925 0.010929
v -0.024314 -0.015499 0.010926
v -0.024352 -0.014964 0.010937
v -0.024386 -0.014368 0.010946
v -0.024425 -0.013748 0.010954
v -0.024345 -0.015996 0.010367
v -0.024422 -0.015507 0.010357
v -0.024464 -0.014965 0.010350
v -0.024500 -0.014369 0.010347
v -0.024540 -0.013750 0.010350
v -0.024325 -0.015940 0.009752
v -0.024512 -0.015512 0.009748
v -0.024568 -0.014963 0.009737
v -0.024604 -0.014369 0.009742
v -0.024643 -0.013754 0.009762
v -0.024318 -0.015892 0.009140
v -0.024613 -0.015533 0.009130
v -0.024663 -0.014960 0.009120
v -0.024696 -0.014369 0.009176
v -0.024728 -0.013758 0.009246
v -0.024304 -0.015849 0.008578
v -0.024664 -0.015577 0.008512
v -0.024747 -0.014954 0.008462
v -0.024769 -0.014354 0.008670
v -0.024258 -0.015813 0.008177
v -0.024543 -0.015712 0.007882
v -0.024536 -0.015649 0.007228
v -0.024504 -0.015529 0.006604
v -0.023938 -0.016249 0.010992
v -0.023889 -0.016154 0.010377
v -0.023878 -0.016061 0.009760
v -0.023879 -0.015982 0.009148
v -0.023877 -0.015903 0.008585
v -0.023878 -0.015837 0.008129
v -0.023939 -0.015773 0.007717
v -0.023959 -0.015695 0.007190
v -0.023966 -0.015600 0.006603
v -0.023342 -0.016298 0.011014
v -0.023339 -0.016201 0.010392
v -0.023342 -0.016101 0.009771
v -0.023345 -0.016006 0.009155
v -0.023347 -0.015915 0.008580
v -0.023350 -0.015839 0.008094
v -0.023363 -0.015772 0.007665
v -0.023371 -0.015695 0.007176
v -0.023377 -0.015605 0.006605
v -0.022740 -0.016296 0.010991
v -0.022745 -0.016202 0.010395
v -0.022748 -0.016104 0.009777
v -0.022751 -0.016007 0.009159
v -0.022752 -0.015916 0.008578
v -0.022754 -0.015837 0.008079
v -0.022757 -0.015769 0.007647
v -0.022760 -0.015694 0.007170
v -0.022762 -0.015605 0.006605
v -0.022125 -0.016294 0.010979
v -0.022128 -0.016202 0.010393
v -0.022130 -0.016105 0.009778
v -0.022131 -0.016007 0.009160
v -0.022133 -0.015915 0.008576
v -0.022134 -0.015836 0.008074
v -0.022135 -0.015768 0.007641
v -0.022136 -0.015693 0.007167
v -0.022137 -0.015605 0.006604
v -0.021501 -0.016293 0.010973
v -0.021502 -0.016201 0.010392
v -0.021503 -0.016105 0.009777
v -0.021504 -0.016007 0.009160
v -0.021505 -0.015915 0.008576
v -0.021506 -0.015836 0.008073
v -0.021507 -0.015768 0.007639
v -0.021508 -0.015693 0.007166
v -0.021508 -0.015605 0.006603
v -0.020872 -0.016293 0.010971
v -0.020873 -0.016201 0.010391
v -0.020874 -0.016104 0.009777
v -0.020875 -0.016007 0.009159
v -0.020876 -0.015915 0.008575
v -0.020877 -0.015836 0.008072
v -0.020877 -0.015768 0.007638
v -0.020878 -0.015693 0.007165
v -0.020879 -0.015604 0.006602
v -0.020243 -0.016292 0.010970
v -0.020243 -0.016201 0.010390
v -0.020244 -0.016104 0.009776
v -0.020244 -0.016007 0.009159
v -0.020245 -0.015915 0.008575
v -0.020247 -0.015836 0.008071
v -0.020247 -0.015768 0.007638
v -0.020248 -0.015693 0.007164
v -0.020249 -0.015604 0.006601
v -0.024467 -0.013121 0.010962
v -0.024511 -0.012492 0.010971
v -0.024557 -0.011863 0.010982
v -0.024603 -0.011235 0.010995
v -0.024645 -0.010608 0.011016
v -0.024686 -0.009971 0.011055
v -0.024719 -0.009334 0.011111
v -0.024749 -0.008702 0.011189
v -0.024581 -0.013123 0.010361
v -0.024623 -0.012495 0.010381
v -0.024660 -0.011866 0.010415
v -0.024693 -0.011242 0.010453
v -0.024723 -0.010616 0.010506
v -0.024754 -0.009975 0.010582
v -0.024680 -0.013127 0.009804
v -0.024716 -0.012499 0.009860
v -0.024746 -0.011869 0.009930
v -0.024770 -0.011245 0.009998
v -0.024758 -0.013130 0.009330
v -0.024775 -0.004132 0.010987
v -0.024727 -0.003629 0.010999
v -0.024785 -0.004021 0.010369
v -0.024735 -0.003563 0.010373
v -0.024759 -0.003468 0.009747
v -0.024799 -0.003356 0.009122
v -0.023309 -0.003553 0.010298
v -0.023303 -0.003492 0.009888
v -0.022730 -0.003641 0.010982
v -0.022665 -0.004918 0.010277
v -0.022844 -0.004435 0.010412
v -0.023046 -0.003876 0.010584
v -0.022833 -0.005078 0.009714
v -0.023144 -0.004371 0.009706
v -0.023254 -0.003751 0.009681
v -0.022717 -0.004905 0.009153
v -0.022880 -0.004314 0.009075
v -0.022910 -0.003664 0.009060
v -0.022222 -0.004169 0.010951
v -0.022151 -0.003760 0.011143
v -0.022042 -0.005018 0.010349
v -0.022122 -0.004528 0.010692
v -0.022104 -0.005657 0.009705
v -0.022285 -0.005267 0.008816
v -0.022482 -0.004301 0.008707
v -0.022457 -0.003638 0.008689
v -0.022026 -0.004800 0.008573
v -0.022046 -0.004241 0.008490
v -0.021992 -0.003637 0.008461
v -0.021423 -0.006046 0.010937
v -0.021502 -0.005456 0.010940
v -0.021418 -0.004104 0.010826
v -0.021429 -0.003727 0.011072
v -0.021376 -0.004862 0.010207
v -0.021428 -0.004473 0.010563
v -0.021367 -0.005416 0.009685
v -0.021321 -0.005252 0.008837
v -0.021061 -0.004409 0.008634
v -0.020957 -0.003782 0.008531
v -0.021596 -0.004781 0.008583
v -0.021529 -0.004274 0.008448
v -0.021490 -0.003693 0.008393
v -0.020899 -0.006314 0.010712
v -0.020900 -0.005487 0.010565
v -0.020794 -0.004841 0.010843
v -0.020787 -0.003546 0.010795
v -0.020938 -0.004305 0.010306
v -0.020747 -0.003929 0.010426
v -0.020935 -0.004928 0.009616
v -0.020783 -0.004521 0.009832
v -0.020480 -0.004028 0.009748
v -0.020932 -0.004850 0.009156
v -0.020688 -0.004420 0.009102
v -0.020506 -0.003827 0.009005
v -0.020236 -0.006365 0.010718
v -0.020207 -0.005596 0.010380
v -0.020199 -0.004881 0.010625
v -0.020090 -0.004266 0.010953
v -0.020364 -0.003603 0.010221
v -0.020287 -0.003582 0.009738
v -0.020372 -0.003489 0.009294
v -0.024673 -0.003054 0.010999
v -0.024594 -0.002445 0.010998
v -0.024488 -0.001828 0.010997
v -0.024377 -0.001234 0.010996
v -0.024278 -0.000728 0.010995
v -0.024676 -0.003030 0.010371
v -0.024593 -0.002440 0.010368
v -0.024483 -0.001829 0.010368
v -0.024362 -0.001232 0.010368
v -0.024257 -0.000720 0.010367
v -0.024702 -0.002979 0.009744
v -0.024621 -0.002422 0.009738
v -0.024499 -0.001828 0.009734
v -0.024359 -0.001239 0.009730
v -0.024237 -0.000728 0.009724
v -0.024739 -0.002889 0.009119
v -0.024664 -0.002375 0.009110
v -0.024548 -0.001810 0.009100
v -0.024400 -0.001233 0.009090
v -0.024262 -0.000720 0.009079
v -0.024802 -0.002755 0.008490
v -0.024725 -0.002279 0.008484
v -0.024612 -0.001768 0.008471
v -0.024459 -0.001223 0.008462
v -0.024311 -0.000705 0.008458
v -0.024193 -0.000284 0.008457
v -0.024813 -0.002145 0.007872
v -0.024711 -0.001689 0.007860
v -0.024553 -0.001196 0.007851
v -0.024374 -0.000685 0.007860
v -0.024237 -0.000252 0.007868
v -0.024816 -0.001602 0.007314
v -0.024687 -0.001153 0.007262
v -0.024476 -0.000644 0.007305
v -0.024299 -0.000224 0.007341
v -0.024810 -0.002463 0.006444
v -0.024696 -0.001874 0.006545
v -0.024556 -0.001263 0.006663
v -0.024406 -0.000623 0.006805
v -0.024249 -0.000252 0.006967
v -0.024181 -0.000325 0.010994
v -0.023953 0.000132 0.011006
v -0.023726 0.000334 0.010715
v -0.024173 -0.000328 0.010361
v -0.024033 0.000065 0.010350
v -0.023748 0.000365 0.010282
v -0.024146 -0.000335 0.009718
v -0.024026 0.000054 0.009719
v -0.023747 0.000410 0.009708
v -0.024155 -0.000321 0.009075
v -0.024027 0.000070 0.009083
v -0.023749 0.000463 0.009086
v -0.024057 0.000115 0.008465
v -0.023803 0.000506 0.008468
v -0.024095 0.000157 0.007867
v -0.023857 0.000552 0.007868
v -0.024127 0.000177 0.007300
v -0.023877 0.000569 0.007310
v -0.023945 -0.001075 0.006511
v -0.023935 -0.000537 0.006605
v -0.023942 0.000024 0.006810
v -0.023749 0.000447 0.006937
v -0.023252 -0.002193 0.011151
v -0.023408 -0.001690 0.011092
v -0.023500 -0.001154 0.011041
v -0.023512 -0.000616 0.011004
v -0.023411 -0.000008 0.011056
v -0.023383 0.000397 0.010744
v -0.023372 -0.003094 0.010292
v -0.023357 -0.002173 0.010661
v -0.023356 -0.002673 0.010215
v -0.023376 -0.001697 0.010565
v -0.023376 -0.001127 0.010535
v -0.023350 0.000502 0.010259
v -0.023297 -0.003055 0.009841
v -0.023275 -0.002668 0.009864
v -0.023311 0.000622 0.009702
v -0.023265 0.000741 0.009062
v -0.023023 0.000891 0.008785
v -0.023430 0.000778 0.008449
v -0.023084 0.000947 0.008383
v -0.023517 0.000838 0.007862
v -0.023137 0.001027 0.007851
v -0.023542 0.000875 0.007288
v -0.023164 0.001099 0.007320
v -0.023362 -0.001011 0.006491
v -0.023351 -0.000514 0.006575
v -0.023343 0.000053 0.006690
v -0.023328 0.000645 0.006839
v -0.023095 0.000981 0.006967
v -0.022812 -0.003167 0.011060
v -0.022919 -0.002694 0.011197
v -0.023301 -0.000564 0.010546
v -0.023157 -0.000069 0.010612
v -0.023134 0.000240 0.010531
v -0.023186 -0.003137 0.010666
v -0.023356 -0.002472 0.010411
v -0.023254 -0.001762 0.010113
v -0.023147 -0.001122 0.010104
v -0.023029 -0.000535 0.010155
v -0.022887 -0.000038 0.010243
v -0.022889 0.000406 0.010214
v -0.023127 -0.003032 0.009487
v -0.023132 -0.002415 0.009660
v -0.022973 -0.001764 0.009660
v -0.022839 -0.001114 0.009694
v -0.022710 -0.000521 0.009776
v -0.022784 0.000715 0.009766
v -0.022808 -0.003006 0.009087
v -0.022712 -0.002376 0.009178
v -0.022732 0.000840 0.009256
v -0.022650 0.000937 0.008849
v -0.022653 0.001055 0.008388
v -0.022671 0.001157 0.007849
v -0.022694 0.001246 0.007307
v -0.022759 -0.000989 0.006494
v -0.022752 -0.000502 0.006575
v -0.022741 0.000053 0.006668
v -0.022724 0.000593 0.006771
v -0.022687 0.001061 0.006883
v -0.022175 -0.003308 0.011315
v -0.022588 -0.000037 0.009885
v -0.022536 0.000312 0.009954
v -0.022581 -0.001742 0.009269
v -0.022442 -0.001108 0.009361
v -0.022296 -0.000511 0.009473
v -0.022168 0.000011 0.009593
v -0.022157 0.000614 0.009815
v -0.022337 -0.002987 0.008765
v -0.022207 -0.002364 0.008858
v -0.022104 -0.001735 0.008988
v -0.021981 -0.001112 0.009116
v -0.022145 0.000880 0.009329
v -0.022112 0.000987 0.008889
v -0.022103 0.001109 0.008395
v -0.022109 0.001234 0.007850
v -0.022122 0.001325 0.007294
v -0.022139 -0.000985 0.006496
v -0.022136 -0.000496 0.006577
v -0.022131 0.000056 0.006669
v -0.022125 0.000588 0.006757
v -0.022120 0.001082 0.006867
v -0.021483 -0.003345 0.011290
v -0.021814 -0.000527 0.009243
v -0.021537 -0.000002 0.009336
v -0.021525 0.000499 0.009471
v -0.021864 -0.003009 0.008557
v -0.021570 -0.002415 0.008656
v -0.021511 -0.001751 0.008811
v -0.021454 -0.001132 0.008973
v -0.021370 -0.000592 0.009110
v -0.021270 -0.000224 0.009204
v -0.021509 0.000887 0.009305
v -0.021506 0.001019 0.008884
v -0.021448 -0.003119 0.008459
v -0.021370 -0.002709 0.008560
v -0.021501 0.001140 0.008392
v -0.021502 0.001268 0.007848
v -0.021507 0.001363 0.007287
v -0.021511 -0.000987 0.006498
v -0.021510 -0.000496 0.006580
v -0.021509 0.000057 0.006671
v -0.021507 0.000588 0.006757
v -0.021506 0.001090 0.006865
v -0.020871 -0.003237 0.011078
v -0.020888 0.000101 0.009264
v -0.020890 0.000469 0.009317
v -0.020595 -0.003110 0.008769
v -0.020821 -0.002454 0.008675
v -0.020850 -0.001773 0.008794
v -0.020871 -0.001145 0.008936
v -0.020881 -0.000604 0.009072
v -0.020884 -0.000201 0.009184
v -0.020882 0.000831 0.009221
v -0.020883 0.001032 0.008863
v -0.020993 -0.003176 0.008552
v -0.021041 -0.002730 0.008568
v -0.020883 0.001148 0.008381
v -0.020881 0.001265 0.007845
v -0.020878 0.001363 0.007286
v -0.020882 -0.000992 0.006500
v -0.020882 -0.000497 0.006581
v -0.020882 0.000057 0.006672
v -0.020881 0.000589 0.006757
v -0.020879 0.001094 0.006862
v -0.020426 -0.003084 0.010831
v -0.020219 -0.002831 0.010906
v -0.020224 -0.003268 0.010410
v -0.019912 -0.002821 0.010322
v -0.020016 -0.003139 0.009712
v -0.019800 -0.002570 0.009595
v -0.019845 -0.001839 0.009356
v -0.019876 -0.001183 0.009278
v -0.019982 -0.000574 0.009270
v -0.020238 -0.000040 0.009277
v -0.020254 0.000421 0.009314
v -0.020239 -0.003051 0.009147
v -0.020171 -0.002473 0.008997
v -0.020243 -0.001809 0.008976
v -0.020330 -0.001167 0.009045
v -0.020411 -0.000616 0.009128
v -0.020503 -0.000244 0.009197
v -0.020257 0.000798 0.009175
v -0.020268 0.001019 0.008835
v -0.020268 0.001139 0.008373
v -0.020259 0.001244 0.007842
v -0.020244 0.001341 0.007287
v -0.020252 -0.000997 0.006501
v -0.020253 -0.000500 0.006582
v -0.020254 0.000056 0.006671
v -0.020253 0.000586 0.006756
v -0.020243 0.001097 0.006854
v -0.024509 -0.015473 0.005982
v -0.024484 -0.015388 0.005382
v -0.024424 -0.015311 0.004867
v -0.024338 -0.015212 0.004543
v -0.024588 -0.014966 0.004337
v -0.024553 -0.014359 0.004260
v -0.024528 -0.013761 0.004334
v -0.023971 -0.015508 0.005991
v -0.023966 -0.015414 0.005395
v -0.023949 -0.015330 0.004882
v -0.023933 -0.015215 0.004517
v -0.023988 -0.014901 0.004261
v -0.023989 -0.014353 0.004229
v -0.023982 -0.013768 0.004317
v -0.023380 -0.015509 0.005997
v -0.023381 -0.015415 0.005401
v -0.023377 -0.015334 0.004887
v -0.023375 -0.015221 0.004499
v -0.023387 -0.014889 0.004235
v -0.023387 -0.014351 0.004211
v -0.023385 -0.013771 0.004301
v -0.022764 -0.015509 0.005999
v -0.022765 -0.015415 0.005403
v -0.022765 -0.015334 0.004887
v -0.022765 -0.015225 0.004488
v -0.022768 -0.014888 0.004217
v -0.022767 -0.014350 0.004194
v -0.022765 -0.013772 0.004285
v -0.022138 -0.015509 0.005999
v -0.022139 -0.015415 0.005402
v -0.022139 -0.015334 0.004886
v -0.022140 -0.015226 0.004482
v -0.022141 -0.014888 0.004203
v -0.022140 -0.014350 0.004174
v -0.022137 -0.013772 0.004267
v -0.021509 -0.015509 0.005998
v -0.021510 -0.015415 0.005401
v -0.021510 -0.015334 0.004884
v -0.021511 -0.015226 0.004476
v -0.021512 -0.014890 0.004187
v -0.021510 -0.014351 0.004152
v -0.021508 -0.013771 0.004247
v -0.020879 -0.015509 0.005997
v -0.020880 -0.015415 0.005400
v -0.020881 -0.015333 0.004881
v -0.020881 -0.015228 0.004469
v -0.020882 -0.014892 0.004171
v -0.020880 -0.014351 0.004129
v -0.020878 -0.013771 0.004225
v -0.020249 -0.015509 0.005996
v -0.020250 -0.015415 0.005399
v -0.020251 -0.015333 0.004879
v -0.020251 -0.015229 0.004462
v -0.020252 -0.014894 0.004155
v -0.020251 -0.014351 0.004106
v -0.020248 -0.013770 0.004202
v -0.024576 -0.008544 0.005220
v -0.024803 -0.012547 0.004564
v -0.024565 -0.011956 0.004647
v -0.024571 -0.011268 0.004757
v -0.024563 -0.010631 0.004861
v -0.024549 -0.010012 0.004961
v -0.024531 -0.009432 0.005056
v -0.024517 -0.008950 0.005137
v -0.024487 -0.013169 0.004429
v -0.024410 -0.012637 0.004516
v -0.024314 -0.012266 0.004576
v -0.024002 -0.008465 0.005205
v -0.023978 -0.011812 0.004643
v -0.023990 -0.011248 0.004738
v -0.023993 -0.010637 0.004840
v -0.023991 -0.010016 0.004945
v -0.023988 -0.009418 0.005045
v -0.023986 -0.008898 0.005132
v -0.023969 -0.013180 0.004414
v -0.023944 -0.012648 0.004503
v -0.023919 -0.012225 0.004573
v -0.023383 -0.011757 0.004639
v -0.023386 -0.011230 0.004727
v -0.023388 -0.010635 0.004827
v -0.023388 -0.010018 0.004930
v -0.023387 -0.009413 0.005032
v -0.023387 -0.008874 0.005122
v -0.023382 -0.013182 0.004401
v -0.023374 -0.012641 0.004491
v -0.023368 -0.012190 0.004566
v -0.022764 -0.011725 0.004630
v -0.022765 -0.011216 0.004715
v -0.022765 -0.010632 0.004813
v -0.022765 -0.010018 0.004916
v -0.022765 -0.009410 0.005018
v -0.022766 -0.008860 0.005110
v -0.022764 -0.013181 0.004386
v -0.022762 -0.012630 0.004479
v -0.022760 -0.012162 0.004557
v -0.022137 -0.011699 0.004620
v -0.022137 -0.011205 0.004703
v -0.022137 -0.010628 0.004799
v -0.022137 -0.010016 0.004902
v -0.022138 -0.009407 0.005004
v -0.022138 -0.008849 0.005098
v -0.022137 -0.013179 0.004372
v -0.022136 -0.012618 0.004466
v -0.022136 -0.012136 0.004547
v -0.021507 -0.011674 0.004610
v -0.021508 -0.011194 0.004690
v -0.021508 -0.010625 0.004785
v -0.021508 -0.010015 0.004888
v -0.021508 -0.009405 0.004990
v -0.021509 -0.008841 0.005085
v -0.021507 -0.013176 0.004356
v -0.021507 -0.012606 0.004454
v -0.021507 -0.012111 0.004537
v -0.020876 -0.011649 0.004600
v -0.020877 -0.011184 0.004677
v -0.020878 -0.010622 0.004772
v -0.020878 -0.010014 0.004873
v -0.020879 -0.009403 0.004976
v -0.020879 -0.008834 0.005072
v -0.020877 -0.013173 0.004338
v -0.020877 -0.012594 0.004441
v -0.020876 -0.012085 0.004527
v -0.020241 -0.011624 0.004589
v -0.020244 -0.011175 0.004664
v -0.020246 -0.010620 0.004757
v -0.020248 -0.010014 0.004859
v -0.020249 -0.009402 0.004962
v -0.020249 -0.008830 0.005061
v -0.020246 -0.013170 0.004319
v -0.020245 -0.012580 0.004427
v -0.020243 -0.012058 0.004517
v -0.024864 -0.005590 0.005778
v -0.024594 -0.004972 0.005863
v -0.024560 -0.004318 0.005974
v -0.024532 -0.003694 0.006075
v -0.024584 -0.008044 0.005299
v -0.024577 -0.007463 0.005392
v -0.024562 -0.006851 0.005496
v -0.024528 -0.006237 0.005612
v -0.024458 -0.005667 0.005714
v -0.024356 -0.005264 0.005780
v -0.023991 -0.004808 0.005856
v -0.023989 -0.004286 0.005943
v -0.023981 -0.003696 0.006041
v -0.024002 -0.008016 0.005280
v -0.023999 -0.007463 0.005373
v -0.023995 -0.006858 0.005480
v -0.023985 -0.006247 0.005599
v -0.023964 -0.005679 0.005707
v -0.023939 -0.005218 0.005787
v -0.023389 -0.004763 0.005865
v -0.023389 -0.004271 0.005947
v -0.023386 -0.003695 0.006042
v -0.023392 -0.007986 0.005271
v -0.023391 -0.007454 0.005362
v -0.023390 -0.006860 0.005473
v -0.023388 -0.006251 0.005594
v -0.023383 -0.005681 0.005705
v -0.023377 -0.005197 0.005791
v -0.023391 -0.008425 0.005197
v -0.022769 -0.004754 0.005868
v -0.022769 -0.004267 0.005949
v -0.022768 -0.003695 0.006044
v -0.022767 -0.007960 0.005262
v -0.022768 -0.007444 0.005354
v -0.022768 -0.006858 0.005468
v -0.022768 -0.006253 0.005589
v -0.022767 -0.005682 0.005702
v -0.022766 -0.005192 0.005793
v -0.022766 -0.008398 0.005188
v -0.022141 -0.004754 0.005870
v -0.022141 -0.004266 0.005952
v -0.022141 -0.003694 0.006047
v -0.022139 -0.007939 0.005253
v -0.022139 -0.007436 0.005348
v -0.022140 -0.006856 0.005464
v -0.022140 -0.006253 0.005585
v -0.022140 -0.005683 0.005699
v -0.022140 -0.005193 0.005793
v -0.022138 -0.008377 0.005177
v -0.021512 -0.004755 0.005871
v -0.021512 -0.004267 0.005954
v -0.021512 -0.003694 0.006049
v -0.021510 -0.007923 0.005247
v -0.021510 -0.007429 0.005345
v -0.021510 -0.006854 0.005460
v -0.021511 -0.006253 0.005581
v -0.021511 -0.005684 0.005696
v -0.021511 -0.005194 0.005792
v -0.021509 -0.008360 0.005167
v -0.020882 -0.004755 0.005871
v -0.020882 -0.004267 0.005955
v -0.020882 -0.003695 0.006051
v -0.020880 -0.007912 0.005243
v -0.020880 -0.007424 0.005341
v -0.020881 -0.006853 0.005456
v -0.020881 -0.006252 0.005577
v -0.020881 -0.005683 0.005692
v -0.020881 -0.005194 0.005789
v -0.020880 -0.008348 0.005159
v -0.020252 -0.004754 0.005870
v -0.020252 -0.004267 0.005956
v -0.020252 -0.003695 0.006053
v -0.020250 -0.007904 0.005241
v -0.020251 -0.007420 0.005338
v -0.020251 -0.006851 0.005452
v -0.020251 -0.006252 0.005573
v -0.020251 -0.005683 0.005688
v -0.020251 -0.005192 0.005786
v -0.020250 -0.008340 0.005154
v -0.024497 -0.003076 0.006177
v -0.024437 -0.002473 0.006280
v -0.024353 -0.001930 0.006374
v -0.024284 -0.001540 0.006438
v -0.023969 -0.003082 0.006145
v -0.023946 -0.002475 0.006248
v -0.023912 -0.001926 0.006342
v -0.023889 -0.001483 0.006413
v -0.023383 -0.003084 0.006144
v -0.023376 -0.002473 0.006246
v -0.023364 -0.001912 0.006339
v -0.023354 -0.001442 0.006418
v -0.022767 -0.003084 0.006146
v -0.022765 -0.002472 0.006247
v -0.022762 -0.001905 0.006341
v -0.022759 -0.001424 0.006421
v -0.022141 -0.003084 0.006148
v -0.022141 -0.002472 0.006250
v -0.022140 -0.001905 0.006344
v -0.022139 -0.001422 0.006424
v -0.021512 -0.003084 0.006150
v -0.021512 -0.002472 0.006252
v -0.021512 -0.001906 0.006346
v -0.021512 -0.001425 0.006426
v -0.020882 -0.003084 0.006153
v -0.020882 -0.002473 0.006254
v -0.020882 -0.001909 0.006348
v -0.020882 -0.001429 0.006427
v -0.020252 -0.003084 0.006155
v -0.020252 -0.002473 0.006256
v -0.020252 -0.001911 0.006349
v -0.020252 -0.001434 0.006429
v -0.015351 -0.018429 0.031418
v -0.014994 -0.019043 0.031530
v -0.015108 -0.018545 0.031675
v -0.016576 -0.013699 0.031377
v -0.015958 -0.013701 0.032639
v -0.015943 -0.014956 0.032000
v -0.016053 -0.014327 0.032117
v -0.016176 -0.013702 0.032230
v -0.015996 -0.016250 0.031414
v -0.016067 -0.015603 0.031501
v -0.016159 -0.014959 0.031592
v -0.016271 -0.014328 0.031689
v -0.016389 -0.013702 0.031793
v -0.015295 -0.017451 0.031958
v -0.015409 -0.016847 0.032071
v -0.015511 -0.016233 0.032175
v -0.015611 -0.015600 0.032280
v -0.015722 -0.014961 0.032387
v -0.015840 -0.014331 0.032513
v -0.015444 -0.018010 0.031490
v -0.015553 -0.017447 0.031597
v -0.015669 -0.016853 0.031695
v -0.015768 -0.016240 0.031790
v -0.015849 -0.015601 0.031892
v -0.015186 -0.018034 0.031821
v -0.016595 -0.009963 0.032661
v -0.016607 -0.009332 0.032674
v -0.016590 -0.008704 0.032650
v -0.016595 -0.011842 0.032049
v -0.016649 -0.011211 0.032123
v -0.016696 -0.010584 0.032190
v -0.016743 -0.009961 0.032240
v -0.016761 -0.009333 0.032255
v -0.016739 -0.008707 0.032231
v -0.016659 -0.013081 0.031478
v -0.016712 -0.012461 0.031553
v -0.016763 -0.011840 0.031610
v -0.016822 -0.011212 0.031655
v -0.016873 -0.010583 0.031704
v -0.016922 -0.009958 0.031746
v -0.016946 -0.009334 0.031764
v -0.016920 -0.008710 0.031747
v -0.016058 -0.013074 0.032754
v -0.016149 -0.012448 0.032846
v -0.016244 -0.011829 0.032919
v -0.016323 -0.011206 0.032987
v -0.016386 -0.010585 0.033038
v -0.016442 -0.009962 0.033072
v -0.016457 -0.009332 0.033083
v -0.016449 -0.008706 0.033075
v -0.016281 -0.013081 0.032324
v -0.016364 -0.012459 0.032398
v -0.016438 -0.011838 0.032468
v -0.016497 -0.011209 0.032545
v -0.016547 -0.010584 0.032610
v -0.016477 -0.013082 0.031891
v -0.016538 -0.012461 0.031973
v -0.016713 -0.008082 0.032168
v -0.016629 -0.007464 0.032053
v -0.016879 -0.008085 0.031700
v -0.016811 -0.007464 0.031613
v -0.016681 -0.006878 0.031477
v -0.016539 -0.006299 0.031328
v -0.016406 -0.008088 0.033045
v -0.016283 -0.007479 0.032957
v -0.016117 -0.006883 0.032819
v -0.015949 -0.006292 0.032650
v -0.016563 -0.008083 0.032593
v -0.016454 -0.007470 0.032488
v -0.016294 -0.006878 0.032353
v -0.016137 -0.006288 0.032189
v -0.015957 -0.005708 0.031995
v -0.016484 -0.006877 0.031902
v -0.016331 -0.006298 0.031747
v -0.016171 -0.005764 0.031591
v -0.016012 -0.005415 0.031450
v -0.015799 -0.005692 0.032407
v -0.015578 -0.005273 0.032179
v -0.015722 -0.005226 0.031698
v -0.015191 -0.004857 0.031726
v -0.014926 -0.004690 0.031452
v -0.018575 -0.018345 0.026734
v -0.017953 -0.018414 0.027705
v -0.018135 -0.018587 0.027329
v -0.018195 -0.018661 0.026748
v -0.017324 -0.018357 0.028588
v -0.017659 -0.018606 0.028021
v -0.017646 -0.018832 0.027391
v -0.017639 -0.018773 0.026755
v -0.016655 -0.018427 0.029499
v -0.016639 -0.018906 0.029228
v -0.016863 -0.018557 0.029134
v -0.016739 -0.019005 0.028651
v -0.017057 -0.018742 0.028622
v -0.016744 -0.018972 0.028109
v -0.017168 -0.018920 0.028052
v -0.016705 -0.018933 0.027746
v -0.016986 -0.018885 0.027443
v -0.017030 -0.018782 0.026775
v -0.016012 -0.018946 0.030180
v -0.016118 -0.018594 0.030241
v -0.016156 -0.019040 0.029795
v -0.016415 -0.018616 0.029756
v -0.016237 -0.019084 0.029233
v -0.016288 -0.019065 0.028653
v -0.016311 -0.018995 0.028129
v -0.016322 -0.018931 0.027719
v -0.016392 -0.018867 0.027313
v -0.016421 -0.018779 0.026753
v -0.015469 -0.019033 0.030880
v -0.015509 -0.018638 0.031100
v -0.015692 -0.019105 0.030441
v -0.015847 -0.018625 0.030641
v -0.015710 -0.019223 0.029857
v -0.015728 -0.019167 0.029258
v -0.015751 -0.019081 0.028670
v -0.015767 -0.018997 0.028141
v -0.015776 -0.018929 0.027709
v -0.015794 -0.018861 0.027277
v -0.015805 -0.018777 0.026742
v -0.015129 -0.019313 0.031036
v -0.015132 -0.019327 0.030478
v -0.015132 -0.019271 0.029883
v -0.015145 -0.019177 0.029280
v -0.015158 -0.019083 0.028685
v -0.015167 -0.018999 0.028149
v -0.015171 -0.018929 0.027707
v -0.015176 -0.018860 0.027268
v -0.015180 -0.018776 0.026737
v -0.019131 -0.015645 0.026377
v -0.019173 -0.015002 0.026428
v -0.019216 -0.014365 0.026481
v -0.019262 -0.013738 0.026535
v -0.018494 -0.015624 0.027606
v -0.018546 -0.014990 0.027666
v -0.018599 -0.014359 0.027726
v -0.018656 -0.013730 0.027784
v -0.018550 -0.017843 0.026998
v -0.018576 -0.017426 0.027050
v -0.018614 -0.016860 0.027105
v -0.018661 -0.016251 0.027159
v -0.018713 -0.015630 0.027208
v -0.018765 -0.014994 0.027255
v -0.018820 -0.014362 0.027302
v -0.018879 -0.013736 0.027351
v -0.018733 -0.017941 0.026632
v -0.018793 -0.017443 0.026655
v -0.018841 -0.016864 0.026690
v -0.018889 -0.016257 0.026730
v -0.018936 -0.015638 0.026776
v -0.018979 -0.014999 0.026831
v -0.019023 -0.014365 0.026886
v -0.019072 -0.013740 0.026944
v -0.017862 -0.014351 0.028860
v -0.017932 -0.013716 0.028931
v -0.017877 -0.016872 0.028237
v -0.017941 -0.016245 0.028295
v -0.018002 -0.015615 0.028357
v -0.018059 -0.014985 0.028429
v -0.018120 -0.014355 0.028495
v -0.018190 -0.013722 0.028548
v -0.018032 -0.018015 0.027733
v -0.018076 -0.017469 0.027807
v -0.018132 -0.016871 0.027872
v -0.018200 -0.016248 0.027921
v -0.018266 -0.015620 0.027977
v -0.018322 -0.014989 0.028046
v -0.018377 -0.014357 0.028114
v -0.018433 -0.013727 0.028174
v -0.018353 -0.018059 0.027263
v -0.018355 -0.017467 0.027408
v -0.018388 -0.016867 0.027487
v -0.018439 -0.016248 0.027547
v -0.017206 -0.013700 0.030110
v -0.017220 -0.015602 0.029482
v -0.017282 -0.014970 0.029546
v -0.017355 -0.014337 0.029624
v -0.017438 -0.013704 0.029713
v -0.017248 -0.017819 0.028842
v -0.017295 -0.017410 0.028902
v -0.017360 -0.016850 0.028974
v -0.017417 -0.016234 0.029050
v -0.017473 -0.015605 0.029112
v -0.017540 -0.014975 0.029164
v -0.017614 -0.014344 0.029229
v -0.017690 -0.013710 0.029313
v -0.017460 -0.017929 0.028530
v -0.017549 -0.017434 0.028549
v -0.017625 -0.016858 0.028598
v -0.017683 -0.016239 0.028665
v -0.017738 -0.015610 0.028730
v -0.017798 -0.014980 0.028794
v -0.017753 -0.018014 0.028120
v -0.017814 -0.017459 0.028178
v -0.016576 -0.014961 0.030757
v -0.016665 -0.014327 0.030855
v -0.016768 -0.013699 0.030954
v -0.016613 -0.016871 0.030134
v -0.016673 -0.016239 0.030204
v -0.016724 -0.015600 0.030267
v -0.016788 -0.014962 0.030345
v -0.016883 -0.014329 0.030425
v -0.016988 -0.013700 0.030515
v -0.016715 -0.018019 0.029552
v -0.016775 -0.017466 0.029659
v -0.016845 -0.016864 0.029745
v -0.016914 -0.016236 0.029802
v -0.016972 -0.015600 0.029857
v -0.017031 -0.014965 0.029930
v -0.017113 -0.014331 0.030015
v -0.017032 -0.018048 0.029080
v -0.017048 -0.017456 0.029247
v -0.017104 -0.016856 0.029348
v -0.017164 -0.016234 0.029421
v -0.015952 -0.018062 0.030739
v -0.016058 -0.017474 0.030840
v -0.016150 -0.016869 0.030934
v -0.016223 -0.016247 0.031017
v -0.016294 -0.015604 0.031083
v -0.016375 -0.014961 0.031163
v -0.016472 -0.014328 0.031266
v -0.016208 -0.018063 0.030350
v -0.016307 -0.017479 0.030442
v -0.016391 -0.016870 0.030523
v -0.016453 -0.016242 0.030602
v -0.016507 -0.015601 0.030672
v -0.016468 -0.018057 0.029930
v -0.016541 -0.017475 0.030045
v -0.015684 -0.018053 0.031129
v -0.015809 -0.017464 0.031221
v -0.015913 -0.016863 0.031320
v -0.019129 -0.008701 0.028237
v -0.019095 -0.011189 0.027594
v -0.019146 -0.010568 0.027653
v -0.019202 -0.009946 0.027712
v -0.019264 -0.009323 0.027777
v -0.019330 -0.008700 0.027832
v -0.019125 -0.013115 0.027004
v -0.019180 -0.012475 0.027065
v -0.019232 -0.011834 0.027129
v -0.019286 -0.011197 0.027184
v -0.019346 -0.010575 0.027222
v -0.019408 -0.009952 0.027262
v -0.019469 -0.009326 0.027312
v -0.019531 -0.008701 0.027356
v -0.019317 -0.013113 0.026581
v -0.019378 -0.012480 0.026621
v -0.019436 -0.011842 0.026671
v -0.019492 -0.011209 0.026719
v -0.019548 -0.010585 0.026759
v -0.019598 -0.009961 0.026801
v -0.019644 -0.009332 0.026855
v -0.019679 -0.008704 0.026895
v -0.018477 -0.010560 0.028839
v -0.018533 -0.009941 0.028888
v -0.018586 -0.009319 0.028927
v -0.018629 -0.008695 0.028960
v -0.018488 -0.013096 0.028232
v -0.018543 -0.012464 0.028290
v -0.018599 -0.011830 0.028344
v -0.018654 -0.011193 0.028399
v -0.018708 -0.010562 0.028459
v -0.018776 -0.009942 0.028509
v -0.018845 -0.009321 0.028553
v -0.018902 -0.008698 0.028596
v -0.018713 -0.013102 0.027836
v -0.018772 -0.012467 0.027885
v -0.018834 -0.011829 0.027932
v -0.018892 -0.011191 0.027985
v -0.018944 -0.010566 0.028048
v -0.019005 -0.009944 0.028112
v -0.019070 -0.009322 0.028176
v -0.018937 -0.013109 0.027406
v -0.018990 -0.012471 0.027469
v -0.019043 -0.011830 0.027532
v -0.017835 -0.012438 0.029463
v -0.017885 -0.011823 0.029515
v -0.017934 -0.011201 0.029557
v -0.017979 -0.010572 0.029595
v -0.018014 -0.009947 0.029638
v -0.018050 -0.009322 0.029678
v -0.018081 -0.008698 0.029706
v -0.018006 -0.013081 0.029008
v -0.018069 -0.012447 0.029082
v -0.018128 -0.011825 0.029131
v -0.018186 -0.011197 0.029168
v -0.018239 -0.010566 0.029206
v -0.018279 -0.009943 0.029251
v -0.018317 -0.009320 0.029292
v -0.018351 -0.008695 0.029324
v -0.018258 -0.013090 0.028608
v -0.018315 -0.012458 0.028676
v -0.018370 -0.011829 0.028734
v -0.018423 -0.011195 0.028786
v -0.017225 -0.011220 0.030773
v -0.017262 -0.010585 0.030816
v -0.017299 -0.009955 0.030852
v -0.017336 -0.009331 0.030876
v -0.017331 -0.008706 0.030861
v -0.017300 -0.013078 0.030197
v -0.017360 -0.012453 0.030261
v -0.017397 -0.011835 0.030319
v -0.017437 -0.011214 0.030368
v -0.017481 -0.010582 0.030402
v -0.017521 -0.009953 0.030430
v -0.017558 -0.009328 0.030452
v -0.017572 -0.008703 0.030457
v -0.017533 -0.013074 0.029787
v -0.017601 -0.012444 0.029845
v -0.017643 -0.011827 0.029899
v -0.017683 -0.011205 0.029947
v -0.017725 -0.010577 0.029986
v -0.017764 -0.009950 0.030024
v -0.017802 -0.009325 0.030058
v -0.017828 -0.008701 0.030078
v -0.017770 -0.013076 0.029394
v -0.017559 -0.008588 0.027890
v -0.017606 -0.009271 0.027331
v -0.017737 -0.008813 0.027479
v -0.017627 -0.009894 0.026660
v -0.017726 -0.009447 0.026847
v -0.018001 -0.008786 0.026789
v -0.016860 -0.013080 0.031038
v -0.016922 -0.012460 0.031097
v -0.016974 -0.011840 0.031142
v -0.017023 -0.011216 0.031184
v -0.017065 -0.010584 0.031233
v -0.017110 -0.009957 0.031277
v -0.017139 -0.009333 0.031299
v -0.017114 -0.008709 0.031277
v -0.017080 -0.013080 0.030602
v -0.017139 -0.012459 0.030669
v -0.017182 -0.011840 0.030724
v -0.017147 -0.009127 0.027875
v -0.017100 -0.008741 0.028145
v -0.017233 -0.009884 0.027303
v -0.017151 -0.009515 0.027621
v -0.016930 -0.011132 0.026641
v -0.017080 -0.010752 0.026760
v -0.017260 -0.010285 0.026897
v -0.016441 -0.009233 0.028043
v -0.016435 -0.008800 0.028267
v -0.016531 -0.010431 0.027305
v -0.016508 -0.010051 0.027566
v -0.016459 -0.009640 0.027820
v -0.016472 -0.011595 0.026570
v -0.016417 -0.011223 0.026836
v -0.016461 -0.010808 0.027087
v -0.015741 -0.009093 0.027916
v -0.015801 -0.008694 0.028125
v -0.015767 -0.010354 0.027275
v -0.015749 -0.009944 0.027491
v -0.015741 -0.009519 0.027707
v -0.015774 -0.011596 0.026615
v -0.015747 -0.011176 0.026831
v -0.015758 -0.010753 0.027055
v -0.015372 -0.008547 0.027947
v -0.015124 -0.009713 0.027232
v -0.015168 -0.009297 0.027456
v -0.015141 -0.008775 0.027681
v -0.015105 -0.010993 0.026624
v -0.015164 -0.010589 0.026836
v -0.015150 -0.010164 0.027034
v -0.019180 -0.008071 0.028283
v -0.019223 -0.007445 0.028318
v -0.019252 -0.006823 0.028336
v -0.019227 -0.006209 0.028306
v -0.019149 -0.005617 0.028212
v -0.019394 -0.008073 0.027866
v -0.019440 -0.007448 0.027885
v -0.019458 -0.006826 0.027891
v -0.019420 -0.006215 0.027875
v -0.019301 -0.005676 0.027805
v -0.019205 -0.005280 0.027712
v -0.019586 -0.008076 0.027378
v -0.019611 -0.007454 0.027375
v -0.019615 -0.006833 0.027360
v -0.019561 -0.006218 0.027343
v -0.019404 -0.005669 0.027309
v -0.019222 -0.005244 0.027272
v -0.019699 -0.008081 0.026905
v -0.019701 -0.007463 0.026877
v -0.019674 -0.006847 0.026824
v -0.019603 -0.006231 0.026773
v -0.019442 -0.005665 0.026731
v -0.019234 -0.005206 0.026690
v -0.018655 -0.008068 0.028990
v -0.018688 -0.007444 0.029019
v -0.018717 -0.006825 0.029038
v -0.018702 -0.006223 0.029015
v -0.018636 -0.005712 0.028946
v -0.018566 -0.005409 0.028871
v -0.018940 -0.008070 0.028639
v -0.018978 -0.007444 0.028677
v -0.019012 -0.006824 0.028701
v -0.018994 -0.006218 0.028680
v -0.018914 -0.005675 0.028623
v -0.018727 -0.005257 0.028554
v -0.018946 -0.005046 0.027959
v -0.018760 -0.004780 0.027636
v -0.019057 -0.004874 0.027322
v -0.018808 -0.004558 0.027287
v -0.019032 -0.004828 0.026673
v -0.018782 -0.004405 0.026665
v -0.018591 -0.004145 0.026382
v -0.018101 -0.008073 0.029718
v -0.018112 -0.007450 0.029715
v -0.018108 -0.006831 0.029693
v -0.018063 -0.006224 0.029637
v -0.017968 -0.005694 0.029536
v -0.018374 -0.008070 0.029346
v -0.018397 -0.007447 0.029360
v -0.018411 -0.006828 0.029363
v -0.018385 -0.006228 0.029324
v -0.018321 -0.005722 0.029220
v -0.018249 -0.005412 0.029014
v -0.018144 -0.006272 0.028434
v -0.018228 -0.005747 0.028475
v -0.018313 -0.005352 0.028567
v -0.018222 -0.007277 0.027850
v -0.018305 -0.006808 0.027893
v -0.018378 -0.006233 0.027932
v -0.018439 -0.005683 0.027927
v -0.018513 -0.005169 0.027883
v -0.018623 -0.004870 0.027588
v -0.018175 -0.007777 0.027517
v -0.018312 -0.007329 0.027407
v -0.018401 -0.006792 0.027371
v -0.018441 -0.006205 0.027373
v -0.018457 -0.005632 0.027364
v -0.018469 -0.005108 0.027347
v -0.018482 -0.004648 0.027313
v -0.018250 -0.007785 0.027021
v -0.018321 -0.007356 0.026909
v -0.018348 -0.006790 0.026859
v -0.018341 -0.006184 0.026855
v -0.018319 -0.005584 0.026858
v -0.018283 -0.005025 0.026853
v -0.018278 -0.004382 0.026882
v -0.018288 -0.004051 0.026454
v -0.017297 -0.008075 0.030817
v -0.017252 -0.007448 0.030761
v -0.017562 -0.008073 0.030444
v -0.017535 -0.007447 0.030412
v -0.017483 -0.006840 0.030341
v -0.017410 -0.006242 0.030248
v -0.017316 -0.005676 0.030146
v -0.017838 -0.008074 0.030082
v -0.017832 -0.007450 0.030066
v -0.017799 -0.006835 0.030016
v -0.017737 -0.006236 0.029939
v -0.017658 -0.005698 0.029852
v -0.017510 -0.005360 0.029709
v -0.017491 -0.006076 0.029171
v -0.017569 -0.005773 0.029211
v -0.017717 -0.005380 0.029292
v -0.017641 -0.007367 0.028640
v -0.017687 -0.006887 0.028766
v -0.017718 -0.006309 0.028907
v -0.017916 -0.005815 0.028888
v -0.018003 -0.005573 0.028920
v -0.017713 -0.008185 0.028015
v -0.017892 -0.007596 0.028190
v -0.018063 -0.006896 0.028343
v -0.018019 -0.008239 0.027443
v -0.018197 -0.008102 0.026737
v -0.018226 -0.007433 0.026459
v -0.018169 -0.006794 0.026404
v -0.018125 -0.006168 0.026411
v -0.018073 -0.005553 0.026431
v -0.018000 -0.004980 0.026453
v -0.017930 -0.004447 0.026495
v -0.017930 -0.004029 0.026429
v -0.017070 -0.008083 0.031225
v -0.017005 -0.007463 0.031154
v -0.016895 -0.006872 0.031053
v -0.016785 -0.006281 0.030931
v -0.016660 -0.005699 0.030779
v -0.017174 -0.006853 0.030674
v -0.017082 -0.006266 0.030567
v -0.016987 -0.005718 0.030454
v -0.016837 -0.005353 0.030312
v -0.017068 -0.005270 0.029934
v -0.017079 -0.006534 0.029177
v -0.017011 -0.006152 0.029308
v -0.017017 -0.005776 0.029414
v -0.017048 -0.005450 0.029533
v -0.017190 -0.007894 0.028585
v -0.017110 -0.007483 0.028853
v -0.017085 -0.006985 0.029047
v -0.017143 -0.008314 0.028392
v -0.016372 -0.005754 0.031184
v -0.016140 -0.005333 0.031072
v -0.016419 -0.005215 0.030544
v -0.016473 -0.005084 0.029979
v -0.016372 -0.006545 0.029206
v -0.016363 -0.006121 0.029324
v -0.016388 -0.005707 0.029438
v -0.016412 -0.005324 0.029590
v -0.016436 -0.007946 0.028685
v -0.016419 -0.007490 0.028891
v -0.016393 -0.006997 0.029076
v -0.016435 -0.008360 0.028487
v -0.015765 -0.005064 0.031103
v -0.015886 -0.004940 0.030540
v -0.015948 -0.004849 0.029974
v -0.015510 -0.004689 0.030002
v -0.015728 -0.005953 0.029180
v -0.015799 -0.005549 0.029319
v -0.015786 -0.005078 0.029507
v -0.015483 -0.004746 0.029600
v -0.015756 -0.007815 0.028527
v -0.015803 -0.007394 0.028725
v -0.015769 -0.006917 0.028905
v -0.015734 -0.006423 0.029040
v -0.015783 -0.008256 0.028327
v -0.015352 -0.004832 0.031104
v -0.014977 -0.004671 0.031046
v -0.015454 -0.004762 0.030544
v -0.015022 -0.004637 0.030509
v -0.015056 -0.004557 0.029941
v -0.015391 -0.005415 0.029159
v -0.015299 -0.005042 0.029228
v -0.015081 -0.004618 0.029368
v -0.015386 -0.007272 0.028538
v -0.015283 -0.006843 0.028649
v -0.015200 -0.006292 0.028785
v -0.015156 -0.005676 0.028948
v -0.014942 -0.005132 0.028968
v -0.014831 -0.004775 0.029008
v -0.015273 -0.008130 0.028073
v -0.015177 -0.007542 0.028280
v -0.014917 -0.006891 0.028370
v -0.014892 -0.008159 0.027774
v -0.019195 -0.018311 0.025489
v -0.019281 -0.018383 0.024876
v -0.019257 -0.018365 0.024317
v -0.019207 -0.018320 0.023935
v -0.018744 -0.018492 0.026133
v -0.018802 -0.018537 0.025501
v -0.018820 -0.018475 0.024884
v -0.018828 -0.018394 0.024332
v -0.018834 -0.018328 0.023896
v -0.018237 -0.018663 0.026126
v -0.018259 -0.018580 0.025502
v -0.018278 -0.018486 0.024896
v -0.018290 -0.018398 0.024339
v -0.018297 -0.018326 0.023876
v -0.017655 -0.018681 0.026134
v -0.017673 -0.018584 0.025515
v -0.017685 -0.018488 0.024906
v -0.017692 -0.018399 0.024344
v -0.017695 -0.018325 0.023870
v -0.017051 -0.018683 0.026147
v -0.017063 -0.018585 0.025523
v -0.017069 -0.018489 0.024910
v -0.017072 -0.018400 0.024345
v -0.017073 -0.018324 0.023868
v -0.016434 -0.018683 0.026147
v -0.016440 -0.018585 0.025525
v -0.016443 -0.018489 0.024912
v -0.016444 -0.018400 0.024346
v -0.016445 -0.018324 0.023868
v -0.015810 -0.018683 0.026144
v -0.015813 -0.018585 0.025525
v -0.015814 -0.018489 0.024911
v -0.015815 -0.018399 0.024345
v -0.015816 -0.018324 0.023867
v -0.015182 -0.018683 0.026142
v -0.015184 -0.018585 0.025524
v -0.015185 -0.018489 0.024910
v -0.015185 -0.018399 0.024344
v -0.015186 -0.018324 0.023866
v -0.019200 -0.017842 0.025782
v -0.019219 -0.017425 0.025830
v -0.019250 -0.016862 0.025879
v -0.019288 -0.016256 0.025922
v -0.019332 -0.015635 0.025960
v -0.019379 -0.014999 0.025997
v -0.019425 -0.014365 0.026037
v -0.019475 -0.013737 0.026080
v -0.019372 -0.017934 0.025397
v -0.019419 -0.017436 0.025410
v -0.019461 -0.016861 0.025438
v -0.019503 -0.016248 0.025470
v -0.019546 -0.015622 0.025507
v -0.019586 -0.014994 0.025552
v -0.019625 -0.014364 0.025600
v -0.019667 -0.013737 0.025652
v -0.019631 -0.018019 0.024830
v -0.019636 -0.017436 0.024946
v -0.019662 -0.016857 0.025004
v -0.019696 -0.016244 0.025053
v -0.019656 -0.018251 0.024245
v -0.019482 -0.018263 0.023641
v -0.019524 -0.018182 0.022986
v -0.019546 -0.018086 0.022361
v -0.019563 -0.017989 0.021739
v -0.019032 -0.018041 0.026078
v -0.019028 -0.017455 0.026211
v -0.019054 -0.016867 0.026278
v -0.019091 -0.016259 0.026328
v -0.018900 -0.018264 0.023491
v -0.018931 -0.018180 0.022955
v -0.018947 -0.018087 0.022361
v -0.018956 -0.017990 0.021743
v -0.018313 -0.018258 0.023447
v -0.018324 -0.018178 0.022941
v -0.018331 -0.018087 0.022359
v -0.018335 -0.017990 0.021744
v -0.017700 -0.018256 0.023435
v -0.017704 -0.018177 0.022935
v -0.017706 -0.018086 0.022357
v -0.017708 -0.017990 0.021744
v -0.017075 -0.018256 0.023431
v -0.017076 -0.018177 0.022933
v -0.017078 -0.018086 0.022356
v -0.017079 -0.017990 0.021743
v -0.016220 -0.013606 0.025314
v -0.016527 -0.013935 0.024884
v -0.016607 -0.013930 0.024147
v -0.016446 -0.018255 0.023430
v -0.016372 -0.013661 0.023612
v -0.016447 -0.018177 0.022932
v -0.016448 -0.018086 0.022355
v -0.016449 -0.017989 0.021742
v -0.015622 -0.013605 0.025305
v -0.015715 -0.014202 0.024904
v -0.015796 -0.014509 0.024117
v -0.015817 -0.018255 0.023429
v -0.015807 -0.013872 0.023392
v -0.015817 -0.018177 0.022931
v -0.015818 -0.018086 0.022354
v -0.015819 -0.017989 0.021741
v -0.015107 -0.013895 0.024748
v -0.014915 -0.014054 0.024079
v -0.015187 -0.018255 0.023428
v -0.015182 -0.013730 0.023492
v -0.015187 -0.018177 0.022930
v -0.015188 -0.018086 0.022353
v -0.015189 -0.017989 0.021740
v -0.019527 -0.013113 0.026121
v -0.019577 -0.012486 0.026165
v -0.019624 -0.011849 0.026223
v -0.019668 -0.011217 0.026282
v -0.019706 -0.010591 0.026335
v -0.019709 -0.013114 0.025704
v -0.019455 -0.009181 0.021540
v -0.019478 -0.008764 0.021822
v -0.018775 -0.008611 0.021627
v -0.017563 -0.010372 0.026252
v -0.017703 -0.009897 0.026171
v -0.017845 -0.009358 0.026161
v -0.017970 -0.008744 0.026116
v -0.017619 -0.010341 0.025757
v -0.017689 -0.009896 0.025656
v -0.017736 -0.009323 0.025597
v -0.017748 -0.008698 0.025560
v -0.016986 -0.011790 0.026080
v -0.017132 -0.011352 0.026228
v -0.017408 -0.010805 0.026183
v -0.017033 -0.012423 0.025431
v -0.017109 -0.011967 0.025593
v -0.017366 -0.011308 0.025513
v -0.017542 -0.010641 0.025462
v -0.017514 -0.009953 0.025209
v -0.017456 -0.009310 0.025160
v -0.017373 -0.008671 0.025178
v -0.016996 -0.012934 0.025019
v -0.017093 -0.012417 0.024917
v -0.017201 -0.011865 0.024893
v -0.017293 -0.011262 0.024847
v -0.017312 -0.010608 0.024800
v -0.017211 -0.009944 0.024771
v -0.017080 -0.009295 0.024814
v -0.016961 -0.008660 0.024908
v -0.016982 -0.012880 0.024466
v -0.017004 -0.012404 0.024388
v -0.017015 -0.011826 0.024355
v -0.016993 -0.011210 0.024355
v -0.016541 -0.012367 0.026033
v -0.016468 -0.011979 0.026321
v -0.016427 -0.013297 0.025543
v -0.016588 -0.012794 0.025661
v -0.016822 -0.013352 0.024903
v -0.016893 -0.010576 0.024404
v -0.016768 -0.009928 0.024468
v -0.016628 -0.009287 0.024572
v -0.016510 -0.008652 0.024689
v -0.016872 -0.013166 0.024131
v -0.016720 -0.012448 0.023974
v -0.016654 -0.011815 0.023975
v -0.016565 -0.011188 0.024031
v -0.016439 -0.010559 0.024104
v -0.016317 -0.009919 0.024231
v -0.016380 -0.013050 0.023639
v -0.016304 -0.012446 0.023668
v -0.015792 -0.012410 0.026126
v -0.015783 -0.012000 0.026383
v -0.015673 -0.013200 0.025620
v -0.015776 -0.012807 0.025864
v -0.016181 -0.009277 0.024363
v -0.016035 -0.008637 0.024477
v -0.016223 -0.011816 0.023712
v -0.016102 -0.011195 0.023776
v -0.015845 -0.010567 0.023837
v -0.015792 -0.009905 0.024005
v -0.015709 -0.009267 0.024166
v -0.015797 -0.013049 0.023420
v -0.015780 -0.012457 0.023469
v -0.015741 -0.011843 0.023525
v -0.015672 -0.011273 0.023592
v -0.015581 -0.010853 0.023675
v -0.015100 -0.012250 0.025952
v -0.015152 -0.011865 0.026209
v -0.015127 -0.011442 0.026428
v -0.015014 -0.013001 0.025374
v -0.015104 -0.012630 0.025675
v -0.014940 -0.013411 0.024941
v -0.015562 -0.008639 0.024299
v -0.014711 -0.013270 0.024068
v -0.014627 -0.012579 0.023723
v -0.014614 -0.011921 0.023670
v -0.015159 -0.010405 0.023717
v -0.015161 -0.009865 0.023860
v -0.015164 -0.009267 0.024016
v -0.015132 -0.008701 0.024156
v -0.015131 -0.013130 0.023461
v -0.015177 -0.012509 0.023470
v -0.015176 -0.011878 0.023466
v -0.015161 -0.011298 0.023525
v -0.015160 -0.010816 0.023626
v -0.019649 -0.006239 0.026243
v -0.019499 -0.005653 0.026154
v -0.019279 -0.005166 0.026068
v -0.019649 -0.005630 0.025648
v -0.019457 -0.005099 0.025515
v -0.019278 -0.004661 0.025428
v -0.019650 -0.004531 0.024979
v -0.019493 -0.004035 0.024849
v -0.019591 -0.003859 0.024305
v -0.019476 -0.005319 0.023498
v -0.019505 -0.004924 0.023666
v -0.019547 -0.004523 0.023822
v -0.019560 -0.004168 0.023962
v -0.019580 -0.006643 0.022963
v -0.019561 -0.006182 0.023136
v -0.019536 -0.005712 0.023335
v -0.019530 -0.007948 0.022304
v -0.019545 -0.007518 0.022558
v -0.019564 -0.007076 0.022790
v -0.019505 -0.008346 0.022066
v -0.019078 -0.004787 0.026019
v -0.018868 -0.004429 0.025994
v -0.018626 -0.004124 0.025957
v -0.019079 -0.004306 0.025390
v -0.018733 -0.003996 0.025409
v -0.018905 -0.003763 0.024865
v -0.019000 -0.003682 0.024311
v -0.018900 -0.004819 0.023572
v -0.018912 -0.004416 0.023755
v -0.018932 -0.004015 0.023948
v -0.018893 -0.006561 0.022845
v -0.018893 -0.006120 0.023028
v -0.018890 -0.005662 0.023216
v -0.018883 -0.005227 0.023395
v -0.018848 -0.007825 0.022146
v -0.018866 -0.007419 0.022408
v -0.018878 -0.006990 0.022648
v -0.018809 -0.008209 0.021890
v -0.018254 -0.003876 0.026016
v -0.018247 -0.003796 0.025441
v -0.018267 -0.003601 0.024869
v -0.018443 -0.003522 0.024299
v -0.018271 -0.004673 0.023432
v -0.018269 -0.004259 0.023624
v -0.018264 -0.003792 0.023872
v -0.018233 -0.005976 0.022861
v -0.018242 -0.005542 0.023060
v -0.018255 -0.005099 0.023248
v -0.018190 -0.007234 0.022171
v -0.018214 -0.006824 0.022424
v -0.018227 -0.006399 0.022651
v -0.018126 -0.008003 0.021621
v -0.018152 -0.007622 0.021901
v -0.018012 -0.008085 0.026064
v -0.017964 -0.007431 0.025996
v -0.017894 -0.006782 0.025984
v -0.017830 -0.006152 0.026012
v -0.017755 -0.005529 0.026053
v -0.017665 -0.004940 0.026107
v -0.017586 -0.004395 0.026189
v -0.017686 -0.003820 0.026136
v -0.017697 -0.008053 0.025562
v -0.017622 -0.007412 0.025595
v -0.017690 -0.003628 0.025566
v -0.017632 -0.004129 0.023480
v -0.017639 -0.003746 0.023681
v -0.017600 -0.005381 0.022875
v -0.017620 -0.004955 0.023080
v -0.017633 -0.004527 0.023282
v -0.017570 -0.006609 0.022159
v -0.017579 -0.006207 0.022416
v -0.017587 -0.005795 0.022654
v -0.017494 -0.007368 0.021560
v -0.017541 -0.006980 0.021859
v -0.017549 -0.006771 0.025637
v -0.017475 -0.006141 0.025676
v -0.017378 -0.005514 0.025737
v -0.017265 -0.004915 0.025819
v -0.017166 -0.004382 0.025911
v -0.017118 -0.003855 0.025981
v -0.017288 -0.008033 0.025230
v -0.017219 -0.007403 0.025291
v -0.017151 -0.006770 0.025343
v -0.017069 -0.006141 0.025392
v -0.016971 -0.005508 0.025479
v -0.017081 -0.003558 0.025647
v -0.017042 -0.003638 0.023519
v -0.017004 -0.004806 0.022912
v -0.017024 -0.004396 0.023126
v -0.017030 -0.004000 0.023327
v -0.016936 -0.006003 0.022148
v -0.016947 -0.005611 0.022426
v -0.016980 -0.005212 0.022687
v -0.016942 -0.006699 0.021509
v -0.016977 -0.006375 0.021870
v -0.016859 -0.004907 0.025600
v -0.016771 -0.004381 0.025714
v -0.016760 -0.003988 0.025777
v -0.016869 -0.008028 0.024993
v -0.016787 -0.007405 0.025054
v -0.016698 -0.006781 0.025112
v -0.016599 -0.006153 0.025182
v -0.016500 -0.005514 0.025286
v -0.016407 -0.004904 0.025422
v -0.016356 -0.004335 0.025563
v -0.016458 -0.003744 0.025635
v -0.016424 -0.008026 0.024780
v -0.016344 -0.007406 0.024853
v -0.016251 -0.006787 0.024936
v -0.016434 -0.003528 0.023330
v -0.016413 -0.004641 0.022720
v -0.016467 -0.004271 0.022958
v -0.016459 -0.003895 0.023138
v -0.016329 -0.005398 0.022151
v -0.016410 -0.005025 0.022466
v -0.016543 -0.006173 0.021595
v -0.016342 -0.005781 0.021728
v -0.016135 -0.006161 0.025020
v -0.015995 -0.005523 0.025116
v -0.015863 -0.004915 0.025239
v -0.015813 -0.004333 0.025379
v -0.015811 -0.003776 0.025463
v -0.015899 -0.008019 0.024561
v -0.015825 -0.007401 0.024661
v -0.015762 -0.006781 0.024765
v -0.015664 -0.006159 0.024866
v -0.016047 -0.004179 0.022786
v -0.015939 -0.003866 0.022864
v -0.015962 -0.004858 0.022265
v -0.015838 -0.004455 0.022441
v -0.015543 -0.004032 0.022420
v -0.015943 -0.005462 0.021537
v -0.015815 -0.005076 0.021783
v -0.015479 -0.004595 0.021810
v -0.015498 -0.005545 0.024965
v -0.015210 -0.004956 0.025057
v -0.015202 -0.004351 0.025239
v -0.015200 -0.003820 0.025325
v -0.015264 -0.008037 0.024353
v -0.015207 -0.007393 0.024480
v -0.015179 -0.006769 0.024609
v -0.015135 -0.006164 0.024729
v -0.015044 -0.005629 0.024834
v -0.014918 -0.005256 0.024940
v -0.015053 -0.008294 0.024252
v -0.015369 -0.003615 0.022400
v -0.015276 -0.004153 0.021807
v -0.015107 -0.003707 0.021764
v -0.018006 -0.003455 0.024628
v -0.018034 -0.003442 0.024293
v -0.017995 -0.003506 0.023993
v -0.017662 -0.003539 0.025085
v -0.017601 -0.003413 0.024704
v -0.017606 -0.003312 0.024279
v -0.017600 -0.003428 0.023901
v -0.017070 -0.003443 0.025187
v -0.017048 -0.003346 0.024743
v -0.017050 -0.003234 0.024258
v -0.017058 -0.003314 0.023798
v -0.016449 -0.003386 0.025235
v -0.016443 -0.003295 0.024746
v -0.016442 -0.003208 0.024229
v -0.016451 -0.003240 0.023710
v -0.015816 -0.003395 0.025187
v -0.015823 -0.003284 0.024725
v -0.015819 -0.003219 0.024198
v -0.015814 -0.003210 0.023623
v -0.015776 -0.003430 0.023015
v -0.015199 -0.003435 0.025117
v -0.015218 -0.003305 0.024691
v -0.015218 -0.003251 0.024171
v -0.015206 -0.003170 0.023591
v -0.015195 -0.003098 0.022967
v -0.015108 -0.003097 0.022346
v -0.014952 -0.003157 0.021687
v -0.014818 -0.002880 0.021410
v -0.019576 -0.017892 0.021121
v -0.019583 -0.017799 0.020535
v -0.019587 -0.017720 0.020031
v -0.019592 -0.017652 0.019601
v -0.019596 -0.017578 0.019132
v -0.019599 -0.017490 0.018570
v -0.019601 -0.017394 0.017962
v -0.019603 -0.017296 0.017341
v -0.019604 -0.017200 0.016734
v -0.018962 -0.017892 0.021125
v -0.018966 -0.017799 0.020536
v -0.018968 -0.017719 0.020028
v -0.018969 -0.017651 0.019596
v -0.018971 -0.017578 0.019129
v -0.018972 -0.017490 0.018569
v -0.018973 -0.017394 0.017962
v -0.018974 -0.017296 0.017340
v -0.018975 -0.017200 0.016733
v -0.018338 -0.017892 0.021125
v -0.018339 -0.017799 0.020536
v -0.018340 -0.017719 0.020027
v -0.018341 -0.017651 0.019594
v -0.018342 -0.017578 0.019128
v -0.018343 -0.017489 0.018569
v -0.018344 -0.017394 0.017961
v -0.018344 -0.017296 0.017339
v -0.018344 -0.017200 0.016730
v -0.017709 -0.017892 0.021125
v -0.017710 -0.017799 0.020536
v -0.017711 -0.017719 0.020026
v -0.017712 -0.017651 0.019593
v -0.017712 -0.017577 0.019127
v -0.017713 -0.017489 0.018568
v -0.017714 -0.017394 0.017960
v -0.017714 -0.017295 0.017337
v -0.017713 -0.017199 0.016723
v -0.017080 -0.017892 0.021124
v -0.017080 -0.017799 0.020535
v -0.017081 -0.017719 0.020025
v -0.017082 -0.017651 0.019593
v -0.017082 -0.017577 0.019126
v -0.017083 -0.017489 0.018567
v -0.017084 -0.017393 0.017959
v -0.017084 -0.017295 0.017335
v -0.017084 -0.017197 0.016714
v -0.016450 -0.017892 0.021123
v -0.016450 -0.017799 0.020534
v -0.016451 -0.017719 0.020024
v -0.016452 -0.017651 0.019592
v -0.016452 -0.017577 0.019125
v -0.016453 -0.017489 0.018566
v -0.016454 -0.017393 0.017958
v -0.016455 -0.017295 0.017334
v -0.016458 -0.017197 0.016713
v -0.015820 -0.017892 0.021123
v -0.015821 -0.017799 0.020533
v -0.015821 -0.017719 0.020023
v -0.015822 -0.017651 0.019591
v -0.015822 -0.017577 0.019125
v -0.015823 -0.017489 0.018565
v -0.015824 -0.017393 0.017958
v -0.015825 -0.017295 0.017334
v -0.015828 -0.017198 0.016721
v -0.015190 -0.017892 0.021122
v -0.015191 -0.017799 0.020532
v -0.015191 -0.017719 0.020023
v -0.015192 -0.017650 0.019590
v -0.015192 -0.017577 0.019124
v -0.015193 -0.017489 0.018565
v -0.015194 -0.017393 0.017957
v -0.015195 -0.017295 0.017335
v -0.015197 -0.017199 0.016726
v -0.019529 -0.009767 0.020798
v -0.019468 -0.009500 0.021182
v -0.019594 -0.010041 0.020394
v -0.019740 -0.010570 0.019640
v -0.019530 -0.010320 0.019870
v -0.019640 -0.010606 0.019152
v -0.019291 -0.010308 0.019185
v -0.019664 -0.010431 0.018619
v -0.019508 -0.010068 0.018427
v -0.019591 -0.009360 0.018238
v -0.019568 -0.008689 0.018356
v -0.018773 -0.009302 0.020915
v -0.018739 -0.008993 0.021301
v -0.019141 -0.009873 0.020251
v -0.018892 -0.009578 0.020445
v -0.019037 -0.009977 0.019788
v -0.018688 -0.009624 0.019800
v -0.018964 -0.009958 0.019174
v -0.018644 -0.009448 0.019090
v -0.018525 -0.008818 0.018767
v -0.019118 -0.009833 0.018673
v -0.019005 -0.009374 0.018530
v -0.018993 -0.008753 0.018472
v -0.018114 -0.008711 0.020947
v -0.018452 -0.009286 0.020275
v -0.018184 -0.008994 0.020469
v -0.018400 -0.009257 0.019808
v -0.018106 -0.008904 0.019786
v -0.018421 -0.009184 0.019360
v -0.018232 -0.008796 0.019220
v -0.017826 -0.008638 0.020240
v -0.017848 -0.008513 0.019704
v -0.019982 -0.008038 0.018686
v -0.019834 -0.007521 0.018839
v -0.019727 -0.007040 0.018926
v -0.019515 -0.008073 0.018477
v -0.019684 -0.006867 0.018515
v -0.019675 -0.007521 0.017758
v -0.019566 -0.007224 0.017940
v -0.019466 -0.007563 0.017185
v -0.019227 -0.007216 0.017215
v -0.019621 -0.004060 0.016832
v -0.019589 -0.003534 0.017015
v -0.019531 -0.007384 0.016451
v -0.019298 -0.006896 0.016467
v -0.019574 -0.006176 0.016314
v -0.019596 -0.005521 0.016384
v -0.019648 -0.004950 0.016541
v -0.019685 -0.004482 0.016698
v -0.018470 -0.008181 0.018671
v -0.019456 -0.007565 0.018589
v -0.019405 -0.007200 0.018692
v -0.018987 -0.008123 0.018475
v -0.019000 -0.007541 0.018530
v -0.019106 -0.006858 0.018564
v -0.018752 -0.006483 0.018276
v -0.019108 -0.006818 0.017882
v -0.018712 -0.006438 0.017805
v -0.018985 -0.006784 0.017271
v -0.018651 -0.006267 0.017177
v -0.018582 -0.005603 0.016900
v -0.018648 -0.004934 0.016812
v -0.018911 -0.004261 0.016789
v -0.018945 -0.003600 0.016948
v -0.019119 -0.006623 0.016816
v -0.019013 -0.006181 0.016654
v -0.019009 -0.005569 0.016565
v -0.019099 -0.004974 0.016623
v -0.019214 -0.004541 0.016701
v -0.018157 -0.008376 0.021332
v -0.018031 -0.008227 0.019099
v -0.018004 -0.007561 0.018872
v -0.017936 -0.006929 0.018786
v -0.017895 -0.006241 0.018703
v -0.018462 -0.007547 0.018630
v -0.018465 -0.006899 0.018608
v -0.018347 -0.006222 0.018388
v -0.018008 -0.005565 0.018189
v -0.018410 -0.006067 0.017857
v -0.018141 -0.005554 0.017735
v -0.017937 -0.004965 0.017533
v -0.018474 -0.005974 0.017469
v -0.018309 -0.005549 0.017298
v -0.018214 -0.004951 0.017107
v -0.018265 -0.004301 0.017006
v -0.018315 -0.003644 0.017039
v -0.017721 -0.008155 0.021031
v -0.017501 -0.007772 0.021162
v -0.017646 -0.008320 0.020500
v -0.017323 -0.007833 0.020443
v -0.017609 -0.008151 0.019797
v -0.017371 -0.007715 0.019761
v -0.017751 -0.007986 0.019338
v -0.017622 -0.007556 0.019231
v -0.017451 -0.006960 0.019148
v -0.017438 -0.006274 0.018938
v -0.017306 -0.005613 0.018806
v -0.017739 -0.005559 0.018568
v -0.017505 -0.004955 0.018342
v -0.017305 -0.004343 0.018157
v -0.017723 -0.004972 0.017944
v -0.017521 -0.004360 0.017738
v -0.017425 -0.003719 0.017588
v -0.017834 -0.004342 0.017357
v -0.017816 -0.003686 0.017272
v -0.017122 -0.007419 0.020906
v -0.016949 -0.007043 0.021075
v -0.017041 -0.007417 0.020361
v -0.016821 -0.007012 0.020377
v -0.017140 -0.007282 0.019706
v -0.016931 -0.006883 0.019756
v -0.016743 -0.006440 0.019737
v -0.017125 -0.006720 0.019336
v -0.017037 -0.006272 0.019255
v -0.016842 -0.005665 0.019168
v -0.016792 -0.005001 0.018946
v -0.016703 -0.004370 0.018820
v -0.016584 -0.003752 0.018705
v -0.017178 -0.004974 0.018656
v -0.017034 -0.004349 0.018513
v -0.016884 -0.003735 0.018375
v -0.017148 -0.003729 0.017992
v -0.016599 -0.006692 0.020855
v -0.016458 -0.006346 0.021092
v -0.016125 -0.005873 0.021054
v -0.016591 -0.006605 0.020333
v -0.016353 -0.006215 0.020356
v -0.016128 -0.005779 0.020360
v -0.016534 -0.005996 0.019711
v -0.016306 -0.005579 0.019756
v -0.016099 -0.005029 0.019739
v -0.016038 -0.004384 0.019497
v -0.015956 -0.003768 0.019361
v -0.016531 -0.005413 0.019365
v -0.016438 -0.004964 0.019267
v -0.016360 -0.004375 0.019137
v -0.016268 -0.003758 0.019022
v -0.015871 -0.005447 0.021004
v -0.015609 -0.005043 0.021068
v -0.015383 -0.004580 0.021094
v -0.015910 -0.005330 0.020359
v -0.015691 -0.004913 0.020426
v -0.015447 -0.004369 0.020401
v -0.015377 -0.003772 0.020137
v -0.015842 -0.004782 0.019982
v -0.015737 -0.004335 0.019870
v -0.015650 -0.003774 0.019728
v -0.015184 -0.004178 0.021154
v -0.015037 -0.003733 0.021114
v -0.015248 -0.004105 0.020675
v -0.015147 -0.003721 0.020566
v -0.020017 -0.002953 0.017358
v -0.019857 -0.002458 0.017490
v -0.019758 -0.002072 0.017543
v -0.019519 -0.002962 0.017206
v -0.019646 -0.001714 0.017448
v -0.019592 -0.001466 0.017080
v -0.019566 -0.001344 0.016610
v -0.019429 -0.002464 0.017356
v -0.019400 -0.002141 0.017435
v -0.018953 -0.002981 0.017118
v -0.018965 -0.002426 0.017287
v -0.019072 -0.001891 0.017456
v -0.018986 -0.001423 0.017154
v -0.018964 -0.001280 0.016613
v -0.017937 -0.002424 0.017366
v -0.017998 -0.001940 0.017467
v -0.017993 -0.001612 0.017451
v -0.018364 -0.003005 0.017151
v -0.018413 -0.002420 0.017291
v -0.018453 -0.001896 0.017440
v -0.018310 -0.001386 0.017257
v -0.018332 -0.001221 0.016631
v -0.017426 -0.003068 0.017510
v -0.017485 -0.002469 0.017492
v -0.017544 -0.001978 0.017539
v -0.017608 -0.001582 0.017489
v -0.017864 -0.003034 0.017286
v -0.017690 -0.001304 0.017179
v -0.017715 -0.001199 0.016622
v -0.016761 -0.003123 0.018232
v -0.016707 -0.002585 0.018151
v -0.016682 -0.002222 0.018122
v -0.017057 -0.003103 0.017858
v -0.017026 -0.002528 0.017788
v -0.016982 -0.001994 0.017798
v -0.017105 -0.001578 0.017546
v -0.017121 -0.001306 0.017181
v -0.017130 -0.001238 0.016625
v -0.016183 -0.003141 0.018917
v -0.016138 -0.002591 0.018852
v -0.016130 -0.002223 0.018758
v -0.016470 -0.003136 0.018576
v -0.016415 -0.002584 0.018498
v -0.016358 -0.002052 0.018424
v -0.016428 -0.001726 0.017841
v -0.016708 -0.001556 0.017548
v -0.016273 -0.001635 0.017245
v -0.016647 -0.001425 0.017177
v -0.016265 -0.001656 0.016643
v -0.016635 -0.001397 0.016626
v -0.015335 -0.003217 0.020016
v -0.015601 -0.003216 0.019644
v -0.015568 -0.002757 0.019593
v -0.015885 -0.003156 0.019278
v -0.015775 -0.002558 0.019193
v -0.015818 -0.002187 0.018846
v -0.015863 -0.001960 0.018441
v -0.015903 -0.001916 0.017863
v -0.015916 -0.001923 0.017262
v -0.015935 -0.001931 0.016653
v -0.014956 -0.003255 0.021063
v -0.014902 -0.002818 0.021008
v -0.015087 -0.003256 0.020499
v -0.015038 -0.002725 0.020473
v -0.015226 -0.002636 0.019853
v -0.015260 -0.002404 0.019140
v -0.015514 -0.002231 0.018822
v -0.015195 -0.002425 0.018515
v -0.015501 -0.002170 0.018431
v -0.015235 -0.002472 0.017912
v -0.015540 -0.002181 0.017879
v -0.015032 -0.002838 0.017300
v -0.015285 -0.002510 0.017293
v -0.015585 -0.002206 0.017279
v -0.015085 -0.002874 0.016673
v -0.015335 -0.002532 0.016668
v -0.015620 -0.002218 0.016661
v -0.019605 -0.017116 0.016196
v -0.019605 -0.017046 0.015756
v -0.019606 -0.016976 0.015312
v -0.019607 -0.016892 0.014775
v -0.019608 -0.016798 0.014178
v -0.019609 -0.016700 0.013559
v -0.019610 -0.016604 0.012946
v -0.019611 -0.016515 0.012385
v -0.019612 -0.016441 0.011914
v -0.019612 -0.016372 0.011474
v -0.018975 -0.017115 0.016193
v -0.018975 -0.017045 0.015750
v -0.018975 -0.016975 0.015306
v -0.018975 -0.016891 0.014772
v -0.018975 -0.016798 0.014177
v -0.018976 -0.016700 0.013559
v -0.018978 -0.016604 0.012947
v -0.018980 -0.016515 0.012385
v -0.018981 -0.016441 0.011913
v -0.018982 -0.016372 0.011474
v -0.018343 -0.017114 0.016183
v -0.018342 -0.017042 0.015727
v -0.018341 -0.016972 0.015285
v -0.018341 -0.016890 0.014766
v -0.018342 -0.016799 0.014177
v -0.018344 -0.016703 0.013561
v -0.018347 -0.016606 0.012949
v -0.018349 -0.016517 0.012387
v -0.018351 -0.016441 0.011913
v -0.018352 -0.016372 0.011473
v -0.017711 -0.017111 0.016157
v -0.017709 -0.017038 0.015678
v -0.017708 -0.016972 0.015246
v -0.017711 -0.016912 0.014752
v -0.017715 -0.016863 0.014167
v -0.017718 -0.016805 0.013547
v -0.017719 -0.016680 0.012939
v -0.017721 -0.016541 0.012384
v -0.017722 -0.016442 0.011913
v -0.017722 -0.016372 0.011472
v -0.017085 -0.017152 0.016124
v -0.017087 -0.017112 0.015624
v -0.017089 -0.017069 0.015202
v -0.017090 -0.016990 0.014732
v -0.017091 -0.016897 0.014160
v -0.017092 -0.016761 0.013553
v -0.017093 -0.016632 0.012946
v -0.017092 -0.016517 0.012387
v -0.017092 -0.016441 0.011912
v -0.017093 -0.016372 0.011472
v -0.016463 -0.017144 0.016130
v -0.016471 -0.017087 0.015644
v -0.016474 -0.017018 0.015223
v -0.016472 -0.016932 0.014742
v -0.016468 -0.016806 0.014172
v -0.016465 -0.016709 0.013558
v -0.016464 -0.016604 0.012947
v -0.016463 -0.016515 0.012384
v -0.016463 -0.016441 0.011912
v -0.016463 -0.016372 0.011472
v -0.015832 -0.017118 0.016163
v -0.015837 -0.017046 0.015702
v -0.015840 -0.016976 0.015268
v -0.015839 -0.016890 0.014757
v -0.015836 -0.016797 0.014171
v -0.015835 -0.016700 0.013555
v -0.015834 -0.016603 0.012944
v -0.015834 -0.016515 0.012384
v -0.015834 -0.016442 0.011918
v -0.015837 -0.016373 0.011479
v -0.015200 -0.017114 0.016182
v -0.015203 -0.017043 0.015736
v -0.015205 -0.016974 0.015295
v -0.015206 -0.016890 0.014765
v -0.015207 -0.016797 0.014171
v -0.015209 -0.016700 0.013554
v -0.015211 -0.016604 0.012948
v -0.015211 -0.016519 0.012405
v -0.015211 -0.016447 0.011948
v -0.015222 -0.016376 0.011500
v -0.019720 -0.006759 0.016157
v -0.019833 -0.006415 0.016162
v -0.019553 -0.003399 0.014565
v -0.019521 -0.004160 0.014059
v -0.019537 -0.003794 0.014332
v -0.019538 -0.004885 0.013465
v -0.019533 -0.004521 0.013770
v -0.019610 -0.005593 0.012794
v -0.019555 -0.005253 0.013147
v -0.019819 -0.006139 0.012041
v -0.019567 -0.005914 0.012277
v -0.019696 -0.006268 0.011556
v -0.019289 -0.006005 0.011567
v -0.019903 -0.003702 0.011146
v -0.018970 -0.003634 0.014153
v -0.018894 -0.004759 0.013293
v -0.018942 -0.004383 0.013611
v -0.018929 -0.004001 0.013886
v -0.019125 -0.005500 0.012708
v -0.018877 -0.005187 0.012902
v -0.018986 -0.005666 0.012236
v -0.018563 -0.005342 0.012234
v -0.018922 -0.005654 0.011578
v -0.018577 -0.005234 0.011495
v -0.018572 -0.003519 0.013962
v -0.018507 -0.004218 0.013424
v -0.018384 -0.003804 0.013607
v -0.018400 -0.004913 0.012751
v -0.018289 -0.004495 0.012988
v -0.017985 -0.003995 0.013009
v -0.018208 -0.004964 0.012175
v -0.017975 -0.004498 0.012231
v -0.017793 -0.004041 0.012257
v -0.018302 -0.004816 0.011426
v -0.018065 -0.004364 0.011482
v -0.017984 -0.003758 0.011496
v -0.017748 -0.003543 0.013025
v -0.017606 -0.003608 0.012318
v -0.017784 -0.003490 0.011792
v -0.015050 -0.003429 0.014148
v -0.015104 -0.003509 0.013525
v -0.015069 -0.004055 0.012897
v -0.015165 -0.003590 0.012897
v -0.015050 -0.004616 0.012258
v -0.015135 -0.004167 0.012263
v -0.015239 -0.003650 0.012267
v -0.015107 -0.004737 0.011638
v -0.015204 -0.004245 0.011640
v -0.015316 -0.003690 0.011642
v -0.019558 -0.001243 0.016096
v -0.019530 -0.002199 0.015239
v -0.019527 -0.001842 0.015478
v -0.019501 -0.001515 0.015713
v -0.019545 -0.002990 0.014785
v -0.019535 -0.002581 0.015012
v -0.019619 -0.003190 0.011251
v -0.019622 -0.002710 0.011280
v -0.018961 -0.001192 0.016069
v -0.018920 -0.001680 0.015266
v -0.018952 -0.001333 0.015577
v -0.018899 -0.002820 0.014568
v -0.018899 -0.002405 0.014799
v -0.018911 -0.002028 0.015032
v -0.018952 -0.003243 0.014365
v -0.018964 -0.003034 0.011140
v -0.018968 -0.002674 0.011151
v -0.018339 -0.001160 0.016049
v -0.018350 -0.001205 0.015488
v -0.018298 -0.002204 0.014526
v -0.018361 -0.001845 0.014791
v -0.018355 -0.001476 0.015040
v -0.018441 -0.003171 0.014066
v -0.018251 -0.002677 0.014198
v -0.018080 -0.003346 0.013613
v -0.018294 -0.003105 0.011259
v -0.018293 -0.002490 0.011214
v -0.018088 -0.001842 0.011247
v -0.018037 -0.001228 0.011267
v -0.018018 -0.000689 0.011277
v -0.018001 -0.000349 0.011189
v -0.017725 -0.001146 0.016028
v -0.017739 -0.001093 0.015408
v -0.017963 -0.001675 0.014575
v -0.017776 -0.001245 0.014746
v -0.017849 -0.002352 0.014025
v -0.017773 -0.001955 0.014202
v -0.017467 -0.001504 0.014165
v -0.017836 -0.002907 0.013637
v -0.017577 -0.002483 0.013587
v -0.017394 -0.002083 0.013620
v -0.017505 -0.003076 0.013004
v -0.017316 -0.002596 0.012971
v -0.017409 -0.003089 0.012268
v -0.017255 -0.002485 0.012212
v -0.017289 -0.001860 0.011977
v -0.017313 -0.001326 0.011909
v -0.017321 -0.000953 0.011885
v -0.017732 -0.003045 0.011658
v -0.017664 -0.002481 0.011581
v -0.017618 -0.001868 0.011531
v -0.017636 -0.001262 0.011553
v -0.017625 -0.000656 0.011610
v -0.017697 -0.000217 0.011344
v -0.017143 -0.001230 0.016022
v -0.017135 -0.001201 0.015406
v -0.017117 -0.001027 0.014771
v -0.017080 -0.000932 0.014123
v -0.016824 -0.000748 0.013843
v -0.017196 -0.001704 0.013589
v -0.017008 -0.001285 0.013512
v -0.016860 -0.000841 0.013409
v -0.017202 -0.002181 0.013019
v -0.017047 -0.001779 0.012982
v -0.016941 -0.001361 0.012910
v -0.016891 -0.000895 0.012856
v -0.017186 -0.002167 0.012542
v -0.017115 -0.001780 0.012436
v -0.017072 -0.001335 0.012333
v -0.017032 -0.000873 0.012194
v -0.017086 -0.000386 0.011621
v -0.017341 -0.000246 0.011308
v -0.016290 -0.001689 0.016024
v -0.016658 -0.001434 0.016020
v -0.016301 -0.001692 0.015393
v -0.016663 -0.001451 0.015397
v -0.016277 -0.001630 0.014759
v -0.016617 -0.001362 0.014782
v -0.016522 -0.001126 0.014214
v -0.016434 -0.000926 0.013752
v -0.016456 -0.000712 0.013344
v -0.016253 -0.000994 0.012797
v -0.016510 -0.000716 0.012824
v -0.016303 -0.001035 0.012231
v -0.016584 -0.000755 0.012230
v -0.016360 -0.001062 0.011619
v -0.016649 -0.000753 0.011599
v -0.015957 -0.001943 0.016030
v -0.015965 -0.001932 0.015398
v -0.015949 -0.001889 0.014763
v -0.015906 -0.001821 0.014129
v -0.016208 -0.001473 0.014134
v -0.015859 -0.001739 0.013497
v -0.016141 -0.001268 0.013487
v -0.016263 -0.001002 0.013211
v -0.015836 -0.001738 0.012872
v -0.016065 -0.001309 0.012855
v -0.015676 -0.002178 0.012250
v -0.015854 -0.001774 0.012249
v -0.016084 -0.001362 0.012245
v -0.015723 -0.002236 0.011634
v -0.015901 -0.001815 0.011630
v -0.016126 -0.001405 0.011627
v -0.015115 -0.002900 0.016042
v -0.015369 -0.002546 0.016038
v -0.015644 -0.002225 0.016034
v -0.015137 -0.002926 0.015410
v -0.015389 -0.002553 0.015407
v -0.015658 -0.002222 0.015402
v -0.015163 -0.002963 0.014777
v -0.015399 -0.002556 0.014774
v -0.015657 -0.002202 0.014769
v -0.015194 -0.003002 0.014145
v -0.015404 -0.002555 0.014143
v -0.015639 -0.002169 0.014137
v -0.015236 -0.003035 0.013520
v -0.015421 -0.002553 0.013515
v -0.015630 -0.002141 0.013508
v -0.015295 -0.003066 0.012892
v -0.015464 -0.002564 0.012885
v -0.015637 -0.002143 0.012878
v -0.015369 -0.003097 0.012264
v -0.015523 -0.002596 0.012257
v -0.015445 -0.003137 0.011641
v -0.015582 -0.002656 0.011637
v -0.019613 -0.016292 0.010969
v -0.019613 -0.016201 0.010389
v -0.019613 -0.016104 0.009775
v -0.019614 -0.016007 0.009159
v -0.019615 -0.015915 0.008575
v -0.019616 -0.015836 0.008071
v -0.019617 -0.015767 0.007637
v -0.019618 -0.015693 0.007163
v -0.019619 -0.015604 0.006601
v -0.018983 -0.016292 0.010968
v -0.018983 -0.016201 0.010388
v -0.018984 -0.016134 0.009771
v -0.018985 -0.016055 0.009152
v -0.018986 -0.015927 0.008573
v -0.018987 -0.015836 0.008071
v -0.018987 -0.015767 0.007636
v -0.018988 -0.015693 0.007163
v -0.018989 -0.015604 0.006600
v -0.018353 -0.016292 0.010967
v -0.018354 -0.016205 0.010387
v -0.018355 -0.016138 0.009769
v -0.018356 -0.016027 0.009155
v -0.018357 -0.015915 0.008574
v -0.018357 -0.015836 0.008070
v -0.018358 -0.015767 0.007635
v -0.018358 -0.015693 0.007162
v -0.018359 -0.015604 0.006599
v -0.017723 -0.016292 0.010967
v -0.017725 -0.016204 0.010386
v -0.017726 -0.016112 0.009772
v -0.017727 -0.016007 0.009156
v -0.017727 -0.015915 0.008572
v -0.017727 -0.015836 0.008069
v -0.017728 -0.015767 0.007635
v -0.017729 -0.015693 0.007161
v -0.017730 -0.015604 0.006598
v -0.017094 -0.016292 0.010966
v -0.017095 -0.016201 0.010386
v -0.017096 -0.016104 0.009772
v -0.017097 -0.016007 0.009155
v -0.017098 -0.015915 0.008572
v -0.017100 -0.015836 0.008071
v -0.017101 -0.015768 0.007638
v -0.017103 -0.015693 0.007162
v -0.017106 -0.015604 0.006598
v -0.016465 -0.016292 0.010966
v -0.016467 -0.016200 0.010385
v -0.016470 -0.016104 0.009771
v -0.016473 -0.016007 0.009155
v -0.016477 -0.015916 0.008579
v -0.016481 -0.015839 0.008089
v -0.016485 -0.015770 0.007654
v -0.016488 -0.015694 0.007168
v -0.016499 -0.015604 0.006596
v -0.015842 -0.016292 0.010969
v -0.015848 -0.016200 0.010384
v -0.015859 -0.016103 0.009769
v -0.015871 -0.016008 0.009161
v -0.015885 -0.015921 0.008613
v -0.015888 -0.015848 0.008147
v -0.015886 -0.015776 0.007694
v -0.015877 -0.015692 0.007177
v -0.015920 -0.015597 0.006586
v -0.015237 -0.016293 0.010971
v -0.015256 -0.016199 0.010375
v -0.015291 -0.016100 0.009762
v -0.015333 -0.016006 0.009177
v -0.015367 -0.015918 0.008687
v -0.015320 -0.015830 0.008254
v -0.015300 -0.015709 0.007757
v -0.015234 -0.015514 0.007205
v -0.015132 -0.014925 0.007110
v -0.015135 -0.014359 0.007093
v -0.015153 -0.013752 0.007110
v -0.015408 -0.015414 0.006574
v -0.015260 -0.014910 0.006567
v -0.015262 -0.014352 0.006573
v -0.015279 -0.013754 0.006583
v -0.015078 -0.009371 0.008215
v -0.015105 -0.008745 0.008279
v -0.015071 -0.013121 0.007570
v -0.015089 -0.012503 0.007603
v -0.015107 -0.011879 0.007635
v -0.015122 -0.011251 0.007666
v -0.015134 -0.010622 0.007697
v -0.015146 -0.009995 0.007732
v -0.015166 -0.009369 0.007765
v -0.015199 -0.008741 0.007794
v -0.015171 -0.013126 0.007134
v -0.015191 -0.012505 0.007150
v -0.015212 -0.011879 0.007163
v -0.015228 -0.011250 0.007176
v -0.015240 -0.010621 0.007189
v -0.015251 -0.009993 0.007202
v -0.015268 -0.009366 0.007215
v -0.015302 -0.008738 0.007225
v -0.015296 -0.013133 0.006593
v -0.015313 -0.012508 0.006598
v -0.015330 -0.011880 0.006602
v -0.015344 -0.011250 0.006606
v -0.015353 -0.010621 0.006609
v -0.015360 -0.009993 0.006613
v -0.015371 -0.009365 0.006621
v -0.015400 -0.008738 0.006629
v -0.019698 -0.006191 0.010940
v -0.019436 -0.005753 0.010692
v -0.019521 -0.004952 0.010541
v -0.019497 -0.004303 0.010755
v -0.019444 -0.003762 0.010983
v -0.019034 -0.005520 0.010995
v -0.018859 -0.005043 0.010816
v -0.018780 -0.004415 0.010880
v -0.018919 -0.003767 0.010885
v -0.018411 -0.004181 0.011056
v -0.018433 -0.003734 0.011073
v -0.015677 -0.003382 0.009753
v -0.015757 -0.003509 0.009138
v -0.015740 -0.004097 0.008534
v -0.015847 -0.003611 0.008521
v -0.015728 -0.004695 0.007905
v -0.015831 -0.004216 0.007901
v -0.015949 -0.003676 0.007891
v -0.015718 -0.005304 0.007267
v -0.015808 -0.004823 0.007275
v -0.015913 -0.004286 0.007278
v -0.016029 -0.003720 0.007282
v -0.015692 -0.005939 0.006659
v -0.015777 -0.005431 0.006636
v -0.015866 -0.004883 0.006669
v -0.015967 -0.004308 0.006703
v -0.016072 -0.003748 0.006737
v -0.015070 -0.005307 0.011008
v -0.015168 -0.004838 0.011013
v -0.015279 -0.004296 0.011015
v -0.015399 -0.003722 0.011016
v -0.015043 -0.005894 0.010364
v -0.015134 -0.005431 0.010374
v -0.015244 -0.004905 0.010384
v -0.015365 -0.004330 0.010387
v -0.015486 -0.003766 0.010387
v -0.015050 -0.006521 0.009744
v -0.015119 -0.006041 0.009744
v -0.015212 -0.005517 0.009751
v -0.015332 -0.004948 0.009758
v -0.015456 -0.004373 0.009759
v -0.015572 -0.003848 0.009757
v -0.015070 -0.007202 0.009162
v -0.015138 -0.006690 0.009136
v -0.015215 -0.006145 0.009129
v -0.015310 -0.005569 0.009131
v -0.015431 -0.004988 0.009138
v -0.015549 -0.004446 0.009145
v -0.015655 -0.003965 0.009144
v -0.015133 -0.008129 0.008367
v -0.015154 -0.007486 0.008554
v -0.015243 -0.006819 0.008519
v -0.015331 -0.006207 0.008509
v -0.015426 -0.005609 0.008510
v -0.015536 -0.005051 0.008521
v -0.015641 -0.004556 0.008531
v -0.015238 -0.008116 0.007829
v -0.015282 -0.007485 0.007879
v -0.015359 -0.006852 0.007882
v -0.015449 -0.006240 0.007883
v -0.015539 -0.005671 0.007887
v -0.015632 -0.005163 0.007895
v -0.015344 -0.008112 0.007236
v -0.015392 -0.007485 0.007249
v -0.015466 -0.006866 0.007260
v -0.015550 -0.006290 0.007269
v -0.015633 -0.005783 0.007266
v -0.015441 -0.008111 0.006639
v -0.015488 -0.007487 0.006657
v -0.015550 -0.006892 0.006691
v -0.015616 -0.006379 0.006717
v -0.019351 -0.003388 0.011113
v -0.019549 -0.002410 0.010822
v -0.019153 -0.001855 0.010510
v -0.019614 -0.002367 0.010295
v -0.019342 -0.001838 0.010123
v -0.019201 -0.001238 0.009961
v -0.019154 -0.000635 0.009876
v -0.019676 -0.002261 0.009881
v -0.019531 -0.001811 0.009702
v -0.019478 -0.001211 0.009577
v -0.019518 -0.000604 0.009519
v -0.019619 -0.000055 0.009516
v -0.019633 0.000450 0.009476
v -0.019644 0.000784 0.009141
v -0.019709 0.000958 0.008787
v -0.019695 0.001071 0.008362
v -0.019663 0.001164 0.007847
v -0.019629 0.001235 0.007323
v -0.019623 -0.001001 0.006501
v -0.019625 -0.000503 0.006582
v -0.019627 0.000051 0.006670
v -0.019624 0.000579 0.006754
v -0.019604 0.001067 0.006884
v -0.018960 -0.003326 0.011053
v -0.019015 -0.002279 0.011048
v -0.018854 -0.001791 0.010837
v -0.018699 -0.001224 0.010688
v -0.018615 -0.000690 0.010618
v -0.018556 -0.000303 0.010596
v -0.018957 -0.001245 0.010333
v -0.018859 -0.000655 0.010260
v -0.018750 -0.000081 0.010266
v -0.018717 0.000305 0.010034
v -0.019142 -0.000057 0.009865
v -0.018989 0.000432 0.009639
v -0.019024 0.000777 0.009029
v -0.019307 0.000897 0.008734
v -0.018839 0.000839 0.008444
v -0.019226 0.000964 0.008364
v -0.018758 0.000898 0.007919
v -0.019153 0.001034 0.007875
v -0.019002 0.000942 0.007028
v -0.019094 0.001092 0.007405
v -0.018997 -0.001008 0.006500
v -0.019001 -0.000510 0.006580
v -0.019005 0.000040 0.006667
v -0.019002 0.000561 0.006763
v -0.018531 -0.003338 0.011069
v -0.018581 -0.002221 0.011091
v -0.018467 -0.001776 0.011038
v -0.018400 -0.001205 0.011014
v -0.018336 -0.000669 0.010966
v -0.018227 -0.000203 0.010859
v -0.018302 0.000106 0.010404
v -0.018369 0.000285 0.010013
v -0.018436 0.000500 0.009627
v -0.018455 0.000590 0.009048
v -0.018411 0.000663 0.008457
v -0.018389 0.000729 0.007876
v -0.018434 0.000845 0.007261
v -0.018745 0.000954 0.007521
v -0.018382 -0.001024 0.006497
v -0.018387 -0.000522 0.006577
v -0.018393 0.000034 0.006667
v -0.018422 0.000529 0.006816
v -0.017746 -0.000043 0.010884
v -0.017818 0.000068 0.010264
v -0.018074 0.000248 0.009983
v -0.017734 0.000073 0.009677
v -0.018051 0.000313 0.009605
v -0.017698 0.000100 0.009077
v -0.018036 0.000360 0.009054
v -0.017658 0.000151 0.008464
v -0.018007 0.000413 0.008459
v -0.017622 0.000199 0.007862
v -0.017976 0.000475 0.007871
v -0.017593 0.000243 0.007277
v -0.017958 0.000541 0.007310
v -0.017782 -0.001055 0.006495
v -0.017765 -0.000520 0.006585
v -0.017773 0.000060 0.006775
v -0.017991 0.000453 0.006892
v -0.016995 -0.000445 0.010958
v -0.017322 -0.000193 0.010884
v -0.017023 -0.000475 0.010347
v -0.017367 -0.000201 0.010308
v -0.017054 -0.000494 0.009729
v -0.017380 -0.000210 0.009705
v -0.017066 -0.000492 0.009104
v -0.017370 -0.000183 0.009091
v -0.017072 -0.000486 0.008478
v -0.017348 -0.000147 0.008471
v -0.017067 -0.000480 0.007870
v -0.017319 -0.000112 0.007870
v -0.017046 -0.000477 0.007301
v -0.017294 -0.000096 0.007317
v -0.017209 -0.001589 0.006427
v -0.017216 -0.001114 0.006576
v -0.017166 -0.000574 0.006764
v -0.017344 -0.000146 0.006886
v -0.016403 -0.001086 0.010997
v -0.016673 -0.000753 0.010981
v -0.016448 -0.001126 0.010375
v -0.016721 -0.000783 0.010364
v -0.016494 -0.001172 0.009755
v -0.016758 -0.000809 0.009742
v -0.016343 -0.001599 0.009144
v -0.016537 -0.001209 0.009131
v -0.016788 -0.000827 0.009116
v -0.016407 -0.001670 0.008501
v -0.016596 -0.001242 0.008496
v -0.016823 -0.000842 0.008488
v -0.016325 -0.002166 0.007872
v -0.016469 -0.001733 0.007872
v -0.016647 -0.001267 0.007879
v -0.016849 -0.000854 0.007883
v -0.016367 -0.002249 0.007268
v -0.016511 -0.001759 0.007261
v -0.016681 -0.001265 0.007313
v -0.016853 -0.000860 0.007350
v -0.016293 -0.002824 0.006702
v -0.016482 -0.002339 0.006709
v -0.016691 -0.001778 0.006649
v -0.016796 -0.001229 0.006821
v -0.016934 -0.000894 0.006988
v -0.015778 -0.002308 0.011014
v -0.015960 -0.001860 0.011009
v -0.016174 -0.001447 0.011004
v -0.015711 -0.002831 0.010393
v -0.015847 -0.002379 0.010390
v -0.016026 -0.001905 0.010385
v -0.016224 -0.001491 0.010381
v -0.015786 -0.002933 0.009756
v -0.015927 -0.002432 0.009760
v -0.016098 -0.001946 0.009763
v -0.016281 -0.001542 0.009761
v -0.015873 -0.003009 0.009133
v -0.016014 -0.002478 0.009134
v -0.016173 -0.002001 0.009139
v -0.015972 -0.003067 0.008507
v -0.016109 -0.002536 0.008501
v -0.016251 -0.002081 0.008501
v -0.016075 -0.003118 0.007883
v -0.016198 -0.002608 0.007877
v -0.016142 -0.003184 0.007287
v -0.016251 -0.002706 0.007282
v -0.016173 -0.003264 0.006761
v -0.015521 -0.003190 0.011018
v -0.015644 -0.002736 0.011016
v -0.015599 -0.003272 0.010389
v -0.019620 -0.015509 0.005995
v -0.019620 -0.015415 0.005398
v -0.019621 -0.015333 0.004877
v -0.019621 -0.015230 0.004454
v -0.019623 -0.014896 0.004139
v -0.019621 -0.014351 0.004083
v -0.019618 -0.013769 0.004177
v -0.018990 -0.015509 0.005995
v -0.018990 -0.015415 0.005396
v -0.018991 -0.015332 0.004874
v -0.018991 -0.015230 0.004448
v -0.018993 -0.014898 0.004123
v -0.018991 -0.014351 0.004060
v -0.018988 -0.013768 0.004153
v -0.018360 -0.015509 0.005994
v -0.018360 -0.015414 0.005395
v -0.018361 -0.015332 0.004871
v -0.018361 -0.015231 0.004441
v -0.018363 -0.014900 0.004107
v -0.018361 -0.014351 0.004037
v -0.018358 -0.013768 0.004128
v -0.017731 -0.015509 0.005993
v -0.017732 -0.015414 0.005394
v -0.017734 -0.015331 0.004869
v -0.017734 -0.015231 0.004435
v -0.017734 -0.014903 0.004092
v -0.017733 -0.014352 0.004013
v -0.017732 -0.013767 0.004103
v -0.017109 -0.015508 0.005992
v -0.017114 -0.015414 0.005393
v -0.017122 -0.015331 0.004865
v -0.017125 -0.015232 0.004432
v -0.017114 -0.014911 0.004080
v -0.017112 -0.014356 0.003991
v -0.017116 -0.013764 0.004080
v -0.016512 -0.015508 0.005989
v -0.016536 -0.015413 0.005389
v -0.016570 -0.015329 0.004855
v -0.016585 -0.015234 0.004440
v -0.016524 -0.014930 0.004087
v -0.016502 -0.014367 0.003981
v -0.016521 -0.013757 0.004067
v -0.015970 -0.015494 0.005976
v -0.016047 -0.015363 0.005379
v -0.016120 -0.015267 0.004833
v -0.015763 -0.014939 0.004764
v -0.015680 -0.014364 0.004551
v -0.015697 -0.013757 0.004540
v -0.016219 -0.015202 0.004485
v -0.015994 -0.014963 0.004219
v -0.015947 -0.014382 0.004114
v -0.015986 -0.013754 0.004172
v -0.015550 -0.015300 0.005964
v -0.015395 -0.014870 0.005979
v -0.015391 -0.014340 0.005990
v -0.015405 -0.013752 0.005997
v -0.015683 -0.015148 0.005369
v -0.015521 -0.014796 0.005419
v -0.015509 -0.014317 0.005423
v -0.015518 -0.013747 0.005430
v -0.015600 -0.014703 0.005008
v -0.015594 -0.014296 0.004958
v -0.015601 -0.013743 0.004953
v -0.019608 -0.011599 0.004579
v -0.019611 -0.011162 0.004652
v -0.019616 -0.010615 0.004744
v -0.019618 -0.010013 0.004845
v -0.019619 -0.009401 0.004949
v -0.019620 -0.008827 0.005053
v -0.019616 -0.013166 0.004298
v -0.019613 -0.012568 0.004412
v -0.019610 -0.012036 0.004505
v -0.018985 -0.011137 0.004642
v -0.018987 -0.010605 0.004731
v -0.018988 -0.010010 0.004831
v -0.018989 -0.009400 0.004938
v -0.018990 -0.008825 0.005047
v -0.018986 -0.013166 0.004274
v -0.018985 -0.012565 0.004393
v -0.018983 -0.012025 0.004492
v -0.018983 -0.011575 0.004569
v -0.018357 -0.011112 0.004632
v -0.018358 -0.010594 0.004719
v -0.018359 -0.010006 0.004819
v -0.018360 -0.009399 0.004930
v -0.018361 -0.008823 0.005043
v -0.018357 -0.013165 0.004250
v -0.018356 -0.012563 0.004371
v -0.018356 -0.012013 0.004477
v -0.018356 -0.011550 0.004558
v -0.017732 -0.011090 0.004621
v -0.017732 -0.010584 0.004706
v -0.017733 -0.010003 0.004808
v -0.017734 -0.009398 0.004924
v -0.017735 -0.008821 0.005039
v -0.017731 -0.013164 0.004225
v -0.017731 -0.012559 0.004348
v -0.017731 -0.012002 0.004459
v -0.017732 -0.011529 0.004546
v -0.017119 -0.011085 0.004607
v -0.017117 -0.010579 0.004694
v -0.017116 -0.009999 0.004801
v -0.017120 -0.009395 0.004920
v -0.017126 -0.008822 0.005035
v -0.017119 -0.013158 0.004202
v -0.017122 -0.012552 0.004326
v -0.017127 -0.011993 0.004439
v -0.017131 -0.011522 0.004529
v -0.016539 -0.011122 0.004588
v -0.016522 -0.010584 0.004684
v -0.016525 -0.009993 0.004797
v -0.016548 -0.009388 0.004918
v -0.016576 -0.008826 0.005031
v -0.016541 -0.013145 0.004186
v -0.016564 -0.012540 0.004308
v -0.016588 -0.011989 0.004420
v -0.016604 -0.011542 0.004511
v -0.015677 -0.010003 0.005131
v -0.015714 -0.009369 0.005181
v -0.015780 -0.008744 0.005218
v -0.015717 -0.013137 0.004570
v -0.015755 -0.012514 0.004610
v -0.015800 -0.011897 0.004616
v -0.015982 -0.011282 0.004640
v -0.015975 -0.010617 0.004754
v -0.015999 -0.009992 0.004853
v -0.016057 -0.009379 0.004957
v -0.016134 -0.008822 0.005058
v -0.016029 -0.013133 0.004257
v -0.016083 -0.012525 0.004348
v -0.016158 -0.011980 0.004448
v -0.016241 -0.011592 0.004531
v -0.015419 -0.013136 0.006003
v -0.015432 -0.012510 0.006008
v -0.015446 -0.011882 0.006013
v -0.015456 -0.011252 0.006017
v -0.015460 -0.010624 0.006020
v -0.015461 -0.009997 0.006028
v -0.015462 -0.009367 0.006049
v -0.015483 -0.008739 0.006073
v -0.015526 -0.013136 0.005444
v -0.015534 -0.012513 0.005459
v -0.015543 -0.011886 0.005475
v -0.015549 -0.011257 0.005487
v -0.015549 -0.010628 0.005502
v -0.015550 -0.010002 0.005525
v -0.015558 -0.009370 0.005566
v -0.015584 -0.008741 0.005609
v -0.015606 -0.013137 0.004974
v -0.015614 -0.012515 0.005003
v -0.015633 -0.011892 0.005029
v -0.015658 -0.011264 0.005041
v -0.015663 -0.010627 0.005083
v -0.019621 -0.004752 0.005868
v -0.019622 -0.004266 0.005957
v -0.019622 -0.003695 0.006055
v -0.019621 -0.007897 0.005238
v -0.019621 -0.007418 0.005334
v -0.019621 -0.006850 0.005448
v -0.019621 -0.006251 0.005569
v -0.019621 -0.005681 0.005684
v -0.019621 -0.005190 0.005783
v -0.019620 -0.008334 0.005150
v -0.018991 -0.004749 0.005866
v -0.018992 -0.004265 0.005957
v -0.018992 -0.003695 0.006057
v -0.018991 -0.007892 0.005235
v -0.018991 -0.007415 0.005331
v -0.018991 -0.006849 0.005444
v -0.018991 -0.006251 0.005565
v -0.018991 -0.005680 0.005680
v -0.018991 -0.005187 0.005779
v -0.018991 -0.008329 0.005147
v -0.018363 -0.004746 0.005863
v -0.018363 -0.004265 0.005957
v -0.018365 -0.003695 0.006059
v -0.018361 -0.007887 0.005231
v -0.018361 -0.007413 0.005327
v -0.018362 -0.006849 0.005440
v -0.018362 -0.006250 0.005561
v -0.018362 -0.005678 0.005676
v -0.018362 -0.005185 0.005775
v -0.018361 -0.008324 0.005143
v -0.017740 -0.004752 0.005859
v -0.017742 -0.004267 0.005954
v -0.017745 -0.003696 0.006059
v -0.017735 -0.007886 0.005227
v -0.017735 -0.007412 0.005323
v -0.017736 -0.006847 0.005437
v -0.017737 -0.006249 0.005557
v -0.017738 -0.005680 0.005672
v -0.017738 -0.005192 0.005770
v -0.017736 -0.008323 0.005139
v -0.017133 -0.004777 0.005849
v -0.017140 -0.004273 0.005950
v -0.017149 -0.003698 0.006059
v -0.017120 -0.007898 0.005221
v -0.017119 -0.007413 0.005319
v -0.017123 -0.006844 0.005433
v -0.017130 -0.006249 0.005553
v -0.017136 -0.005698 0.005664
v -0.017130 -0.005228 0.005759
v -0.017131 -0.008333 0.005133
v -0.016535 -0.005311 0.005757
v -0.016544 -0.004822 0.005858
v -0.016573 -0.004279 0.005979
v -0.016594 -0.003700 0.006104
v -0.016534 -0.007948 0.005211
v -0.016526 -0.007421 0.005317
v -0.016546 -0.006839 0.005435
v -0.016571 -0.006254 0.005551
v -0.016596 -0.005749 0.005661
v -0.016595 -0.008366 0.005125
v -0.015686 -0.007475 0.005751
v -0.015712 -0.006844 0.005853
v -0.015746 -0.006187 0.006044
v -0.015951 -0.005501 0.005957
v -0.016021 -0.004871 0.006087
v -0.016112 -0.004294 0.006199
v -0.016220 -0.003763 0.006323
v -0.015984 -0.008122 0.005283
v -0.015985 -0.007451 0.005399
v -0.016025 -0.006831 0.005512
v -0.016077 -0.006245 0.005625
v -0.016198 -0.005819 0.005722
v -0.016217 -0.008421 0.005130
v -0.015521 -0.008111 0.006103
v -0.015558 -0.007489 0.006152
v -0.015609 -0.006915 0.006234
v -0.015653 -0.006484 0.006323
v -0.015634 -0.008106 0.005652
v -0.019622 -0.003084 0.006157
v -0.019622 -0.002474 0.006258
v -0.019622 -0.001913 0.006351
v -0.019623 -0.001438 0.006430
v -0.018993 -0.003084 0.006159
v -0.018993 -0.002475 0.006261
v -0.018994 -0.001916 0.006353
v -0.018995 -0.001445 0.006430
v -0.018366 -0.003085 0.006161
v -0.018369 -0.002477 0.006262
v -0.018374 -0.001926 0.006353
v -0.018378 -0.001462 0.006427
v -0.017751 -0.003087 0.006163
v -0.017767 -0.002485 0.006262
v -0.017783 -0.001958 0.006348
v -0.017786 -0.001509 0.006420
v -0.017160 -0.003088 0.006164
v -0.017219 -0.002502 0.006261
v -0.017263 -0.002020 0.006346
v -0.016567 -0.003078 0.006270
v -0.016755 -0.002490 0.006354
v -0.016893 -0.002093 0.006420
v -0.016291 -0.003362 0.006425
v -0.014544 -0.019442 0.031130
v -0.014522 -0.019371 0.030515
v -0.014527 -0.019276 0.029908
v -0.014536 -0.019179 0.029295
v -0.014543 -0.019084 0.028693
v -0.014546 -0.018999 0.028152
v -0.014549 -0.018929 0.027707
v -0.014550 -0.018860 0.027265
v -0.014552 -0.018776 0.026735
v -0.013900 -0.019375 0.030535
v -0.013909 -0.019278 0.029922
v -0.013914 -0.019180 0.029302
v -0.013917 -0.019085 0.028696
v -0.013919 -0.018999 0.028153
v -0.013920 -0.018929 0.027707
v -0.013921 -0.018859 0.027264
v -0.013922 -0.018776 0.026734
v -0.013407 -0.019341 0.030424
v -0.013284 -0.019279 0.029925
v -0.013287 -0.019181 0.029304
v -0.013289 -0.019085 0.028696
v -0.013290 -0.018999 0.028153
v -0.013291 -0.018929 0.027706
v -0.013292 -0.018859 0.027264
v -0.013292 -0.018776 0.026733
v -0.012657 -0.019279 0.029925
v -0.012658 -0.019181 0.029303
v -0.012660 -0.019085 0.028696
v -0.012660 -0.018999 0.028152
v -0.012661 -0.018929 0.027706
v -0.012662 -0.018859 0.027263
v -0.012662 -0.018776 0.026733
v -0.012061 -0.019130 0.029499
v -0.012030 -0.019085 0.028695
v -0.012030 -0.018999 0.028152
v -0.012031 -0.018929 0.027705
v -0.012032 -0.018859 0.027262
v -0.012032 -0.018776 0.026732
v -0.011561 -0.019161 0.029132
v -0.011400 -0.019085 0.028694
v -0.011401 -0.018999 0.028151
v -0.011401 -0.018929 0.027704
v -0.011402 -0.018859 0.027261
v -0.011403 -0.018775 0.026731
v -0.010805 -0.019042 0.028629
v -0.010771 -0.018999 0.028150
v -0.010772 -0.018929 0.027704
v -0.010773 -0.018859 0.027261
v -0.010775 -0.018776 0.026732
v -0.010142 -0.018999 0.028150
v -0.010144 -0.018929 0.027706
v -0.010148 -0.018860 0.027265
v -0.010155 -0.018776 0.026734
v -0.014784 -0.009149 0.027227
v -0.014674 -0.008726 0.027330
v -0.014765 -0.010432 0.026619
v -0.014674 -0.010015 0.026733
v -0.014589 -0.009422 0.026934
v -0.014343 -0.008788 0.026985
v -0.014013 -0.008803 0.026587
v -0.009995 -0.008746 0.027761
v -0.010010 -0.009740 0.027129
v -0.010082 -0.009309 0.027219
v -0.010192 -0.008751 0.027319
v -0.010003 -0.010327 0.026810
v -0.010151 -0.009861 0.026742
v -0.010268 -0.009339 0.026774
v -0.010382 -0.008793 0.026845
v -0.014513 -0.004571 0.031044
v -0.014504 -0.004533 0.030486
v -0.014498 -0.004474 0.029906
v -0.014504 -0.004430 0.029309
v -0.014770 -0.006270 0.028491
v -0.014668 -0.005658 0.028606
v -0.014556 -0.005115 0.028663
v -0.014451 -0.004603 0.028743
v -0.014722 -0.007550 0.027926
v -0.014539 -0.006907 0.028058
v -0.014397 -0.006269 0.028176
v -0.014289 -0.005654 0.028269
v -0.014217 -0.005132 0.028325
v -0.014175 -0.004763 0.028367
v -0.014511 -0.008159 0.027451
v -0.014353 -0.007550 0.027585
v -0.014190 -0.006907 0.027716
v -0.014175 -0.008168 0.027097
v -0.013879 -0.004459 0.030557
v -0.013905 -0.004415 0.029881
v -0.013892 -0.004387 0.029284
v -0.013890 -0.004373 0.028664
v -0.014048 -0.006266 0.027823
v -0.013947 -0.005644 0.027889
v -0.013897 -0.005099 0.027934
v -0.013885 -0.004492 0.028019
v -0.014014 -0.007546 0.027215
v -0.013854 -0.006899 0.027308
v -0.013733 -0.006250 0.027360
v -0.013661 -0.005628 0.027372
v -0.013635 -0.005088 0.027372
v -0.013636 -0.004579 0.027377
v -0.013858 -0.008165 0.026670
v -0.013724 -0.007526 0.026725
v -0.013582 -0.006875 0.026751
v -0.013475 -0.006224 0.026754
v -0.013465 -0.005603 0.026735
v -0.013498 -0.005056 0.026730
v -0.013558 -0.004556 0.026760
v -0.013373 -0.004374 0.030244
v -0.013296 -0.004366 0.029862
v -0.013287 -0.004378 0.029263
v -0.013274 -0.004389 0.028648
v -0.013274 -0.004309 0.028011
v -0.013254 -0.004207 0.027390
v -0.013260 -0.004165 0.026828
v -0.013335 -0.004086 0.026377
v -0.012666 -0.004346 0.029861
v -0.012680 -0.004383 0.029249
v -0.012701 -0.004456 0.028631
v -0.012730 -0.004473 0.028005
v -0.012754 -0.004419 0.027364
v -0.012814 -0.004343 0.026681
v -0.013033 -0.004167 0.026364
v -0.012159 -0.004370 0.029523
v -0.012103 -0.004455 0.029229
v -0.011758 -0.004732 0.028616
v -0.012178 -0.004556 0.028619
v -0.011893 -0.004840 0.028013
v -0.012268 -0.004626 0.028005
v -0.012022 -0.004940 0.027400
v -0.012353 -0.004660 0.027379
v -0.011897 -0.005378 0.026800
v -0.012145 -0.005020 0.026779
v -0.012437 -0.004682 0.026743
v -0.011638 -0.004619 0.029213
v -0.011176 -0.005317 0.028659
v -0.011277 -0.004975 0.028922
v -0.011345 -0.005475 0.028051
v -0.011605 -0.005134 0.028029
v -0.011272 -0.005996 0.027442
v -0.011506 -0.005618 0.027433
v -0.011760 -0.005268 0.027419
v -0.011232 -0.006562 0.026797
v -0.011435 -0.006146 0.026801
v -0.011658 -0.005743 0.026803
v -0.010714 -0.006039 0.028649
v -0.010925 -0.005670 0.028694
v -0.010665 -0.006629 0.028105
v -0.010875 -0.006220 0.028091
v -0.011103 -0.005836 0.028071
v -0.010664 -0.007241 0.027460
v -0.010857 -0.006805 0.027456
v -0.011061 -0.006389 0.027448
v -0.010668 -0.007887 0.026846
v -0.010848 -0.007425 0.026818
v -0.011037 -0.006982 0.026800
v -0.009971 -0.008121 0.028272
v -0.010136 -0.007540 0.028397
v -0.010337 -0.006970 0.028517
v -0.010536 -0.006456 0.028572
v -0.010136 -0.008139 0.027895
v -0.010296 -0.007586 0.027997
v -0.010463 -0.007086 0.028086
v -0.010333 -0.008200 0.027397
v -0.010492 -0.007708 0.027433
v -0.010506 -0.008311 0.026894
v -0.014553 -0.018682 0.026141
v -0.014554 -0.018585 0.025523
v -0.014555 -0.018488 0.024910
v -0.014555 -0.018399 0.024343
v -0.014556 -0.018324 0.023865
v -0.013923 -0.018682 0.026140
v -0.013924 -0.018585 0.025522
v -0.013925 -0.018488 0.024909
v -0.013926 -0.018399 0.024343
v -0.013926 -0.018324 0.023864
v -0.013293 -0.018682 0.026140
v -0.013294 -0.018585 0.025521
v -0.013295 -0.018488 0.024908
v -0.013296 -0.018399 0.024342
v -0.013296 -0.018324 0.023864
v -0.012663 -0.018682 0.026139
v -0.012664 -0.018585 0.025521
v -0.012665 -0.018488 0.024907
v -0.012666 -0.018399 0.024341
v -0.012667 -0.018324 0.023863
v -0.012033 -0.018682 0.026138
v -0.012034 -0.018585 0.025520
v -0.012036 -0.018488 0.024907
v -0.012038 -0.018399 0.024342
v -0.012040 -0.018324 0.023868
v -0.011404 -0.018682 0.026138
v -0.011406 -0.018585 0.025520
v -0.011411 -0.018488 0.024909
v -0.011418 -0.018401 0.024353
v -0.011426 -0.018328 0.023889
v -0.010779 -0.018682 0.026138
v -0.010788 -0.018585 0.025520
v -0.010806 -0.018490 0.024919
v -0.010830 -0.018407 0.024391
v -0.010836 -0.018337 0.023946
v -0.010167 -0.018682 0.026138
v -0.010202 -0.018585 0.025520
v -0.010256 -0.018493 0.024941
v -0.010306 -0.018411 0.024460
v -0.014557 -0.018255 0.023428
v -0.014557 -0.018176 0.022929
v -0.014558 -0.018086 0.022352
v -0.014559 -0.017989 0.021740
v -0.013927 -0.018255 0.023427
v -0.013927 -0.018176 0.022928
v -0.013928 -0.018086 0.022352
v -0.013929 -0.017989 0.021739
v -0.013297 -0.018255 0.023426
v -0.013298 -0.018176 0.022928
v -0.013299 -0.018085 0.022351
v -0.013300 -0.017989 0.021738
v -0.012668 -0.018255 0.023426
v -0.012669 -0.018176 0.022928
v -0.012672 -0.018085 0.022351
v -0.012676 -0.017989 0.021738
v -0.012043 -0.018256 0.023431
v -0.012048 -0.018177 0.022930
v -0.012055 -0.018085 0.022350
v -0.012072 -0.017988 0.021735
v -0.011432 -0.018258 0.023448
v -0.011443 -0.018177 0.022934
v -0.011453 -0.018084 0.022341
v -0.011518 -0.017983 0.021720
v -0.011282 -0.015045 0.021459
v -0.011343 -0.014412 0.021539
v -0.011398 -0.013785 0.021606
v -0.010823 -0.018261 0.023477
v -0.010644 -0.014411 0.023356
v -0.010700 -0.013779 0.023424
v -0.010846 -0.018158 0.022930
v -0.010628 -0.016275 0.022712
v -0.010691 -0.015660 0.022785
v -0.010756 -0.015037 0.022857
v -0.010822 -0.014410 0.022920
v -0.010888 -0.013781 0.022963
v -0.010837 -0.017953 0.022326
v -0.010685 -0.017429 0.022199
v -0.010729 -0.016871 0.022224
v -0.010798 -0.016277 0.022275
v -0.010872 -0.015663 0.022322
v -0.010946 -0.015039 0.022373
v -0.011016 -0.014411 0.022430
v -0.011079 -0.013786 0.022478
v -0.011053 -0.017822 0.021695
v -0.010897 -0.017386 0.021692
v -0.010924 -0.016863 0.021725
v -0.010988 -0.016284 0.021770
v -0.011058 -0.015668 0.021827
v -0.011127 -0.015042 0.021893
v -0.011190 -0.014413 0.021971
v -0.011244 -0.013790 0.022042
v -0.010009 -0.015038 0.024620
v -0.010069 -0.014408 0.024690
v -0.010131 -0.013782 0.024761
v -0.010251 -0.018302 0.024037
v -0.010011 -0.016893 0.024000
v -0.010072 -0.016288 0.024063
v -0.010132 -0.015665 0.024131
v -0.010198 -0.015038 0.024190
v -0.010267 -0.014409 0.024238
v -0.010333 -0.013780 0.024294
v -0.010226 -0.018038 0.023565
v -0.010133 -0.017460 0.023531
v -0.010191 -0.016889 0.023567
v -0.010263 -0.016284 0.023608
v -0.010332 -0.015663 0.023662
v -0.010401 -0.015038 0.023719
v -0.010467 -0.014410 0.023776
v -0.010524 -0.013780 0.023845
v -0.010383 -0.017935 0.022997
v -0.010335 -0.017428 0.023039
v -0.010389 -0.016877 0.023084
v -0.010456 -0.016277 0.023137
v -0.010520 -0.015661 0.023208
v -0.010583 -0.015038 0.023284
v -0.010502 -0.017813 0.022601
v -0.010505 -0.017396 0.022608
v -0.010564 -0.016864 0.022651
v -0.014729 -0.011705 0.025976
v -0.014607 -0.011290 0.026095
v -0.014550 -0.010699 0.026307
v -0.014334 -0.010049 0.026356
v -0.014186 -0.009427 0.026491
v -0.014663 -0.012400 0.025425
v -0.014522 -0.011945 0.025585
v -0.014228 -0.011287 0.025544
v -0.014165 -0.010665 0.025804
v -0.014604 -0.013041 0.024787
v -0.014525 -0.012591 0.024966
v -0.014258 -0.011982 0.024897
v -0.014096 -0.011437 0.024862
v -0.014017 -0.009921 0.024313
v -0.014074 -0.009288 0.024344
v -0.014186 -0.008656 0.024376
v -0.014510 -0.012990 0.024341
v -0.014385 -0.012523 0.024289
v -0.014290 -0.011933 0.024225
v -0.014211 -0.011254 0.024156
v -0.014443 -0.010559 0.023836
v -0.014509 -0.009896 0.023932
v -0.014585 -0.009280 0.024059
v -0.014643 -0.008716 0.024162
v -0.014627 -0.011316 0.023688
v -0.014710 -0.010867 0.023691
v -0.014039 -0.010044 0.025923
v -0.013886 -0.009419 0.026024
v -0.013775 -0.008781 0.026073
v -0.014003 -0.010991 0.025268
v -0.013937 -0.010565 0.025352
v -0.013816 -0.010003 0.025416
v -0.013743 -0.009379 0.025448
v -0.013681 -0.008740 0.025453
v -0.013973 -0.011007 0.024837
v -0.013884 -0.010518 0.024834
v -0.013825 -0.009952 0.024850
v -0.013791 -0.009328 0.024856
v -0.013796 -0.008683 0.024829
v -0.014066 -0.010941 0.024413
v -0.014009 -0.010498 0.024294
v -0.011895 -0.008438 0.023012
v -0.011918 -0.009109 0.022418
v -0.012043 -0.008604 0.022398
v -0.011906 -0.010368 0.021450
v -0.011966 -0.009951 0.021564
v -0.012038 -0.009371 0.021787
v -0.012191 -0.008733 0.021781
v -0.011268 -0.008752 0.024634
v -0.011272 -0.009732 0.023966
v -0.011341 -0.009306 0.024057
v -0.011443 -0.008746 0.024152
v -0.011248 -0.010305 0.023636
v -0.011381 -0.009851 0.023560
v -0.011498 -0.009342 0.023574
v -0.011618 -0.008800 0.023602
v -0.011242 -0.011876 0.022692
v -0.011315 -0.011263 0.022814
v -0.011379 -0.010613 0.023028
v -0.011529 -0.009980 0.023011
v -0.011658 -0.009430 0.023019
v -0.011778 -0.008928 0.023015
v -0.011288 -0.013163 0.022107
v -0.011331 -0.012517 0.022175
v -0.011395 -0.011880 0.022245
v -0.011482 -0.011259 0.022304
v -0.011582 -0.010633 0.022372
v -0.011692 -0.010044 0.022441
v -0.011797 -0.009548 0.022478
v -0.011447 -0.013156 0.021654
v -0.011497 -0.012518 0.021688
v -0.011563 -0.011892 0.021720
v -0.011653 -0.011288 0.021736
v -0.011776 -0.010652 0.021722
v -0.011832 -0.010070 0.021942
v -0.011892 -0.009659 0.022064
v -0.010636 -0.009382 0.025870
v -0.010731 -0.008779 0.026003
v -0.010648 -0.010373 0.025243
v -0.010718 -0.009936 0.025327
v -0.010817 -0.009369 0.025422
v -0.010926 -0.008785 0.025506
v -0.010633 -0.010956 0.024918
v -0.010775 -0.010490 0.024832
v -0.010899 -0.009957 0.024841
v -0.011004 -0.009375 0.024936
v -0.011099 -0.008809 0.025043
v -0.010641 -0.012531 0.023999
v -0.010719 -0.011911 0.024113
v -0.010785 -0.011265 0.024319
v -0.010949 -0.010624 0.024275
v -0.011113 -0.009997 0.024237
v -0.011184 -0.009362 0.024464
v -0.010754 -0.013151 0.023488
v -0.010819 -0.012523 0.023550
v -0.010907 -0.011897 0.023616
v -0.011000 -0.011298 0.023705
v -0.011113 -0.010766 0.023721
v -0.010948 -0.013152 0.023003
v -0.011008 -0.012516 0.023057
v -0.011085 -0.011893 0.023128
v -0.011163 -0.011325 0.023226
v -0.011223 -0.010893 0.023316
v -0.011130 -0.013157 0.022531
v -0.011177 -0.012515 0.022604
v -0.010016 -0.011911 0.025889
v -0.010112 -0.011293 0.026012
v -0.010185 -0.010637 0.026216
v -0.010339 -0.009976 0.026239
v -0.010456 -0.009381 0.026310
v -0.010552 -0.008835 0.026410
v -0.010014 -0.013161 0.025262
v -0.010099 -0.012533 0.025352
v -0.010203 -0.011914 0.025437
v -0.010323 -0.011307 0.025495
v -0.010470 -0.010652 0.025522
v -0.010543 -0.009991 0.025737
v -0.010201 -0.013158 0.024823
v -0.010290 -0.012537 0.024883
v -0.010391 -0.011945 0.024950
v -0.010498 -0.011425 0.024986
v -0.010399 -0.013156 0.024351
v -0.010473 -0.012543 0.024420
v -0.010553 -0.011975 0.024513
v -0.010615 -0.011548 0.024602
v -0.010577 -0.013153 0.023917
v -0.014401 -0.005266 0.024917
v -0.014492 -0.004848 0.025053
v -0.014574 -0.004375 0.025246
v -0.014593 -0.003920 0.025244
v -0.014457 -0.008033 0.024346
v -0.014491 -0.007390 0.024456
v -0.014524 -0.006768 0.024589
v -0.014545 -0.006185 0.024712
v -0.014512 -0.005685 0.024813
v -0.014724 -0.008309 0.024273
v -0.013648 -0.008138 0.026097
v -0.013542 -0.007495 0.026101
v -0.013447 -0.006842 0.026086
v -0.013406 -0.006184 0.026051
v -0.013467 -0.005558 0.026012
v -0.013558 -0.004994 0.026048
v -0.013654 -0.004434 0.026139
v -0.013686 -0.004025 0.025910
v -0.013631 -0.008099 0.025437
v -0.013599 -0.007456 0.025422
v -0.013594 -0.006810 0.025409
v -0.013624 -0.006164 0.025378
v -0.013794 -0.005509 0.025269
v -0.013896 -0.004934 0.025415
v -0.013998 -0.004444 0.025543
v -0.013958 -0.003947 0.025449
v -0.013842 -0.008048 0.024784
v -0.013902 -0.007418 0.024823
v -0.013954 -0.006792 0.024875
v -0.014010 -0.006216 0.024926
v -0.014077 -0.005781 0.024972
v -0.014052 -0.003692 0.024810
v -0.013945 -0.003677 0.024196
v -0.013942 -0.003700 0.023581
v -0.013949 -0.003698 0.022954
v -0.013928 -0.003648 0.022324
v -0.013909 -0.003592 0.021692
v -0.013044 -0.004172 0.025980
v -0.013343 -0.004008 0.025948
v -0.013122 -0.004204 0.025448
v -0.013453 -0.003983 0.025431
v -0.013215 -0.004250 0.024849
v -0.013554 -0.003965 0.024828
v -0.013286 -0.004300 0.024226
v -0.013590 -0.003977 0.024213
v -0.013123 -0.004704 0.023600
v -0.013352 -0.004349 0.023596
v -0.013628 -0.004000 0.023590
v -0.013195 -0.004766 0.022976
v -0.013420 -0.004384 0.022971
v -0.013672 -0.004017 0.022963
v -0.013253 -0.004826 0.022347
v -0.013469 -0.004405 0.022342
v -0.013693 -0.004010 0.022333
v -0.013146 -0.005312 0.021723
v -0.013311 -0.004881 0.021718
v -0.013508 -0.004420 0.021714
v -0.013704 -0.004000 0.021706
v -0.012506 -0.004741 0.026121
v -0.012787 -0.004408 0.026072
v -0.012594 -0.004833 0.025498
v -0.012851 -0.004483 0.025476
v -0.012477 -0.005308 0.024872
v -0.012702 -0.004934 0.024868
v -0.012946 -0.004566 0.024861
v -0.012587 -0.005413 0.024245
v -0.012811 -0.005012 0.024240
v -0.013040 -0.004640 0.024233
v -0.012509 -0.005934 0.023623
v -0.012695 -0.005510 0.023615
v -0.012907 -0.005081 0.023607
v -0.012609 -0.006049 0.023003
v -0.012797 -0.005593 0.022992
v -0.012992 -0.005156 0.022982
v -0.012565 -0.006613 0.022396
v -0.012715 -0.006145 0.022380
v -0.012897 -0.005665 0.022365
v -0.013071 -0.005233 0.022354
v -0.012554 -0.007214 0.021775
v -0.012686 -0.006735 0.021764
v -0.012834 -0.006223 0.021747
v -0.012992 -0.005741 0.021734
v -0.012017 -0.005482 0.026165
v -0.012260 -0.005099 0.026148
v -0.011927 -0.006002 0.025541
v -0.012135 -0.005591 0.025527
v -0.012364 -0.005200 0.025512
v -0.011881 -0.006565 0.024895
v -0.012067 -0.006132 0.024895
v -0.012267 -0.005700 0.024884
v -0.011861 -0.007168 0.024252
v -0.012021 -0.006713 0.024257
v -0.012205 -0.006249 0.024258
v -0.012393 -0.005818 0.024253
v -0.011865 -0.007792 0.023623
v -0.012006 -0.007322 0.023626
v -0.012166 -0.006828 0.023630
v -0.012336 -0.006360 0.023629
v -0.012014 -0.007951 0.023007
v -0.012153 -0.007438 0.023009
v -0.012305 -0.006938 0.023013
v -0.012452 -0.006482 0.023010
v -0.012169 -0.008069 0.022392
v -0.012299 -0.007544 0.022394
v -0.012433 -0.007063 0.022398
v -0.012317 -0.008179 0.021787
v -0.012436 -0.007689 0.021781
v -0.011206 -0.007169 0.026152
v -0.011389 -0.006724 0.026156
v -0.011591 -0.006282 0.026167
v -0.011794 -0.005871 0.026169
v -0.011199 -0.007810 0.025527
v -0.011372 -0.007337 0.025520
v -0.011550 -0.006860 0.025526
v -0.011739 -0.006416 0.025537
v -0.011347 -0.008103 0.024885
v -0.011536 -0.007503 0.024886
v -0.011708 -0.007010 0.024889
v -0.011559 -0.008165 0.024233
v -0.011708 -0.007639 0.024248
v -0.011737 -0.008280 0.023620
v -0.010820 -0.008177 0.026216
v -0.011021 -0.007630 0.026172
v -0.011033 -0.008259 0.025587
v -0.011162 -0.008373 0.025159
v -0.010626 -0.008432 0.026503
v -0.014602 -0.003489 0.025036
v -0.014674 -0.003350 0.024638
v -0.014683 -0.003300 0.024148
v -0.014671 -0.003239 0.023574
v -0.014646 -0.003163 0.022967
v -0.014598 -0.003007 0.022378
v -0.014564 -0.002841 0.021852
v -0.014556 -0.002677 0.021473
v -0.014308 -0.003463 0.024547
v -0.014281 -0.003453 0.024129
v -0.014272 -0.003447 0.023563
v -0.014259 -0.003413 0.022949
v -0.014216 -0.003298 0.022325
v -0.014197 -0.003148 0.021659
v -0.014318 -0.002874 0.021386
v -0.014560 -0.017892 0.021121
v -0.014561 -0.017799 0.020532
v -0.014561 -0.017718 0.020022
v -0.014562 -0.017650 0.019590
v -0.014563 -0.017577 0.019123
v -0.014564 -0.017489 0.018564
v -0.014565 -0.017393 0.017956
v -0.014566 -0.017295 0.017334
v -0.014570 -0.017200 0.016728
v -0.013930 -0.017892 0.021120
v -0.013931 -0.017799 0.020531
v -0.013932 -0.017719 0.020022
v -0.013933 -0.017651 0.019590
v -0.013935 -0.017577 0.019124
v -0.013937 -0.017489 0.018564
v -0.013940 -0.017393 0.017955
v -0.013945 -0.017295 0.017332
v -0.013961 -0.017200 0.016732
v -0.013302 -0.017891 0.021120
v -0.013304 -0.017799 0.020533
v -0.013308 -0.017720 0.020030
v -0.013311 -0.017652 0.019599
v -0.013316 -0.017578 0.019128
v -0.013321 -0.017489 0.018563
v -0.013333 -0.017392 0.017949
v -0.013357 -0.017294 0.017325
v -0.013405 -0.017202 0.016743
v -0.012682 -0.017892 0.021121
v -0.012695 -0.017800 0.020542
v -0.012708 -0.017724 0.020057
v -0.012711 -0.017656 0.019627
v -0.012715 -0.017579 0.019136
v -0.012716 -0.017487 0.018558
v -0.012769 -0.017387 0.017928
v -0.012840 -0.017274 0.017304
v -0.012556 -0.014422 0.017063
v -0.012598 -0.013780 0.017137
v -0.012931 -0.017160 0.016739
v -0.012553 -0.016858 0.016659
v -0.012541 -0.016240 0.016518
v -0.012587 -0.015644 0.016518
v -0.012634 -0.015036 0.016562
v -0.012682 -0.014415 0.016607
v -0.012733 -0.013778 0.016641
v -0.012103 -0.017892 0.021122
v -0.012148 -0.017803 0.020560
v -0.012186 -0.017730 0.020107
v -0.012143 -0.017653 0.019680
v -0.011918 -0.014414 0.019567
v -0.011967 -0.013771 0.019651
v -0.012147 -0.017517 0.019158
v -0.011930 -0.015677 0.018968
v -0.011983 -0.015047 0.019045
v -0.012035 -0.014413 0.019109
v -0.012091 -0.013775 0.019153
v -0.012072 -0.017370 0.018551
v -0.011975 -0.016802 0.018459
v -0.012001 -0.016255 0.018469
v -0.012054 -0.015666 0.018506
v -0.012112 -0.015041 0.018538
v -0.012170 -0.014410 0.018566
v -0.012228 -0.013774 0.018590
v -0.012280 -0.017239 0.017900
v -0.012138 -0.016776 0.017907
v -0.012149 -0.016240 0.017932
v -0.012199 -0.015653 0.017956
v -0.012257 -0.015037 0.017976
v -0.012313 -0.014411 0.018001
v -0.012365 -0.013774 0.018043
v -0.012423 -0.017102 0.017270
v -0.012278 -0.016720 0.017346
v -0.012296 -0.016219 0.017380
v -0.012344 -0.015645 0.017411
v -0.012394 -0.015038 0.017447
v -0.012441 -0.014416 0.017498
v -0.012483 -0.013775 0.017573
v -0.012399 -0.016619 0.016945
v -0.012425 -0.016194 0.016924
v -0.012469 -0.015637 0.016948
v -0.012514 -0.015037 0.016999
v -0.011603 -0.017868 0.021114
v -0.011300 -0.016294 0.020870
v -0.011363 -0.015675 0.020943
v -0.011430 -0.015044 0.021007
v -0.011502 -0.014410 0.021052
v -0.011567 -0.013776 0.021089
v -0.011694 -0.017766 0.020560
v -0.011357 -0.017440 0.020519
v -0.011368 -0.016864 0.020408
v -0.011444 -0.016288 0.020416
v -0.011518 -0.015672 0.020443
v -0.011592 -0.015042 0.020476
v -0.011664 -0.014409 0.020511
v -0.011726 -0.013770 0.020557
v -0.011813 -0.017701 0.020159
v -0.011600 -0.017479 0.019843
v -0.011545 -0.016854 0.019850
v -0.011607 -0.016276 0.019868
v -0.011676 -0.015671 0.019897
v -0.011741 -0.015044 0.019946
v -0.011802 -0.014410 0.020009
v -0.011854 -0.013767 0.020087
v -0.011744 -0.017289 0.019265
v -0.011704 -0.016805 0.019309
v -0.011754 -0.016264 0.019346
v -0.011811 -0.015673 0.019402
v -0.011866 -0.015047 0.019483
v -0.011863 -0.017142 0.018890
v -0.011842 -0.016766 0.018881
v -0.011878 -0.016252 0.018909
v -0.011181 -0.017704 0.021084
v -0.011064 -0.017316 0.021177
v -0.011100 -0.016845 0.021230
v -0.011159 -0.016288 0.021294
v -0.011220 -0.015673 0.021376
v -0.011197 -0.017214 0.020817
v -0.011243 -0.016820 0.020825
v -0.013201 -0.008474 0.017999
v -0.013188 -0.009126 0.017387
v -0.013299 -0.008618 0.017363
v -0.013184 -0.010650 0.016424
v -0.013238 -0.010031 0.016546
v -0.013284 -0.009391 0.016754
v -0.013415 -0.008725 0.016725
v -0.012534 -0.009104 0.020176
v -0.012600 -0.008696 0.020301
v -0.012500 -0.009638 0.019811
v -0.012616 -0.009206 0.019756
v -0.012729 -0.008702 0.019792
v -0.012521 -0.010330 0.019236
v -0.012613 -0.009824 0.019211
v -0.012732 -0.009298 0.019199
v -0.012860 -0.008745 0.019214
v -0.012529 -0.011883 0.018282
v -0.012586 -0.011268 0.018406
v -0.012631 -0.010619 0.018621
v -0.012742 -0.009961 0.018600
v -0.012861 -0.009372 0.018599
v -0.012984 -0.008822 0.018610
v -0.012530 -0.013138 0.017657
v -0.012585 -0.012511 0.017746
v -0.012648 -0.011884 0.017827
v -0.012719 -0.011260 0.017893
v -0.012797 -0.010631 0.017964
v -0.012890 -0.010012 0.017985
v -0.012991 -0.009450 0.017999
v -0.013093 -0.008952 0.017999
v -0.012648 -0.013142 0.017205
v -0.012713 -0.012515 0.017255
v -0.012787 -0.011888 0.017295
v -0.012864 -0.011263 0.017331
v -0.012943 -0.010644 0.017377
v -0.013021 -0.010059 0.017425
v -0.013093 -0.009562 0.017451
v -0.012789 -0.013145 0.016673
v -0.012858 -0.012518 0.016702
v -0.012932 -0.011893 0.016737
v -0.013003 -0.011269 0.016793
v -0.013070 -0.010658 0.016868
v -0.013128 -0.010095 0.016961
v -0.013167 -0.009677 0.017048
v -0.011895 -0.010947 0.021122
v -0.012000 -0.010482 0.021038
v -0.012104 -0.009958 0.021053
v -0.012222 -0.009371 0.021115
v -0.012341 -0.008793 0.021189
v -0.011896 -0.013127 0.020164
v -0.011933 -0.012509 0.020237
v -0.011973 -0.011897 0.020331
v -0.012013 -0.011250 0.020522
v -0.012136 -0.010600 0.020474
v -0.012254 -0.010007 0.020454
v -0.012397 -0.009380 0.020445
v -0.012472 -0.008814 0.020681
v -0.012013 -0.013133 0.019718
v -0.012062 -0.012509 0.019761
v -0.012120 -0.011887 0.019805
v -0.012193 -0.011266 0.019866
v -0.012291 -0.010675 0.019864
v -0.012394 -0.010144 0.019838
v -0.012146 -0.013140 0.019184
v -0.012206 -0.012512 0.019211
v -0.012273 -0.011890 0.019244
v -0.012346 -0.011298 0.019292
v -0.012424 -0.010782 0.019311
v -0.012288 -0.013140 0.018617
v -0.012349 -0.012512 0.018664
v -0.012411 -0.011895 0.018730
v -0.012469 -0.011329 0.018820
v -0.012512 -0.010901 0.018908
v -0.012417 -0.013139 0.018102
v -0.012472 -0.012511 0.018186
v -0.011620 -0.013144 0.021121
v -0.011665 -0.012520 0.021156
v -0.011720 -0.011927 0.021191
v -0.011791 -0.011409 0.021204
v -0.011773 -0.013135 0.020608
v -0.011809 -0.012523 0.020670
v -0.011849 -0.011959 0.020742
v -0.011886 -0.011533 0.020816
v -0.014434 -0.003477 0.018593
v -0.014510 -0.003557 0.017950
v -0.014419 -0.004053 0.017314
v -0.014582 -0.003629 0.017310
v -0.014485 -0.004149 0.016684
v -0.014649 -0.003691 0.016680
v -0.013912 -0.003608 0.021077
v -0.013791 -0.004082 0.020471
v -0.013966 -0.003658 0.020465
v -0.013872 -0.004173 0.019848
v -0.014055 -0.003727 0.019843
v -0.013813 -0.004714 0.019225
v -0.013966 -0.004262 0.019222
v -0.014153 -0.003799 0.019220
v -0.013782 -0.005291 0.018579
v -0.013913 -0.004831 0.018586
v -0.014074 -0.004337 0.018589
v -0.014250 -0.003875 0.018591
v -0.013779 -0.005899 0.017938
v -0.013887 -0.005430 0.017944
v -0.014021 -0.004918 0.017950
v -0.014179 -0.004409 0.017952
v -0.014340 -0.003964 0.017952
v -0.013771 -0.006503 0.017309
v -0.013879 -0.006043 0.017311
v -0.013998 -0.005524 0.017317
v -0.014130 -0.004980 0.017318
v -0.014273 -0.004485 0.017317
v -0.013858 -0.006643 0.016700
v -0.013981 -0.006137 0.016694
v -0.014110 -0.005585 0.016693
v -0.014235 -0.005051 0.016690
v -0.014354 -0.004583 0.016687
v -0.013221 -0.005404 0.021103
v -0.013385 -0.004927 0.021097
v -0.013564 -0.004447 0.021093
v -0.013733 -0.004024 0.021086
v -0.013180 -0.005966 0.020491
v -0.013313 -0.005493 0.020482
v -0.013474 -0.004981 0.020476
v -0.013636 -0.004505 0.020473
v -0.013178 -0.006571 0.019871
v -0.013291 -0.006090 0.019862
v -0.013424 -0.005567 0.019853
v -0.013573 -0.005055 0.019851
v -0.013721 -0.004601 0.019849
v -0.013191 -0.007205 0.019250
v -0.013296 -0.006712 0.019239
v -0.013419 -0.006178 0.019228
v -0.013547 -0.005643 0.019220
v -0.013676 -0.005157 0.019220
v -0.013204 -0.007843 0.018628
v -0.013309 -0.007348 0.018616
v -0.013423 -0.006804 0.018599
v -0.013549 -0.006259 0.018586
v -0.013667 -0.005756 0.018579
v -0.013311 -0.007982 0.017989
v -0.013426 -0.007435 0.017973
v -0.013549 -0.006879 0.017955
v -0.013670 -0.006369 0.017944
v -0.013421 -0.008066 0.017348
v -0.013540 -0.007500 0.017336
v -0.013658 -0.006977 0.017322
v -0.013536 -0.008125 0.016724
v -0.013642 -0.007580 0.016728
v -0.013745 -0.007105 0.016713
v -0.012559 -0.007873 0.021168
v -0.012680 -0.007364 0.021144
v -0.012815 -0.006828 0.021130
v -0.012951 -0.006309 0.021120
v -0.013082 -0.005843 0.021111
v -0.012671 -0.008123 0.020529
v -0.012818 -0.007484 0.020509
v -0.012945 -0.006922 0.020501
v -0.013067 -0.006425 0.020497
v -0.012844 -0.008134 0.019861
v -0.012963 -0.007563 0.019873
v -0.013073 -0.007049 0.019874
v -0.012982 -0.008197 0.019240
v -0.013090 -0.007687 0.019250
v -0.013100 -0.008320 0.018623
v -0.012444 -0.008302 0.021229
v -0.012532 -0.008411 0.020809
v -0.014574 -0.002638 0.020997
v -0.014365 -0.002911 0.020442
v -0.014625 -0.002622 0.020437
v -0.014444 -0.002968 0.019825
v -0.014714 -0.002642 0.019818
v -0.014538 -0.003034 0.019199
v -0.014795 -0.002664 0.019172
v -0.014630 -0.003100 0.018577
v -0.014872 -0.002732 0.018548
v -0.014718 -0.003150 0.017942
v -0.014958 -0.002791 0.017928
v -0.014797 -0.003199 0.017306
v -0.014856 -0.003247 0.016676
v -0.014134 -0.003185 0.021054
v -0.014315 -0.002882 0.020982
v -0.014172 -0.003238 0.020455
v -0.014250 -0.003313 0.019836
v -0.014345 -0.003397 0.019214
v -0.014576 -0.017115 0.016192
v -0.014580 -0.017046 0.015756
v -0.014583 -0.016976 0.015310
v -0.014587 -0.016891 0.014769
v -0.014596 -0.016797 0.014170
v -0.014606 -0.016700 0.013559
v -0.014613 -0.016610 0.012984
v -0.014603 -0.016527 0.012477
v -0.014584 -0.016448 0.012010
v -0.014617 -0.016370 0.011521
v -0.013981 -0.017119 0.016215
v -0.013986 -0.017052 0.015789
v -0.013988 -0.016979 0.015324
v -0.013995 -0.016889 0.014763
v -0.014022 -0.016793 0.014163
v -0.014060 -0.016697 0.013576
v -0.014084 -0.016597 0.013068
v -0.014008 -0.016477 0.012611
v -0.013810 -0.013775 0.012627
v -0.013952 -0.016213 0.012117
v -0.013823 -0.015594 0.012065
v -0.013851 -0.015005 0.012090
v -0.013886 -0.014397 0.012135
v -0.013922 -0.013774 0.012179
v -0.014072 -0.016142 0.011536
v -0.013951 -0.015574 0.011563
v -0.013978 -0.014997 0.011592
v -0.014016 -0.014393 0.011616
v -0.014056 -0.013771 0.011635
v -0.013455 -0.017125 0.016267
v -0.013416 -0.017051 0.015851
v -0.013417 -0.016953 0.015330
v -0.013160 -0.013754 0.015125
v -0.013454 -0.016811 0.014747
v -0.013166 -0.015555 0.014537
v -0.013203 -0.015001 0.014576
v -0.013242 -0.014388 0.014632
v -0.013281 -0.013759 0.014685
v -0.013518 -0.016662 0.014159
v -0.013246 -0.016192 0.014223
v -0.013283 -0.015597 0.014124
v -0.013331 -0.015009 0.014114
v -0.013378 -0.014394 0.014131
v -0.013423 -0.013768 0.014152
v -0.013633 -0.016561 0.013597
v -0.013437 -0.016158 0.013564
v -0.013433 -0.015599 0.013554
v -0.013479 -0.015011 0.013557
v -0.013525 -0.014397 0.013566
v -0.013570 -0.013773 0.013583
v -0.013745 -0.016486 0.013184
v -0.013602 -0.016194 0.012927
v -0.013580 -0.015595 0.012975
v -0.013619 -0.015008 0.013000
v -0.013660 -0.014398 0.013027
v -0.013699 -0.013774 0.013067
v -0.013705 -0.016006 0.012486
v -0.013706 -0.015555 0.012495
v -0.013740 -0.014999 0.012526
v -0.013775 -0.014396 0.012572
v -0.013058 -0.017092 0.016331
v -0.012831 -0.016877 0.016009
v -0.012692 -0.016236 0.015996
v -0.012730 -0.015635 0.016014
v -0.012780 -0.015028 0.016041
v -0.012834 -0.014404 0.016065
v -0.012888 -0.013770 0.016087
v -0.012932 -0.016712 0.015358
v -0.012860 -0.016170 0.015418
v -0.012896 -0.015612 0.015455
v -0.012942 -0.015017 0.015491
v -0.012990 -0.014393 0.015527
v -0.013035 -0.013761 0.015569
v -0.013083 -0.016497 0.014773
v -0.013021 -0.016071 0.014892
v -0.013047 -0.015576 0.014945
v -0.013082 -0.015004 0.015002
v -0.013121 -0.014387 0.015064
v -0.013129 -0.015955 0.014537
v -0.014458 -0.009399 0.011396
v -0.014492 -0.008773 0.011504
v -0.013806 -0.008477 0.015139
v -0.013792 -0.009048 0.014805
v -0.013876 -0.008588 0.014726
v -0.013807 -0.010635 0.013884
v -0.013851 -0.010011 0.013999
v -0.013883 -0.009354 0.014202
v -0.013976 -0.008702 0.014165
v -0.013816 -0.011898 0.013269
v -0.013863 -0.011264 0.013353
v -0.013913 -0.010632 0.013425
v -0.013969 -0.010002 0.013482
v -0.014026 -0.009367 0.013543
v -0.014101 -0.008736 0.013548
v -0.013842 -0.013147 0.012689
v -0.013878 -0.012521 0.012753
v -0.013925 -0.011894 0.012810
v -0.013979 -0.011262 0.012851
v -0.014036 -0.010631 0.012882
v -0.014097 -0.010001 0.012903
v -0.014158 -0.009374 0.012924
v -0.014222 -0.008758 0.012937
v -0.013961 -0.013146 0.012210
v -0.014003 -0.012518 0.012238
v -0.014054 -0.011890 0.012261
v -0.014109 -0.011260 0.012278
v -0.014165 -0.010630 0.012294
v -0.014221 -0.010005 0.012311
v -0.014275 -0.009387 0.012338
v -0.014325 -0.008798 0.012378
v -0.014097 -0.013144 0.011650
v -0.014140 -0.012516 0.011664
v -0.014187 -0.011888 0.011677
v -0.014237 -0.011260 0.011695
v -0.014284 -0.010632 0.011729
v -0.014330 -0.010012 0.011771
v -0.014372 -0.009404 0.011833
v -0.014409 -0.008836 0.011918
v -0.013182 -0.011899 0.015790
v -0.013239 -0.011270 0.015881
v -0.013302 -0.010642 0.015957
v -0.013372 -0.010013 0.016015
v -0.013445 -0.009382 0.016073
v -0.013553 -0.008749 0.016080
v -0.013197 -0.013137 0.015193
v -0.013244 -0.012518 0.015265
v -0.013303 -0.011895 0.015330
v -0.013369 -0.011265 0.015376
v -0.013440 -0.010637 0.015411
v -0.013514 -0.010012 0.015436
v -0.013592 -0.009401 0.015446
v -0.013699 -0.008761 0.015416
v -0.013324 -0.013139 0.014722
v -0.013378 -0.012517 0.014755
v -0.013443 -0.011892 0.014785
v -0.013512 -0.011263 0.014812
v -0.013580 -0.010639 0.014842
v -0.013646 -0.010041 0.014879
v -0.013708 -0.009515 0.014892
v -0.013470 -0.013143 0.014171
v -0.013524 -0.012518 0.014191
v -0.013586 -0.011893 0.014219
v -0.013646 -0.011264 0.014266
v -0.013703 -0.010646 0.014329
v -0.013751 -0.010072 0.014412
v -0.013784 -0.009638 0.014494
v -0.013612 -0.013146 0.013614
v -0.013658 -0.012521 0.013654
v -0.013709 -0.011896 0.013712
v -0.013759 -0.011265 0.013794
v -0.013734 -0.013147 0.013126
v -0.013771 -0.012522 0.013194
v -0.012940 -0.013144 0.016122
v -0.013001 -0.012521 0.016168
v -0.013065 -0.011898 0.016234
v -0.013124 -0.011271 0.016325
v -0.013076 -0.013140 0.015630
v -0.013126 -0.012520 0.015706
v -0.014429 -0.004697 0.016055
v -0.014550 -0.004235 0.016053
v -0.014714 -0.003741 0.016050
v -0.014417 -0.005266 0.015426
v -0.014510 -0.004808 0.015423
v -0.014627 -0.004294 0.015422
v -0.014780 -0.003777 0.015418
v -0.014497 -0.005397 0.014811
v -0.014600 -0.004887 0.014801
v -0.014716 -0.004333 0.014793
v -0.014852 -0.003810 0.014786
v -0.014473 -0.005981 0.014204
v -0.014583 -0.005495 0.014192
v -0.014698 -0.004938 0.014177
v -0.014810 -0.004368 0.014165
v -0.014927 -0.003861 0.014155
v -0.014451 -0.006573 0.013567
v -0.014552 -0.006096 0.013563
v -0.014674 -0.005554 0.013554
v -0.014795 -0.004974 0.013544
v -0.014902 -0.004423 0.013535
v -0.015000 -0.003948 0.013529
v -0.014444 -0.007193 0.012931
v -0.014527 -0.006707 0.012926
v -0.014634 -0.006168 0.012921
v -0.014761 -0.005588 0.012913
v -0.014882 -0.005015 0.012904
v -0.014982 -0.004508 0.012898
v -0.014448 -0.007855 0.012329
v -0.014523 -0.007345 0.012304
v -0.014609 -0.006792 0.012291
v -0.014715 -0.006207 0.012282
v -0.014840 -0.005621 0.012274
v -0.014954 -0.005087 0.012265
v -0.014523 -0.008126 0.011705
v -0.014611 -0.007457 0.011672
v -0.014699 -0.006839 0.011657
v -0.014798 -0.006236 0.011648
v -0.014911 -0.005677 0.011643
v -0.015013 -0.005190 0.011639
v -0.013825 -0.007261 0.016112
v -0.013949 -0.006757 0.016086
v -0.014086 -0.006201 0.016071
v -0.014218 -0.005645 0.016063
v -0.014329 -0.005146 0.016058
v -0.013852 -0.008063 0.015254
v -0.013908 -0.007493 0.015476
v -0.014048 -0.006847 0.015453
v -0.014189 -0.006261 0.015442
v -0.014313 -0.005737 0.015434
v -0.013955 -0.008069 0.014747
v -0.014043 -0.007484 0.014806
v -0.014160 -0.006882 0.014815
v -0.014284 -0.006334 0.014820
v -0.014396 -0.005855 0.014818
v -0.014068 -0.008100 0.014164
v -0.014164 -0.007502 0.014179
v -0.014265 -0.006937 0.014190
v -0.014368 -0.006439 0.014200
v -0.014187 -0.008128 0.013551
v -0.014273 -0.007559 0.013556
v -0.014360 -0.007047 0.013562
v -0.014293 -0.008188 0.012946
v -0.014368 -0.007679 0.012938
v -0.014380 -0.008297 0.012399
v -0.014438 -0.008414 0.012000
v -0.013648 -0.008167 0.016140
v -0.013731 -0.007681 0.016175
v -0.013751 -0.008184 0.015635
v -0.013797 -0.007781 0.015757
v -0.014902 -0.003287 0.016045
v -0.014946 -0.003325 0.015413
v -0.014995 -0.003371 0.014780
v -0.014656 -0.016281 0.010956
v -0.014724 -0.016130 0.010355
v -0.014434 -0.013751 0.010091
v -0.014800 -0.015986 0.009753
v -0.014494 -0.015564 0.009777
v -0.014479 -0.014978 0.009637
v -0.014508 -0.014378 0.009628
v -0.014539 -0.013757 0.009654
v -0.014903 -0.015904 0.009190
v -0.014641 -0.015546 0.009125
v -0.014608 -0.014975 0.009102
v -0.014639 -0.014379 0.009105
v -0.014671 -0.013762 0.009115
v -0.015006 -0.015847 0.008774
v -0.014823 -0.015592 0.008481
v -0.014758 -0.014969 0.008513
v -0.014783 -0.014376 0.008526
v -0.014812 -0.013761 0.008531
v -0.014949 -0.015406 0.007916
v -0.014897 -0.014920 0.007964
v -0.014918 -0.014362 0.007979
v -0.014942 -0.013754 0.007990
v -0.015052 -0.015265 0.007549
v -0.015021 -0.014881 0.007530
v -0.015032 -0.014350 0.007527
v -0.015051 -0.013749 0.007544
v -0.014167 -0.016058 0.010940
v -0.014094 -0.015532 0.010997
v -0.014118 -0.014983 0.011027
v -0.014155 -0.014387 0.011042
v -0.014195 -0.013765 0.011056
v -0.014336 -0.015859 0.010356
v -0.014238 -0.015453 0.010452
v -0.014256 -0.014957 0.010482
v -0.014290 -0.014375 0.010502
v -0.014324 -0.013756 0.010530
v -0.014360 -0.015341 0.010070
v -0.014376 -0.014929 0.010046
v -0.014404 -0.014366 0.010058
v -0.014446 -0.011262 0.010738
v -0.014478 -0.010632 0.010805
v -0.014511 -0.010008 0.010871
v -0.014549 -0.009386 0.010926
v -0.014592 -0.008753 0.010972
v -0.014461 -0.013135 0.010139
v -0.014488 -0.012512 0.010190
v -0.014514 -0.011887 0.010242
v -0.014544 -0.011259 0.010286
v -0.014578 -0.010628 0.010318
v -0.014615 -0.010001 0.010345
v -0.014656 -0.009374 0.010367
v -0.014700 -0.008743 0.010382
v -0.014570 -0.013136 0.009677
v -0.014602 -0.012512 0.009699
v -0.014633 -0.011884 0.009721
v -0.014664 -0.011255 0.009739
v -0.014697 -0.010625 0.009750
v -0.014733 -0.009996 0.009758
v -0.014772 -0.009369 0.009765
v -0.014814 -0.008741 0.009775
v -0.014703 -0.013138 0.009122
v -0.014735 -0.012511 0.009132
v -0.014765 -0.011883 0.009142
v -0.014794 -0.011254 0.009150
v -0.014823 -0.010624 0.009156
v -0.014854 -0.009996 0.009161
v -0.014888 -0.009369 0.009173
v -0.014924 -0.008747 0.009201
v -0.014842 -0.013134 0.008537
v -0.014869 -0.012509 0.008553
v -0.014895 -0.011882 0.008571
v -0.014918 -0.011253 0.008587
v -0.014941 -0.010624 0.008602
v -0.014964 -0.009997 0.008620
v -0.014991 -0.009372 0.008654
v -0.015019 -0.008756 0.008712
v -0.014967 -0.013127 0.008008
v -0.014988 -0.012505 0.008039
v -0.015008 -0.011880 0.008072
v -0.015026 -0.011252 0.008103
v -0.015042 -0.010623 0.008135
v -0.015057 -0.009997 0.008171
v -0.014233 -0.013141 0.011079
v -0.014271 -0.012515 0.011106
v -0.014309 -0.011889 0.011135
v -0.014347 -0.011262 0.011178
v -0.014386 -0.010633 0.011243
v -0.014422 -0.010013 0.011315
v -0.014354 -0.013137 0.010575
v -0.014385 -0.012514 0.010626
v -0.014415 -0.011888 0.010680
v -0.014641 -0.008118 0.011027
v -0.014713 -0.007480 0.011028
v -0.014796 -0.006861 0.011019
v -0.014885 -0.006279 0.011010
v -0.014976 -0.005768 0.011006
v -0.014749 -0.008114 0.010395
v -0.014816 -0.007494 0.010394
v -0.014891 -0.006906 0.010382
v -0.014965 -0.006376 0.010370
v -0.014859 -0.008124 0.009783
v -0.014918 -0.007545 0.009782
v -0.014983 -0.007021 0.009761
v -0.014962 -0.008159 0.009230
v -0.015008 -0.007653 0.009240
v -0.015047 -0.008193 0.008780
v -0.015069 -0.007772 0.008850
v -0.009527 -0.018931 0.027719
v -0.009536 -0.018861 0.027274
v -0.009553 -0.018776 0.026737
v -0.008927 -0.018862 0.027282
v -0.008965 -0.018754 0.026730
v -0.008487 -0.018515 0.026845
v -0.009346 -0.013761 0.026493
v -0.008751 -0.015047 0.027169
v -0.008827 -0.014403 0.027250
v -0.008916 -0.013759 0.027331
v -0.008726 -0.017489 0.026513
v -0.008785 -0.016903 0.026571
v -0.008849 -0.016287 0.026632
v -0.008912 -0.015663 0.026694
v -0.008977 -0.015040 0.026762
v -0.009057 -0.014401 0.026826
v -0.009141 -0.013761 0.026900
v -0.008460 -0.018040 0.026838
v -0.008509 -0.017492 0.026899
v -0.008563 -0.016902 0.026967
v -0.008624 -0.016288 0.027033
v -0.008686 -0.015668 0.027097
v -0.009322 -0.011247 0.027725
v -0.009433 -0.010628 0.027830
v -0.009557 -0.009998 0.027923
v -0.009692 -0.009373 0.028002
v -0.009824 -0.008746 0.028135
v -0.009322 -0.012497 0.027094
v -0.009423 -0.011880 0.027203
v -0.009532 -0.011261 0.027300
v -0.009659 -0.010662 0.027359
v -0.009823 -0.010015 0.027374
v -0.009890 -0.009363 0.027603
v -0.009425 -0.013135 0.026580
v -0.009522 -0.012508 0.026674
v -0.009632 -0.011897 0.026758
v -0.009742 -0.011309 0.026838
v -0.009855 -0.010794 0.026877
v -0.009011 -0.013133 0.027409
v -0.009115 -0.012505 0.027502
v -0.009216 -0.011881 0.027611
v -0.009225 -0.013131 0.026990
v -0.009577 -0.018679 0.026132
v -0.009675 -0.018555 0.025512
v -0.009784 -0.018437 0.024953
v -0.009932 -0.018347 0.024552
v -0.009004 -0.018513 0.026146
v -0.009243 -0.018347 0.025498
v -0.008715 -0.018359 0.026467
v -0.009349 -0.015644 0.025858
v -0.009409 -0.015025 0.025926
v -0.009475 -0.014398 0.026000
v -0.009549 -0.013769 0.026070
v -0.009365 -0.017439 0.025273
v -0.009424 -0.016890 0.025317
v -0.009483 -0.016278 0.025380
v -0.009547 -0.015650 0.025440
v -0.009615 -0.015029 0.025489
v -0.009685 -0.014403 0.025548
v -0.009759 -0.013779 0.025611
v -0.009499 -0.018047 0.024962
v -0.009551 -0.017473 0.024875
v -0.009624 -0.016896 0.024882
v -0.009692 -0.016284 0.024926
v -0.009758 -0.015659 0.024979
v -0.009823 -0.015035 0.025036
v -0.009884 -0.014407 0.025107
v -0.009947 -0.013782 0.025182
v -0.009795 -0.018054 0.024317
v -0.009771 -0.017470 0.024368
v -0.009831 -0.016895 0.024416
v -0.009891 -0.016287 0.024481
v -0.009949 -0.015664 0.024552
v -0.009944 -0.017858 0.023922
v -0.009959 -0.017427 0.023952
v -0.008913 -0.018011 0.026077
v -0.008949 -0.017481 0.026106
v -0.009010 -0.016898 0.026153
v -0.009078 -0.016280 0.026204
v -0.009144 -0.015651 0.026263
v -0.009205 -0.015030 0.026335
v -0.009272 -0.014398 0.026411
v -0.009148 -0.017935 0.025597
v -0.009178 -0.017455 0.025657
v -0.009230 -0.016890 0.025721
v -0.009288 -0.016276 0.025789
v -0.009318 -0.017825 0.025261
v -0.008678 -0.017997 0.026465
v -0.009633 -0.013147 0.026134
v -0.009730 -0.012524 0.026216
v -0.009832 -0.011916 0.026309
v -0.009924 -0.011351 0.026413
v -0.009991 -0.010923 0.026500
v -0.009835 -0.013156 0.025682
v -0.009919 -0.012531 0.025779
vn -0.9974 0.0014 0.0715
vn -0.9934 -0.0302 0.1104
vn -0.9951 -0.0036 0.0986
vn -0.9958 0.0389 0.0830
vn -0.9972 0.0428 0.0611
vn -0.9850 -0.0920 0.1460
vn -0.9879 -0.0962 0.1216
vn -0.9875 -0.0838 0.1333
vn -0.9840 -0.0838 0.1572
vn -0.9872 -0.0743 0.1413
vn -0.8853 -0.4566 0.0885
vn -0.9845 -0.1211 0.1270
vn -0.9778 -0.1531 0.1429
vn -0.9805 -0.1112 0.1618
vn -0.9794 -0.0971 0.1769
vn -0.7805 -0.6184 0.0916
vn -0.9698 -0.1899 0.1532
vn -0.9769 -0.1294 0.1699
vn -0.9802 -0.0999 0.1707
vn -0.9915 -0.0448 0.1220
vn -0.9898 -0.0545 0.1313
vn -0.9914 -0.0527 0.1197
vn -0.9869 -0.0440 0.1550
vn -0.9857 -0.0538 0.1597
vn -0.9878 -0.0517 0.1467
vn -0.9883 -0.0370 0.1478
vn -0.9901 -0.0471 0.1323
vn -0.9899 -0.0359 0.1373
vn -0.9869 -0.0610 0.1493
vn -0.9852 -0.0685 0.1573
vn -0.9855 -0.0607 0.1586
vn -0.9870 -0.0535 0.1518
vn -0.9857 -0.0529 0.1598
vn -0.9868 -0.0494 0.1542
vn -0.9860 -0.0496 0.1589
vn -0.9864 -0.0444 0.1580
vn -0.9864 -0.0336 0.1611
vn -0.9870 -0.0275 0.1581
vn -0.9865 -0.0716 0.1470
vn -0.9873 -0.0707 0.1423
vn -0.9869 -0.0692 0.1460
vn -0.9858 -0.0712 0.1522
vn -0.9867 -0.0677 0.1479
vn -0.9852 -0.0638 0.1591
vn -0.9851 -0.0559 0.1626
vn -0.9847 -0.0541 0.1654
vn -0.9844 -0.0496 0.1687
vn -0.9843 -0.0361 0.1728
vn -0.9846 -0.0240 0.1730
vn -0.9830 -0.0776 0.1666
vn -0.9818 -0.0791 0.1728
vn -0.9812 -0.0709 0.1797
vn -0.9812 -0.0594 0.1838
vn -0.9816 -0.0542 0.1829
vn -0.9827 -0.0496 0.1785
vn -0.9838 -0.0372 0.1752
vn -0.9850 -0.0204 0.1716
vn -0.9794 -0.0853 0.1832
vn -0.9793 -0.0828 0.1845
vn -0.9808 -0.0725 0.1812
vn -0.9823 -0.0573 0.1786
vn -0.9840 -0.0461 0.1720
vn -0.9861 -0.0409 0.1608
vn -0.9880 -0.0293 0.1515
vn -0.9893 -0.0119 0.1456
vn -0.9843 -0.0783 0.1580
vn -0.9868 -0.0761 0.1433
vn -0.9886 -0.0679 0.1345
vn -0.9902 -0.0498 0.1304
vn -0.9909 -0.0344 0.1304
vn -0.9918 -0.0284 0.1245
vn -0.9931 -0.0217 0.1153
vn -0.9956 -0.0180 0.0918
vn -0.9938 -0.0082 0.1104
vn -0.9957 -0.0068 0.0919
vn -0.9951 -0.0309 0.0944
vn -0.9914 -0.0582 0.1168
vn -0.9936 -0.0417 0.1054
vn -0.9967 -0.0169 0.0792
vn -0.9952 -0.0278 0.0934
vn -0.9979 -0.0105 0.0646
vn -0.9963 -0.0212 0.0828
vn -0.9984 0.0112 0.0548
vn -0.9975 0.0508 0.0489
vn -0.9959 0.0749 0.0499
vn -0.9956 0.0838 0.0426
vn -0.9927 -0.0395 0.1139
vn -0.9931 -0.0473 0.1076
vn -0.9941 -0.0180 0.1068
vn -0.9957 0.0006 0.0923
vn -0.9974 0.0037 0.0717
vn -0.9982 0.0164 0.0581
vn -0.9968 0.0572 0.0565
vn -0.9942 0.0938 0.0523
vn -0.9913 -0.0338 0.1274
vn -0.9924 -0.0144 0.1224
vn -0.9926 0.0134 0.1206
vn -0.9936 0.0231 0.1103
vn -0.9951 0.0283 0.0951
vn -0.9943 0.0602 0.0877
vn -0.9915 0.0980 0.0852
vn -0.9933 0.1060 0.0462
vn -0.9906 0.1129 0.0777
vn -0.9882 -0.0250 0.1512
vn -0.9893 -0.0118 0.1455
vn -0.9895 0.0141 0.1439
vn -0.9897 0.0300 0.1403
vn -0.9903 0.0379 0.1340
vn -0.9894 0.0669 0.1291
vn -0.9861 0.1074 0.1268
vn -0.9849 0.1244 0.1205
vn -0.9856 -0.0203 0.1676
vn -0.9867 -0.0087 0.1625
vn -0.9870 0.0165 0.1597
vn -0.9871 0.0367 0.1560
vn -0.9880 0.0434 0.1483
vn -0.9872 0.0650 0.1454
vn -0.9827 0.1078 0.1509
vn -0.9796 0.1308 0.1525
vn -0.9863 -0.0136 0.1646
vn -0.9877 -0.0013 0.1564
vn -0.9886 0.0192 0.1496
vn -0.9882 0.0408 0.1478
vn -0.9883 0.0500 0.1440
vn -0.9880 0.0631 0.1412
vn -0.9838 0.0975 0.1502
vn -0.9786 0.1263 0.1624
vn -0.9906 -0.0036 0.1371
vn -0.9918 0.0052 0.1281
vn -0.9921 0.0211 0.1235
vn -0.9915 0.0394 0.1238
vn -0.9906 0.0519 0.1269
vn -0.9901 0.0635 0.1249
vn -0.9888 0.0870 0.1213
vn -0.9847 0.1214 0.1250
vn -0.9943 0.0009 0.1064
vn -0.9957 0.0028 0.0923
vn -0.9945 0.0078 0.1040
vn -0.9958 0.0094 0.0910
vn -0.9946 0.0188 0.1019
vn -0.9960 0.0183 0.0872
vn -0.9968 0.0439 0.0662
vn -0.9967 0.0237 0.0779
vn -0.9968 0.0781 -0.0164
vn -0.9911 0.0967 -0.0917
vn -0.9845 0.1231 -0.1246
vn -0.9740 0.1574 -0.1630
vn -0.9858 0.1268 0.1101
vn -0.9791 0.1363 0.1507
vn -0.9767 0.1351 0.1668
vn -0.9780 0.1471 0.1477
vn -0.9741 0.1467 0.1722
vn -0.9841 0.1279 0.1231
vn -0.9798 0.1528 0.1294
vn -0.9650 0.1849 0.1861
vn -0.9800 0.1747 0.0951
vn -0.9679 0.1765 -0.1787
vn -0.9509 0.2331 -0.2036
vn -0.9474 0.2296 -0.2230
vn -0.9598 0.2519 0.1241
vn -0.9324 0.2887 -0.2174
vn -0.7049 -0.7093 -0.0042
vn -0.9637 -0.2447 0.1070
vn -0.9828 -0.1267 0.1346
vn -0.9881 -0.0887 0.1256
vn -0.5871 -0.8047 -0.0882
vn -0.9361 -0.3480 0.0515
vn -0.9913 -0.1172 0.0603
vn -0.9971 -0.0707 0.0299
vn -0.8809 -0.3876 -0.2717
vn -0.9611 -0.0642 -0.2687
vn -0.9439 0.0029 -0.3303
vn -0.5847 -0.2819 -0.7607
vn -0.5741 0.0291 -0.8183
vn -0.5085 0.0521 -0.8595
vn -0.9997 -0.0084 -0.0236
vn -0.9956 -0.0241 0.0902
vn -0.9997 -0.0021 -0.0255
vn -0.9972 -0.0099 -0.0746
vn -0.9972 -0.0361 0.0659
vn -0.9976 -0.0257 0.0637
vn -0.9913 0.0410 -0.1253
vn -0.9993 -0.0071 0.0368
vn -0.9728 0.0226 -0.2305
vn -0.9919 -0.0609 0.1117
vn -0.9938 -0.0611 0.0933
vn -0.9951 -0.0592 0.0794
vn -0.9959 -0.0458 0.0777
vn -0.9957 -0.0314 0.0873
vn -0.9267 0.0476 -0.3728
vn -0.9994 -0.0318 -0.0161
vn -0.9951 -0.0152 -0.0978
vn -0.9815 -0.0258 -0.1896
vn -0.9686 -0.0473 -0.2440
vn -1.0000 -0.0051 0.0005
vn -0.8814 0.0176 -0.4720
vn -0.8355 0.0774 -0.5441
vn -0.7908 0.1288 -0.5983
vn -0.5765 0.1720 -0.7988
vn -0.9088 0.0679 -0.4118
vn -0.8217 0.1295 -0.5550
vn -0.6889 0.1234 -0.7142
vn -0.5899 0.0671 -0.8047
vn -0.4644 0.1330 -0.8756
vn -0.4006 0.1214 -0.9082
vn -0.3522 0.1610 -0.9220
vn -0.2824 0.1843 -0.9414
vn -0.4091 0.1323 -0.9028
vn -0.2966 0.1872 -0.9365
vn -0.9997 0.0077 -0.0237
vn -0.9992 0.0112 -0.0373
vn -0.9973 0.0231 -0.0692
vn -0.9982 0.0430 -0.0417
vn -0.9069 0.0276 -0.4204
vn -0.8911 0.0484 -0.4512
vn -0.8756 0.0274 -0.4822
vn -0.8984 0.1096 -0.4254
vn -0.8456 0.1753 -0.5043
vn -0.7319 0.1762 -0.6582
vn -0.6858 0.1629 -0.7094
vn -0.6709 0.1829 -0.7186
vn -0.5339 0.1040 -0.8392
vn -0.4955 0.1210 -0.8601
vn -0.4691 0.1668 -0.8673
vn -0.4561 0.1893 -0.8695
vn -0.4028 0.2083 -0.8913
vn -0.6664 0.1951 -0.7196
vn -0.6472 0.2257 -0.7281
vn -0.9296 -0.0688 0.3620
vn -0.9265 -0.0718 0.3693
vn -0.9260 -0.0684 0.3712
vn -0.9283 -0.0693 0.3653
vn -0.9259 -0.0675 0.3717
vn -0.9266 -0.0724 0.3689
vn -0.9253 -0.0697 0.3728
vn -0.9245 -0.0786 0.3731
vn -0.9235 -0.0742 0.3763
vn -0.9217 -0.0850 0.3785
vn -0.9204 -0.0797 0.3827
vn -0.9199 -0.0662 0.3865
vn -0.9192 -0.0683 0.3878
vn -0.9196 -0.0647 0.3874
vn -0.9204 -0.0746 0.3837
vn -0.9143 -0.0953 0.3938
vn -0.9162 -0.0719 0.3943
vn -0.9203 -0.0690 0.3852
vn -0.9174 -0.0702 0.3917
vn -0.9206 -0.0681 0.3846
vn -0.9186 -0.0700 0.3889
vn -0.9207 -0.0679 0.3844
vn -0.9200 -0.0694 0.3858
vn -0.9205 -0.0684 0.3847
vn -0.9205 -0.0683 0.3846
vn -0.9197 -0.0690 0.3865
vn -0.6803 -0.7064 0.1955
vn -0.9185 -0.1179 0.3775
vn -0.9217 -0.1956 0.3350
vn -0.9232 -0.0810 0.3757
vn -0.9228 -0.0676 0.3794
vn -0.9229 -0.0681 0.3789
vn -0.9227 -0.0688 0.3793
vn -0.9215 -0.0705 0.3820
vn -0.9188 -0.0731 0.3878
vn -0.4655 -0.8844 0.0356
vn -0.8321 -0.4546 0.3178
vn -0.9264 -0.0994 0.3632
vn -0.9297 -0.0760 0.3604
vn -0.9129 -0.0796 0.4004
vn -0.9081 -0.0841 0.4103
vn -0.9097 -0.0838 0.4066
vn -0.9159 -0.0769 0.3940
vn -0.9123 -0.0841 0.4008
vn -0.9203 -0.0750 0.3840
vn -0.9167 -0.0851 0.3905
vn -0.9146 -0.1419 0.3788
vn -0.9102 -0.2191 0.3516
vn -0.9083 -0.0863 0.4094
vn -0.9102 -0.0825 0.4059
vn -0.9078 -0.0804 0.4116
vn -0.9114 -0.0774 0.4042
vn -0.9091 -0.0806 0.4088
vn -0.9133 -0.0767 0.4001
vn -0.9107 -0.0810 0.4051
vn -0.9156 -0.0746 0.3952
vn -0.9181 -0.0708 0.3901
vn -0.9207 -0.0668 0.3844
vn -0.6506 -0.7007 0.2930
vn -0.8894 -0.1988 0.4116
vn -0.9121 -0.0792 0.4023
vn -0.9146 -0.0736 0.3976
vn -0.9165 -0.0730 0.3932
vn -0.9183 -0.0715 0.3895
vn -0.8637 -0.4054 0.2995
vn -0.2020 -0.9779 -0.0532
vn -0.0932 -0.9880 -0.1228
vn -0.9023 -0.1317 0.4106
vn -0.8910 -0.1193 0.4381
vn -0.8863 -0.1330 0.4435
vn -0.9045 -0.1419 0.4022
vn -0.8814 -0.1455 0.4493
vn -0.8669 -0.1075 0.4868
vn -0.8764 -0.0832 0.4743
vn -0.8641 -0.0944 0.4944
vn -0.8568 -0.1185 0.5019
vn -0.8435 -0.0963 0.5284
vn -0.9123 -0.0834 0.4009
vn -0.9149 -0.0739 0.3968
vn -0.9109 -0.0752 0.4056
vn -0.9072 -0.0889 0.4113
vn -0.9066 -0.0829 0.4138
vn -0.9022 -0.1002 0.4195
vn -0.8989 -0.0903 0.4287
vn -0.8959 -0.1047 0.4317
vn -0.8885 -0.0892 0.4502
vn -0.8871 -0.1096 0.4484
vn -0.8768 -0.0921 0.4720
vn -0.8759 -0.1236 0.4663
vn -0.8637 -0.1325 0.4864
vn -0.9183 -0.0880 0.3860
vn -0.9170 -0.0816 0.3904
vn -0.9149 -0.0919 0.3930
vn -0.9113 -0.0978 0.4001
vn -0.9153 -0.1023 0.3896
vn -0.9051 -0.1102 0.4106
vn -0.9120 -0.1171 0.3931
vn -0.8974 -0.1152 0.4260
vn -0.9084 -0.1256 0.3987
vn -0.9043 -0.1241 0.4084
vn -0.9063 -0.0324 0.4215
vn -0.9114 -0.0005 0.4116
vn -0.8955 -0.0256 0.4443
vn -0.8951 0.0028 0.4459
vn -0.8781 -0.0224 0.4779
vn -0.9187 -0.0640 0.3898
vn -0.9198 -0.0621 0.3875
vn -0.9170 -0.0627 0.3939
vn -0.9205 -0.0618 0.3858
vn -0.9154 -0.0605 0.3980
vn -0.9197 -0.0552 0.3886
vn -0.9104 -0.0554 0.4099
vn -0.9165 -0.0459 0.3975
vn -0.9040 -0.0483 0.4247
vn -0.9119 -0.0373 0.4088
vn -0.8914 -0.0576 0.4496
vn -0.8693 -0.0580 0.4909
vn -0.8418 -0.0580 0.5366
vn -0.9175 -0.0682 0.3918
vn -0.9146 -0.0681 0.3985
vn -0.9098 -0.0706 0.4091
vn -0.9005 -0.0719 0.4289
vn -0.8877 -0.0681 0.4553
vn -0.9712 -0.0156 0.2377
vn -0.9530 -0.0688 0.2951
vn -0.9661 -0.0493 0.2532
vn -0.9790 0.0069 0.2035
vn -0.9765 -0.0163 0.2150
vn -0.9346 -0.0646 0.3498
vn -0.9222 -0.0877 0.3766
vn -0.9306 -0.0833 0.3564
vn -0.9428 -0.0554 0.3288
vn -0.9395 -0.0717 0.3351
vn -0.9482 -0.0402 0.3151
vn -0.9480 -0.0540 0.3136
vn -0.9524 -0.0112 0.3048
vn -0.9585 -0.0368 0.2826
vn -0.9579 0.0158 0.2866
vn -0.9641 0.0256 0.2643
vn -0.9251 -0.0723 0.3727
vn -0.9219 -0.0812 0.3789
vn -0.9285 -0.0644 0.3657
vn -0.9268 -0.0739 0.3681
vn -0.9323 -0.0515 0.3579
vn -0.9369 -0.0408 0.3473
vn -0.9407 -0.0347 0.3375
vn -0.9407 -0.0129 0.3391
vn -0.9366 0.0202 0.3498
vn -0.9315 0.0241 0.3630
vn -0.9239 -0.0651 0.3772
vn -0.9261 -0.0618 0.3722
vn -0.9260 -0.0498 0.3742
vn -0.9248 -0.0383 0.3785
vn -0.9238 -0.0324 0.3814
vn -0.9220 -0.0228 0.3864
vn 0.0343 0.4930 -0.8694
vn 0.2661 0.5463 -0.7942
vn 0.3870 0.4040 -0.8289
vn -0.9640 -0.0443 0.2620
vn -0.9354 -0.0969 0.3402
vn -0.9419 -0.0463 0.3328
vn -0.9400 0.0633 0.3353
vn -0.9658 0.0665 0.2506
vn -0.9210 0.2192 0.3221
vn -0.9564 0.1740 0.2345
vn -0.8563 -0.0616 0.5128
vn -0.8117 -0.1198 0.5716
vn -0.8064 -0.0534 0.5889
vn -0.8014 0.0484 0.5961
vn -0.8595 0.0572 0.5079
vn -0.6717 0.3603 0.6473
vn -0.7175 0.3280 0.6145
vn -0.8786 -0.1339 0.4584
vn -0.8468 -0.1379 0.5137
vn -0.8462 -0.1443 0.5129
vn -0.8904 -0.1295 0.4364
vn -0.8466 -0.1442 0.5123
vn -0.9026 -0.1117 0.4157
vn -0.8496 -0.1266 0.5120
vn -0.9130 -0.0474 0.4052
vn -0.9122 0.0696 0.4037
vn -0.8989 0.1986 0.3906
vn -0.9085 -0.1425 0.3927
vn -0.8761 -0.1448 0.4599
vn -0.9115 -0.1315 0.3897
vn -0.8731 -0.1384 0.4674
vn -0.9154 -0.1158 0.3856
vn -0.9407 -0.1075 0.3216
vn -0.9240 -0.1047 0.3677
vn -0.9473 -0.0881 0.3080
vn -0.9554 -0.0729 0.2863
vn -0.7855 -0.1395 0.6029
vn -0.7235 -0.0959 0.6836
vn -0.7808 -0.1111 0.6148
vn -0.7084 -0.0429 0.7045
vn -0.7758 -0.0463 0.6292
vn -0.7057 0.0591 0.7060
vn -0.7696 0.1042 0.6299
vn -0.5962 0.6030 0.5300
vn -0.2783 0.8570 0.4338
vn -0.8438 -0.1224 0.5226
vn -0.8199 -0.0965 0.5643
vn -0.8289 -0.1304 0.5440
vn -0.8011 -0.1139 0.5876
vn -0.8186 -0.1404 0.5569
vn -0.7910 -0.1340 0.5970
vn -0.8141 -0.1425 0.5629
vn 0.4195 0.8603 0.2897
vn -0.8530 -0.1343 0.5044
vn 0.9878 0.0751 -0.1361
vn 0.9625 0.0780 -0.2600
vn 0.9890 0.0517 -0.1387
vn 0.9866 0.0717 -0.1468
vn 0.9732 0.0846 -0.2140
vn 0.9760 0.1449 -0.1624
vn 0.9753 0.0644 -0.2112
vn -0.8795 0.0008 0.4760
vn -0.8565 -0.0292 0.5154
vn -0.8583 -0.0114 0.5131
vn -0.8243 -0.0542 0.5635
vn -0.8245 -0.0301 0.5651
vn -0.7791 -0.0850 0.6211
vn -0.7755 -0.0351 0.6304
vn -0.7344 -0.0931 0.6722
vn -0.7079 -0.0006 0.7064
vn -0.6937 -0.0656 0.7173
vn -0.7410 -0.1256 0.6597
vn -0.6206 0.0604 0.7818
vn -0.6468 -0.0124 0.7625
vn -0.5260 0.2066 0.8250
vn -0.5914 0.1162 0.7980
vn -0.3059 0.8852 0.3505
vn -0.8143 -0.0689 0.5763
vn -0.7869 -0.0979 0.6092
vn -0.7617 -0.1238 0.6361
vn 0.3904 0.7384 -0.5499
vn 0.8111 0.1682 -0.5602
vn 0.5476 0.2386 -0.8020
vn 0.8664 0.3514 -0.3547
vn 0.8427 0.1830 -0.5063
vn 0.5110 0.2876 -0.8100
vn 0.6581 0.2387 -0.7141
vn 0.7042 0.2512 -0.6641
vn 0.5891 0.3301 -0.7376
vn 0.9199 0.1314 -0.3696
vn 0.9429 0.0897 -0.3206
vn 0.9497 0.1643 -0.2665
vn 0.9701 0.1970 -0.1418
vn 0.7370 0.2036 -0.6445
vn 0.3903 0.3784 -0.8394
vn 0.5200 0.3679 -0.7709
vn 0.7871 0.1960 -0.5849
vn 0.9195 0.0631 -0.3879
vn 0.5791 0.2674 -0.7702
vn 0.5071 0.2940 -0.8102
vn 0.8536 0.1347 -0.5032
vn 0.9758 -0.0106 -0.2186
vn 0.9306 0.0928 -0.3542
vn 0.9899 0.0111 -0.1416
vn -0.9821 0.0427 0.1834
vn -0.9846 0.0122 0.1746
vn -0.9897 0.0641 0.1276
vn -0.9823 0.0884 0.1653
vn -0.9895 0.1060 0.0978
vn -0.9795 0.1043 0.1725
vn -0.9652 0.0530 0.2561
vn -0.9568 0.0813 0.2792
vn -0.9383 0.0780 0.3369
vn -0.9626 0.1430 0.2302
vn -0.9080 0.0850 0.4103
vn -0.9224 0.0334 0.3848
vn -0.9002 0.0303 0.4345
vn -0.8676 0.0218 0.4968
vn -0.8273 0.0319 0.5608
vn -0.8448 0.1820 0.5032
vn -0.7648 0.0945 0.6373
vn -0.7384 0.2653 0.6199
vn -0.6600 0.1557 0.7349
vn -0.5726 0.2105 0.7924
vn -0.4612 0.5423 0.7023
vn -0.2136 0.9526 0.2164
vn 0.2605 0.6640 -0.7009
vn 0.2972 0.3794 -0.8762
vn 0.4529 0.3212 -0.8317
vn 0.1590 0.3980 -0.9035
vn 0.2759 0.2937 -0.9152
vn 0.2317 0.3397 -0.9116
vn 0.1702 0.4081 -0.8969
vn 0.2696 0.3362 -0.9024
vn 0.2895 0.3357 -0.8964
vn 0.2554 0.3390 -0.9055
vn 0.0809 0.4803 -0.8734
vn 0.0840 0.4470 -0.8906
vn -0.5764 0.6166 0.5362
vn -0.5840 0.7431 0.3268
vn -0.5021 0.8403 0.2043
vn -0.8707 0.4335 0.2324
vn 0.3543 0.8639 0.3580
vn 0.6709 0.7395 0.0555
vn 0.6741 0.7359 -0.0643
vn -0.9631 -0.0736 0.2589
vn -0.9607 -0.0791 0.2663
vn -0.9617 -0.0769 0.2630
vn -0.9529 -0.0857 0.2909
vn -0.9488 -0.0854 0.3041
vn -0.9486 -0.0875 0.3042
vn -0.9534 -0.0878 0.2888
vn -0.9488 -0.0906 0.3026
vn -0.9553 -0.0891 0.2820
vn -0.9527 -0.1193 0.2794
vn -0.9527 -0.0863 0.2913
vn -0.9555 -0.0834 0.2829
vn -0.9526 -0.0832 0.2927
vn -0.9556 -0.0831 0.2826
vn -0.9525 -0.0836 0.2928
vn -0.9558 -0.0838 0.2819
vn -0.9568 -0.0842 0.2782
vn -0.6529 -0.7521 0.0897
vn -0.9487 -0.1877 0.2546
vn -0.9286 -0.2854 0.2371
vn -0.9566 -0.0992 0.2739
vn -0.9576 -0.0811 0.2765
vn -0.9580 -0.0817 0.2750
vn -0.9586 -0.0813 0.2729
vn -0.9596 -0.0799 0.2697
vn -0.4207 -0.9063 0.0412
vn -0.8663 -0.4225 0.2665
vn -0.9569 -0.1110 0.2685
vn -0.9593 -0.0791 0.2711
vn -0.9601 -0.0863 0.2661
vn -0.9599 -0.0796 0.2688
vn -0.9610 -0.0771 0.2658
vn -0.9620 -0.0766 0.2622
vn -0.9353 -0.0856 0.3434
vn -0.9340 -0.0776 0.3487
vn -0.9322 -0.0834 0.3523
vn -0.9342 -0.0940 0.3442
vn -0.9305 -0.0934 0.3542
vn -0.9453 -0.1099 0.3071
vn -0.9184 -0.2891 0.2702
vn -0.9413 -0.0800 0.3280
vn -0.9432 -0.0789 0.3227
vn -0.9405 -0.0768 0.3311
vn -0.9426 -0.0800 0.3242
vn -0.9387 -0.0776 0.3359
vn -0.9416 -0.0825 0.3265
vn -0.9369 -0.0811 0.3400
vn -0.9407 -0.0866 0.3280
vn -0.9397 -0.0938 0.3289
vn -0.7671 -0.6255 0.1426
vn -0.9459 -0.1745 0.2737
vn -0.9477 -0.0812 0.3086
vn -0.9467 -0.0813 0.3117
vn -0.9457 -0.0844 0.3139
vn -0.9446 -0.0876 0.3164
vn -0.9440 -0.0932 0.3166
vn -0.6162 -0.7811 0.1011
vn -0.9225 -0.2552 0.2897
vn -0.9503 -0.0859 0.2992
vn -0.9493 -0.0830 0.3031
vn -0.8459 -0.5148 0.1397
vn -0.2030 -0.9773 -0.0606
vn -0.0977 -0.9889 -0.1117
vn -0.9324 -0.0809 0.3523
vn -0.9325 -0.0728 0.3538
vn -0.9316 -0.0733 0.3560
vn -0.9300 -0.0753 0.3598
vn -0.9284 -0.0818 0.3624
vn -0.9258 -0.0899 0.3671
vn -0.5094 -0.8597 0.0369
vn -0.9187 -0.2672 0.2908
vn -0.8614 -0.4487 0.2379
vn -0.9372 -0.0843 0.3385
vn -0.9367 -0.0728 0.3426
vn -0.9356 -0.0743 0.3452
vn -0.2839 -0.9572 -0.0564
vn -0.4538 -0.8909 0.0207
vn -0.8498 -0.4720 0.2348
vn -0.2760 -0.9588 -0.0668
vn -0.1747 -0.9780 -0.1143
vn -0.0909 -0.9883 -0.1221
vn -0.3842 -0.9213 -0.0590
vn -0.0413 -0.9892 -0.1404
vn -0.0141 -0.9890 -0.1474
vn -0.2291 -0.9726 -0.0386
vn -0.6429 -0.7553 0.1275
vn -0.0955 -0.9915 -0.0883
vn -0.0411 -0.9895 -0.1384
vn -0.0145 -0.9882 -0.1525
vn -0.0078 -0.9881 -0.1536
vn -0.0023 -0.9880 -0.1545
vn -0.0004 -0.9878 -0.1554
vn -0.0461 -0.9895 -0.1371
vn -0.0168 -0.9891 -0.1461
vn -0.0404 -0.9879 -0.1497
vn -0.0038 -0.9881 -0.1541
vn -0.0210 -0.9884 -0.1505
vn -0.0003 -0.9879 -0.1554
vn -0.0001 -0.9878 -0.1556
vn -0.0001 -0.9877 -0.1561
vn 0.0002 -0.9879 -0.1552
vn -0.9753 -0.0493 0.2154
vn -0.9717 -0.0652 0.2269
vn -0.9759 -0.0614 0.2095
vn -0.9785 -0.0309 0.2037
vn -0.9795 -0.0402 0.1973
vn -0.9680 -0.0680 0.2415
vn -0.9650 -0.0779 0.2504
vn -0.9673 -0.0739 0.2428
vn -0.9703 -0.0566 0.2353
vn -0.9697 -0.0637 0.2360
vn -0.9727 -0.0473 0.2270
vn -0.9722 -0.0558 0.2274
vn -0.9748 -0.0415 0.2192
vn -0.9765 -0.0240 0.2142
vn -0.9644 -0.0700 0.2551
vn -0.9629 -0.0741 0.2594
vn -0.9659 -0.0680 0.2499
vn -0.9642 -0.0728 0.2550
vn -0.9671 -0.0666 0.2456
vn -0.9659 -0.0720 0.2488
vn -0.9685 -0.0627 0.2411
vn -0.9698 -0.0520 0.2383
vn -0.9709 -0.0409 0.2362
vn -0.9722 -0.0374 0.2312
vn -0.9730 -0.0246 0.2294
vn -0.9532 -0.1028 0.2845
vn -0.9330 -0.1218 0.3386
vn -0.9371 -0.1199 0.3277
vn -0.9510 -0.1083 0.2897
vn -0.9392 -0.1120 0.3247
vn -0.9406 -0.1188 0.3179
vn -0.9552 -0.1072 0.2758
vn -0.9431 -0.1171 0.3113
vn -0.9594 -0.0969 0.2650
vn -0.9458 -0.1114 0.3052
vn -0.9649 -0.0828 0.2493
vn -0.9513 -0.0974 0.2925
vn -0.9442 -0.0995 0.3139
vn -0.9453 -0.1035 0.3093
vn -0.9533 -0.0979 0.2856
vn -0.9461 -0.1019 0.3075
vn -0.9551 -0.0954 0.2806
vn -0.9468 -0.1033 0.3049
vn -0.9581 -0.0940 0.2704
vn -0.9624 -0.0932 0.2550
vn -0.9666 -0.0843 0.2419
vn -0.9717 -0.0645 0.2271
vn -0.9544 -0.0897 0.2848
vn -0.9491 -0.0948 0.3005
vn -0.9561 -0.0905 0.2788
vn -0.9582 -0.0913 0.2710
vn -0.9607 -0.0878 0.2635
vn -0.9644 -0.0817 0.2516
vn -0.9685 -0.0786 0.2365
vn -0.9728 -0.0723 0.2203
vn -0.9768 -0.0486 0.2084
vn -0.9585 -0.0838 0.2725
vn -0.9605 -0.0834 0.2656
vn -0.9626 -0.0839 0.2576
vn -0.9650 -0.0795 0.2500
vn -0.9680 -0.0703 0.2407
vn -0.9612 -0.0780 0.2647
vn -0.9631 -0.0777 0.2578
vn -0.9228 -0.1052 0.3707
vn -0.9182 -0.0953 0.3846
vn -0.9208 -0.1166 0.3721
vn -0.9208 -0.1253 0.3695
vn -0.9207 -0.1269 0.3690
vn -0.9206 -0.1271 0.3692
vn -0.9228 -0.1292 0.3631
vn -0.9332 -0.1014 0.3448
vn -0.9280 -0.1004 0.3589
vn -0.9324 -0.1038 0.3463
vn -0.9257 -0.1011 0.3645
vn -0.9315 -0.1071 0.3476
vn -0.9309 -0.1158 0.3464
vn -0.9299 -0.1223 0.3469
vn -0.9305 -0.1234 0.3448
vn -0.9391 -0.1019 0.3282
vn -0.9383 -0.1043 0.3298
vn -0.9378 -0.1048 0.3309
vn -0.9220 -0.0950 0.3753
vn 0.9983 -0.0357 0.0458
vn 0.7823 0.4189 -0.4610
vn 0.9091 0.2909 -0.2983
vn 0.9836 -0.0321 0.1774
vn 0.7606 0.5322 -0.3717
vn 0.9014 0.4319 0.0311
vn 0.9280 0.0295 0.3715
vn -0.0998 0.8811 -0.4623
vn 0.2474 0.6353 -0.7316
vn -0.1800 0.6562 -0.7328
vn -0.0032 0.9776 0.2103
vn 0.5642 0.7564 -0.3311
vn 0.6314 0.3018 -0.7143
vn 0.3922 0.5998 -0.6975
vn 0.9437 0.1456 -0.2972
vn 0.3348 0.7109 -0.6185
vn 0.5640 0.7650 -0.3109
vn 0.2398 0.8186 -0.5220
vn 0.8897 -0.2360 0.3909
vn 0.8465 -0.2355 0.4774
vn 0.7766 -0.3419 0.5292
vn 0.8549 0.2503 0.4544
vn 0.4463 0.8611 -0.2433
vn 0.5230 0.7207 0.4551
vn 0.7395 -0.2829 0.6108
vn 0.7032 -0.3726 0.6055
vn 0.6004 -0.0331 0.7990
vn -0.4229 0.8893 0.1739
vn -0.4636 0.8030 -0.3744
vn -0.0321 0.7488 -0.6620
vn -0.0200 0.6056 -0.7955
vn -0.0645 0.8088 -0.5845
vn -0.0787 0.8139 -0.5757
vn -0.0745 0.9542 -0.2897
vn -0.0905 0.8343 -0.5439
vn -0.0446 0.9826 0.1802
vn 0.5898 -0.3070 0.7469
vn 0.5897 -0.3635 0.7212
vn -0.0473 0.7052 0.7075
vn 0.2423 0.2343 0.9415
vn 0.2802 -0.2014 0.9386
vn 0.3803 -0.3193 0.8680
vn -0.6469 0.7145 -0.2666
vn -0.6696 0.6816 0.2951
vn -0.9811 -0.0029 0.1934
vn -0.9824 -0.0132 0.1865
vn -0.9836 0.0103 0.1802
vn -0.9855 -0.0028 0.1697
vn -0.9859 0.0191 0.1663
vn -0.9886 0.0053 0.1505
vn -0.9895 0.0464 0.1368
vn -0.9860 0.0549 0.1573
vn -0.9882 0.0862 0.1270
vn -0.9837 0.0934 0.1533
vn -0.9773 0.0050 0.2118
vn -0.9781 0.0215 0.2070
vn -0.9798 0.0279 0.1981
vn -0.9792 0.0578 0.1946
vn -0.9752 0.0955 0.1994
vn -0.9819 0.1134 0.1514
vn -0.9717 0.1148 0.2065
vn -0.9740 0.1624 0.1580
vn -0.9630 0.1557 0.2202
vn -0.9723 0.0022 0.2339
vn -0.9709 0.0224 0.2384
vn -0.9702 0.0296 0.2406
vn -0.9681 0.0543 0.2447
vn -0.9609 0.0869 0.2629
vn -0.9519 0.1071 0.2870
vn -0.9369 0.1396 0.3205
vn -0.9307 0.2654 0.2518
vn -0.8964 0.2154 0.3875
vn -0.9577 -0.0890 0.2736
vn -0.9351 -0.1240 0.3319
vn -0.9669 -0.0626 0.2474
vn -0.9757 -0.0474 0.2138
vn -0.9832 -0.0237 0.1808
vn -0.9834 0.0778 0.1640
vn -0.9712 0.1730 0.1638
vn -0.9603 -0.0956 0.2619
vn -0.9431 -0.1143 0.3123
vn -0.9667 -0.0877 0.2404
vn -0.9479 -0.1085 0.2996
vn -0.9733 -0.0654 0.2202
vn -0.9807 -0.0312 0.1930
vn -0.9871 -0.0093 0.1598
vn -0.9927 0.0083 0.1206
vn -0.9918 0.0810 0.0986
vn -0.9800 0.1678 0.1066
vn -0.9712 -0.0719 0.2270
vn -0.9773 -0.0641 0.2018
vn -0.9830 -0.0442 0.1782
vn -0.9878 -0.0032 0.1559
vn -0.9921 0.0245 0.1229
vn -0.9952 0.0456 0.0866
vn -0.9941 0.0931 0.0565
vn -0.9851 0.1657 0.0464
vn -0.9780 -0.0483 0.2027
vn -0.9839 -0.0397 0.1745
vn -0.9888 -0.0240 0.1475
vn -0.9919 0.0224 0.1247
vn -0.9936 0.0570 0.0977
vn -0.9948 0.0765 0.0678
vn -0.9926 0.1128 0.0454
vn -0.9838 0.1778 0.0238
vn -0.9817 -0.0264 0.1887
vn -0.9868 -0.0200 0.1607
vn -0.9904 -0.0086 0.1382
vn -0.9916 0.0370 0.1237
vn -0.9910 0.0755 0.1108
vn -0.9908 0.0974 0.0937
vn -0.9874 0.1384 0.0767
vn -0.9750 0.2176 0.0442
vn -0.9868 0.1083 0.1200
vn -0.9810 0.1571 0.1140
vn -0.9632 0.2507 0.0966
vn 0.9968 -0.0781 0.0191
vn 0.9848 -0.0584 -0.1637
vn 0.9159 0.2591 -0.3066
vn 0.9681 -0.1804 0.1736
vn 0.9790 -0.2037 0.0086
vn -0.9476 0.2759 0.1609
vn -0.9282 -0.1292 0.3490
vn 0.9649 -0.0115 -0.2622
vn 0.9449 0.0542 -0.3228
vn 0.8762 0.1567 -0.4557
vn 0.9920 -0.1174 -0.0470
vn 0.9855 -0.0350 -0.1660
vn 0.9718 -0.0626 -0.2274
vn 0.6948 0.2891 -0.6586
vn 0.7957 0.1298 -0.5916
vn 0.8780 0.1600 -0.4512
vn 0.9827 -0.1852 0.0084
vn 0.8886 -0.2934 0.3525
vn 0.9294 -0.3083 0.2027
vn 0.8420 0.1429 -0.5202
vn 0.3910 0.4864 -0.7814
vn 0.6117 0.4160 -0.6728
vn 0.5179 0.3395 -0.7852
vn 0.9844 -0.1594 -0.0750
vn 0.9562 -0.2704 0.1126
vn 0.8751 -0.3528 0.3312
vn 0.5078 0.4405 -0.7404
vn 0.9441 0.2905 -0.1559
vn 0.9959 -0.0391 0.0821
vn 0.8603 -0.2457 0.4467
vn 0.9316 -0.2907 0.2183
vn 0.8603 -0.3236 0.3939
vn 0.8016 -0.3843 0.4580
vn 0.6637 0.6693 0.3340
vn 0.7799 -0.1495 0.6077
vn 0.6506 -0.3637 0.6667
vn 0.6945 -0.2886 0.6590
vn 0.6300 -0.3950 0.6686
vn 0.9908 0.0070 -0.1354
vn 0.9957 -0.0922 0.0021
vn 0.9978 0.0126 0.0648
vn 0.9936 -0.0787 0.0808
vn 0.9939 0.1021 -0.0424
vn 0.9865 0.0933 -0.1344
vn 0.9760 0.1063 -0.1899
vn 0.9605 -0.1553 0.2309
vn 0.9216 -0.1589 0.3542
vn 0.9239 -0.0570 0.3782
vn 0.9680 0.1098 0.2255
vn 0.9562 0.1912 -0.2216
vn 0.9681 0.2493 -0.0268
vn 0.9399 0.1617 -0.3006
vn 0.9329 0.1762 -0.3140
vn 0.8187 0.4276 -0.3834
vn 0.9161 0.1560 -0.3694
vn 0.8696 0.2563 -0.4221
vn 0.7191 0.3523 -0.5989
vn 0.7106 0.6454 -0.2801
vn 0.4644 0.5169 -0.7191
vn 0.1572 0.5356 -0.8297
vn 0.3215 0.5042 -0.8015
vn 0.8850 -0.3145 0.3433
vn 0.9730 -0.1929 0.1264
vn -0.0763 0.5451 -0.8349
vn 0.0209 0.5526 -0.8332
vn 0.0224 0.5878 -0.8087
vn 0.7197 -0.4017 0.5663
vn 0.7601 -0.4355 0.4822
vn 0.7925 -0.3815 0.4758
vn 0.6635 -0.4508 0.5971
vn 0.5345 -0.4326 0.7260
vn 0.5396 -0.4792 0.6922
vn 0.5275 -0.1973 0.8263
vn 0.4847 -0.2803 0.8285
vn 0.4155 -0.3615 0.8347
vn 0.4636 -0.4290 0.7753
vn 0.4325 -0.4584 0.7764
vn 0.7934 -0.2336 0.5621
vn 0.8264 -0.3008 0.4760
vn 0.8091 -0.0122 0.5875
vn 0.8712 0.2990 0.3894
vn 0.9073 0.4135 0.0761
vn 0.7293 -0.3560 0.5843
vn 0.7199 -0.2752 0.6371
vn 0.7644 0.0193 0.6444
vn 0.7489 0.6395 0.1738
vn 0.6853 -0.3886 0.6160
vn 0.2853 0.7668 -0.5750
vn -0.1427 0.6492 -0.7471
vn 0.0251 0.7236 -0.6898
vn -0.2761 0.6008 -0.7502
vn -0.2171 0.6442 -0.7334
vn 0.6724 -0.4085 0.6173
vn 0.5196 -0.4132 0.7478
vn -0.3210 0.5881 -0.7424
vn -0.4125 0.6562 -0.6319
vn 0.3429 -0.4645 0.8165
vn 0.3724 -0.4219 0.8266
vn 0.2403 -0.4049 0.8822
vn 0.1843 -0.3615 0.9140
vn 0.2728 -0.4461 0.8524
vn 0.6806 -0.2933 0.6714
vn 0.7993 0.0619 0.5978
vn 0.7924 0.5865 0.1678
vn 0.6015 -0.3978 0.6928
vn 0.6298 -0.2862 0.7221
vn 0.3421 0.9227 -0.1777
vn 0.6103 0.7793 0.1424
vn 0.4673 -0.3526 0.8108
vn -0.1840 0.8022 -0.5680
vn -0.4811 0.6316 -0.6079
vn -0.3766 0.6578 -0.6523
vn -0.4380 0.6600 -0.6104
vn -0.6213 0.6835 -0.3832
vn -0.6826 0.7014 -0.2052
vn 0.1919 -0.4188 0.8876
vn 0.2407 -0.3898 0.8889
vn 0.3844 -0.4017 0.8312
vn 0.2760 -0.3731 0.8858
vn -0.7873 0.5598 0.2584
vn -0.7856 0.4899 0.3779
vn 0.0255 -0.3434 0.9388
vn -0.0653 -0.2866 0.9558
vn 0.1100 -0.3897 0.9144
vn -0.7903 0.5792 0.2000
vn -0.8317 0.4988 0.2438
vn -0.9745 0.2211 0.0388
vn -0.6329 0.6923 0.3466
vn -0.8468 0.5229 0.0971
vn -0.9714 0.2373 -0.0033
vn -0.9022 0.4282 0.0523
vn -0.9599 0.2805 0.0052
vn -0.9431 0.3316 -0.0260
vn -0.9414 0.3325 0.0566
vn -0.9223 0.3864 0.0101
vn -0.9150 0.3741 0.1513
vn -0.8980 0.4179 0.1373
vn -0.8778 0.3668 0.3081
vn -0.8325 0.4171 0.3646
vn -0.0117 0.9933 0.1149
vn 0.6078 0.7915 -0.0630
vn 0.3162 0.8922 0.3224
vn 0.9988 0.0485 -0.0071
vn 0.9527 0.1149 -0.2815
vn 0.4595 0.6021 0.6530
vn 0.9672 -0.1196 0.2240
vn 0.0760 0.7722 0.6309
vn -0.8619 0.5071 -0.0021
vn -0.0227 0.9176 0.3968
vn -0.4765 0.8787 0.0302
vn -0.8410 0.5405 -0.0229
vn -0.5621 0.8270 0.0040
vn -0.8139 0.5700 0.1127
vn -0.5612 0.8248 0.0696
vn -0.7148 0.6203 0.3229
vn -0.5048 0.8539 0.1264
vn 0.9625 0.1577 -0.2209
vn 0.7752 0.6121 -0.1563
vn 0.9159 0.3389 -0.2153
vn 0.8740 -0.2901 0.3899
vn 0.8354 -0.0517 0.5472
vn 0.6274 0.4319 0.6480
vn 0.7790 -0.3391 0.5274
vn 0.7633 -0.1881 0.6180
vn 0.3844 0.7803 0.4934
vn -0.2112 0.9663 0.1472
vn -0.2992 0.9520 0.0649
vn -0.2984 0.9543 0.0146
vn 0.6577 -0.3679 0.6574
vn 0.6514 -0.2751 0.7071
vn 0.5677 0.3027 0.7655
vn 0.5076 -0.3852 0.7707
vn 0.5209 -0.2295 0.8222
vn 0.3024 0.7270 0.6165
vn -0.1738 0.9656 0.1936
vn -0.2582 0.9658 -0.0232
vn -0.2052 0.9744 0.0920
vn -0.2691 0.9628 -0.0249
vn 0.3907 -0.3718 0.8421
vn 0.4167 -0.2350 0.8781
vn 0.3026 0.3592 0.8828
vn -0.0274 0.8159 0.5776
vn -0.1327 0.9670 0.2176
vn -0.2583 0.9616 0.0925
vn -0.9762 -0.0617 0.2077
vn -0.9728 -0.0588 0.2241
vn -0.9729 -0.0639 0.2224
vn -0.9762 -0.0663 0.2064
vn -0.9729 -0.0682 0.2211
vn -0.9655 -0.0644 0.2522
vn -0.9640 -0.0662 0.2577
vn -0.9647 -0.0659 0.2551
vn -0.9656 -0.0645 0.2519
vn -0.9651 -0.0650 0.2536
vn -0.9657 -0.0751 0.2486
vn -0.9637 -0.1076 0.2444
vn -0.9646 -0.0695 0.2545
vn -0.9663 -0.0632 0.2496
vn -0.9649 -0.0643 0.2545
vn -0.9665 -0.0635 0.2488
vn -0.9662 -0.0652 0.2493
vn -0.6210 -0.7836 0.0171
vn -0.9608 -0.1825 0.2087
vn -0.9272 -0.3180 0.1980
vn -0.9667 -0.0832 0.2422
vn -0.9682 -0.0616 0.2423
vn -0.9680 -0.0636 0.2427
vn -0.9675 -0.0667 0.2440
vn -0.3910 -0.9191 -0.0479
vn -0.8444 -0.4989 0.1952
vn -0.9686 -0.0840 0.2338
vn -0.9707 -0.0591 0.2331
vn -0.9704 -0.0647 0.2325
vn -0.9696 -0.0678 0.2352
vn -0.9720 -0.1092 0.2079
vn -0.9386 -0.3145 0.1415
vn -0.7364 -0.6684 0.1050
vn -0.9763 -0.0600 0.2079
vn -0.9614 -0.0764 0.2642
vn -0.9605 -0.0779 0.2673
vn -0.9622 -0.0747 0.2619
vn -0.9631 -0.0731 0.2590
vn -0.9642 -0.0706 0.2556
vn -0.8575 -0.4883 0.1621
vn -0.9607 -0.1077 0.2557
vn -0.9544 -0.1381 0.2646
vn -0.9619 -0.0793 0.2618
vn -0.9629 -0.0717 0.2602
vn -0.9638 -0.0702 0.2572
vn -0.9647 -0.0683 0.2543
vn -0.9582 -0.1624 0.2354
vn -0.9617 -0.0759 0.2633
vn -0.9633 -0.0688 0.2594
vn -0.9640 -0.0675 0.2570
vn -0.9648 -0.0665 0.2543
vn -0.5715 -0.8196 0.0409
vn -0.9319 -0.2536 0.2595
vn -0.9629 -0.0737 0.2595
vn -0.8290 -0.5535 0.0800
vn -0.1565 -0.9844 -0.0799
vn -0.0800 -0.9883 -0.1296
vn -0.0374 -0.9887 -0.1450
vn -0.1414 -0.9827 -0.1198
vn -0.6741 -0.7362 0.0608
vn -0.9589 -0.1804 0.2191
vn -0.1812 -0.9812 -0.0661
vn -0.7125 -0.6857 0.1486
vn -0.1020 -0.9862 -0.1303
vn -0.0670 -0.9872 -0.1449
vn -0.2983 -0.9470 -0.1188
vn -0.0302 -0.9900 -0.1377
vn -0.0088 -0.9882 -0.1531
vn -0.0054 -0.9882 -0.1528
vn -0.0438 -0.9887 -0.1432
vn -0.1187 -0.9887 -0.0916
vn -0.0181 -0.9881 -0.1527
vn -0.0427 -0.9881 -0.1478
vn -0.3804 -0.9148 -0.1359
vn -0.0265 -0.9886 -0.1480
vn -0.0071 -0.9886 -0.1503
vn -0.0074 -0.9876 -0.1571
vn -0.0037 -0.9881 -0.1539
vn -0.0018 -0.9880 -0.1547
vn -0.0044 -0.9881 -0.1540
vn -0.0003 -0.9878 -0.1556
vn -0.0020 -0.9879 -0.1551
vn -0.0025 -0.9879 -0.1551
vn -0.0005 -0.9879 -0.1548
vn 0.0004 -0.9878 -0.1557
vn -0.0002 -0.9879 -0.1551
vn -0.0004 -0.9879 -0.1553
vn -0.0010 -0.9879 -0.1550
vn 0.0005 -0.9878 -0.1559
vn -0.0005 -0.9878 -0.1556
vn -0.0013 -0.9878 -0.1558
vn -0.0004 -0.9878 -0.1555
vn 0.0003 -0.9878 -0.1560
vn 0.0001 -0.9879 -0.1554
vn -0.0000 -0.9878 -0.1555
vn 0.0002 -0.9879 -0.1550
vn 0.0007 -0.9878 -0.1557
vn 0.0004 -0.9878 -0.1560
vn -0.0000 -0.9878 -0.1558
vn -0.0004 -0.9878 -0.1558
vn 0.0001 -0.9878 -0.1559
vn 0.0004 -0.9878 -0.1559
vn -0.0000 -0.9878 -0.1556
vn -0.0002 -0.9878 -0.1555
vn -0.0002 -0.9878 -0.1558
vn 0.0005 -0.9878 -0.1556
vn 0.0001 -0.9879 -0.1553
vn 0.0004 -0.9877 -0.1564
vn -0.9648 -0.0897 0.2473
vn -0.9608 -0.0832 0.2646
vn -0.9590 -0.0882 0.2693
vn -0.9648 -0.0934 0.2459
vn -0.9571 -0.0928 0.2744
vn -0.9652 -0.0924 0.2448
vn -0.9552 -0.0913 0.2814
vn -0.9711 -0.0809 0.2247
vn -0.9679 -0.0742 0.2399
vn -0.9672 -0.0821 0.2405
vn -0.9712 -0.0847 0.2229
vn -0.9663 -0.0857 0.2427
vn -0.9717 -0.0856 0.2201
vn -0.9649 -0.0861 0.2481
vn -0.9722 -0.0864 0.2176
vn -0.9734 -0.0878 0.2116
vn -0.9753 -0.0885 0.2022
vn -0.9761 -0.0696 0.2059
vn -0.9728 -0.0705 0.2208
vn -0.9758 -0.0750 0.2053
vn -0.9715 -0.0746 0.2248
vn -0.9758 -0.0801 0.2033
vn -0.9766 -0.0811 0.1992
vn -0.9779 -0.0813 0.1926
vn -0.9794 -0.0798 0.1852
vn -0.9815 -0.0768 0.1752
vn -0.9837 -0.0751 0.1635
vn -0.9546 -0.0457 0.2943
vn -0.9641 -0.0395 0.2625
vn -0.9621 -0.0335 0.2705
vn -0.9634 -0.0655 0.2601
vn -0.9654 -0.0635 0.2529
vn -0.9649 -0.0626 0.2552
vn -0.9622 -0.0654 0.2645
vn -0.9642 -0.0616 0.2579
vn -0.9606 -0.0651 0.2703
vn -0.9633 -0.0577 0.2623
vn -0.9576 -0.0638 0.2811
vn -0.9608 -0.0511 0.2725
vn -0.9527 -0.0588 0.2982
vn -0.9585 -0.0433 0.2819
vn -0.9471 -0.0582 0.3157
vn -0.9653 -0.0666 0.2524
vn -0.9652 -0.0651 0.2531
vn -0.9644 -0.0693 0.2554
vn -0.9645 -0.0652 0.2559
vn -0.9629 -0.0706 0.2604
vn -0.9612 -0.0706 0.2668
vn -0.9591 -0.0721 0.2738
vn -0.9563 -0.0738 0.2830
vn -0.9526 -0.0748 0.2950
vn -0.9480 -0.0715 0.3102
vn -0.9657 -0.0677 0.2507
vn -0.9650 -0.0724 0.2519
vn -0.9636 -0.0756 0.2563
vn -0.9619 -0.0763 0.2626
vn -0.9596 -0.0789 0.2699
vn -0.9569 -0.0826 0.2785
vn -0.9528 -0.0849 0.2915
vn -0.9484 -0.0824 0.3062
vn -0.9668 -0.0684 0.2464
vn -0.9662 -0.0740 0.2471
vn -0.9647 -0.0801 0.2507
vn -0.9627 -0.0820 0.2580
vn -0.9689 -0.0698 0.2376
vn -0.9651 -0.0668 0.2534
vn -0.9660 -0.0639 0.2507
vn -0.9669 -0.0630 0.2474
vn -0.9676 -0.0606 0.2452
vn -0.9681 -0.0522 0.2450
vn -0.9680 -0.0411 0.2474
vn -0.9677 -0.0359 0.2495
vn -0.9674 -0.0265 0.2520
vn -0.9653 -0.0657 0.2527
vn -0.9656 -0.0629 0.2525
vn -0.9657 -0.0613 0.2524
vn -0.9659 -0.0603 0.2519
vn -0.9659 -0.0538 0.2531
vn -0.9654 -0.0444 0.2571
vn -0.9653 -0.0648 0.2531
vn 0.4815 0.3520 0.8027
vn 0.1020 0.5611 0.8214
vn -0.2361 0.6359 0.7348
vn -0.9357 -0.0437 0.3499
vn -0.9076 -0.0481 0.4171
vn -0.9026 -0.0400 0.4287
vn -0.9401 -0.0293 0.3397
vn -0.8994 -0.0292 0.4362
vn -0.9000 0.0233 0.4352
vn -0.9437 0.0284 0.3295
vn -0.9535 -0.0864 0.2889
vn -0.9446 -0.0785 0.3188
vn -0.9532 -0.0808 0.2912
vn -0.9405 -0.0766 0.3311
vn -0.9541 -0.0747 0.2900
vn -0.9364 -0.0723 0.3433
vn -0.9557 -0.0627 0.2875
vn -0.9335 -0.0634 0.3530
vn -0.9590 -0.0432 0.2801
vn -0.9298 -0.0515 0.3643
vn -0.9646 -0.0266 0.2625
vn -0.9702 -0.0123 0.2418
vn -0.9737 0.0357 0.2252
vn -0.9660 -0.0861 0.2439
vn -0.9675 -0.0760 0.2412
vn -0.9703 -0.0676 0.2323
vn -0.9734 -0.0539 0.2225
vn -0.9768 -0.0303 0.2120
vn -0.9819 -0.0037 0.1896
vn -0.9878 0.0145 0.1550
vn -0.9901 0.0504 0.1307
vn -0.9770 -0.0807 0.1972
vn -0.9796 -0.0655 0.1902
vn -0.9826 -0.0533 0.1780
vn -0.9859 -0.0400 0.1627
vn -0.9893 -0.0137 0.1453
vn -0.9927 0.0221 0.1185
vn -0.9954 0.0477 0.0830
vn -0.9965 0.0594 0.0588
vn -0.9861 -0.0693 0.1508
vn -0.9888 -0.0527 0.1395
vn -0.9913 -0.0401 0.1252
vn -0.9961 0.0702 0.0527
vn -0.9967 0.0748 0.0315
vn -0.9489 -0.0279 0.3142
vn -0.9581 -0.0099 0.2862
vn -0.9518 0.0015 0.3067
vn -0.9409 -0.0196 0.3382
vn -0.9437 0.0100 0.3306
vn -0.9304 -0.0137 0.3662
vn -0.9333 0.0144 0.3588
vn -0.9175 -0.0119 0.3975
vn -0.9183 0.0227 0.3952
vn -0.9043 -0.0055 0.4268
vn -0.8974 0.0298 0.4401
vn -0.8888 0.0004 0.4583
vn -0.8746 0.0470 0.4825
vn -0.8712 0.0160 0.4906
vn -0.9421 -0.0477 0.3320
vn -0.9335 -0.0407 0.3561
vn -0.9239 -0.0381 0.3808
vn -0.9137 -0.0339 0.4051
vn -0.9021 -0.0320 0.4304
vn -0.8898 -0.0254 0.4557
vn -0.8753 -0.0136 0.4833
vn -0.8469 0.0540 0.5289
vn -0.8601 0.0258 0.5094
vn -0.9426 -0.0669 0.3270
vn -0.9348 -0.0613 0.3499
vn -0.9251 -0.0572 0.3754
vn -0.9156 -0.0515 0.3989
vn -0.9664 -0.0031 0.2570
vn -0.9632 0.0151 0.2685
vn -0.9593 0.0240 0.2812
vn -0.9543 0.0389 0.2964
vn -0.9419 0.0597 0.3306
vn -0.9226 0.0736 0.3786
vn -0.8957 0.0933 0.4348
vn -0.8520 0.1528 0.5008
vn -0.8424 0.0963 0.5302
vn 0.8275 0.0723 0.5568
vn 0.5673 -0.1024 0.8171
vn 0.8512 0.5159 -0.0966
vn 0.5156 0.7131 -0.4751
vn 0.6877 0.6622 -0.2976
vn 0.8640 0.4340 -0.2551
vn 0.6085 0.6594 -0.4415
vn 0.9260 0.3714 0.0682
vn 0.6185 0.6820 -0.3902
vn 0.7734 0.6082 -0.1787
vn 0.9243 0.2171 0.3140
vn 0.9289 0.1523 0.3374
vn 0.9432 0.2713 0.1919
vn 0.8891 0.1043 0.4456
vn 0.1977 -0.0049 0.9802
vn 0.2635 -0.2053 0.9426
vn 0.2783 -0.2575 0.9253
vn 0.2741 -0.3076 0.9112
vn 0.1397 0.7002 -0.7002
vn 0.5221 0.5547 -0.6478
vn 0.0906 0.5458 -0.8330
vn 0.2228 0.7924 -0.5678
vn 0.1281 0.7682 -0.6273
vn 0.4992 0.7477 -0.4379
vn 0.2586 0.8095 -0.5271
vn 0.6652 0.6803 -0.3077
vn 0.4114 0.7503 -0.5175
vn 0.9380 0.3188 0.1362
vn 0.7561 -0.1311 0.6412
vn 0.7319 -0.1078 0.6728
vn 0.5680 -0.2755 0.7756
vn 0.8744 0.4846 0.0240
vn 0.8537 -0.0560 0.5178
vn 0.5538 -0.3475 0.7567
vn -0.3200 0.2255 0.9202
vn -0.0743 -0.0958 0.9926
vn 0.0090 -0.1752 0.9845
vn 0.1149 -0.2879 0.9507
vn -0.1538 0.6322 -0.7594
vn -0.1867 0.5009 -0.8452
vn 0.0236 0.7677 -0.6403
vn -0.0556 0.7467 -0.6628
vn -0.1033 0.7172 -0.6892
vn 0.0973 0.7726 -0.6273
vn 0.1997 0.7827 -0.5895
vn 0.0910 0.7930 -0.6024
vn 0.2891 0.8033 -0.5207
vn 0.7046 0.7094 -0.0160
vn 0.5378 -0.3635 0.7607
vn 0.3774 -0.4176 0.8266
vn 0.4330 -0.3343 0.8371
vn 0.3326 -0.3583 0.8724
vn -0.5642 0.2974 0.7702
vn -0.4412 0.1234 0.8889
vn -0.7431 0.4110 0.5281
vn -0.3419 0.0157 0.9396
vn -0.1375 -0.2011 0.9699
vn -0.2318 0.6472 -0.7262
vn -0.2730 0.5637 -0.7796
vn -0.2874 0.4786 -0.8297
vn -0.1263 0.6914 -0.7114
vn -0.1822 0.6735 -0.7164
vn -0.0446 0.7763 -0.6288
vn -0.0713 0.7295 -0.6802
vn -0.0581 0.8454 -0.5310
vn -0.0566 0.8010 -0.5960
vn 0.2819 0.9407 -0.1885
vn -0.1259 0.9872 -0.0976
vn 0.2904 -0.4423 0.8485
vn 0.2888 -0.3680 0.8838
vn -0.9036 0.1114 0.4137
vn -0.9399 0.1302 0.3157
vn -0.9682 0.1344 0.2109
vn -0.9347 0.2135 0.2843
vn -0.9548 0.2158 0.2045
vn -0.9252 0.2749 0.2614
vn -0.9472 0.2563 0.1926
vn -0.9824 0.1394 0.1242
vn -0.9686 0.2146 0.1259
vn -0.9605 0.2442 0.1332
vn -0.9426 0.2721 0.1933
vn -0.9567 0.2504 0.1484
vn -0.9895 0.1306 0.0615
vn -0.9768 0.1967 0.0845
vn -0.9685 0.2221 0.1127
vn -0.9651 0.2223 0.1387
vn -0.9929 0.1163 0.0259
vn -0.9849 0.1668 0.0461
vn -0.9787 0.1927 0.0710
vn -0.9759 0.1990 0.0892
vn -0.9335 0.3083 0.1830
vn -0.9635 0.2368 0.1247
vn -0.8187 0.1060 0.5643
vn -0.8539 0.0900 0.5126
vn -0.8025 0.1337 0.5814
vn -0.8638 0.1545 0.4796
vn -0.6826 0.3166 0.6587
vn -0.7906 0.3128 0.5265
vn -0.9141 0.1881 0.3593
vn -0.9097 0.2789 0.3078
vn -0.6138 0.6373 0.4660
vn -0.7580 0.5390 0.3673
vn -0.8927 0.3595 0.2718
vn -0.5800 0.6835 0.4432
vn -0.6242 0.7160 0.3126
vn -0.9132 0.3520 0.2055
vn -0.4825 0.8142 0.3229
vn -0.5860 0.7093 0.3919
vn -0.9053 0.3874 0.1743
vn 0.0106 0.8295 0.5585
vn -0.3362 0.8738 0.3514
vn -0.8232 0.2940 0.4857
vn -0.7924 0.2055 0.5744
vn -0.7984 0.1450 0.5845
vn -0.7289 0.2849 0.6225
vn -0.7360 0.2397 0.6331
vn -0.5512 0.6635 0.5060
vn -0.2032 0.7984 0.5667
vn 0.1863 0.7569 0.6264
vn 0.4158 0.8016 0.4296
vn 0.4666 0.8093 0.3569
vn 0.0531 0.8871 0.4585
vn 0.7719 0.6214 0.1342
vn 0.2591 0.9461 0.1941
vn 0.7583 0.6405 -0.1215
vn 0.4956 0.8614 0.1117
vn 0.8765 0.4405 -0.1942
vn 0.8155 0.5662 0.1198
vn 0.7614 0.5584 0.3294
vn 0.9665 0.2370 -0.0986
vn 0.9892 0.1355 0.0556
vn 0.8304 0.4243 0.3611
vn -0.7566 0.3420 0.5574
vn -0.4527 0.8401 0.2986
vn 0.3244 0.9158 -0.2367
vn 0.7981 0.3692 -0.4761
vn 0.5702 0.4869 -0.6617
vn 0.8916 0.4433 -0.0922
vn 0.9399 0.3164 0.1283
vn 0.9617 0.2575 -0.0940
vn 0.7715 0.3776 -0.5121
vn 0.8959 0.3614 -0.2584
vn 0.9865 0.1587 0.0393
vn 0.9482 0.2619 0.1796
vn 0.9690 0.2142 0.1231
vn 0.9531 0.2996 0.0418
vn 0.9609 0.1529 0.2310
vn 0.9656 0.1054 0.2377
vn 0.9406 0.2411 0.2390
vn 0.8945 0.1039 0.4349
vn 0.9405 0.2846 0.1858
vn 0.8799 0.2068 0.4277
vn 0.9140 0.4011 -0.0607
vn 0.7446 0.6664 0.0385
vn 0.8051 0.5233 -0.2793
vn 0.7760 0.6024 -0.1868
vn 0.7349 0.5640 -0.3765
vn 0.5566 0.6830 -0.4730
vn 0.8673 0.4329 -0.2457
vn -0.2318 0.9588 -0.1639
vn 0.1610 0.7867 -0.5960
vn 0.3764 0.4784 -0.7934
vn 0.3051 0.4545 -0.8369
vn 0.4053 0.4804 -0.7778
vn 0.7855 0.0305 0.6182
vn 0.7414 0.2478 0.6236
vn 0.6063 -0.0666 0.7925
vn 0.6203 0.6153 0.4864
vn 0.3155 0.7889 -0.5273
vn -0.1819 0.9185 -0.3511
vn 0.0058 0.4773 -0.8787
vn 0.0026 0.5026 -0.8645
vn -0.0415 0.6540 -0.7553
vn 0.0263 0.4640 -0.8854
vn 0.4864 -0.1691 0.8572
vn 0.4482 0.6622 0.6005
vn 0.0223 0.8996 -0.4361
vn 0.2674 0.5165 -0.8135
vn -0.2403 0.8820 -0.4053
vn -0.3199 0.8622 -0.3928
vn -0.1861 0.4745 -0.8604
vn -0.1814 0.4952 -0.8496
vn -0.1848 0.6360 -0.7492
vn -0.1916 0.4579 -0.8681
vn 0.4132 -0.2880 0.8639
vn 0.4907 0.3586 0.7941
vn 0.3578 -0.1370 0.9237
vn 0.2237 0.9635 0.1474
vn -0.0856 0.5752 -0.8135
vn -0.3611 0.9040 -0.2288
vn -0.2707 0.5134 -0.8143
vn -0.2975 0.5969 -0.7451
vn -0.3345 0.6709 -0.6618
vn -0.2848 0.4624 -0.8397
vn -0.2798 0.4753 -0.8342
vn 0.3026 -0.1034 0.9475
vn 0.0321 0.8249 0.5644
vn -0.9778 -0.1092 0.1786
vn -0.9751 -0.0930 0.2015
vn -0.9795 -0.0646 0.1906
vn -0.9794 -0.0613 0.1922
vn -0.9790 -0.0658 0.1928
vn -0.9812 -0.1375 0.1356
vn -0.8608 -0.4904 0.1361
vn -0.9823 -0.0690 0.1740
vn -0.9820 -0.0618 0.1785
vn -0.9813 -0.0664 0.1805
vn -0.6684 -0.7421 -0.0507
vn -0.9572 -0.2585 0.1300
vn -0.9837 -0.0781 0.1619
vn -0.9842 -0.0647 0.1648
vn -0.9836 -0.0680 0.1671
vn -0.5408 -0.8396 -0.0517
vn -0.9287 -0.3542 0.1098
vn -0.9874 -0.0829 0.1349
vn -0.9863 -0.0688 0.1499
vn -0.9854 -0.0687 0.1555
vn -0.4159 -0.9062 -0.0760
vn -0.8856 -0.4601 0.0631
vn -0.9874 -0.1103 0.1132
vn -0.9881 -0.0766 0.1337
vn -0.2570 -0.9619 -0.0928
vn -0.6196 -0.7820 -0.0668
vn -0.9668 -0.2510 0.0487
vn -0.4868 -0.8678 -0.0996
vn -0.3219 -0.9427 -0.0879
vn -0.4089 -0.9117 -0.0400
vn -0.2268 -0.9687 -0.1013
vn -0.7596 -0.6478 0.0585
vn -0.1620 -0.9782 -0.1301
vn -0.1189 -0.9850 -0.1250
vn -0.0719 -0.9895 -0.1256
vn -0.0634 -0.9880 -0.1411
vn -0.0534 -0.9860 -0.1582
vn -0.0395 -0.9869 -0.1563
vn -0.0367 -0.9874 -0.1539
vn -0.0238 -0.9884 -0.1500
vn -0.0139 -0.9883 -0.1518
vn -0.0445 -0.9877 -0.1499
vn -0.0044 -0.9882 -0.1533
vn -0.0033 -0.9877 -0.1564
vn -0.0679 -0.9856 -0.1547
vn -0.0412 -0.9887 -0.1444
vn -0.0012 -0.9879 -0.1552
vn -0.0019 -0.9877 -0.1563
vn -0.0004 -0.9880 -0.1547
vn -0.0001 -0.9878 -0.1555
vn -0.0074 -0.9880 -0.1545
vn 0.0001 -0.9878 -0.1557
vn -0.0018 -0.9878 -0.1556
vn 0.0002 -0.9879 -0.1554
vn -0.0007 -0.9878 -0.1560
vn -0.0007 -0.9877 -0.1563
vn -0.0001 -0.9878 -0.1559
vn 0.0003 -0.9878 -0.1555
vn -0.0000 -0.9879 -0.1553
vn 0.0004 -0.9878 -0.1556
vn 0.0001 -0.9878 -0.1555
vn 0.0001 -0.9878 -0.1558
vn 0.0006 -0.9878 -0.1555
vn -0.0002 -0.9877 -0.1562
vn -0.0001 -0.9879 -0.1554
vn -0.0002 -0.9879 -0.1550
vn -0.0003 -0.9878 -0.1557
vn -0.0002 -0.9878 -0.1556
vn 0.0003 -0.9879 -0.1552
vn 0.0002 -0.9878 -0.1557
vn 0.0002 -0.9878 -0.1556
vn 0.0001 -0.9878 -0.1556
vn 0.0004 -0.9878 -0.1555
vn -0.0004 -0.9878 -0.1559
vn 0.0003 -0.9878 -0.1558
vn -0.0000 -0.9877 -0.1562
vn 0.0003 -0.9878 -0.1559
vn -0.0002 -0.9878 -0.1557
vn -0.0000 -0.9878 -0.1554
vn -0.0002 -0.9877 -0.1563
vn -0.9787 -0.0695 0.1932
vn -0.9787 -0.0721 0.1924
vn -0.9798 -0.0738 0.1861
vn -0.9817 -0.0727 0.1760
vn -0.9836 -0.0724 0.1653
vn -0.9852 -0.0685 0.1570
vn -0.9875 -0.0648 0.1434
vn -0.9895 -0.0632 0.1303
vn -0.9810 -0.0695 0.1812
vn -0.9810 -0.0690 0.1814
vn -0.9821 -0.0651 0.1768
vn -0.9841 -0.0623 0.1663
vn -0.9861 -0.0626 0.1539
vn -0.9882 -0.0611 0.1406
vn -0.9832 -0.0698 0.1689
vn -0.9831 -0.0689 0.1694
vn -0.9834 -0.0612 0.1706
vn -0.9844 -0.0554 0.1670
vn -0.9852 -0.0695 0.1568
vn -0.9954 0.0896 0.0327
vn -0.9954 0.0939 0.0191
vn -0.9935 0.1077 0.0379
vn -0.9908 0.1158 0.0706
vn 0.9492 0.3132 0.0309
vn 0.4966 0.6765 -0.5437
vn 0.7536 0.6500 -0.0974
vn 0.7361 0.3877 -0.5548
vn 0.6785 0.4229 -0.6007
vn 0.9723 0.1038 0.2094
vn 0.9377 0.2817 -0.2034
vn 0.7598 0.4364 0.4820
vn 0.8004 0.1803 0.5717
vn 0.0739 0.5532 -0.8298
vn 0.1465 0.5222 -0.8402
vn 0.5216 0.3313 -0.7862
vn 0.1095 0.4091 -0.9059
vn -0.0195 0.6879 -0.7255
vn 0.1746 0.9645 -0.1980
vn 0.3519 0.6765 0.6469
vn 0.5689 0.1252 0.8128
vn 0.7574 -0.0279 0.6524
vn 0.5387 -0.0874 0.8379
vn 0.1407 0.2722 0.9519
vn 0.2732 0.0946 0.9573
vn 0.7068 0.4535 0.5429
vn 0.7548 -0.0335 0.6551
vn -0.3349 0.5301 -0.7790
vn -0.3710 0.5587 -0.7418
vn -0.4656 0.8387 -0.2825
vn -0.4728 0.6224 -0.6238
vn -0.1180 0.3466 0.9306
vn -0.4167 0.7209 0.5538
vn -0.5528 0.3109 0.7731
vn -0.1103 0.1992 0.9737
vn -0.5027 0.1143 0.8569
vn -0.0663 -0.0006 0.9978
vn 0.3214 0.6919 0.6465
vn 0.3473 -0.1123 0.9310
vn 0.3145 -0.4417 0.8402
vn -0.6498 0.5218 -0.5527
vn -0.5506 0.5206 -0.6525
vn -0.6568 0.5275 -0.5389
vn -0.7951 0.5812 -0.1735
vn -0.8046 0.4919 -0.3328
vn -0.8876 0.4478 -0.1078
vn -0.8161 0.5227 0.2465
vn -0.8421 0.4296 0.3260
vn -0.8810 0.2260 0.4156
vn -0.1809 0.7793 0.6000
vn -0.0350 0.0915 0.9952
vn 0.1598 -0.4019 0.9016
vn 0.2573 -0.4436 0.8585
vn -0.7974 0.5103 -0.3221
vn -0.8863 0.4599 0.0540
vn -0.8885 0.3136 0.3351
vn -0.9934 0.1144 0.0102
vn -0.9883 0.1524 0.0115
vn -0.9836 0.1794 0.0157
vn -0.9815 0.1906 0.0158
vn -0.9767 0.2139 0.0159
vn -0.9918 0.1241 0.0291
vn -0.9871 0.1582 0.0231
vn -0.9811 0.1934 0.0049
vn -0.9792 0.2022 -0.0196
vn -0.9780 0.2066 -0.0285
vn -0.9371 0.3441 0.0580
vn -0.9601 0.2785 -0.0251
vn -0.9893 0.1305 0.0653
vn -0.9834 0.1709 0.0611
vn -0.9749 0.2163 0.0533
vn -0.9724 0.2305 0.0359
vn -0.9735 0.2284 0.0103
vn -0.9850 0.1374 0.1042
vn -0.9790 0.1762 0.1022
vn -0.9695 0.2254 0.0967
vn -0.9639 0.2542 0.0787
vn -0.9642 0.2583 0.0606
vn -0.9712 0.1871 0.1477
vn -0.9594 0.2421 0.1451
vn -0.9522 0.2801 0.1222
vn -0.9578 0.2710 0.0956
vn -0.9576 0.2840 0.0475
vn -0.9512 0.2968 0.0840
vn -0.9462 0.2571 0.1965
vn -0.9300 0.3159 0.1878
vn -0.9389 0.3110 0.1472
vn -0.9444 0.3111 0.1068
vn -0.9397 0.3399 0.0388
vn -0.9235 0.3802 0.0506
vn -0.9249 0.3801 0.0081
vn -0.6764 0.2451 -0.6946
vn -0.6766 0.3488 -0.6485
vn -0.7235 0.3881 -0.5709
vn -0.7785 0.4443 -0.4433
vn -0.5449 0.7979 0.2576
vn -0.8504 0.5259 0.0153
vn -0.3386 0.8869 0.3144
vn -0.5450 0.8350 0.0753
vn -0.9634 0.2681 -0.0039
vn -0.8789 0.4768 0.0107
vn -0.6181 0.7827 0.0735
vn -0.8853 0.4622 0.0517
vn -0.6659 0.7387 0.1044
vn -0.8912 0.4452 0.0873
vn -0.7240 0.6795 0.1189
vn -0.8941 0.4394 0.0869
vn -0.7586 0.6462 0.0830
vn -0.8631 0.4869 -0.1345
vn -0.7485 0.6416 -0.1679
vn -0.1725 0.2226 -0.9595
vn -0.2763 0.2554 -0.9265
vn -0.5034 0.3587 -0.7861
vn -0.5388 0.4990 -0.6787
vn 0.9660 0.2387 -0.0997
vn 0.9905 0.0988 0.0955
vn 0.9588 -0.0877 0.2703
vn 0.7513 0.3147 0.5800
vn 0.2763 0.7931 0.5428
vn 0.9918 0.1237 -0.0307
vn 0.8455 0.3874 -0.3674
vn 0.9774 0.0375 0.2079
vn 0.9269 -0.0332 0.3739
vn -0.0521 0.9670 0.2494
vn 0.9868 0.0489 0.1545
vn 0.9833 0.0703 -0.1677
vn 0.9522 -0.0205 0.3047
vn 0.9887 -0.0750 0.1298
vn -0.2918 0.9329 0.2111
vn -0.3862 0.9059 0.1734
vn -0.4904 0.8552 0.1679
vn -0.2725 0.9396 0.2070
vn -0.3308 0.9274 0.1745
vn -0.5482 0.8273 0.1225
vn -0.3478 0.9240 0.1588
vn -0.5886 0.7864 -0.1874
vn -0.3628 0.9267 -0.0974
vn -0.0276 0.1674 -0.9855
vn -0.0480 0.2033 -0.9779
vn -0.1421 0.2186 -0.9654
vn -0.3350 0.4089 -0.8488
vn -0.3246 0.6745 -0.6631
vn 0.6809 0.4154 -0.6031
vn 0.8536 -0.0842 0.5140
vn 0.8605 -0.2363 0.4513
vn 0.7083 0.3662 0.6035
vn 0.8201 0.1690 -0.5467
vn 0.5724 0.2868 -0.7682
vn 0.9986 0.0364 -0.0388
vn 0.9246 -0.1099 0.3646
vn 0.8443 -0.1513 0.5141
vn 0.7756 -0.2622 0.5742
vn 0.7405 -0.1897 0.6448
vn 0.4680 0.6186 0.6311
vn 0.8417 -0.1171 0.5270
vn 0.9231 -0.1814 0.3390
vn 0.8388 -0.1659 0.5186
vn 0.7769 -0.1994 0.5973
vn 0.7135 -0.2203 0.6651
vn 0.6647 -0.2853 0.6905
vn -0.0460 0.8883 0.4570
vn 0.6443 -0.2128 0.7345
vn 0.6815 -0.1900 0.7067
vn -0.1454 0.9672 0.2084
vn -0.1209 0.9662 0.2278
vn -0.1596 0.9649 0.2087
vn -0.1955 0.9664 0.1671
vn -0.1938 0.9764 -0.0952
vn 0.0005 0.1648 -0.9863
vn -0.0052 0.1689 -0.9856
vn -0.0643 0.2259 -0.9720
vn -0.1705 0.6233 -0.7632
vn 0.1996 0.3831 -0.9019
vn 0.5441 0.0845 0.8348
vn 0.6483 -0.2803 0.7079
vn 0.5950 -0.2338 0.7690
vn 0.5402 -0.2561 0.8016
vn 0.4879 -0.2971 0.8208
vn 0.4562 -0.3029 0.8367
vn 0.3287 0.3712 0.8684
vn 0.4763 -0.2080 0.8543
vn 0.4061 -0.2427 0.8810
vn 0.3760 -0.2471 0.8930
vn 0.3491 -0.2690 0.8977
vn 0.0614 0.9184 0.3908
vn -0.0691 0.9680 0.2413
vn 0.2940 -0.0840 0.9521
vn -0.0739 0.9701 0.2310
vn -0.0879 0.9780 0.1892
vn -0.0927 0.9833 -0.1569
vn 0.0028 0.1631 -0.9866
vn -0.0171 0.1768 -0.9841
vn 0.0029 0.1641 -0.9864
vn -0.0009 0.1665 -0.9860
vn -0.0133 0.1913 -0.9814
vn -0.0499 0.6059 -0.7940
vn -0.1967 0.4636 -0.8639
vn 0.3137 -0.3069 0.8986
vn 0.2754 -0.2953 0.9148
vn 0.3023 0.1046 0.9474
vn 0.2636 -0.2412 0.9340
vn 0.1439 -0.2476 0.9581
vn 0.1399 -0.2411 0.9603
vn 0.1471 -0.2628 0.9536
vn 0.1534 -0.2708 0.9503
vn 0.1431 -0.2939 0.9451
vn 0.0956 0.7384 0.6675
vn -0.0093 0.9590 0.2832
vn -0.0151 -0.1676 0.9857
vn 0.0176 -0.2777 0.9605
vn -0.0298 0.9722 0.2323
vn -0.0267 0.9803 0.1957
vn -0.0306 0.9836 -0.1780
vn 0.0039 0.1630 -0.9866
vn 0.0030 0.1638 -0.9865
vn 0.0019 0.1615 -0.9869
vn -0.0007 0.1857 -0.9826
vn -0.0195 0.5767 -0.8167
vn -0.4723 0.5075 -0.7207
vn -0.2780 0.4967 -0.8222
vn -0.3705 0.7049 -0.6048
vn 0.0653 -0.2005 0.9775
vn 0.1225 0.0653 0.9903
vn -0.1363 -0.1947 0.9713
vn -0.2763 -0.1130 0.9544
vn -0.0686 -0.2308 0.9706
vn -0.0218 -0.2458 0.9691
vn 0.0013 -0.2599 0.9656
vn 0.0992 0.6309 0.7695
vn 0.0193 0.9324 0.3610
vn -0.6327 0.0898 0.7692
vn -0.3810 -0.0555 0.9229
vn -0.2359 -0.1725 0.9563
vn 0.0079 0.9739 0.2270
vn 0.0167 0.9817 0.1896
vn 0.0166 0.9846 -0.1739
vn 0.0019 0.1617 -0.9868
vn -0.0001 0.1602 -0.9871
vn -0.0015 0.1817 -0.9833
vn -0.0088 0.5727 -0.8197
vn -0.5774 0.5671 -0.5874
vn -0.4629 0.8419 -0.2772
vn -0.7549 0.5546 -0.3500
vn -0.8214 0.5586 -0.1151
vn -0.8832 0.4481 0.1384
vn -0.9234 0.2528 0.2888
vn -0.0853 0.1554 0.9842
vn -0.2257 -0.1292 0.9656
vn -0.7679 0.3321 0.5478
vn -0.6652 0.0874 0.7416
vn -0.7418 0.1152 0.6606
vn -0.5000 -0.0798 0.8623
vn -0.5471 -0.0184 0.8369
vn -0.3301 -0.1567 0.9309
vn -0.4069 -0.1170 0.9060
vn -0.2173 -0.1910 0.9572
vn -0.1075 -0.2356 0.9659
vn 0.0691 0.6271 0.7759
vn 0.0812 0.9170 0.3906
vn 0.0693 0.9721 0.2240
vn 0.0833 0.9804 0.1785
vn 0.0989 0.9829 -0.1555
vn 0.0015 0.1594 -0.9872
vn 0.0038 0.1628 -0.9866
vn -0.0005 0.1585 -0.9874
vn -0.0028 0.1750 -0.9846
vn 0.0233 0.6036 -0.7970
vn -0.1859 -0.9785 -0.0887
vn -0.1419 -0.9793 -0.1442
vn -0.1144 -0.9706 -0.2117
vn -0.4259 -0.8399 -0.3364
vn -0.0940 -0.8334 -0.5445
vn -0.2206 -0.4251 -0.8779
vn -0.1822 0.0203 -0.9831
vn -0.1285 0.1195 -0.9845
vn -0.0373 -0.9890 -0.1431
vn -0.0229 -0.9876 -0.1552
vn -0.0308 -0.9728 -0.2295
vn -0.0065 -0.3282 -0.9446
vn -0.0402 0.0438 -0.9982
vn -0.0008 -0.9879 -0.1549
vn -0.0005 -0.9877 -0.1564
vn -0.0431 -0.8222 -0.5675
vn -0.0135 -0.9755 -0.2195
vn 0.0044 -0.3285 -0.9445
vn -0.0274 0.1563 -0.9873
vn -0.0243 0.0549 -0.9982
vn 0.0002 -0.9878 -0.1560
vn -0.0275 -0.8281 -0.5599
vn -0.0083 -0.9775 -0.2109
vn 0.0084 -0.3333 -0.9428
vn -0.0263 0.1625 -0.9864
vn -0.0248 0.1600 -0.9868
vn -0.0002 -0.9877 -0.1561
vn -0.0002 -0.9879 -0.1553
vn -0.0167 -0.8341 -0.5513
vn -0.0065 -0.9783 -0.2072
vn 0.0006 -0.8406 -0.5416
vn -0.0309 0.0582 -0.9978
vn 0.0123 -0.3626 -0.9319
vn -0.0296 0.1669 -0.9855
vn -0.0000 -0.9878 -0.1559
vn -0.0003 -0.9879 -0.1552
vn -0.0058 -0.9786 -0.2058
vn -0.0007 -0.8467 -0.5320
vn -0.0346 0.0546 -0.9979
vn 0.0091 -0.3770 -0.9262
vn -0.0326 0.1713 -0.9847
vn -0.0001 -0.9878 -0.1557
vn -0.0057 -0.9793 -0.2023
vn -0.0011 -0.8533 -0.5214
vn -0.0373 0.0504 -0.9980
vn 0.0082 -0.3898 -0.9209
vn -0.0348 0.1750 -0.9840
vn -0.0001 -0.9878 -0.1554
vn -0.0053 -0.9800 -0.1991
vn -0.0009 -0.8589 -0.5121
vn -0.0390 0.0450 -0.9982
vn 0.0068 -0.4029 -0.9152
vn -0.0377 0.1773 -0.9834
vn -0.1537 0.1515 -0.9764
vn -0.1160 0.1537 -0.9813
vn -0.0808 0.1513 -0.9852
vn -0.0661 0.1585 -0.9852
vn -0.1283 0.1757 -0.9761
vn -0.0604 0.1710 -0.9834
vn -0.0681 0.1603 -0.9847
vn -0.0476 0.1709 -0.9841
vn -0.1686 0.1678 -0.9713
vn -0.0312 0.1656 -0.9857
vn -0.0299 0.1644 -0.9859
vn -0.0261 0.1646 -0.9860
vn -0.0238 0.1653 -0.9859
vn -0.0287 0.1678 -0.9854
vn -0.0347 0.1635 -0.9859
vn -0.0525 0.1708 -0.9839
vn -0.0236 0.1650 -0.9860
vn -0.0231 0.1652 -0.9860
vn -0.0235 0.1643 -0.9861
vn -0.0226 0.1649 -0.9861
vn -0.0286 0.1655 -0.9858
vn -0.0227 0.1649 -0.9860
vn -0.0227 0.1654 -0.9860
vn -0.0229 0.1655 -0.9859
vn -0.0229 0.1661 -0.9858
vn -0.0228 0.1646 -0.9861
vn -0.0222 0.1653 -0.9860
vn -0.0227 0.1646 -0.9861
vn -0.0222 0.1652 -0.9860
vn -0.0224 0.1652 -0.9860
vn -0.0225 0.1653 -0.9860
vn -0.0228 0.1652 -0.9860
vn -0.0230 0.1647 -0.9861
vn -0.0232 0.1671 -0.9857
vn -0.0228 0.1653 -0.9860
vn -0.0227 0.1647 -0.9861
vn -0.0223 0.1651 -0.9860
vn -0.0225 0.1649 -0.9861
vn -0.0228 0.1651 -0.9860
vn -0.0224 0.1655 -0.9860
vn -0.0222 0.1656 -0.9859
vn -0.0251 0.1692 -0.9853
vn -0.0232 0.1658 -0.9859
vn -0.0224 0.1651 -0.9860
vn -0.0224 0.1647 -0.9861
vn -0.0229 0.1643 -0.9861
vn -0.0229 0.1658 -0.9859
vn -0.0223 0.1657 -0.9859
vn -0.0276 0.1736 -0.9844
vn -0.0233 0.1683 -0.9855
vn -0.0225 0.1652 -0.9860
vn -0.0228 0.1642 -0.9862
vn -0.0225 0.1655 -0.9860
vn -0.0227 0.1648 -0.9861
vn -0.0225 0.1656 -0.9859
vn -0.0220 0.1667 -0.9858
vn -0.0297 0.1790 -0.9834
vn -0.0251 0.1713 -0.9849
vn -0.0229 0.1662 -0.9858
vn -0.0230 0.1643 -0.9861
vn -0.0221 0.1653 -0.9860
vn -0.0225 0.1650 -0.9860
vn -0.0221 0.1658 -0.9859
vn -0.0199 0.1687 -0.9855
vn -0.0198 0.1709 -0.9851
vn -0.0330 0.1851 -0.9822
vn -0.0267 0.1755 -0.9841
vn -0.0240 0.1672 -0.9856
vn -0.2141 0.1641 -0.9629
vn -0.1329 0.1545 -0.9790
vn -0.1132 0.1601 -0.9806
vn -0.1022 0.1763 -0.9790
vn -0.0941 0.1791 -0.9793
vn -0.0574 0.1834 -0.9814
vn -0.2350 0.1943 -0.9524
vn -0.0233 0.1698 -0.9852
vn -0.2156 0.1757 -0.9605
vn -0.0299 0.1640 -0.9860
vn -0.0306 0.1645 -0.9859
vn -0.0259 0.1696 -0.9852
vn -0.0187 0.1834 -0.9829
vn -0.0665 0.1831 -0.9808
vn -0.0128 0.1885 -0.9820
vn -0.0041 0.1792 -0.9838
vn -0.0013 0.1679 -0.9858
vn 0.0021 0.1660 -0.9861
vn -0.0290 0.1654 -0.9858
vn 0.0026 0.1634 -0.9866
vn -0.0217 0.1671 -0.9857
vn -0.0175 0.1757 -0.9843
vn -0.0101 0.1897 -0.9818
vn -0.0067 0.1927 -0.9812
vn -0.0027 0.1828 -0.9831
vn 0.0004 0.1724 -0.9850
vn -0.0226 0.1654 -0.9860
vn 0.0029 0.1661 -0.9861
vn 0.0018 0.1641 -0.9864
vn 0.0032 0.1640 -0.9865
vn -0.0202 0.1706 -0.9851
vn -0.0135 0.1831 -0.9830
vn -0.0082 0.1940 -0.9810
vn -0.0062 0.1951 -0.9808
vn -0.0029 0.1882 -0.9821
vn 0.0015 0.1761 -0.9844
vn -0.0219 0.1663 -0.9858
vn 0.0025 0.1689 -0.9856
vn 0.0038 0.1642 -0.9864
vn 0.0039 0.1647 -0.9863
vn -0.0168 0.1780 -0.9839
vn -0.0097 0.1912 -0.9815
vn -0.0067 0.1964 -0.9805
vn -0.0042 0.1924 -0.9813
vn -0.0007 0.1804 -0.9836
vn -0.0214 0.1678 -0.9856
vn 0.0023 0.1658 -0.9861
vn 0.0039 0.1639 -0.9865
vn 0.0036 0.1638 -0.9865
vn -0.0118 0.1872 -0.9822
vn -0.0076 0.1956 -0.9807
vn -0.0065 0.1977 -0.9803
vn -0.0060 0.1967 -0.9805
vn -0.0059 0.1956 -0.9807
vn -0.0027 0.1849 -0.9828
vn 0.0004 0.1720 -0.9851
vn -0.0180 0.1740 -0.9846
vn -0.0014 0.1758 -0.9844
vn 0.0028 0.1651 -0.9863
vn -0.0080 0.1934 -0.9811
vn -0.0069 0.1969 -0.9804
vn -0.0066 0.1970 -0.9804
vn -0.0065 0.1978 -0.9802
vn -0.0049 0.1894 -0.9819
vn -0.0129 0.1830 -0.9830
vn 0.0009 0.1687 -0.9857
vn -0.0030 0.1804 -0.9836
vn 0.0009 0.1710 -0.9853
vn -0.0065 0.1963 -0.9805
vn -0.0066 0.1973 -0.9803
vn -0.0061 0.1968 -0.9804
vn -0.0067 0.1972 -0.9803
vn -0.0064 0.1968 -0.9804
vn -0.0064 0.1963 -0.9805
vn -0.0055 0.1922 -0.9813
vn -0.0147 0.1774 -0.9840
vn -0.0092 0.1911 -0.9815
vn -0.2296 0.1638 -0.9594
vn -0.2472 0.1891 -0.9503
vn -0.2413 0.1992 -0.9498
vn -0.2605 0.2519 -0.9320
vn -0.0306 0.1665 -0.9856
vn -0.0348 0.1678 -0.9852
vn -0.0412 0.1621 -0.9859
vn -0.0471 0.1917 -0.9803
vn 0.0007 0.1650 -0.9863
vn -0.0018 0.1646 -0.9864
vn -0.0032 0.1639 -0.9865
vn -0.0111 0.1725 -0.9849
vn 0.0031 0.1638 -0.9865
vn 0.0028 0.1634 -0.9866
vn 0.0029 0.1640 -0.9865
vn 0.0020 0.1649 -0.9863
vn 0.0033 0.1637 -0.9865
vn 0.0039 0.1640 -0.9865
vn 0.0040 0.1636 -0.9865
vn 0.0037 0.1632 -0.9866
vn 0.0038 0.1637 -0.9865
vn 0.0034 0.1641 -0.9864
vn 0.0035 0.1633 -0.9866
vn 0.0037 0.1637 -0.9865
vn 0.0033 0.1638 -0.9865
vn 0.0033 0.1636 -0.9865
vn 0.0035 0.1638 -0.9865
vn 0.0035 0.1635 -0.9865
vn 0.0029 0.1662 -0.9861
vn 0.0032 0.1639 -0.9865
vn 0.0029 0.1643 -0.9864
vn 0.0029 0.1635 -0.9865
vn 0.0021 0.1619 -0.9868
vn -0.8738 -0.2279 0.4296
vn -0.8539 -0.2220 0.4708
vn -0.8595 -0.2429 0.4496
vn -0.8843 -0.2145 0.4146
vn -0.8684 -0.2287 0.4400
vn -0.8389 -0.2416 0.4877
vn -0.8441 -0.2534 0.4725
vn -0.8512 -0.2377 0.4679
vn -0.8075 -0.2284 0.5439
vn -0.7841 -0.2640 0.5618
vn -0.7941 -0.2393 0.5587
vn -0.8260 -0.1991 0.5273
vn -0.8092 -0.2204 0.5446
vn -0.8446 -0.1987 0.4972
vn -0.8268 -0.2227 0.5165
vn -0.8620 -0.1755 0.4755
vn -0.8693 -0.2052 0.4497
vn -0.7710 -0.2773 0.5733
vn -0.7653 -0.2925 0.5733
vn -0.7542 -0.3152 0.5761
vn -0.7914 -0.2529 0.5566
vn -0.9381 0.0059 0.3464
vn -0.9378 -0.0645 0.3412
vn -0.9396 0.0028 0.3422
vn -0.9434 0.0574 0.3267
vn -0.9379 0.0598 0.3417
vn -0.9238 -0.1075 0.3675
vn -0.9268 -0.1269 0.3534
vn -0.9329 -0.1141 0.3416
vn -0.9284 -0.0999 0.3580
vn -0.9361 -0.1023 0.3367
vn -0.9314 -0.0731 0.3565
vn -0.9391 -0.0682 0.3367
vn -0.9305 0.0024 0.3663
vn -0.9293 0.0666 0.3633
vn -0.9222 -0.0635 0.3814
vn -0.9279 -0.0099 0.3727
vn -0.9349 0.0518 0.3510
vn -0.8841 -0.1883 0.4277
vn -0.8656 -0.2064 0.4561
vn -0.9008 -0.1603 0.4037
vn -0.8831 -0.1878 0.4299
vn -0.9156 -0.1444 0.3751
vn -0.9003 -0.1709 0.4002
vn -0.9272 -0.1239 0.3534
vn -0.9130 -0.1401 0.3831
vn -0.9334 -0.1065 0.3425
vn -0.9189 -0.1125 0.3780
vn -0.8999 -0.1672 0.4028
vn -0.9007 -0.1576 0.4049
vn -0.9156 -0.1364 0.3784
vn -0.9089 -0.1200 0.3993
vn -0.9172 -0.1129 0.3822
vn -0.9316 0.1376 0.3364
vn -0.9256 0.1254 0.3572
vn -0.8983 0.2469 0.3634
vn -0.8993 0.2189 0.3786
vn -0.9246 0.1562 0.3475
vn -0.9323 0.1496 0.3293
vn -0.9001 0.2736 0.3391
vn -0.8999 0.2661 0.3456
vn -0.8862 0.3290 0.3261
vn -0.8764 0.3262 0.3542
vn -0.8794 0.3452 0.3278
vn -0.8643 0.3535 0.3579
vn -0.8686 0.3177 0.3802
vn -0.8503 0.3500 0.3930
vn -0.8610 0.2969 0.4130
vn -0.8216 0.4589 0.3382
vn -0.8164 0.4259 0.3899
vn -0.6364 0.6067 0.4764
vn -0.5716 0.6546 0.4947
vn -0.6463 0.7130 0.2720
vn -0.7139 0.6047 0.3531
vn -0.1246 0.9900 0.0654
vn -0.3071 -0.9487 0.0750
vn -0.7518 -0.4116 0.5151
vn -0.6292 -0.6867 0.3641
vn -0.1237 -0.9886 -0.0853
vn -0.3978 -0.9154 0.0618
vn -0.4176 -0.9002 0.1239
vn -0.7899 -0.3599 0.4965
vn -0.6824 -0.6337 0.3644
vn -0.1551 -0.9878 -0.0164
vn -0.3488 -0.9058 0.2403
vn -0.7606 -0.3594 0.5407
vn -0.6780 -0.5491 0.4888
vn -0.0424 -0.9910 -0.1267
vn -0.0530 -0.9916 -0.1181
vn -0.0136 -0.9892 -0.1459
vn -0.6123 -0.7478 0.2568
vn -0.8144 -0.2888 0.5034
vn -0.7822 -0.3868 0.4884
vn -0.3130 -0.9424 0.1183
vn -0.6165 -0.6859 0.3866
vn -0.8039 -0.2479 0.5406
vn -0.0997 -0.9940 -0.0450
vn -0.0280 -0.9915 -0.1269
vn -0.0013 -0.9879 -0.1549
vn -0.7836 -0.3239 0.5301
vn -0.6909 -0.5900 0.4179
vn -0.7634 -0.3218 0.5601
vn -0.6922 -0.5798 0.4297
vn -0.5170 -0.7818 0.3484
vn -0.2111 -0.9743 0.0790
vn -0.0980 -0.9915 -0.0859
vn -0.0266 -0.9907 -0.1332
vn -0.0038 -0.9882 -0.1530
vn -0.0034 -0.9878 -0.1555
vn -0.6216 -0.5883 0.5173
vn -0.4510 -0.8556 0.2539
vn -0.2239 -0.9746 0.0089
vn -0.0749 -0.9936 -0.0849
vn -0.0132 -0.9891 -0.1463
vn -0.0010 -0.9881 -0.1540
vn -0.0001 -0.9878 -0.1558
vn -0.0007 -0.9878 -0.1558
vn 0.0003 -0.9879 -0.1551
vn -0.8820 -0.1084 0.4586
vn -0.8575 -0.1202 0.5003
vn -0.8653 -0.1190 0.4870
vn -0.8867 -0.1144 0.4480
vn -0.8703 -0.1216 0.4772
vn -0.8895 -0.1196 0.4411
vn -0.8715 -0.1212 0.4752
vn -0.8747 -0.1108 0.4719
vn -0.8583 -0.1518 0.4902
vn -0.8608 -0.1094 0.4971
vn -0.8784 -0.0999 0.4673
vn -0.8648 -0.1079 0.4904
vn -0.8833 -0.1008 0.4578
vn -0.8698 -0.1103 0.4810
vn -0.8879 -0.0997 0.4491
vn -0.8757 -0.1095 0.4703
vn -0.8918 -0.0997 0.4413
vn -0.8975 -0.0947 0.4307
vn -0.8954 -0.1054 0.4326
vn -0.8992 -0.0996 0.4261
vn -0.8992 -0.1135 0.4226
vn -0.9013 -0.1063 0.4199
vn -0.8256 -0.1384 0.5470
vn -0.8137 -0.1466 0.5625
vn -0.8259 -0.1564 0.5417
vn -0.8256 -0.1330 0.5483
vn -0.8097 -0.1411 0.5696
vn -0.8126 -0.1355 0.5669
vn -0.8302 -0.1318 0.5417
vn -0.8111 -0.1351 0.5690
vn -0.8362 -0.1305 0.5327
vn -0.8112 -0.1367 0.5685
vn -0.8412 -0.1283 0.5253
vn -0.8150 -0.1366 0.5632
vn -0.8454 -0.1245 0.5194
vn -0.8251 -0.2078 0.5253
vn -0.8036 -0.1674 0.5711
vn -0.8306 -0.1226 0.5432
vn -0.8105 -0.1383 0.5691
vn -0.8407 -0.1198 0.5281
vn -0.8196 -0.1345 0.5570
vn -0.8489 -0.1218 0.5143
vn -0.7773 -0.5248 0.3470
vn -0.8666 -0.2054 0.4549
vn -0.8159 -0.1420 0.5605
vn -0.8229 -0.1304 0.5531
vn -0.8233 -0.1483 0.5479
vn -0.8218 -0.1602 0.5468
vn -0.8291 -0.1729 0.5318
vn -0.8316 -0.1714 0.5283
vn -0.8389 -0.1850 0.5119
vn -0.7977 -0.1596 0.5816
vn -0.7991 -0.1702 0.5766
vn -0.8045 -0.1691 0.5694
vn -0.8069 -0.1476 0.5720
vn -0.8116 -0.1548 0.5634
vn -0.8120 -0.1355 0.5677
vn -0.8162 -0.1365 0.5614
vn -0.8107 -0.1328 0.5702
vn -0.8158 -0.1307 0.5633
vn -0.8087 -0.1378 0.5719
vn -0.7932 -0.1778 0.5824
vn -0.7882 -0.1632 0.5933
vn -0.8024 -0.1474 0.5783
vn -0.8650 -0.1978 0.4612
vn -0.8784 -0.1742 0.4450
vn -0.8792 -0.2029 0.4311
vn -0.8686 -0.2020 0.4525
vn -0.8832 -0.2018 0.4233
vn -0.8400 -0.1312 0.5264
vn -0.8526 -0.1568 0.4984
vn -0.8588 -0.1291 0.4958
vn -0.8382 -0.1295 0.5298
vn -0.8614 -0.1316 0.4906
vn -0.8396 -0.1568 0.5201
vn -0.8640 -0.1668 0.4751
vn -0.8457 -0.1873 0.4997
vn -0.8545 -0.1972 0.4805
vn -0.8018 -0.1882 0.5672
vn -0.8221 -0.1883 0.5374
vn -0.8159 -0.1760 0.5507
vn -0.8310 -0.1830 0.5253
vn -0.8221 -0.1570 0.5473
vn -0.8387 -0.1569 0.5214
vn -0.8239 -0.1348 0.5505
vn -0.8726 -0.1560 0.4629
vn -0.8468 -0.1782 0.5012
vn -0.8783 -0.1868 0.4401
vn -0.8831 -0.2129 0.4182
vn -0.8912 -0.2050 0.4046
vn -0.8366 -0.2032 0.5087
vn -0.8055 -0.2390 0.5422
vn -0.8202 -0.2212 0.5276
vn -0.8525 -0.1667 0.4955
vn -0.8414 -0.1869 0.5070
vn -0.8665 -0.1373 0.4799
vn -0.8607 -0.1564 0.4845
vn -0.8755 -0.1413 0.4621
vn -0.8270 -0.2173 0.5185
vn -0.8220 -0.2310 0.5206
vn -0.8430 -0.1917 0.5027
vn -0.7921 -0.2543 0.5548
vn -0.7799 -0.2625 0.5682
vn -0.8052 -0.2392 0.5426
vn -0.8251 -0.2094 0.5247
vn -0.9062 -0.1121 0.4077
vn -0.8908 -0.1150 0.4395
vn -0.8921 -0.1181 0.4361
vn -0.9111 -0.1158 0.3955
vn -0.8956 -0.1272 0.4264
vn -0.9197 -0.1136 0.3758
vn -0.8998 -0.1312 0.4162
vn -0.9346 -0.0981 0.3419
vn -0.9047 -0.1193 0.4091
vn -0.9090 -0.1125 0.4013
vn -0.9018 -0.1168 0.4161
vn -0.9027 -0.1157 0.4145
vn -0.9121 -0.1106 0.3947
vn -0.9030 -0.1135 0.4144
vn -0.9160 -0.1059 0.3869
vn -0.9039 -0.1118 0.4128
vn -0.9222 -0.1001 0.3735
vn -0.9308 -0.0958 0.3528
vn -0.9434 -0.0817 0.3216
vn -0.9604 -0.0535 0.2735
vn -0.8470 -0.1315 0.5150
vn -0.8410 -0.1173 0.5282
vn -0.8255 -0.1117 0.5532
vn -0.8351 -0.1210 0.5366
vn -0.8089 -0.0973 0.5798
vn -0.8192 -0.0995 0.5648
vn -0.7936 -0.0765 0.6036
vn -0.8715 -0.1188 0.4757
vn -0.8527 -0.1235 0.5075
vn -0.8579 -0.1214 0.4993
vn -0.8717 -0.1186 0.4754
vn -0.8590 -0.1185 0.4980
vn -0.8719 -0.1187 0.4750
vn -0.8573 -0.1186 0.5010
vn -0.8723 -0.1252 0.4726
vn -0.8539 -0.1269 0.5048
vn -0.8740 -0.1358 0.4666
vn -0.8721 -0.1335 0.4707
vn -0.8664 -0.1175 0.4853
vn -0.8897 -0.1188 0.4409
vn -0.8711 -0.1185 0.4765
vn -0.8890 -0.1167 0.4428
vn -0.8895 -0.1152 0.4422
vn -0.9050 -0.1107 0.4108
vn -0.8437 -0.1145 0.5244
vn -0.8448 -0.1281 0.5196
vn -0.8407 -0.1070 0.5308
vn -0.8390 -0.1053 0.5339
vn -0.8372 -0.0963 0.5384
vn -0.8325 -0.0908 0.5466
vn -0.8295 -0.1015 0.5492
vn -0.8184 -0.0918 0.5673
vn -0.8293 -0.0845 0.5523
vn -0.8105 -0.0820 0.5799
vn -0.8275 -0.0754 0.5563
vn -0.8030 -0.0609 0.5928
vn -0.8205 -0.0465 0.5697
vn -0.8396 -0.1378 0.5255
vn -0.8386 -0.1526 0.5230
vn -0.8492 -0.1281 0.5124
vn -0.8448 -0.1324 0.5185
vn -0.8515 -0.1179 0.5109
vn -0.8488 -0.1146 0.5162
vn -0.8706 -0.0823 0.4850
vn -0.8878 -0.0908 0.4512
vn -0.8908 -0.0816 0.4470
vn -0.8689 -0.0750 0.4893
vn -0.8964 -0.0764 0.4366
vn -0.8950 -0.0189 0.4456
vn -0.8652 -0.0399 0.4998
vn -0.8735 0.0466 0.4846
vn -0.8419 0.0051 0.5396
vn -0.8504 -0.1644 0.4998
vn -0.8625 -0.1649 0.4785
vn -0.8532 -0.1210 0.5074
vn -0.8670 -0.1160 0.4846
vn -0.8508 -0.0993 0.5161
vn -0.8695 -0.0967 0.4844
vn -0.8491 -0.0925 0.5200
vn -0.8716 -0.0913 0.4816
vn -0.8483 -0.0864 0.5225
vn -0.8466 -0.0816 0.5259
vn -0.8401 -0.0623 0.5388
vn -0.8243 -0.0283 0.5654
vn -0.8419 -0.1595 0.5155
vn 0.9429 0.3060 -0.1313
vn 0.7725 0.4111 -0.4840
vn 0.8829 0.3735 -0.2845
vn -0.8899 -0.1598 0.4273
vn -0.8947 -0.1172 0.4311
vn -0.8988 -0.1042 0.4258
vn -0.9044 -0.0973 0.4154
vn -0.9120 -0.0926 0.3997
vn -0.9178 -0.0779 0.3894
vn -0.9161 -0.0018 0.4009
vn -0.9069 0.0688 0.4156
vn -0.8745 -0.1625 0.4570
vn -0.8805 -0.1165 0.4594
vn -0.8851 -0.0998 0.4546
vn 0.4542 0.4964 -0.7398
vn 0.7847 0.4141 -0.4612
vn 0.6564 0.4463 -0.6082
vn 0.3675 0.4793 -0.7970
vn 0.5851 0.5233 -0.6195
vn 0.8762 0.3555 -0.3255
vn 0.4888 0.4821 -0.7271
vn 0.0093 0.4750 -0.8799
vn 0.1372 0.5371 -0.8323
vn 0.0493 0.4925 -0.8689
vn 0.1756 0.5101 -0.8420
vn 0.5712 0.4881 -0.6599
vn 0.6389 0.4419 -0.6297
vn 0.2055 0.5411 -0.8154
vn 0.6870 0.4810 -0.5447
vn -0.0285 0.4557 -0.8897
vn -0.3653 0.4064 -0.8375
vn -0.2682 0.4662 -0.8431
vn -0.3198 0.4395 -0.8394
vn -0.3591 0.4180 -0.8344
vn 0.1696 0.5196 -0.8374
vn -0.1616 0.4852 -0.8594
vn 0.2744 0.5373 -0.7975
vn -0.2354 0.4553 -0.8587
vn -0.5283 0.3664 -0.7659
vn -0.5324 0.3551 -0.7684
vn -0.5078 0.3639 -0.7808
vn -0.5466 0.3534 -0.7592
vn -0.4847 0.3679 -0.7935
vn -0.2170 0.4476 -0.8675
vn -0.4821 0.3651 -0.7964
vn -0.5103 0.3734 -0.7747
vn -0.9113 -0.0909 0.4016
vn -0.8600 -0.0924 0.5018
vn -0.9225 -0.0576 0.3818
vn -0.8640 -0.0684 0.4987
vn -0.9360 0.0189 0.3515
vn -0.8764 -0.0005 0.4816
vn -0.8801 0.1294 0.4569
vn -0.9333 0.1527 0.3251
vn -0.9285 0.2512 0.2733
vn -0.8555 0.3016 0.4209
vn -0.9501 -0.0675 0.3046
vn -0.9662 -0.0226 0.2568
vn -0.9778 0.0531 0.2029
vn -0.9705 0.1781 0.1625
vn -0.9404 0.3207 0.1127
vn -0.8756 0.4178 0.2423
vn -0.9146 0.4006 0.0544
vn -0.9769 -0.0298 0.2115
vn -0.9882 0.0271 0.1506
vn -0.9916 0.0873 0.0956
vn -0.9770 0.1996 0.0746
vn -0.9372 0.3402 0.0773
vn -0.8964 0.4386 0.0642
vn -0.8023 -0.0823 0.5913
vn -0.7764 -0.0626 0.6271
vn -0.7935 -0.0718 0.6043
vn -0.7574 -0.0575 0.6505
vn -0.7386 -0.0031 0.6742
vn -0.7948 -0.0100 0.6068
vn -0.7174 0.1148 0.6871
vn -0.7972 0.1120 0.5932
vn -0.6617 0.2558 0.7048
vn -0.7759 0.2925 0.5590
vn -0.4201 0.6350 0.6483
vn -0.3264 0.8284 0.4552
vn -0.4738 0.7640 0.4380
vn -0.8334 0.5283 0.1627
vn 0.0065 0.7574 0.6529
vn -0.4708 0.8160 0.3354
vn -0.8623 0.5024 0.0630
vn -0.6509 0.7303 0.2075
vn -0.8067 -0.0216 0.5906
vn -0.7925 -0.0420 0.6084
vn -0.7778 0.0135 0.6284
vn -0.7683 -0.0285 0.6394
vn -0.7284 0.0719 0.6814
vn -0.7315 0.0284 0.6813
vn -0.6839 0.1676 0.7100
vn -0.6942 0.1435 0.7053
vn -0.6264 0.3681 0.6871
vn -0.6257 0.4522 0.6356
vn -0.1320 0.8748 0.4661
vn 0.6152 0.7762 -0.1380
vn 0.9577 0.1208 -0.2612
vn 0.8706 0.2133 -0.4433
vn 0.8270 0.1884 -0.5297
vn 0.9764 0.1204 -0.1791
vn 0.8593 0.4947 0.1302
vn 0.7011 0.4477 0.5551
vn 0.9933 0.1070 -0.0442
vn 0.9003 0.2548 -0.3529
vn 0.9710 0.1912 -0.1432
vn 0.9365 0.1761 -0.3031
vn 0.9981 0.0477 0.0401
vn 0.9917 0.0326 0.1244
vn 0.9546 0.0576 0.2924
vn 0.6851 0.4508 0.5722
vn 0.9736 0.2240 -0.0444
vn 0.8965 0.3267 -0.2992
vn 0.9859 0.1327 0.1019
vn 0.9728 0.0171 0.2309
vn 0.9490 -0.0242 0.3143
vn 0.9230 -0.0437 0.3824
vn 0.8772 -0.0586 0.4765
vn 0.5240 0.5080 0.6836
vn -0.5380 0.7910 0.2914
vn -0.0928 0.8132 0.5745
vn -0.8436 0.0921 0.5290
vn -0.8041 0.0457 0.5927
vn -0.8021 0.1507 0.5778
vn -0.7630 0.1036 0.6380
vn -0.8012 0.0065 0.5984
vn -0.7683 0.0602 0.6372
vn -0.7131 0.1661 0.6811
vn -0.7172 0.1228 0.6860
vn -0.6705 0.2102 0.7115
vn -0.6744 0.1801 0.7160
vn -0.6275 0.3659 0.6873
vn -0.6114 0.3925 0.6871
vn -0.3939 0.8577 0.3304
vn 0.0835 0.9422 -0.3245
vn 0.7085 0.2706 -0.6518
vn 0.4619 0.2893 -0.8385
vn 0.6151 0.2621 -0.7436
vn 0.6096 0.5345 -0.5854
vn 0.4900 0.3130 -0.8136
vn 0.8013 0.2283 -0.5530
vn 0.5768 0.3718 -0.7274
vn 0.7239 0.3940 -0.5664
vn 0.5978 0.2375 -0.7657
vn 0.8674 0.3581 -0.3455
vn 0.6928 0.4128 -0.5913
vn 0.9796 0.1977 0.0355
vn 0.9404 0.0372 0.3381
vn 0.8850 -0.0533 0.4625
vn 0.8528 -0.0765 0.5165
vn 0.8161 -0.1026 0.5688
vn 0.7764 -0.1432 0.6138
vn 0.6999 0.0758 0.7103
vn 0.2875 0.4998 0.8171
vn -0.8968 0.1193 0.4260
vn -0.8693 0.1921 0.4554
vn -0.8207 0.2523 0.5127
vn -0.8255 0.3336 0.4552
vn -0.7708 0.2918 0.5662
vn -0.7502 0.2087 0.6274
vn -0.7060 0.2483 0.6632
vn -0.6899 0.4202 0.5895
vn -0.6434 0.3620 0.6745
vn -0.5145 0.6890 0.5105
vn -0.3436 0.9325 0.1111
vn 0.1592 0.3150 -0.9356
vn 0.0642 0.7158 -0.6954
vn 0.2446 0.2964 -0.9232
vn 0.2305 0.2986 -0.9261
vn 0.1532 0.2673 -0.9514
vn 0.3626 0.4499 -0.8161
vn 0.3546 0.4748 -0.8055
vn 0.2443 0.4081 -0.8796
vn -0.7605 0.4310 0.4857
vn -0.6219 0.6682 0.4084
vn -0.5083 0.7639 0.3977
vn -0.3827 0.9114 -0.1511
vn -0.1309 0.2782 -0.9516
vn -0.1406 0.2648 -0.9540
vn -0.1333 0.3146 -0.9398
vn -0.2051 0.6221 -0.7556
vn -0.0753 0.4338 -0.8978
vn -0.1189 0.3759 -0.9190
vn -0.1260 0.3139 -0.9410
vn -0.0537 0.4398 -0.8965
vn -0.5198 0.8116 0.2668
vn -0.4137 0.8730 0.2583
vn -0.4138 0.9031 -0.1144
vn -0.3038 0.9526 0.0171
vn -0.3449 0.9225 0.1731
vn -0.3663 0.2612 -0.8931
vn -0.3434 0.2963 -0.8912
vn -0.4283 0.5442 -0.7213
vn -0.4328 0.8021 -0.4114
vn -0.3841 0.3839 -0.8397
vn -0.3768 0.3450 -0.8597
vn -0.3842 0.3007 -0.8729
vn -0.3829 0.2693 -0.8836
vn -0.3616 0.3888 -0.8474
vn -0.3828 0.3937 -0.8357
vn -0.4455 0.8745 0.1918
vn -0.2694 0.8792 0.3929
vn -0.2180 0.9172 0.3335
vn -0.2797 0.9553 0.0954
vn -0.2253 0.9677 0.1130
vn -0.2184 0.9756 0.0204
vn -0.4746 0.2683 -0.8383
vn -0.5327 0.3830 -0.7547
vn -0.3933 0.8289 -0.3979
vn -0.5016 0.3367 -0.7969
vn -0.5163 0.2978 -0.8030
vn -0.5133 0.2651 -0.8162
vn -0.5155 0.2488 -0.8200
vn -0.5629 0.2466 -0.7889
vn -0.5516 0.5240 -0.6490
vn -0.5290 0.3590 -0.7689
vn -0.5417 0.3471 -0.7655
vn -0.5747 0.3066 -0.7588
vn -0.5879 0.2630 -0.7650
vn -0.5828 0.3455 -0.7355
vn -0.6052 0.3340 -0.7226
vn -0.1291 -0.9884 -0.0803
vn -0.6897 -0.6668 0.2824
vn -0.5059 -0.8578 0.0903
vn -0.0434 -0.9909 -0.1274
vn -0.2532 -0.9674 -0.0104
vn -0.1011 -0.9876 -0.1200
vn -0.1982 -0.9801 -0.0102
vn -0.5943 -0.7740 0.2183
vn -0.0653 -0.9918 -0.1098
vn -0.3569 -0.9315 0.0698
vn -0.0161 -0.9890 -0.1468
vn -0.0042 -0.9882 -0.1534
vn -0.0014 -0.9880 -0.1547
vn -0.0192 -0.9879 -0.1540
vn -0.0328 -0.9911 -0.1293
vn -0.0047 -0.9884 -0.1519
vn -0.0011 -0.9878 -0.1556
vn 0.0002 -0.9879 -0.1551
vn -0.0011 -0.9880 -0.1542
vn -0.0005 -0.9877 -0.1565
vn 0.0004 -0.9879 -0.1554
vn -0.0004 -0.9878 -0.1560
vn -0.0001 -0.9877 -0.1564
vn 0.0003 -0.9878 -0.1554
vn -0.0000 -0.9878 -0.1557
vn 0.0007 -0.9878 -0.1558
vn -0.9012 -0.0913 0.4237
vn -0.8956 -0.0937 0.4349
vn -0.9030 -0.0960 0.4188
vn -0.9048 -0.1006 0.4138
vn -0.9011 -0.0900 0.4242
vn -0.8954 -0.1462 0.4206
vn -0.8959 -0.0883 0.4353
vn -0.9016 -0.0852 0.4240
vn -0.8967 -0.0870 0.4340
vn -0.9025 -0.0853 0.4222
vn -0.8982 -0.0885 0.4305
vn -0.9041 -0.0872 0.4183
vn -0.8998 -0.0905 0.4269
vn -0.9057 -0.0875 0.4148
vn -0.9078 -0.0905 0.4095
vn -0.9112 -0.0941 0.4010
vn -0.8821 -0.2628 0.3909
vn -0.8398 -0.4283 0.3336
vn -0.9042 -0.0876 0.4181
vn -0.9058 -0.0830 0.4156
vn -0.9068 -0.0830 0.4133
vn -0.6043 -0.7911 0.0943
vn -0.8716 -0.4285 0.2382
vn -0.2778 -0.9591 -0.0551
vn -0.0879 -0.9921 -0.0900
vn -0.4631 -0.8847 0.0531
vn -0.0226 -0.9889 -0.1471
vn -0.0118 -0.9882 -0.1528
vn -0.8436 -0.3336 0.4208
vn -0.8836 -0.0966 0.4583
vn -0.8887 -0.0916 0.4493
vn -0.8924 -0.0929 0.4415
vn -0.0148 -0.9890 -0.1471
vn -0.0010 -0.9880 -0.1546
vn -0.0006 -0.9877 -0.1561
vn -0.0027 -0.9879 -0.1548
vn -0.0000 -0.9878 -0.1560
vn -0.0004 -0.9877 -0.1564
vn 0.0003 -0.9879 -0.1550
vn 0.0003 -0.9879 -0.1553
vn -0.0004 -0.9877 -0.1562
vn 0.0003 -0.9878 -0.1557
vn -0.0508 0.8442 -0.5337
vn 0.2551 0.6265 -0.7365
vn -0.2566 0.5747 -0.7771
vn 0.7116 0.6609 0.2384
vn 0.0823 0.9834 0.1616
vn 0.0775 0.4670 0.8809
vn -0.0002 -0.9878 -0.1560
vn 0.0004 -0.9878 -0.1558
vn -0.6663 0.6117 -0.4264
vn -0.7365 0.6620 0.1390
vn -0.0001 -0.9879 -0.1552
vn -0.4573 0.4215 0.7831
vn -0.9085 -0.1010 0.4054
vn -0.9148 -0.1014 0.3909
vn -0.9215 -0.0997 0.3753
vn -0.9296 -0.0903 0.3574
vn -0.9407 -0.0800 0.3297
vn -0.9159 -0.0910 0.3910
vn -0.2226 0.5117 -0.8299
vn 0.9704 0.2382 0.0394
vn 0.9644 0.2509 -0.0841
vn 0.9732 0.2253 0.0465
vn 0.8984 0.3554 -0.2579
vn 0.9614 0.1707 0.2160
vn 0.9235 0.0764 0.3759
vn 0.9594 0.1646 0.2292
vn 0.8729 0.3662 -0.3224
vn 0.7687 0.4390 -0.4653
vn 0.9523 0.2946 -0.0792
vn 0.7225 0.4559 -0.5197
vn 0.8797 0.3641 -0.3058
vn 0.9786 0.1685 0.1178
vn 0.8945 0.0193 0.4467
vn 0.7645 -0.0732 0.6405
vn 0.8338 -0.0066 0.5520
vn 0.6397 -0.1292 0.7577
vn 0.9724 0.1957 0.1271
vn 0.8622 0.3266 -0.3872
vn 0.9831 0.1832 -0.0051
vn 0.9448 0.1038 0.3106
vn 0.8526 -0.0272 0.5219
vn 0.7062 -0.1355 0.6950
vn 0.5688 -0.1938 0.7993
vn 0.9667 0.1610 0.1991
vn 0.9065 0.3521 -0.2330
vn 0.9145 0.0928 0.3938
vn 0.8490 0.0142 0.5281
vn 0.7355 -0.0837 0.6723
vn 0.4092 0.5571 -0.7227
vn 0.3015 0.5293 -0.7931
vn 0.8532 0.4448 -0.2723
vn 0.5684 0.7158 -0.4056
vn 0.4229 0.5404 -0.7274
vn 0.5224 0.4616 -0.7169
vn 0.6110 -0.1683 0.7736
vn 0.5116 -0.2104 0.8330
vn 0.4406 -0.2387 0.8654
vn 0.4830 -0.1967 0.8533
vn 0.4174 -0.2140 0.8832
vn 0.9206 0.1414 0.3640
vn 0.7263 -0.0336 0.6866
vn 0.6179 -0.1030 0.7795
vn 0.5326 -0.1755 0.8280
vn 0.4661 -0.2250 0.8556
vn 0.4169 -0.2545 0.8726
vn 0.6136 0.3123 0.7252
vn 0.5437 -0.0499 0.8378
vn 0.4710 -0.1051 0.8759
vn -0.0941 0.5483 -0.8310
vn -0.1269 0.5147 -0.8479
vn -0.2113 0.5398 -0.8148
vn -0.0963 0.5048 -0.8578
vn 0.3956 -0.2559 0.8821
vn 0.3714 -0.2257 0.9006
vn 0.4332 -0.1395 0.8904
vn 0.4096 -0.2002 0.8900
vn 0.3228 -0.2558 0.9112
vn 0.3069 -0.2609 0.9153
vn 0.3097 -0.2607 0.9144
vn 0.1358 -0.0470 0.9896
vn 0.1807 -0.0799 0.9803
vn 0.2210 -0.1185 0.9680
vn 0.2313 -0.1847 0.9552
vn 0.2224 -0.2452 0.9436
vn -0.4357 0.4474 -0.7810
vn -0.4680 0.4027 -0.7867
vn -0.4847 0.4813 -0.7304
vn -0.4726 0.5046 -0.7226
vn -0.5899 0.4979 -0.6357
vn -0.7203 0.5165 -0.4630
vn -0.8959 0.3586 0.2622
vn 0.0189 -0.2382 0.9710
vn 0.0645 -0.2507 0.9659
vn 0.0992 -0.2436 0.9648
vn 0.2950 -0.2376 0.9255
vn 0.1286 -0.2525 0.9590
vn -0.4397 0.0979 0.8928
vn -0.7223 0.1703 0.6703
vn -0.2350 0.0026 0.9720
vn -0.6605 0.0121 0.7507
vn -0.1390 -0.0510 0.9890
vn -0.0837 -0.1280 0.9882
vn -0.0247 -0.2078 0.9779
vn -0.9744 0.1923 0.1164
vn -0.9260 0.3345 0.1751
vn -0.8709 0.4481 0.2020
vn -0.8997 0.2786 0.3360
vn -0.8122 0.3905 0.4334
vn -0.8453 0.4862 0.2215
vn -0.7478 0.4227 0.5119
vn -0.6442 0.3157 0.6966
vn -0.6355 0.5809 0.5087
vn -0.4652 0.6932 0.5504
vn -0.2557 0.9523 -0.1668
vn -0.0869 0.3691 -0.9253
vn -0.0218 0.3616 -0.9321
vn -0.0206 0.5851 -0.8107
vn -0.0560 0.3616 -0.9307
vn -0.0565 0.4026 -0.9136
vn -0.1131 0.3804 -0.9179
vn -0.1329 0.4747 -0.8700
vn -0.0891 0.4057 -0.9097
vn -0.1987 0.4943 -0.8463
vn -0.1704 0.4918 -0.8539
vn -0.7872 0.5736 0.2266
vn -0.6466 0.7419 0.1775
vn -0.4847 0.7918 0.3717
vn -0.3460 0.8670 0.3587
vn -0.2807 0.9310 -0.2335
vn -0.2401 0.3813 -0.8927
vn -0.2127 0.4064 -0.8886
vn -0.2140 0.5793 -0.7865
vn -0.0406 0.3772 -0.9252
vn -0.2761 0.3837 -0.8812
vn -0.2517 0.3772 -0.8913
vn -0.2454 0.3763 -0.8934
vn -0.2473 0.3740 -0.8938
vn -0.3343 0.4751 -0.8139
vn -0.3100 0.4206 -0.8526
vn -0.3863 0.4950 -0.7783
vn -0.3490 0.4918 -0.7977
vn -0.3569 0.9045 0.2334
vn -0.3468 0.9104 0.2256
vn -0.2566 0.9184 0.3010
vn -0.2938 0.9335 -0.2057
vn -0.2916 0.3885 -0.8741
vn -0.2784 0.4262 -0.8607
vn -0.3384 0.5673 -0.7508
vn -0.3456 0.4015 -0.8482
vn -0.3188 0.3811 -0.8678
vn -0.3033 0.3702 -0.8780
vn -0.4551 0.4678 -0.7577
vn -0.4166 0.4352 -0.7981
vn -0.3825 0.4174 -0.8243
vn -0.4807 0.4861 -0.7298
vn 0.9183 0.0359 0.3942
vn 0.8318 -0.0570 0.5521
vn 0.7771 -0.0942 0.6222
vn 0.7435 -0.1152 0.6588
vn 0.7022 -0.1498 0.6961
vn 0.6512 -0.1865 0.7356
vn 0.5724 -0.0702 0.8170
vn 0.1774 0.7541 0.6324
vn 0.7521 -0.0947 0.6523
vn 0.6833 -0.1206 0.7201
vn -0.1817 0.9469 0.2653
vn -0.2158 0.9454 0.2442
vn -0.3053 0.5005 -0.8101
vn -0.3589 0.4134 -0.8368
vn -0.3257 0.3980 -0.8576
vn -0.3033 0.4129 -0.8588
vn -0.2954 0.4332 -0.8515
vn -0.5010 0.4758 -0.7229
vn -0.4466 0.4624 -0.7660
vn -0.3999 0.4395 -0.8043
vn -0.5555 0.4910 -0.6711
vn 0.6485 -0.1207 0.7516
vn 0.6240 -0.1420 0.7684
vn 0.5812 -0.1887 0.7916
vn 0.5278 -0.2267 0.8185
vn 0.4975 -0.1954 0.8452
vn 0.3787 0.4149 0.8273
vn 0.5665 -0.1429 0.8116
vn 0.5406 -0.1333 0.8307
vn 0.5205 -0.1304 0.8438
vn 0.4845 -0.1608 0.8599
vn 0.4441 -0.2163 0.8695
vn 0.0047 0.8529 0.5220
vn -0.3603 0.4363 -0.8245
vn -0.3279 0.4238 -0.8443
vn -0.3302 0.4277 -0.8415
vn -0.2976 0.5477 -0.7820
vn -0.5129 0.5302 -0.6752
vn -0.4371 0.4927 -0.7525
vn -0.4014 0.4478 -0.7990
vn -0.5711 0.5387 -0.6194
vn 0.4074 -0.2523 0.8777
vn 0.3947 -0.2134 0.8937
vn 0.4109 0.0942 0.9068
vn 0.4564 -0.1640 0.8745
vn 0.4414 -0.1436 0.8858
vn 0.4041 -0.1528 0.9018
vn 0.3604 -0.1829 0.9147
vn 0.3370 -0.2280 0.9135
vn 0.3289 -0.2531 0.9098
vn 0.3265 -0.1760 0.9287
vn 0.2665 0.3973 0.8782
vn 0.4030 -0.1735 0.8986
vn 0.3741 -0.1654 0.9125
vn 0.3408 -0.1782 0.9231
vn -0.3864 0.4274 -0.8173
vn -0.3917 0.4205 -0.8184
vn -0.3268 0.6608 -0.6756
vn -0.4712 0.4851 -0.7366
vn -0.4356 0.4819 -0.7603
vn -0.7075 0.5480 -0.4463
vn -0.5846 0.5469 -0.5993
vn -0.6785 0.5750 -0.4572
vn 0.3140 -0.1969 0.9288
vn 0.2916 -0.2321 0.9280
vn 0.2706 -0.2555 0.9281
vn 0.2625 -0.1992 0.9442
vn 0.2549 0.2476 0.9347
vn 0.3376 -0.1959 0.9207
vn 0.3087 -0.1898 0.9321
vn 0.2903 -0.1931 0.9373
vn 0.2726 -0.2077 0.9394
vn -0.5140 0.4194 -0.7483
vn -0.6278 0.5038 -0.5934
vn -0.6191 0.4738 -0.6263
vn -0.7365 0.3634 -0.5705
vn -0.5560 0.3923 -0.7328
vn -0.7751 0.5521 -0.3071
vn -0.7587 0.5376 -0.3679
vn -0.8206 0.4779 -0.3135
vn -0.8851 0.3629 -0.2914
vn 0.2395 -0.2492 0.9384
vn 0.1479 -0.2839 0.9474
vn 0.1296 -0.2075 0.9696
vn 0.1960 0.1571 0.9679
vn 0.1685 -0.2177 0.9614
vn 0.1424 -0.1996 0.9695
vn 0.1379 -0.2043 0.9692
vn 0.1314 -0.2055 0.9698
vn 0.1216 -0.2557 0.9591
vn 0.0816 -0.2839 0.9554
vn 0.0363 -0.2922 0.9557
vn -0.7869 0.4245 -0.4480
vn -0.9240 0.2938 -0.2449
vn -0.2245 0.9512 0.2119
vn -0.2382 0.9683 -0.0756
vn -0.3093 0.7877 -0.5329
vn -0.1469 0.9569 0.2507
vn -0.1748 0.9839 -0.0370
vn -0.2772 0.7939 -0.5412
vn -0.1255 0.9668 0.2227
vn -0.1071 0.9714 0.2117
vn -0.1069 0.9941 0.0175
vn -0.1957 0.8579 -0.4751
vn 0.0517 0.9038 0.4249
vn -0.0337 0.9822 0.1850
vn -0.0277 0.9989 0.0372
vn -0.1310 0.9277 -0.3495
vn 0.0941 0.8232 0.5600
vn 0.0277 0.9823 0.1855
vn 0.0263 0.9980 0.0582
vn -0.1008 0.9781 -0.1821
vn -0.4422 0.7521 -0.4887
vn 0.1280 0.7652 0.6310
vn 0.0728 0.9784 0.1933
vn 0.0581 0.9927 0.1053
vn -0.0424 0.9976 0.0544
vn -0.2837 0.9570 -0.0601
vn -0.6640 0.7401 -0.1069
vn -0.8828 0.4561 -0.1126
vn -0.0034 -0.9881 -0.1537
vn -0.0008 -0.9878 -0.1556
vn -0.0002 -0.9879 -0.1554
vn -0.0057 -0.9879 -0.1549
vn -0.0011 -0.9879 -0.1551
vn -0.0001 -0.9879 -0.1553
vn -0.0002 -0.9878 -0.1559
vn 0.0002 -0.9878 -0.1558
vn 0.0002 -0.9878 -0.1555
vn 0.0009 -0.9878 -0.1556
vn 0.0004 -0.9878 -0.1554
vn -0.0003 -0.9879 -0.1553
vn 0.0001 -0.9878 -0.1560
vn -0.0003 -0.9879 -0.1551
vn -0.0000 -0.9879 -0.1552
vn 0.0002 -0.9878 -0.1559
vn -0.0004 -0.9878 -0.1557
vn 0.0001 -0.9879 -0.1552
vn -0.0007 -0.9879 -0.1551
vn -0.0000 -0.9879 -0.1551
vn 0.0005 -0.9878 -0.1557
vn -0.0002 -0.9879 -0.1552
vn 0.0008 -0.9878 -0.1557
vn -0.0000 -0.9880 -0.1544
vn 0.0002 -0.9879 -0.1553
vn -0.0006 -0.9879 -0.1553
vn 0.0068 -0.9915 -0.1302
vn -0.0082 -0.9919 -0.1271
vn 0.0006 -0.9877 -0.1561
vn 0.0015 -0.9885 -0.1510
vn -0.0002 -0.9878 -0.1554
vn 0.0002 -0.9877 -0.1561
vn -0.0004 -0.9879 -0.1554
vn -0.3280 0.8012 -0.5004
vn -0.2873 0.7672 -0.5735
vn -0.2635 0.6354 -0.7258
vn -0.3455 0.7990 -0.4921
vn -0.3997 0.8737 -0.2773
vn -0.4848 0.7928 -0.3693
vn -0.4598 0.8845 0.0782
vn -0.6820 0.7249 0.0966
vn -0.4328 0.7299 0.5292
vn -0.4460 0.4014 0.8000
vn -0.1676 0.0477 0.9847
vn 0.0187 -0.1831 0.9829
vn -0.4821 0.6343 -0.6043
vn -0.4376 0.5043 -0.7445
vn -0.5466 0.7454 -0.3816
vn -0.5138 0.7496 -0.4173
vn -0.5572 0.7596 -0.3354
vn -0.6618 0.7255 -0.1888
vn -0.7417 0.6670 -0.0711
vn -0.7567 0.6322 0.1667
vn -0.8166 0.4731 0.3307
vn -0.6582 0.4755 0.5837
vn -0.5772 0.2697 0.7708
vn -0.6800 0.2818 0.6769
vn -0.3852 0.0411 0.9219
vn -0.6797 0.7145 -0.1656
vn -0.6606 0.6218 -0.4207
vn -0.6989 0.6880 -0.1954
vn -0.7744 0.6317 0.0364
vn -0.7728 0.6145 0.1588
vn -0.8083 0.5328 0.2506
vn -0.7863 0.4564 0.4164
vn -0.8023 0.5959 -0.0356
vn -0.8148 0.5121 0.2717
vn 0.5365 -0.3234 0.7795
vn 0.5981 0.4686 0.6502
vn 0.1563 -0.2435 0.9572
vn 0.2806 -0.2703 0.9210
vn -0.2690 0.9580 -0.0995
vn -0.6180 0.6241 -0.4782
vn -0.5959 0.6364 -0.4897
vn -0.7822 0.6210 -0.0496
vn -0.8477 0.5304 0.0017
vn 0.1028 -0.3153 0.9434
vn 0.1565 -0.3247 0.9328
vn -0.7945 0.2395 0.5580
vn -0.1980 -0.1957 0.9605
vn -0.3880 -0.0884 0.9174
vn -0.0627 -0.2964 0.9530
vn 0.0446 -0.3348 0.9412
vn 0.3787 0.0769 0.9223
vn -0.5226 0.1293 0.8427
vn -0.1882 -0.0605 0.9803
vn -0.0176 -0.0752 0.9970
vn -0.1534 0.6321 0.7596
vn -0.6499 0.7420 -0.1645
vn -0.5954 0.6983 0.3972
vn -0.7695 0.6383 0.0234
vn -0.8234 0.5494 0.1418
vn -0.8444 0.4223 0.3296
vn -0.0485 -0.2530 0.9663
vn -0.1734 -0.1597 0.9718
vn -0.8477 0.3948 0.3543
vn -0.6625 0.2038 0.7208
vn -0.7193 0.2013 0.6649
vn -0.4709 -0.0046 0.8822
vn -0.4659 -0.0323 0.8843
vn -0.2906 -0.2046 0.9347
vn -0.1403 -0.2310 0.9628
vn -0.5797 0.5373 -0.6126
vn -0.5266 0.5332 -0.6621
vn -0.7485 0.3189 0.5815
vn -0.5954 0.1971 0.7789
vn -0.3270 0.0467 0.9439
vn -0.4628 0.1675 0.8705
vn -0.2722 0.1792 0.9454
vn -0.4849 0.2717 0.8313
vn -0.5882 0.5007 0.6351
vn -0.7824 0.5763 0.2362
vn -0.7764 0.4700 0.4199
vn -0.8335 0.4612 0.3041
vn -0.8481 0.4527 0.2754
vn -0.8065 0.3866 0.4473
vn -0.8014 0.3496 0.4854
vn -0.6866 0.1712 0.7066
vn -0.4687 0.0084 0.8833
vn -0.2899 -0.1289 0.9483
vn -0.7304 0.5501 -0.4049
vn -0.6319 0.5052 -0.5878
vn -0.7152 0.5522 -0.4285
vn -0.8222 0.5522 -0.1383
vn -0.8234 0.5664 -0.0352
vn -0.8405 0.4809 0.2497
vn -0.8201 0.4784 0.3140
vn -0.7657 0.3815 0.5178
vn -0.7061 0.3263 0.6285
vn -0.8137 0.4323 0.3886
vn -0.6316 0.2962 0.7165
vn -0.5324 0.2436 0.8107
vn -0.6244 0.3534 0.6966
vn -0.5075 0.2815 0.8144
vn -0.7162 0.4362 0.5449
vn -0.7981 0.4469 0.4043
vn -0.7904 0.3663 0.4910
vn -0.7907 0.3251 0.5187
vn -0.6881 0.1889 0.7006
vn -0.7155 0.1726 0.6770
vn -0.5308 0.0254 0.8471
vn -0.8014 0.5330 -0.2716
vn -0.6714 0.5616 -0.4836
vn -0.7748 0.5418 -0.3259
vn -0.8553 0.5165 0.0422
vn -0.8538 0.5118 0.0951
vn -0.8372 0.3964 0.3768
vn -0.8475 0.4924 0.1981
vn -0.8051 0.3830 0.4530
vn -0.7068 0.3162 0.6328
vn -0.6736 0.2897 0.6799
vn -0.7839 0.3881 0.4847
vn -0.6409 0.3141 0.7004
vn -0.6119 0.2667 0.7446
vn -0.5856 0.3188 0.7453
vn -0.6462 0.2547 0.7194
vn -0.6905 0.3196 0.6489
vn -0.6934 0.2636 0.6705
vn -0.7417 0.3024 0.5987
vn -0.7911 0.2785 0.5446
vn -0.8249 0.5435 -0.1555
vn -0.8059 0.5478 -0.2245
vn -0.8279 0.5526 -0.0963
vn -0.8589 0.4735 0.1953
vn -0.8660 0.4432 0.2315
vn -0.8048 0.3596 0.4722
vn -0.8695 0.4153 0.2672
vn -0.7956 0.3209 0.5139
vn -0.7144 0.3096 0.6275
vn -0.7110 0.2717 0.6486
vn -0.7465 0.2636 0.6110
vn -0.6923 0.2378 0.6813
vn -0.7362 0.2044 0.6452
vn -0.7028 0.2199 0.6766
vn -0.8588 0.5118 0.0224
vn -0.8689 0.4942 0.0263
vn -0.8960 0.4430 0.0313
vn -0.8664 0.4117 0.2824
vn -0.8682 0.3598 0.3418
vn -0.8103 0.3452 0.4736
vn -0.7946 0.2968 0.5296
vn -0.8438 0.2365 0.4818
vn -0.7841 0.2154 0.5820
vn -0.9290 0.3699 0.0103
vn -0.9672 0.2520 0.0321
vn -0.8991 0.3496 0.2634
vn -0.9146 0.2444 0.3221
vn 0.3028 -0.3472 0.8876
vn 0.3096 -0.2691 0.9120
vn 0.2579 0.0472 0.9650
vn 0.1975 -0.3243 0.9251
vn 0.1044 0.6112 0.7845
vn -0.0939 0.8916 0.4429
vn -0.1651 0.9660 0.1990
vn 0.2050 -0.2720 0.9402
vn 0.1627 -0.1603 0.9736
vn 0.0306 -0.2842 0.9583
vn 0.0671 -0.2821 0.9570
vn 0.0451 0.1947 0.9798
vn -0.1063 0.8051 0.5836
vn -0.0963 0.9732 0.2090
vn -0.1632 -0.2091 0.9642
vn -0.0750 -0.2551 0.9640
vn -0.1233 -0.1145 0.9857
vn -0.0736 0.0420 0.9964
vn -0.1115 0.3627 0.9252
vn -0.1279 0.7922 0.5968
vn -0.0659 0.9814 0.1805
vn -0.2719 -0.0190 0.9621
vn -0.2112 -0.1814 0.9605
vn -0.4316 -0.0711 0.8993
vn -0.1224 0.4705 0.8739
vn -0.5787 0.0344 0.8148
vn -0.3660 -0.1028 0.9249
vn -0.0638 0.9121 0.4050
vn 0.0253 0.9913 0.1291
vn -0.7544 0.2250 0.6167
vn -0.7297 0.1640 0.6639
vn -0.7522 0.1317 0.6457
vn -0.6466 0.0617 0.7603
vn -0.6802 0.3235 0.6578
vn -0.4515 0.3195 0.8331
vn -0.1291 0.6087 0.7828
vn 0.0648 0.9478 0.3124
vn 0.1845 0.9808 0.0635
vn -0.7468 0.1839 0.6391
vn -0.7417 0.2196 0.6338
vn -0.7091 0.2187 0.6704
vn -0.7599 0.1612 0.6297
vn -0.4929 0.4557 0.7412
vn -0.4867 0.6739 0.5559
vn -0.0096 0.8860 0.4635
vn 0.0865 0.8213 0.5639
vn 0.5022 0.8616 0.0740
vn 0.3812 0.9045 0.1910
vn 0.5963 0.8023 -0.0289
vn 0.4341 0.9008 -0.0052
vn -0.8434 0.1859 0.5041
vn -0.7891 0.1426 0.5975
vn -0.7547 0.1809 0.6306
vn -0.6737 0.4707 0.5698
vn -0.5341 0.5405 0.6501
vn -0.0792 0.7666 0.6372
vn 0.1505 0.9589 0.2404
vn 0.4458 0.8873 0.1181
vn 0.6387 0.7689 -0.0271
vn 0.6555 0.7545 -0.0316
vn -0.9759 0.1815 0.1208
vn -0.7765 0.6053 0.1751
vn -0.8082 0.5397 0.2357
vn -0.9259 0.1413 0.3504
vn -0.7049 0.6453 0.2944
vn -0.4145 0.8382 0.3543
vn 0.2109 0.9487 0.2357
vn 0.2806 0.8975 0.3401
vn 0.6571 0.7530 -0.0352
vn 0.5682 0.8205 0.0617
vn 0.7237 0.6824 -0.1023
vn 0.6363 0.7691 -0.0605
vn 0.7516 0.6532 -0.0920
vn 0.6786 0.7318 -0.0626
vn 0.8268 0.5568 -0.0794
vn 0.8098 0.5749 -0.1170
vn 0.7717 0.6325 -0.0667
vn 0.7073 0.7056 -0.0440
vn -0.0001 -0.9879 -0.1551
vn 0.0007 -0.9877 -0.1563
vn -0.0005 -0.9879 -0.1554
vn -0.0019 -0.9878 -0.1559
vn -0.0012 -0.9878 -0.1557
vn -0.0009 -0.9878 -0.1560
vn -0.0011 -0.9878 -0.1554
vn -0.0027 -0.9878 -0.1556
vn -0.0050 -0.9878 -0.1554
vn -0.0149 -0.9885 -0.1507
vn -0.0775 -0.9840 -0.1604
vn -0.0505 -0.9847 -0.1666
vn -0.0159 -0.9864 -0.1633
vn -0.0007 -0.9876 -0.1569
vn -0.0274 -0.9893 -0.1432
vn -0.0592 -0.9879 -0.1434
vn -0.0843 -0.9875 -0.1329
vn -0.0513 -0.9892 -0.1372
vn -0.0971 -0.9889 -0.1126
vn -0.0384 -0.9872 -0.1547
vn -0.0276 -0.9756 -0.2177
vn -0.0051 -0.9776 -0.2104
vn -0.0003 -0.9852 -0.1712
vn -0.0323 -0.9955 -0.0885
vn -0.0410 -0.9939 -0.1019
vn -0.0308 -0.9908 -0.1317
vn -0.0726 -0.9910 -0.1126
vn -0.0074 -0.9882 -0.1527
vn 0.0697 -0.9795 -0.1887
vn 0.0603 -0.9770 -0.2045
vn 0.0221 -0.9837 -0.1783
vn 0.0312 -0.9938 -0.1068
vn 0.0558 -0.9892 -0.1356
vn 0.0751 -0.9840 -0.1617
vn 0.0878 -0.9784 -0.1873
vn 0.0390 -0.9797 -0.1965
vn 0.0790 -0.9794 -0.1856
vn 0.0429 -0.9850 -0.1670
vn 0.0185 -0.9859 -0.1665
vn 0.0010 -0.9877 -0.1561
vn 0.0009 -0.9878 -0.1557
vn 0.0231 -0.9896 -0.1423
vn 0.0402 -0.9875 -0.1524
vn 0.0426 -0.9859 -0.1617
vn 0.0287 -0.9850 -0.1699
vn 0.0068 -0.9877 -0.1561
vn 0.0049 -0.9875 -0.1577
vn -0.0000 -0.9879 -0.1549
vn 0.0042 -0.9880 -0.1543
vn 0.0064 -0.9878 -0.1557
vn 0.0055 -0.9878 -0.1559
vn 0.0019 -0.9876 -0.1567
vn 0.0037 -0.9877 -0.1564
vn -0.0005 -0.9879 -0.1551
vn 0.0064 -0.9877 -0.1562
vn 0.0079 -0.9877 -0.1560
vn -0.4475 0.0453 0.8931
vn -0.3222 -0.1720 0.9309
vn -0.3137 0.5794 -0.7523
vn -0.3440 0.5111 -0.7877
vn -0.3476 0.4572 -0.8186
vn -0.2549 0.6330 -0.7310
vn -0.2805 0.6162 -0.7359
vn -0.1863 0.7785 -0.5993
vn -0.2240 0.6801 -0.6981
vn -0.3096 0.8502 -0.4258
vn -0.3014 0.8545 -0.4230
vn -0.4430 0.8935 -0.0739
vn -0.6017 0.7984 0.0231
vn -0.4145 0.5568 -0.7198
vn -0.4289 0.4777 -0.7667
vn -0.4407 0.5085 -0.7397
vn -0.3972 0.7554 -0.5212
vn -0.4289 0.5835 -0.6896
vn -0.4560 0.6699 -0.5860
vn -0.5309 0.8098 -0.2499
vn -0.6614 0.7361 -0.1440
vn -0.6999 0.7008 0.1383
vn -0.7577 0.5865 0.2862
vn -0.5785 0.4929 -0.6499
vn -0.5468 0.4482 -0.7072
vn -0.6086 0.4668 -0.6416
vn -0.6832 0.5649 -0.4627
vn -0.6980 0.5007 -0.5119
vn -0.7823 0.4559 -0.4245
vn -0.8282 0.5576 -0.0558
vn -0.9003 0.4319 -0.0540
vn -0.9348 0.3552 -0.0000
vn -0.8010 0.4272 0.4194
vn -0.8648 0.2683 0.4243
vn -0.8385 0.1118 0.5332
vn -0.9213 0.3842 0.0610
vn -0.8192 0.4242 -0.3860
vn -0.8736 0.2864 0.3934
vn 0.9682 0.2114 -0.1337
vn 0.9712 0.1942 -0.1381
vn 0.9725 0.1911 -0.1334
vn 0.9719 0.1945 -0.1323
vn 0.9728 0.1910 -0.1312
vn 0.9720 0.1972 -0.1276
vn 0.9682 0.2103 -0.1356
vn -0.2144 0.9603 -0.1783
vn -0.3580 0.5430 -0.7596
vn -0.3051 0.7044 -0.6409
vn -0.3500 0.4545 -0.8191
vn -0.3515 0.4696 -0.8099
vn -0.3516 0.5039 -0.7890
vn 0.2685 -0.3672 0.8905
vn 0.2360 -0.1896 0.9531
vn -0.0027 0.5169 0.8561
vn -0.1154 0.9896 -0.0856
vn -0.4032 0.5767 -0.7105
vn -0.2778 0.8189 -0.5021
vn -0.4505 0.4356 -0.7793
vn -0.4420 0.4513 -0.7752
vn -0.4404 0.4782 -0.7599
vn -0.4413 0.4367 -0.7839
vn 0.0142 -0.1325 0.9911
vn -0.0816 0.1860 0.9792
vn -0.0620 0.9981 -0.0065
vn -0.2358 0.9273 -0.2908
vn -0.5223 0.4611 -0.7174
vn -0.4454 0.6844 -0.5773
vn -0.5707 0.4194 -0.7060
vn -0.5507 0.4443 -0.7066
vn -0.5843 0.4239 -0.6920
vn -0.6796 0.4212 -0.6006
vn -0.7097 0.4203 -0.5654
vn -0.4725 -0.0388 0.8805
vn -0.3706 0.1172 0.9214
vn 0.0455 0.9970 0.0622
vn -0.1099 0.9934 -0.0335
vn -0.6029 0.4645 -0.6487
vn -0.4243 0.7968 -0.4301
vn -0.6712 0.4057 -0.6204
vn -0.6677 0.4183 -0.6158
vn -0.6984 0.5445 -0.4646
vn -0.7825 0.3764 -0.4959
vn -0.7967 0.4070 -0.4468
vn -0.8444 0.3520 -0.4038
vn -0.8636 0.3910 -0.3182
vn -0.9219 0.3002 -0.2449
vn -0.9225 0.3299 -0.2004
vn -0.9362 0.3102 0.1651
vn -0.9448 0.1915 0.2659
vn -0.7437 0.1709 0.6463
vn -0.6802 0.1534 0.7168
vn -0.8707 0.1034 0.4808
vn -0.6636 0.0527 0.7462
vn -0.4892 0.0596 0.8701
vn -0.8001 0.0381 0.5987
vn -0.6547 -0.0240 0.7555
vn -0.6694 0.2314 0.7060
vn -0.5170 0.2773 0.8098
vn -0.6203 0.1233 0.7746
vn -0.2145 0.7376 0.6402
vn 0.2549 0.9660 0.0436
vn 0.3091 0.9390 0.1508
vn 0.0418 0.9960 0.0795
vn -0.5345 0.8444 -0.0360
vn -0.8993 0.3479 -0.2649
vn -0.1820 0.9802 0.0784
vn -0.7246 0.6892 -0.0062
vn -0.9515 0.2952 -0.0863
vn -0.9800 0.1914 0.0536
vn -0.8046 0.5871 0.0890
vn -0.9714 0.2205 0.0877
vn -0.9493 0.2056 0.2377
vn -0.9354 0.1506 0.3200
vn -0.5942 0.7039 0.3891
vn 0.1814 0.8870 0.4246
vn 0.1946 0.9096 0.3670
vn 0.5863 0.8092 -0.0378
vn 0.4743 0.8799 -0.0298
vn 0.5791 0.8140 0.0460
vn 0.5070 0.8597 0.0617
vn 0.5607 0.7829 0.2696
vn 0.6299 0.7601 0.1593
vn 0.5547 0.7335 0.3927
vn 0.6087 0.7350 0.2989
vn 0.3077 0.9363 0.1692
vn 0.1182 0.9924 -0.0333
vn 0.2471 0.9690 -0.0049
vn 0.7940 0.6062 -0.0453
vn 0.7678 0.6320 -0.1047
vn 0.7787 0.6211 -0.0883
vn 0.6269 0.7758 0.0718
vn 0.6438 0.7649 -0.0229
vn 0.6420 0.7662 0.0265
vn 0.6784 0.7292 0.0895
vn 0.7682 0.6262 0.1328
vn 0.7511 0.6044 0.2656
vn 0.8551 0.5086 0.1011
vn 0.8384 0.5199 0.1639
vn 0.8364 0.5431 0.0743
vn 0.8705 0.4920 -0.0106
vn 0.8884 0.4590 -0.0095
vn 0.8561 0.5094 -0.0869
vn 0.8908 0.4477 -0.0779
vn 0.8958 0.4318 -0.1055
vn 0.9232 0.3727 -0.0941
vn 0.9290 0.3517 -0.1152
vn 0.8497 0.5174 -0.1011
vn 0.8417 0.5364 -0.0616
vn 0.7862 0.6164 -0.0440
vn 0.7179 0.6956 -0.0274
vn 0.8659 0.4974 -0.0530
vn 0.8022 0.5967 -0.0206
vn 0.7352 0.6778 0.0018
vn 0.8320 0.5546 -0.0145
vn 0.8965 0.4386 -0.0624
vn 0.7727 0.6337 0.0364
vn 0.8772 0.4794 -0.0257
vn 0.9221 0.3784 -0.0813
vn 0.8235 0.5653 0.0473
vn 0.9418 0.3238 -0.0902
vn 0.9498 0.2919 -0.1122
vn 0.9612 0.2476 -0.1217
vn 0.9136 0.4044 -0.0421
vn 0.8781 0.4782 0.0180
vn 0.9532 0.2813 -0.1110
vn 0.9667 0.2203 -0.1302
vn 0.9343 0.3487 -0.0740
vn 0.9104 0.4124 -0.0341
vn 0.9577 0.2572 -0.1287
vn 0.9423 0.3148 -0.1142
vn 0.9598 0.2462 -0.1349
vn 0.9479 0.2925 -0.1265
vn 0.0001 -0.9878 -0.1554
vn -0.0063 -0.9887 -0.1496
vn -0.0313 -0.9862 -0.1623
vn -0.0069 -0.9873 -0.1587
vn -0.0213 -0.9922 -0.1232
vn -0.0278 -0.9880 -0.1521
vn -0.0190 -0.9833 -0.1812
vn -0.0043 -0.9824 -0.1867
vn -0.0001 -0.9867 -0.1624
vn -0.0008 -0.9882 -0.1532
vn -0.0025 -0.9914 -0.1307
vn 0.0025 -0.9911 -0.1331
vn 0.0239 -0.9903 -0.1365
vn 0.0360 -0.9820 -0.1855
vn 0.0116 -0.9854 -0.1699
vn 0.0005 -0.9881 -0.1537
vn 0.0038 -0.9887 -0.1498
vn 0.0207 -0.9878 -0.1543
vn 0.0131 -0.9863 -0.1643
vn 0.0022 -0.9880 -0.1547
vn 0.0036 -0.9877 -0.1563
vn -0.0003 -0.9877 -0.1562
vn 0.0002 -0.9877 -0.1562
vn 0.0005 -0.9878 -0.1554
vn 0.0005 -0.9879 -0.1551
vn 0.0003 -0.9878 -0.1556
vn 0.0001 -0.9877 -0.1561
vn 0.0013 -0.9877 -0.1561
vn 0.0033 -0.9878 -0.1556
vn 0.0058 -0.9875 -0.1575
vn 0.0001 -0.9877 -0.1562
vn 0.0026 -0.9878 -0.1556
vn 0.0056 -0.9873 -0.1590
vn 0.0177 -0.9866 -0.1621
vn 0.0417 -0.9852 -0.1663
vn 0.0689 -0.9856 -0.1542
vn 0.1327 -0.9736 -0.1860
vn 0.1763 -0.9670 -0.1841
vn 0.0195 -0.9855 -0.1685
vn 0.0681 -0.9826 -0.1728
vn 0.1066 -0.9794 -0.1715
vn 0.1073 -0.9771 -0.1838
vn 0.1070 -0.9757 -0.1913
vn 0.2930 -0.9220 -0.2531
vn 0.4413 -0.8611 -0.2524
vn 0.6840 -0.6739 -0.2793
vn 0.9602 -0.1041 -0.2591
vn 0.7259 -0.6205 -0.2969
vn 0.9607 -0.1433 -0.2379
vn 0.9718 0.0202 -0.2350
vn 0.9746 0.0299 -0.2217
vn 0.9737 0.0177 -0.2274
vn 0.9809 0.0657 -0.1833
vn 0.9796 0.0550 -0.1934
vn 0.9811 0.0509 -0.1868
vn 0.9754 0.0361 -0.2174
vn 0.9730 0.0407 -0.2273
vn 0.9739 0.0362 -0.2240
vn 0.9770 0.0327 -0.2109
vn 0.9741 0.0401 -0.2227
vn 0.9784 0.0256 -0.2050
vn 0.9751 0.0365 -0.2187
vn 0.9801 0.0217 -0.1973
vn 0.9766 0.0313 -0.2127
vn 0.9819 0.0256 -0.1878
vn 0.9784 0.0292 -0.2045
vn 0.9833 0.0436 -0.1766
vn 0.9801 0.0349 -0.1955
vn 0.9835 0.0627 -0.1699
vn 0.9762 0.0293 -0.2149
vn 0.9725 0.0354 -0.2301
vn 0.9778 0.0286 -0.2074
vn 0.9795 0.0258 -0.1999
vn 0.9810 0.0188 -0.1929
vn 0.9827 0.0130 -0.1850
vn 0.9844 0.0150 -0.1754
vn 0.9859 0.0333 -0.1638
vn 0.9861 0.0583 -0.1558
vn -0.4764 0.7696 0.4252
vn -0.5283 0.4272 0.7337
vn 0.0342 -0.3483 0.9368
vn -0.2091 -0.0954 0.9732
vn 0.1960 -0.3912 0.8992
vn -0.6498 0.5371 0.5378
vn -0.5761 0.2580 0.7756
vn -0.4575 0.0051 0.8892
vn -0.1148 -0.2162 0.9696
vn -0.5890 0.0787 0.8043
vn -0.5441 -0.0600 0.8369
vn 0.9647 0.2104 -0.1585
vn 0.9617 0.2081 -0.1786
vn 0.9649 0.2061 -0.1626
vn 0.9727 0.1958 -0.1249
vn 0.9644 0.2025 -0.1701
vn 0.9726 0.1878 -0.1374
vn 0.9716 0.2055 -0.1174
vn 0.9657 0.1801 -0.1872
vn 0.9730 0.1772 -0.1482
vn 0.9663 0.1632 -0.1992
vn 0.9629 0.1920 -0.1898
vn 0.9591 0.1919 -0.2082
vn 0.9699 0.2008 -0.1379
vn 0.9702 0.2021 -0.1334
vn 0.9669 0.2115 -0.1429
vn 0.9678 0.2056 -0.1454
vn 0.9706 0.2013 -0.1318
vn 0.9692 0.2000 -0.1436
vn 0.9672 0.2059 -0.1489
vn 0.9650 0.2131 -0.1527
vn 0.9683 0.1916 -0.1604
vn 0.9735 0.1747 -0.1478
vn 0.9731 0.1574 -0.1680
vn 0.9653 0.2073 -0.1591
vn 0.9642 0.2098 -0.1619
vn 0.9635 0.2121 -0.1636
vn 0.9714 0.1473 -0.1863
vn 0.9762 0.1331 -0.1712
vn 0.9741 0.1286 -0.1861
vn 0.9665 0.1820 -0.1807
vn 0.9624 0.2071 -0.1758
vn 0.9617 0.2108 -0.1754
vn 0.9617 0.2116 -0.1745
vn 0.9609 0.2165 -0.1725
vn 0.9735 0.1287 -0.1890
vn 0.9764 0.1141 -0.1835
vn 0.9766 0.1050 -0.1876
vn 0.9704 0.1451 -0.1931
vn 0.9662 0.1733 -0.1911
vn 0.9621 0.2012 -0.1842
vn 0.9613 0.2079 -0.1810
vn 0.9612 0.2119 -0.1768
vn 0.9804 0.0766 -0.1816
vn 0.9793 0.0670 -0.1911
vn 0.9786 0.1017 -0.1786
vn 0.9786 0.0786 -0.1903
vn 0.9722 0.1487 -0.1811
vn 0.9752 0.1316 -0.1777
vn 0.9688 0.1668 -0.1835
vn 0.9653 0.1905 -0.1785
vn 0.9831 0.0741 -0.1677
vn 0.9814 0.0987 -0.1647
vn 0.9785 0.1312 -0.1594
vn 0.9759 0.1514 -0.1568
vn 0.9742 0.1644 -0.1547
vn 0.9857 0.0718 -0.1527
vn 0.9843 0.0948 -0.1491
vn 0.9819 0.1234 -0.1439
vn 0.9800 0.1441 -0.1374
vn 0.9708 0.1741 -0.1648
vn 0.2215 -0.3354 0.9157
vn -0.5454 0.7502 0.3739
vn -0.7946 0.5703 0.2082
vn -0.7290 0.4910 0.4770
vn -0.8156 0.4170 0.4011
vn -0.8812 0.3753 0.2875
vn -0.7714 0.3303 0.5439
vn -0.8041 0.2215 0.5517
vn -0.7034 0.1091 0.7024
vn -0.7544 0.0656 0.6532
vn -0.5877 -0.0344 0.8083
vn -0.4418 0.0215 0.8968
vn -0.2029 0.4388 0.8754
vn 0.0517 0.7854 0.6168
vn 0.1380 0.9259 0.3516
vn 0.1605 0.9631 0.2160
vn 0.1761 0.9708 0.1627
vn 0.2072 0.9725 -0.1062
vn -0.0004 0.1587 -0.9873
vn 0.0019 0.1599 -0.9871
vn 0.0517 0.2311 -0.9716
vn 0.1657 0.6665 -0.7269
vn 0.0656 -0.3104 0.9484
vn -0.3484 0.3970 0.8491
vn -0.5823 0.4009 0.7073
vn -0.7943 0.2835 0.5374
vn -0.7366 0.2463 0.6299
vn -0.7868 0.1702 0.5933
vn -0.7884 0.1469 0.5974
vn -0.7025 0.3457 0.6220
vn -0.6183 0.3889 0.6830
vn -0.6419 0.2514 0.7244
vn -0.2638 0.6799 0.6842
vn -0.2332 0.7755 0.5867
vn 0.1734 0.9085 0.3802
vn 0.1818 0.9477 0.2625
vn 0.3116 0.9358 0.1650
vn 0.2477 0.9489 0.1953
vn 0.3590 0.9218 0.1461
vn 0.2711 0.9499 0.1556
vn 0.3195 0.9450 -0.0706
vn -0.0011 0.1576 -0.9875
vn 0.0006 0.1605 -0.9870
vn 0.0121 0.1810 -0.9834
vn 0.0520 0.3787 -0.9240
vn 0.2200 0.7798 -0.5861
vn -0.3607 -0.2399 0.9013
vn -0.2746 0.2349 0.9324
vn -0.5027 0.1835 0.8448
vn -0.5694 0.0210 0.8218
vn -0.6695 0.1167 0.7336
vn -0.7203 0.1910 0.6669
vn -0.5811 0.4828 0.6552
vn -0.4984 0.6156 0.6105
vn -0.2386 0.8526 0.4648
vn 0.0627 0.8696 0.4897
vn 0.1726 0.9468 0.2715
vn 0.3487 0.9135 0.2096
vn 0.4517 0.8816 0.1371
vn 0.4817 0.8678 0.1219
vn 0.3547 0.9344 0.0325
vn 0.4403 0.8735 -0.2079
vn 0.0077 0.1585 -0.9873
vn -0.0002 0.1585 -0.9874
vn 0.0579 0.2524 -0.9659
vn 0.2184 0.5597 -0.7994
vn 0.0680 0.9575 0.2802
vn 0.3923 0.9096 0.1371
vn 0.3081 0.9215 0.2364
vn 0.5964 0.7986 0.0817
vn 0.5028 0.8508 0.1527
vn 0.6296 0.7723 0.0846
vn 0.5351 0.8390 0.0986
vn 0.6468 0.7563 0.0976
vn 0.5550 0.8245 0.1105
vn 0.6684 0.7377 0.0948
vn 0.5657 0.8168 0.1129
vn 0.5576 0.8270 -0.0725
vn 0.6846 0.7212 -0.1061
vn 0.1581 0.2475 -0.9559
vn 0.0030 0.1591 -0.9873
vn 0.4059 0.7090 -0.5767
vn 0.4015 0.5145 -0.7577
vn 0.6400 0.7678 -0.0294
vn 0.4674 0.8822 0.0565
vn 0.6727 0.7372 -0.0638
vn 0.5538 0.8324 -0.0189
vn 0.6954 0.7177 -0.0362
vn 0.6323 0.7745 0.0171
vn 0.7424 0.6699 -0.0067
vn 0.6855 0.7264 0.0488
vn 0.7973 0.6036 0.0066
vn 0.7353 0.6744 0.0667
vn 0.8443 0.5351 0.0301
vn 0.7695 0.6350 0.0676
vn 0.7925 0.6082 -0.0454
vn 0.8688 0.4870 -0.0901
vn 0.3738 0.2732 -0.8864
vn 0.0809 0.1578 -0.9842
vn 0.6275 0.5496 -0.5515
vn 0.6767 0.3913 -0.6236
vn 0.8064 0.5861 -0.0793
vn 0.7348 0.6752 -0.0638
vn 0.8146 0.5714 -0.0999
vn 0.7497 0.6567 -0.0822
vn 0.8323 0.5464 -0.0928
vn 0.7723 0.6318 -0.0661
vn 0.8592 0.5020 -0.0988
vn 0.8048 0.5908 -0.0571
vn 0.8854 0.4545 -0.0973
vn 0.9025 0.4104 -0.1303
vn 0.9183 0.3744 -0.1291
vn 0.8447 0.5328 -0.0513
vn 0.9128 0.4027 -0.0684
vn 0.9361 0.3363 -0.1028
vn 0.8778 0.4785 -0.0219
vn 0.9371 0.3045 -0.1706
vn 0.9482 0.2917 -0.1262
vn 0.9493 0.2610 -0.1753
vn 0.9203 0.3675 -0.1337
vn 0.8980 0.4256 -0.1114
vn 0.8485 0.2783 -0.4501
vn 0.7561 0.4053 -0.5138
vn 0.7307 0.3294 -0.5980
vn 0.2430 0.2607 -0.9343
vn 0.8255 0.4088 -0.3892
vn 0.9031 0.4127 -0.1190
vn 0.9332 0.3348 -0.1307
vn 0.8617 0.4972 -0.1015
vn 0.9128 0.3872 -0.1297
vn 0.9383 0.3155 -0.1415
vn 0.8736 0.4736 -0.1125
vn 0.9424 0.2994 -0.1491
vn 0.9530 0.2642 -0.1483
vn 0.9550 0.2512 -0.1575
vn 0.9196 0.3672 -0.1394
vn 0.8858 0.4481 -0.1204
vn 0.9567 0.2374 -0.1683
vn 0.9609 0.2239 -0.1629
vn 0.9456 0.2831 -0.1604
vn 0.9257 0.3475 -0.1495
vn 0.9578 0.2290 -0.1735
vn 0.9492 0.2678 -0.1653
vn 0.9349 0.3206 -0.1525
vn 0.9627 0.2221 -0.1544
vn 0.9574 0.2499 -0.1445
vn 0.9687 0.2181 -0.1184
vn 0.9593 0.2441 -0.1419
vn 0.9567 0.1961 -0.2152
vn 0.8853 0.2886 -0.3646
vn 0.9605 0.2384 -0.1436
vn 0.9509 0.2772 -0.1377
vn 0.9607 0.2319 -0.1524
vn -0.0003 -0.9878 -0.1555
vn -0.0046 -0.9804 -0.1969
vn -0.0001 -0.8637 -0.5041
vn -0.0396 0.0383 -0.9985
vn 0.0063 -0.4158 -0.9095
vn -0.0374 0.1780 -0.9833
vn 0.0004 -0.9877 -0.1561
vn -0.0040 -0.9808 -0.1952
vn 0.0008 -0.8692 -0.4944
vn -0.0391 0.0306 -0.9988
vn 0.0053 -0.4294 -0.9031
vn -0.0380 0.1777 -0.9833
vn -0.0038 -0.9813 -0.1923
vn 0.0017 -0.8740 -0.4859
vn -0.0390 0.0229 -0.9990
vn 0.0052 -0.4417 -0.8972
vn -0.0389 0.1767 -0.9835
vn -0.0033 -0.9820 -0.1887
vn 0.0031 -0.8789 -0.4769
vn -0.0389 0.0150 -0.9991
vn 0.0042 -0.4580 -0.8889
vn -0.0384 0.1753 -0.9838
vn -0.0000 -0.9877 -0.1563
vn -0.0031 -0.9824 -0.1869
vn 0.0082 -0.8843 -0.4669
vn -0.0218 -0.0001 -0.9998
vn -0.0418 0.0050 -0.9991
vn -0.0310 0.1722 -0.9846
vn 0.0171 -0.9861 -0.1656
vn 0.0486 -0.9852 -0.1643
vn 0.0527 -0.9799 -0.1926
vn 0.0687 -0.8818 -0.4665
vn -0.0407 -0.4589 -0.8875
vn 0.1085 -0.0180 -0.9939
vn 0.0761 0.1643 -0.9835
vn 0.2119 -0.9513 -0.2237
vn 0.2852 -0.9335 -0.2174
vn 0.3783 -0.8904 -0.2533
vn 0.7109 -0.6457 -0.2788
vn 0.3119 -0.8706 -0.3806
vn 0.8119 -0.4945 -0.3104
vn 0.0554 -0.4650 -0.8836
vn 0.5170 -0.5131 -0.6852
vn 0.9147 -0.0670 -0.3986
vn 0.5888 -0.0375 -0.8074
vn 0.5198 0.1444 -0.8420
vn 0.6960 -0.6581 -0.2870
vn 0.9557 -0.1607 -0.2466
vn 0.9774 0.0098 -0.2112
vn 0.9508 -0.1936 -0.2418
vn 0.9807 -0.0019 -0.1953
vn 0.9788 0.0234 -0.2033
vn 0.9500 -0.1975 -0.2418
vn 0.9805 -0.0024 -0.1965
vn 0.9828 0.0173 -0.1837
vn 0.8903 0.0387 -0.4538
vn -0.0223 0.1660 -0.9859
vn -0.0221 0.1650 -0.9860
vn -0.0217 0.1672 -0.9857
vn -0.0186 0.1737 -0.9846
vn -0.0118 0.1840 -0.9828
vn -0.0339 0.1920 -0.9808
vn -0.0284 0.1795 -0.9833
vn -0.0243 0.1703 -0.9851
vn -0.0222 0.1654 -0.9860
vn -0.0229 0.1651 -0.9860
vn -0.0224 0.1653 -0.9860
vn -0.0150 0.1796 -0.9836
vn -0.0089 0.1905 -0.9817
vn -0.0372 0.1959 -0.9799
vn -0.0327 0.1855 -0.9821
vn -0.0261 0.1754 -0.9842
vn -0.0235 0.1668 -0.9857
vn -0.0206 0.1703 -0.9852
vn -0.0222 0.1663 -0.9858
vn -0.0118 0.1856 -0.9825
vn -0.0078 0.1939 -0.9810
vn -0.0384 0.1977 -0.9795
vn -0.0354 0.1917 -0.9808
vn -0.0296 0.1811 -0.9830
vn -0.0251 0.1701 -0.9851
vn -0.0243 0.1682 -0.9854
vn -0.0186 0.1754 -0.9843
vn -0.0217 0.1690 -0.9854
vn -0.0094 0.1910 -0.9816
vn -0.0065 0.1960 -0.9806
vn -0.0391 0.1986 -0.9793
vn -0.0371 0.1964 -0.9798
vn -0.0328 0.1874 -0.9817
vn -0.0279 0.1750 -0.9842
vn -0.0219 0.1740 -0.9845
vn -0.0157 0.1822 -0.9831
vn -0.0156 0.1752 -0.9844
vn -0.0076 0.1945 -0.9809
vn -0.0056 0.1968 -0.9804
vn -0.0357 0.1986 -0.9794
vn -0.0365 0.1986 -0.9794
vn -0.0336 0.1930 -0.9806
vn -0.0274 0.1810 -0.9831
vn 0.0567 0.1762 -0.9827
vn 0.0420 0.1904 -0.9808
vn -0.0096 0.1873 -0.9822
vn 0.0302 0.1980 -0.9797
vn 0.0222 0.2009 -0.9794
vn 0.0421 0.1938 -0.9801
vn 0.0155 0.2010 -0.9795
vn 0.0086 0.2068 -0.9783
vn 0.0185 0.1896 -0.9817
vn 0.0577 0.1763 -0.9827
vn 0.4498 0.1628 -0.8782
vn 0.3890 0.1895 -0.9016
vn 0.3233 0.2051 -0.9238
vn 0.8261 0.0860 -0.5569
vn 0.2382 0.1957 -0.9513
vn 0.7634 0.1101 -0.6365
vn 0.4452 0.1781 -0.8775
vn 0.3706 0.2007 -0.9069
vn 0.8592 0.0839 -0.5047
vn 0.2556 0.1994 -0.9460
vn 0.8029 0.0894 -0.5893
vn 0.1709 0.1940 -0.9660
vn 0.6948 0.0772 -0.7150
vn 0.4731 0.1824 -0.8619
vn 0.9803 0.0236 -0.1959
vn 0.9814 0.0228 -0.1904
vn 0.9825 0.0201 -0.1854
vn 0.9836 0.0129 -0.1801
vn 0.9844 0.0070 -0.1756
vn 0.9845 0.0087 -0.1754
vn 0.9835 0.0260 -0.1788
vn 0.9816 0.0559 -0.1828
vn 0.9836 0.0194 -0.1795
vn 0.9833 0.0214 -0.1810
vn 0.9812 0.0198 -0.1922
vn 0.9783 0.0103 -0.2067
vn 0.9758 0.0083 -0.2184
vn 0.9693 0.0197 -0.2449
vn 0.9564 0.0444 -0.2887
vn 0.9413 0.0753 -0.3290
vn 0.6813 0.1715 -0.7116
vn 0.9746 0.0245 -0.2225
vn 0.9790 0.0194 -0.2027
vn 0.9657 0.0329 -0.2576
vn 0.9577 0.0417 -0.2849
vn 0.9013 0.0810 -0.4256
vn 0.8656 0.0628 -0.4968
vn -0.0034 0.1854 -0.9827
vn 0.0002 0.1749 -0.9846
vn -0.0065 0.1969 -0.9804
vn -0.0063 0.1967 -0.9804
vn -0.0064 0.1981 -0.9802
vn -0.0064 0.1973 -0.9803
vn -0.0068 0.1979 -0.9802
vn -0.0065 0.1975 -0.9803
vn -0.0059 0.1938 -0.9810
vn -0.0083 0.1963 -0.9805
vn -0.0045 0.1895 -0.9819
vn 0.0027 0.1673 -0.9859
vn -0.0001 0.1795 -0.9838
vn -0.0069 0.1973 -0.9803
vn -0.0064 0.1969 -0.9804
vn -0.0064 0.1978 -0.9802
vn -0.0064 0.1950 -0.9808
vn -0.0069 0.1974 -0.9803
vn -0.0042 0.1935 -0.9811
vn 0.0017 0.1706 -0.9853
vn 0.0032 0.1688 -0.9857
vn -0.0068 0.1976 -0.9803
vn -0.0059 0.1975 -0.9803
vn -0.0064 0.1970 -0.9804
vn -0.0063 0.1976 -0.9803
vn -0.0063 0.1970 -0.9804
vn -0.0059 0.1967 -0.9804
vn -0.0072 0.1970 -0.9804
vn -0.0038 0.1871 -0.9823
vn -0.0015 0.1845 -0.9828
vn -0.0000 0.1742 -0.9847
vn -0.0066 0.1976 -0.9803
vn -0.0063 0.1975 -0.9803
vn -0.0066 0.1974 -0.9803
vn -0.0062 0.1973 -0.9803
vn -0.0059 0.1955 -0.9807
vn -0.0064 0.1972 -0.9803
vn 0.0267 0.1946 -0.9805
vn 0.0398 0.1778 -0.9833
vn -0.0030 0.1976 -0.9803
vn -0.0061 0.1978 -0.9802
vn -0.0027 0.1972 -0.9804
vn -0.0023 0.1993 -0.9799
vn 0.0044 0.1995 -0.9799
vn 0.0100 0.1975 -0.9802
vn 0.0144 0.1997 -0.9798
vn -0.0044 0.1975 -0.9803
vn -0.0033 0.1983 -0.9801
vn 0.2427 0.2336 -0.9416
vn 0.2908 0.2443 -0.9251
vn 0.0780 0.1960 -0.9775
vn 0.0694 0.2009 -0.9772
vn 0.0676 0.2163 -0.9740
vn 0.0842 0.2106 -0.9739
vn 0.1929 0.2233 -0.9555
vn 0.2257 0.2206 -0.9489
vn 0.0134 0.2023 -0.9792
vn 0.0838 0.2021 -0.9758
vn 0.7681 0.1917 -0.6110
vn 0.8947 0.2115 -0.3933
vn 0.7580 0.2085 -0.6180
vn 0.7464 0.2527 -0.6156
vn 0.7451 0.2687 -0.6104
vn 0.4763 0.1936 -0.8577
vn 0.4641 0.2027 -0.8623
vn 0.8633 0.1291 -0.4880
vn 0.4776 0.2610 -0.8389
vn 0.8673 0.1762 -0.4656
vn 0.4082 0.2280 -0.8840
vn 0.1907 0.2325 -0.9537
vn 0.4722 0.2290 -0.8512
vn 0.9775 0.0734 -0.1978
vn 0.9733 0.0850 -0.2130
vn 0.9748 0.1236 -0.1857
vn 0.9769 0.1366 -0.1640
vn 0.8811 0.1455 -0.4499
vn 0.0040 0.1633 -0.9866
vn 0.0033 0.1632 -0.9866
vn 0.0034 0.1635 -0.9865
vn 0.0024 0.1616 -0.9869
vn 0.0031 0.1648 -0.9863
vn 0.0034 0.1642 -0.9864
vn 0.0034 0.1636 -0.9865
vn 0.0032 0.1618 -0.9868
vn 0.0010 0.1600 -0.9871
vn 0.0033 0.1642 -0.9864
vn 0.0021 0.1634 -0.9866
vn 0.0015 0.1602 -0.9871
vn 0.0013 0.1586 -0.9873
vn 0.0026 0.1651 -0.9863
vn 0.0043 0.1636 -0.9865
vn 0.0102 0.1630 -0.9866
vn 0.0368 0.1778 -0.9834
vn 0.0764 0.1866 -0.9795
vn 0.0907 0.1873 -0.9781
vn 0.1027 0.1811 -0.9781
vn 0.4538 0.2754 -0.8475
vn 0.5033 0.2851 -0.8158
vn 0.4278 0.2318 -0.8736
vn 0.7748 0.2468 -0.5821
vn -0.2286 -0.9719 0.0560
vn -0.0482 -0.9919 -0.1178
vn -0.0089 -0.9890 -0.1476
vn 0.0004 -0.9879 -0.1552
vn 0.0002 -0.9897 -0.1431
vn -0.0003 -0.9878 -0.1558
vn 0.0034 -0.9898 -0.1426
vn -0.0006 -0.9878 -0.1560
vn 0.0419 -0.9880 -0.1490
vn 0.0320 -0.9928 -0.1151
vn 0.0447 -0.9894 -0.1381
vn 0.0523 -0.9950 -0.0849
vn -0.0021 -0.9912 -0.1325
vn -0.0352 -0.9923 -0.1186
vn 0.0239 -0.9883 -0.1504
vn 0.0443 -0.9944 -0.0957
vn 0.0079 -0.9916 -0.1292
vn -0.0000 -0.9879 -0.1554
vn 0.0003 -0.9899 -0.1417
vn 0.0008 -0.9877 -0.1562
vn -0.6034 0.3354 -0.7235
vn -0.6093 0.3289 -0.7215
vn -0.6399 0.3287 -0.6946
vn -0.6493 0.3276 -0.6863
vn -0.6915 0.3132 -0.6510
vn -0.6260 0.3324 -0.7054
vn 0.8937 0.2298 -0.3854
vn 0.8859 0.2305 -0.4026
vn 0.8933 0.2249 -0.3891
vn 0.8921 0.2505 -0.3761
vn 0.8867 0.2376 -0.3967
vn -0.0657 0.9891 0.1321
vn -0.1318 0.9851 0.1101
vn -0.1440 0.9877 0.0605
vn -0.2192 0.9674 -0.1266
vn -0.6088 0.2263 -0.7604
vn -0.6570 0.2094 -0.7243
vn -0.4982 0.6971 -0.5157
vn -0.6340 0.2975 -0.7138
vn -0.6588 0.2512 -0.7091
vn -0.6925 0.1999 -0.6932
vn -0.7286 0.1576 -0.6666
vn -0.7281 0.3913 -0.5628
vn -0.6498 0.3291 -0.6852
vn -0.6729 0.3156 -0.6691
vn -0.7072 0.2831 -0.6479
vn -0.7554 0.2225 -0.6164
vn -0.7252 0.3075 -0.6161
vn -0.7754 0.2816 -0.5653
vn -0.0899 0.9857 0.1428
vn -0.0903 0.9945 0.0531
vn -0.0912 0.9957 -0.0148
vn -0.2135 0.9695 -0.1201
vn -0.8047 0.1568 -0.5726
vn -0.8521 0.1062 -0.5124
vn -0.6447 0.6948 -0.3187
vn -0.8208 0.2462 -0.5154
vn -0.8684 0.1664 -0.4670
vn -0.9181 0.0741 -0.3893
vn -0.9473 0.0003 -0.3204
vn -0.8736 0.4480 -0.1902
vn -0.8111 0.2737 -0.5169
vn -0.8564 0.2563 -0.4483
vn -0.8950 0.2273 -0.3839
vn -0.9351 0.1792 -0.3058
vn -0.9680 0.0830 -0.2368
vn -0.9888 -0.0263 -0.1468
vn -0.9921 -0.0998 -0.0754
vn -0.9681 0.2442 0.0561
vn 0.0229 0.9844 0.1742
vn -0.0454 0.9990 0.0033
vn -0.0037 0.9998 -0.0188
vn 0.0338 0.9992 -0.0209
vn -0.0431 0.9970 0.0636
vn -0.1832 0.9790 0.0893
vn -0.3175 0.9361 0.1516
vn 0.0419 0.9970 0.0651
vn 0.0620 0.9930 -0.1009
vn 0.1599 0.9830 -0.0907
vn 0.3043 0.9524 0.0171
vn 0.4613 0.8856 0.0542
vn 0.5844 0.8112 0.0201
vn 0.4617 0.8854 0.0543
vn 0.1828 0.9831 0.0110
vn 0.2245 0.9514 -0.2106
vn 0.2835 0.9445 -0.1659
vn 0.5931 0.7638 -0.2546
vn 0.4820 0.8341 -0.2683
vn 0.3992 0.9062 -0.1397
vn 0.6979 0.6785 -0.2291
vn 0.5729 0.8132 -0.1029
vn 0.7735 0.5977 -0.2109
vn 0.7074 0.6970 -0.1172
vn 0.4736 0.8507 -0.2281
vn 0.7752 0.5300 -0.3438
vn 0.6536 0.6833 -0.3253
vn 0.7875 0.5129 -0.3417
vn 0.7164 0.6155 -0.3286
vn 0.7941 0.5235 -0.3088
vn 0.7642 0.5786 -0.2851
vn 0.8226 0.4922 -0.2847
vn 0.8214 0.4667 -0.3278
vn 0.8441 0.4389 -0.3078
vn 0.8007 0.5426 -0.2539
vn 0.7993 0.4888 -0.3495
vn 0.8017 0.4610 -0.3805
vn 0.8231 0.4359 -0.3641
vn 0.7798 0.5083 -0.3654
vn 0.8392 0.4232 -0.3414
vn 0.8423 0.3973 -0.3642
vn 0.8512 0.3922 -0.3489
vn 0.8646 0.3753 -0.3341
vn 0.8628 0.3580 -0.3569
vn 0.8753 0.3391 -0.3449
vn 0.8549 0.4068 -0.3219
vn 0.8626 0.3372 -0.3771
vn 0.8602 0.3098 -0.4050
vn 0.8703 0.3046 -0.3870
vn 0.8544 0.3740 -0.3607
vn 0.8540 0.3444 -0.3901
vn 0.8468 0.3782 -0.3739
vn 0.8295 0.4011 -0.3887
vn 0.8790 0.2952 -0.3745
vn 0.8756 0.2728 -0.3986
vn 0.8843 0.2621 -0.3865
vn 0.8722 0.3250 -0.3655
vn 0.8864 0.2835 -0.3659
vn 0.8830 0.3081 -0.3541
vn 0.0004 -0.9879 -0.1551
vn -0.0000 -0.9877 -0.1566
vn 0.0019 -0.9875 -0.1575
vn 0.0160 -0.9859 -0.1668
vn 0.0937 -0.9763 -0.1951
vn 0.0074 -0.9868 -0.1618
vn 0.0310 -0.9853 -0.1682
vn 0.0594 -0.9807 -0.1861
vn 0.0868 -0.9728 -0.2146
vn 0.3315 -0.8565 -0.3955
vn 0.0006 -0.9879 -0.1553
vn -0.0005 -0.9878 -0.1558
vn -0.0006 -0.9878 -0.1558
vn -0.0004 -0.9877 -0.1563
vn 0.0007 -0.9879 -0.1554
vn 0.0006 -0.9879 -0.1550
vn 0.0002 -0.9877 -0.1565
vn 0.0069 -0.9871 -0.1601
vn 0.0055 -0.9872 -0.1597
vn 0.0187 -0.9878 -0.1549
vn 0.0908 -0.9757 -0.1996
vn 0.1580 -0.9677 -0.1967
vn 0.2033 -0.9620 -0.1822
vn 0.2527 -0.9355 -0.2471
vn 0.9220 0.1158 -0.3695
vn 0.9163 0.1271 -0.3798
vn 0.9204 0.1275 -0.3697
vn 0.9244 0.1385 -0.3554
vn 0.9207 0.1376 -0.3651
vn 0.9247 0.1381 -0.3549
vn 0.9242 0.1371 -0.3564
vn 0.9204 0.1372 -0.3660
vn 0.9249 0.1276 -0.3581
vn 0.9200 0.1363 -0.3673
vn 0.9267 0.1127 -0.3585
vn 0.6230 -0.7076 -0.3334
vn 0.9012 -0.0865 -0.4246
vn 0.5494 -0.7114 -0.4382
vn 0.9247 -0.1277 -0.3586
vn 0.9234 0.1161 -0.3658
vn 0.9288 0.1353 -0.3449
vn 0.9337 0.1041 -0.3425
vn 0.9293 0.1378 -0.3427
vn 0.9299 0.1365 -0.3417
vn 0.9314 0.1272 -0.3412
vn 0.9394 0.1240 -0.3196
vn 0.9376 0.1331 -0.3213
vn 0.9336 0.1101 -0.3411
vn 0.9419 0.1062 -0.3186
vn 0.9092 0.1296 -0.3956
vn 0.9062 0.1307 -0.4022
vn 0.9091 0.1312 -0.3955
vn 0.9116 0.1303 -0.3898
vn 0.9069 0.1327 -0.3998
vn 0.6655 -0.6351 -0.3920
vn 0.9158 0.1348 -0.3784
vn 0.9132 0.1284 -0.3868
vn 0.9174 0.1273 -0.3771
vn 0.9137 0.1351 -0.3832
vn 0.9118 0.1320 -0.3889
vn 0.9123 0.1333 -0.3872
vn 0.9104 0.1320 -0.3922
vn 0.9122 0.1276 -0.3893
vn 0.9143 0.1235 -0.3857
vn 0.9178 0.1193 -0.3786
vn 0.7556 -0.5499 -0.3559
vn 0.9211 0.0156 -0.3891
vn 0.9306 0.0382 -0.3639
vn 0.9180 0.1367 -0.3723
vn 0.9200 0.1298 -0.3697
vn 0.9170 0.1379 -0.3742
vn 0.9163 0.1353 -0.3769
vn 0.8097 -0.4059 -0.4238
vn 0.9209 0.0721 -0.3831
vn 0.9218 0.1348 -0.3635
vn -0.6581 0.3896 -0.6443
vn -0.6901 0.3474 -0.6349
vn -0.6901 0.3120 -0.6530
vn -0.7447 0.2981 -0.5971
vn -0.7565 0.3088 -0.5765
vn -0.7464 0.4231 -0.5136
vn -0.7706 0.3975 -0.4982
vn -0.8426 0.3266 -0.4283
vn -0.8289 0.2667 -0.4918
vn -0.8461 0.2683 -0.4605
vn -0.8469 0.4427 -0.2946
vn -0.8678 0.3605 -0.3420
vn -0.9351 0.3172 -0.1583
vn -0.9621 0.2708 -0.0315
vn -0.9131 0.4051 0.0457
vn -0.9581 0.2488 0.1419
vn -0.9409 0.1457 0.3057
vn -0.8730 0.1034 0.4767
vn -0.3836 -0.1732 0.9071
vn -0.5306 -0.0687 0.8449
vn -0.7070 -0.1198 0.6970
vn -0.2862 -0.2083 0.9353
vn -0.5900 -0.1562 0.7922
vn -0.2310 -0.2475 0.9410
vn -0.5936 -0.0615 0.8024
vn -0.4078 -0.1237 0.9047
vn -0.8963 0.2364 -0.3752
vn -0.9332 0.2665 -0.2411
vn -0.9450 0.2170 -0.2447
vn -0.9671 0.1850 -0.1747
vn -0.9916 0.1114 -0.0665
vn -0.9431 0.1815 -0.2787
vn -0.9955 0.0903 0.0287
vn -0.9691 0.2311 0.0866
vn -0.9834 0.1520 0.0990
vn -0.9811 0.0658 0.1817
vn -0.9585 0.0202 0.2845
vn -0.8032 -0.0660 0.5920
vn -0.9036 -0.0217 0.4279
vn -0.9089 0.1945 0.3689
vn -0.8453 0.0810 0.5281
vn 0.9387 0.2197 -0.2657
vn 0.9350 0.2200 -0.2783
vn 0.9390 0.2201 -0.2642
vn 0.9253 0.2203 -0.3086
vn 0.9218 0.2199 -0.3193
vn 0.9262 0.2202 -0.3060
vn 0.9253 0.2214 -0.3080
vn 0.9214 0.2199 -0.3203
vn 0.9298 0.2177 -0.2968
vn 0.9247 0.2155 -0.3139
vn 0.9316 0.2027 -0.3018
vn 0.9298 0.2208 -0.2947
vn 0.9303 0.2202 -0.2933
vn 0.9387 0.1723 -0.2986
vn 0.9326 0.1576 -0.3248
vn 0.9388 0.1449 -0.3125
vn 0.9369 0.1947 -0.2903
vn 0.9331 0.1826 -0.3098
vn 0.9345 0.2139 -0.2847
vn 0.9339 0.2201 -0.2818
vn 0.9355 0.2189 -0.2773
vn 0.9451 0.1026 -0.3101
vn 0.9360 0.0989 -0.3379
vn 0.9440 0.0937 -0.3162
vn 0.9452 0.1329 -0.2982
vn 0.9379 0.1130 -0.3279
vn 0.9440 0.1631 -0.2869
vn 0.9431 0.1835 -0.2773
vn 0.9395 0.2088 -0.2717
vn 0.9457 0.1889 -0.2644
vn 0.9413 0.2126 -0.2621
vn 0.9377 0.2183 -0.2702
vn 0.9073 0.2287 -0.3528
vn 0.9045 0.2207 -0.3650
vn 0.9084 0.2191 -0.3561
vn 0.9134 0.2192 -0.3431
vn 0.9098 0.2174 -0.3535
vn 0.9146 0.2172 -0.3410
vn 0.9119 0.2190 -0.3470
vn 0.9097 0.2167 -0.3543
vn 0.9109 0.2205 -0.3487
vn 0.9183 0.2155 -0.3321
vn 0.9126 0.2144 -0.3480
vn 0.9182 0.2070 -0.3378
vn 0.9179 0.2212 -0.3294
vn 0.9161 0.2211 -0.3344
vn 0.9136 0.2267 -0.3376
vn 0.9201 0.2239 -0.3215
vn 0.9229 0.1810 -0.3398
vn 0.9186 0.1612 -0.3608
vn 0.9221 0.1489 -0.3570
vn 0.9225 0.2000 -0.3300
vn 0.9187 0.1915 -0.3454
vn 0.9225 0.2106 -0.3235
vn 0.9247 0.1141 -0.3633
vn 0.9270 0.1358 -0.3496
vn 0.9198 0.1229 -0.3726
vn 0.9277 0.1690 -0.3328
vn 0.9276 0.1902 -0.3215
vn 0.9276 0.2012 -0.3149
vn 0.9296 0.1060 -0.3531
vn 0.9318 0.1242 -0.3410
vn 0.8981 0.2224 -0.3794
vn 0.8884 0.2257 -0.3998
vn 0.8978 0.2203 -0.3814
vn 0.8990 0.2241 -0.3762
vn 0.8980 0.2378 -0.3703
vn 0.9028 0.2371 -0.3587
vn 0.9050 0.2153 -0.3669
vn 0.8993 0.2122 -0.3824
vn 0.9053 0.2091 -0.3698
vn 0.9044 0.2201 -0.3656
vn 0.8989 0.2157 -0.3814
vn 0.9040 0.2199 -0.3666
vn 0.9118 0.1820 -0.3680
vn 0.9078 0.1624 -0.3867
vn 0.9110 0.1532 -0.3830
vn 0.9109 0.2043 -0.3584
vn 0.9067 0.1900 -0.3766
vn 0.9104 0.2126 -0.3548
vn 0.9146 0.1420 -0.3785
vn 0.9087 0.1373 -0.3942
vn 0.9158 0.1708 -0.3636
vn 0.9150 0.1971 -0.3520
vn 0.9146 0.2087 -0.3462
vn 0.9170 0.1321 -0.3763
vn -0.1955 -0.1827 0.9635
vn -0.2564 -0.3680 0.8938
vn 0.0358 0.3015 0.9528
vn -0.3145 -0.1604 0.9356
vn -0.2398 -0.1842 0.9532
vn -0.2007 -0.2002 0.9590
vn -0.1694 -0.1923 0.9666
vn -0.1751 -0.1916 0.9657
vn -0.2854 -0.2896 0.9136
vn -0.1328 -0.2394 0.9618
vn -0.9695 0.1708 -0.1760
vn -0.9850 0.1477 -0.0897
vn -0.9949 0.1000 0.0104
vn -0.9934 -0.0120 0.1137
vn -0.9708 -0.1271 0.2032
vn -0.9410 -0.2000 0.2731
vn -0.9131 0.1216 0.3891
vn -0.9872 0.0637 0.1460
vn -0.9630 0.0312 0.2676
vn -0.9259 -0.0040 0.3779
vn -0.8807 -0.0841 0.4662
vn -0.7783 -0.2065 0.5929
vn -0.7325 -0.3021 0.6101
vn -0.6986 -0.0769 0.7114
vn -0.4911 0.6505 0.5794
vn -0.2288 0.7893 0.5698
vn -0.8074 -0.0781 0.5848
vn -0.7294 -0.1066 0.6757
vn -0.6619 -0.1191 0.7401
vn -0.5959 -0.1579 0.7873
vn -0.5477 -0.1735 0.8185
vn 0.4137 0.8560 0.3099
vn -0.4023 0.9078 0.1189
vn 0.0898 0.9759 0.1988
vn 0.6383 0.7547 -0.1516
vn 0.5910 0.8035 -0.0718
vn 0.3175 0.9483 -0.0045
vn 0.6989 0.7002 -0.1462
vn 0.5409 0.8410 0.0128
vn 0.7620 0.6352 -0.1262
vn 0.5897 0.8076 0.0044
vn 0.6923 0.7177 -0.0753
vn 0.8061 0.5796 -0.1193
vn 0.7387 0.6703 -0.0706
vn 0.8671 0.4807 -0.1303
vn 0.8411 0.5186 -0.1535
vn 0.8371 0.5389 -0.0939
vn 0.7912 0.6099 -0.0449
vn 0.6530 0.7571 -0.0204
vn 0.8716 0.4849 -0.0727
vn 0.8966 0.4263 -0.1201
vn 0.8531 0.5218 -0.0081
vn 0.7210 0.6922 0.0306
vn 0.9041 0.4191 -0.0831
vn 0.9197 0.3712 -0.1278
vn 0.8981 0.4389 -0.0276
vn 0.8042 0.5893 0.0777
vn 0.7318 0.6717 -0.1150
vn 0.8114 0.5472 -0.2055
vn 0.7855 0.5985 -0.1575
vn 0.7635 0.6201 -0.1804
vn 0.8247 0.5235 -0.2140
vn 0.7872 0.5865 -0.1904
vn 0.8462 0.4968 -0.1929
vn 0.8481 0.4774 -0.2298
vn 0.8682 0.4444 -0.2208
vn 0.8177 0.5508 -0.1672
vn 0.8691 0.4605 -0.1802
vn 0.8887 0.4093 -0.2069
vn 0.9040 0.3819 -0.1920
vn 0.8989 0.3761 -0.2249
vn 0.9127 0.3497 -0.2116
vn 0.8901 0.4240 -0.1672
vn 0.9176 0.3525 -0.1839
vn 0.9255 0.3158 -0.2092
vn 0.9108 0.3818 -0.1568
vn 0.9363 0.2810 -0.2104
vn 0.9313 0.2810 -0.2317
vn 0.9386 0.2582 -0.2291
vn 0.9307 0.3160 -0.1842
vn 0.9268 0.3408 -0.1578
vn 0.8313 0.5022 -0.2381
vn 0.8168 0.5391 -0.2056
vn 0.8346 0.5036 -0.2230
vn 0.8535 0.4588 -0.2470
vn 0.8694 0.4258 -0.2508
vn 0.8691 0.4138 -0.2709
vn 0.8813 0.3902 -0.2666
vn 0.8926 0.3706 -0.2566
vn 0.8876 0.3648 -0.2811
vn 0.9004 0.3382 -0.2738
vn 0.8843 0.3992 -0.2422
vn 0.9125 0.3129 -0.2635
vn 0.9061 0.3087 -0.2894
vn 0.9162 0.2881 -0.2785
vn 0.9062 0.3457 -0.2436
vn 0.9252 0.2679 -0.2688
vn 0.9200 0.2607 -0.2925
vn 0.9291 0.2380 -0.2831
vn 0.9231 0.2886 -0.2542
vn 0.9206 0.3122 -0.2345
vn 0.9351 0.2248 -0.2741
vn 0.9306 0.2218 -0.2911
vn 0.9327 0.2460 -0.2636
vn 0.9314 0.2673 -0.2472
vn 0.9389 0.2198 -0.2649
vn 0.9391 0.2263 -0.2584
vn 0.9390 0.2421 -0.2444
vn 0.8618 0.4130 -0.2944
vn 0.8701 0.3838 -0.3093
vn 0.8500 0.4504 -0.2733
vn 0.8832 0.3581 -0.3028
vn 0.8784 0.3498 -0.3256
vn 0.8897 0.3275 -0.3182
vn 0.8749 0.3903 -0.2867
vn 0.9007 0.3021 -0.3123
vn 0.8948 0.2992 -0.3312
vn 0.9056 0.2661 -0.3301
vn 0.8951 0.3320 -0.2976
vn 0.9165 0.2467 -0.3149
vn 0.9105 0.2827 -0.3017
vn 0.9241 0.2317 -0.3040
vn 0.8858 0.3181 -0.3379
vn 0.8936 0.2825 -0.3487
vn 0.9011 0.2671 -0.3416
vn 0.9043 0.2507 -0.3456
vn 0.8927 0.2693 -0.3613
vn 0.2864 0.7292 0.6215
vn 0.2010 0.9596 0.1969
vn 0.2101 0.9722 0.1036
vn 0.2717 0.9564 0.1072
vn 0.2792 0.9482 0.1517
vn 0.2198 0.9358 0.2757
vn 0.0631 0.9681 0.2426
vn 0.0039 0.9686 0.2486
vn 0.4447 0.8816 0.1584
vn 0.4765 0.8782 0.0406
vn 0.5523 0.8329 0.0367
vn 0.6277 0.7705 0.1109
vn 0.7095 0.6839 0.1701
vn 0.8663 0.4976 0.0437
vn 0.7980 0.5833 0.1515
vn 0.7658 0.6291 0.1333
vn -0.0000 -0.9879 -0.1550
vn 0.0005 -0.9879 -0.1553
vn -0.0004 -0.9878 -0.1556
vn -0.0001 -0.9877 -0.1562
vn -0.0003 -0.9878 -0.1559
vn 0.0007 -0.9878 -0.1560
vn 0.0007 -0.9879 -0.1551
vn 0.0009 -0.9878 -0.1559
vn 0.0045 -0.9873 -0.1590
vn 0.0195 -0.9863 -0.1640
vn 0.0399 -0.9848 -0.1691
vn 0.0005 -0.9877 -0.1561
vn 0.0048 -0.9874 -0.1579
vn 0.0249 -0.9855 -0.1681
vn 0.0586 -0.9864 -0.1538
vn 0.0933 -0.9792 -0.1804
vn 0.1443 -0.9708 -0.1919
vn 0.1864 -0.9599 -0.2095
vn 0.3073 -0.9132 -0.2677
vn 0.6714 -0.6740 -0.3083
vn 0.9599 0.0944 -0.2638
vn 0.9612 0.0926 -0.2597
vn 0.9597 0.0922 -0.2655
vn 0.0243 -0.9863 -0.1630
vn 0.0375 -0.9852 -0.1670
vn 0.0422 -0.9845 -0.1705
vn 0.1943 -0.9466 -0.2574
vn 0.3312 -0.9088 -0.2539
vn 0.9658 0.0997 -0.2395
vn 0.9621 0.1093 -0.2497
vn 0.9644 0.1033 -0.2433
vn 0.9637 0.1017 -0.2468
vn 0.9595 0.1119 -0.2586
vn 0.9616 0.1035 -0.2544
vn 0.9652 0.0986 -0.2422
vn 0.9621 0.1082 -0.2505
vn 0.9659 0.0999 -0.2389
vn 0.6381 -0.7037 -0.3125
vn 0.9469 -0.0751 -0.3125
vn 0.6756 -0.6645 -0.3196
vn 0.9549 -0.1235 -0.2701
vn 0.9597 0.0778 -0.2701
vn 0.9625 0.0966 -0.2535
vn 0.9640 0.0643 -0.2581
vn 0.9636 0.0975 -0.2489
vn 0.9647 0.0955 -0.2454
vn 0.9651 0.0988 -0.2427
vn 0.9532 -0.1199 -0.2777
vn 0.9621 0.0745 -0.2622
vn 0.9626 0.0944 -0.2540
vn 0.9618 0.0942 -0.2572
vn 0.9634 0.0933 -0.2514
vn 0.9635 0.0982 -0.2489
vn 0.9614 0.0970 -0.2574
vn 0.9465 -0.0901 -0.3098
vn 0.8032 -0.4404 -0.4012
vn 0.9496 -0.0193 -0.3128
vn 0.9596 0.0700 -0.2727
vn 0.9592 0.0845 -0.2699
vn 0.9609 0.0936 -0.2605
vn 0.9610 0.0906 -0.2614
vn 0.9596 0.0935 -0.2655
vn 0.1817 -0.9615 -0.2062
vn 0.9476 0.1211 -0.2958
vn 0.9459 0.1291 -0.2975
vn 0.9496 0.1046 -0.2956
vn 0.3502 -0.8940 -0.2794
vn 0.6956 -0.6407 -0.3250
vn 0.9503 0.1258 -0.2846
vn 0.9428 0.1306 -0.3066
vn 0.9483 0.1254 -0.2915
vn 0.9522 0.1249 -0.2788
vn 0.9443 0.1304 -0.3022
vn 0.9542 0.1188 -0.2744
vn 0.9566 0.1031 -0.2727
vn 0.3553 -0.9091 -0.2176
vn 0.8492 -0.3799 -0.3667
vn 0.7742 -0.5130 -0.3708
vn 0.9473 0.0492 -0.3165
vn 0.9583 0.0157 -0.2852
vn 0.9550 0.1160 -0.2732
vn 0.9570 0.1192 -0.2644
vn 0.9557 0.1207 -0.2684
vn 0.9592 0.1138 -0.2587
vn 0.9612 0.1021 -0.2563
vn 0.9639 0.1009 -0.2462
vn 0.8011 -0.4761 -0.3627
vn 0.9559 0.0319 -0.2921
vn 0.9578 0.1174 -0.2625
vn 0.9563 0.1091 -0.2714
vn 0.9596 0.1142 -0.2571
vn 0.8902 -0.3306 -0.3134
vn 0.9544 0.0172 -0.2980
vn 0.9586 0.0967 -0.2679
vn 0.9436 -0.0706 -0.3235
vn 0.9361 0.1357 -0.3245
vn 0.9379 0.1214 -0.3249
vn 0.9364 0.1356 -0.3238
vn 0.9337 -0.0243 -0.3572
vn 0.9420 0.1244 -0.3117
vn 0.9597 0.1848 -0.2116
vn 0.9588 0.1889 -0.2123
vn 0.9603 0.1653 -0.2245
vn 0.9454 0.2239 -0.2369
vn 0.9429 0.2272 -0.2435
vn 0.9452 0.2257 -0.2361
vn 0.9479 0.2178 -0.2327
vn 0.9486 0.2039 -0.2421
vn 0.9528 0.1849 -0.2409
vn 0.9474 0.2244 -0.2280
vn 0.9552 0.1713 -0.2414
vn 0.9549 0.1611 -0.2495
vn 0.9575 0.1518 -0.2452
vn 0.9514 0.2041 -0.2307
vn 0.9502 0.2211 -0.2196
vn 0.9588 0.1407 -0.2469
vn 0.9595 0.1313 -0.2494
vn 0.9592 0.1312 -0.2505
vn 0.9586 0.1489 -0.2429
vn 0.9582 0.1432 -0.2477
vn 0.9575 0.1622 -0.2386
vn 0.9563 0.1876 -0.2241
vn 0.9553 0.2068 -0.2114
vn 0.9598 0.1243 -0.2516
vn 0.9624 0.1113 -0.2479
vn 0.9608 0.1110 -0.2541
vn 0.9592 0.1307 -0.2508
vn 0.9606 0.1238 -0.2488
vn 0.9591 0.1363 -0.2481
vn 0.9596 0.1434 -0.2419
vn 0.9606 0.1493 -0.2342
vn 0.9604 0.1680 -0.2222
vn 0.9582 0.2031 -0.2014
vn 0.9598 0.1078 -0.2590
vn 0.9592 0.1226 -0.2549
vn 0.9590 0.1292 -0.2522
vn 0.9594 0.1332 -0.2486
vn 0.9602 0.1367 -0.2434
vn 0.9620 0.1394 -0.2347
vn 0.9621 0.1365 -0.2362
vn 0.9611 0.1318 -0.2427
vn 0.9615 0.1536 -0.2277
vn 0.9444 0.2070 -0.2556
vn 0.9480 0.1786 -0.2636
vn 0.9416 0.2216 -0.2537
vn 0.9408 0.2222 -0.2561
vn 0.9497 0.1691 -0.2635
vn 0.9481 0.1654 -0.2715
vn 0.9518 0.1506 -0.2673
vn 0.9472 0.1959 -0.2537
vn 0.9433 0.2208 -0.2477
vn 0.9421 0.2241 -0.2495
vn 0.9435 0.2225 -0.2456
vn 0.9612 0.1010 -0.2569
vn 0.9614 0.0917 -0.2595
vn 0.9639 0.0952 -0.2488
vn 0.9570 0.1226 -0.2629
vn 0.9593 0.0962 -0.2657
vn 0.9535 0.1476 -0.2628
vn 0.9557 0.1205 -0.2685
vn 0.9511 0.1783 -0.2521
vn 0.9517 0.1634 -0.2599
vn 0.9649 0.1002 -0.2428
vn 0.9617 0.1094 -0.2514
vn 0.9576 0.1268 -0.2588
vn 0.9544 0.1455 -0.2608
vn 0.9530 0.1587 -0.2581
vn 0.9646 0.1066 -0.2414
vn 0.9616 0.1166 -0.2483
vn 0.9587 0.1301 -0.2529
vn 0.9566 0.1430 -0.2539
vn 0.9558 0.1526 -0.2514
vn 0.9638 0.1096 -0.2432
vn 0.9615 0.1209 -0.2468
vn 0.9513 0.0902 -0.2947
vn 0.9514 0.0959 -0.2927
vn 0.9499 0.1221 -0.2876
vn 0.9473 0.1528 -0.2816
vn 0.9574 0.0895 -0.2746
vn 0.9561 0.0939 -0.2775
vn 0.9538 0.1158 -0.2771
vn 0.9509 0.1425 -0.2747
vn 0.9187 0.3739 -0.1271
vn 0.9297 0.3343 -0.1549
vn 0.9400 0.3095 -0.1434
vn 0.9008 0.3949 -0.1808
vn 0.9207 0.3603 -0.1498
vn 0.9193 0.3500 -0.1800
vn 0.9003 0.3931 -0.1872
vn 0.9209 0.3396 -0.1914
vn 0.9253 0.3269 -0.1921
vn 0.9325 0.3027 -0.1972
vn 0.9365 0.2883 -0.1998
vn 0.9069 0.3799 -0.1821
vn 0.9430 0.2709 -0.1934
vn 0.9448 0.2522 -0.2094
vn 0.9501 0.2349 -0.2052
vn 0.9322 0.3127 -0.1822
vn 0.9187 0.3564 -0.1700
vn 0.8956 0.4165 -0.1561
vn 0.9541 0.2254 -0.1970
vn 0.9527 0.2203 -0.2092
vn 0.9547 0.2231 -0.1971
vn 0.9498 0.2510 -0.1868
vn 0.9408 0.2931 -0.1701
vn 0.9062 0.3985 -0.1417
vn 0.9557 0.2268 -0.1877
vn 0.9550 0.2243 -0.1942
vn 0.9556 0.2287 -0.1859
vn 0.9569 0.2216 -0.1877
vn 0.9564 0.2306 -0.1791
vn 0.9511 0.2632 -0.1614
vn 0.9312 0.3325 -0.1495
vn 0.9360 0.3071 -0.1718
vn 0.9240 0.3640 -0.1169
vn 0.9193 0.3849 -0.0821
vn 0.9358 0.3063 -0.1747
vn 0.9414 0.2783 -0.1906
vn 0.9303 0.3298 -0.1607
vn 0.9032 0.4047 -0.1431
vn 0.9446 0.2553 -0.2063
vn 0.9465 0.2467 -0.2078
vn 0.9491 0.2277 -0.2176
vn 0.9376 0.2892 -0.1931
vn 0.9309 0.3153 -0.1847
vn 0.9500 0.2202 -0.2212
vn 0.9503 0.2154 -0.2246
vn 0.9526 0.2073 -0.2227
vn 0.9472 0.2374 -0.2154
vn 0.9404 0.2709 -0.2058
vn 0.9546 0.2056 -0.2157
vn 0.9537 0.1985 -0.2259
vn 0.9568 0.1975 -0.2134
vn 0.9515 0.2173 -0.2180
vn 0.9498 0.2265 -0.2159
vn 0.9592 0.2017 -0.1980
vn 0.9554 0.2033 -0.2143
vn 0.9588 0.2035 -0.1983
vn 0.9558 0.2125 -0.2033
vn 0.9532 0.2199 -0.2076
vn 0.9603 0.2017 -0.1929
vn 0.9556 0.2132 -0.2032
vn 0.9606 0.2037 -0.1890
vn 0.9574 0.2171 -0.1905
vn 0.9615 0.1914 -0.1972
vn 0.9625 0.1954 -0.1882
vn 0.9588 0.2158 -0.1846
vn 0.9436 0.2382 -0.2299
vn 0.9442 0.2214 -0.2437
vn 0.9436 0.2514 -0.2154
vn 0.9407 0.2786 -0.1936
vn 0.9470 0.2099 -0.2433
vn 0.9435 0.2147 -0.2526
vn 0.9456 0.2116 -0.2472
vn 0.9470 0.2207 -0.2333
vn 0.9476 0.2308 -0.2207
vn 0.9475 0.2110 -0.2402
vn 0.9496 0.2038 -0.2384
vn 0.9505 0.2052 -0.2334
vn 0.9496 0.2147 -0.2284
vn 0.9522 0.2025 -0.2288
vn 0.9520 0.2170 -0.2159
vn 0.9415 0.2169 -0.2579
vn 0.9434 0.2170 -0.2507
vn 0.1127 0.9913 0.0686
vn 0.2736 0.9617 0.0182
vn 0.8129 0.5592 -0.1631
vn 0.7990 0.5878 -0.1268
vn 0.3868 0.9199 -0.0647
vn 0.8395 0.5154 -0.1719
vn 0.6196 0.7814 -0.0738
vn 0.8538 0.4938 -0.1651
vn 0.7451 0.6536 -0.1329
vn 0.8553 0.4949 -0.1532
vn 0.8852 0.4329 -0.1704
vn 0.7855 0.6024 -0.1418
vn 0.8610 0.4909 -0.1333
vn 0.8771 0.4689 -0.1040
vn 0.8711 0.4895 -0.0399
vn 0.9025 0.4261 -0.0630
vn 0.7832 0.6197 -0.0515
vn 0.8738 0.4659 -0.1394
vn 0.8765 0.4471 -0.1783
vn 0.8796 0.4369 -0.1881
vn 0.0011 -0.9878 -0.1557
vn 0.0029 -0.9877 -0.1566
vn 0.0094 -0.9869 -0.1610
vn 0.0330 -0.9850 -0.1696
vn 0.1077 -0.9747 -0.1958
vn 0.2061 -0.9652 -0.1612
vn 0.2106 -0.9638 -0.1633
vn 0.0040 -0.9875 -0.1575
vn 0.0131 -0.9872 -0.1592
vn 0.0345 -0.9853 -0.1672
vn 0.0792 -0.9816 -0.1736
vn 0.1251 -0.9761 -0.1780
vn 0.1451 -0.9682 -0.2040
vn 0.1700 -0.9605 -0.2201
vn 0.3945 -0.8491 -0.3513
vn 0.6915 -0.6502 -0.3148
vn 0.7535 -0.6171 -0.2267
vn 0.9604 -0.0536 -0.2734
vn 0.9681 0.0636 -0.2422
vn 0.9665 -0.0679 -0.2474
vn 0.9686 0.0697 -0.2387
vn 0.9664 0.0671 -0.2481
vn 0.9695 0.0691 -0.2353
vn 0.9672 0.0731 -0.2434
vn 0.0463 -0.9844 -0.1699
vn 0.1778 -0.9621 -0.2069
vn 0.2764 -0.9327 -0.2316
vn 0.3886 -0.8882 -0.2451
vn 0.5553 -0.7773 -0.2955
vn 0.8304 -0.4406 -0.3411
vn 0.9621 0.0772 -0.2615
vn 0.9575 0.0842 -0.2758
vn 0.9606 0.0474 -0.2737
vn 0.9632 0.0790 -0.2569
vn 0.9594 0.0840 -0.2692
vn 0.9640 0.0791 -0.2540
vn 0.9606 0.0834 -0.2653
vn 0.6343 -0.7284 -0.2591
vn 0.9465 -0.2126 -0.2427
vn 0.9178 -0.1910 -0.3480
vn 0.9678 0.0312 -0.2497
vn 0.9659 0.0768 -0.2474
vn 0.9653 0.0761 -0.2497
vn 0.9662 0.0768 -0.2461
vn 0.6115 -0.7521 -0.2458
vn 0.9689 0.0325 -0.2455
vn 0.8753 -0.3476 -0.3363
vn 0.9670 0.0759 -0.2433
vn 0.9669 0.0748 -0.2441
vn 0.9672 0.0759 -0.2426
vn 0.9138 -0.2582 -0.3135
vn 0.9660 0.0408 -0.2553
vn 0.9667 0.0751 -0.2446
vn 0.9663 0.0741 -0.2464
vn 0.9672 0.0745 -0.2427
vn 0.9682 0.0727 -0.2395
vn 0.3182 -0.9204 -0.2270
vn 0.7330 -0.5916 -0.3356
vn 0.9624 -0.0661 -0.2636
vn 0.9575 0.0920 -0.2734
vn 0.9582 0.0813 -0.2743
vn 0.9583 0.0916 -0.2708
vn 0.9590 0.0921 -0.2681
vn 0.7719 -0.5520 -0.3155
vn 0.9600 -0.0081 -0.2798
vn 0.9567 0.0849 -0.2783
vn 0.9579 0.0882 -0.2733
vn 0.9570 0.0899 -0.2756
vn 0.9589 0.0882 -0.2698
vn 0.9573 0.0102 -0.2889
vn 0.9581 0.0876 -0.2726
vn 0.9578 0.0834 -0.2751
vn 0.9591 0.0863 -0.2696
vn 0.9601 0.0854 -0.2665
vn 0.9617 0.0822 -0.2617
vn 0.9530 0.0182 -0.3025
vn 0.9694 0.1357 -0.2046
vn 0.9671 0.1374 -0.2141
vn 0.9697 0.1209 -0.2124
vn 0.9704 0.1065 -0.2166
vn 0.9686 0.1081 -0.2238
vn 0.9697 0.1039 -0.2209
vn 0.9714 0.1129 -0.2089
vn 0.9695 0.1113 -0.2183
vn 0.9702 0.0977 -0.2215
vn 0.9678 0.0997 -0.2313
vn 0.9690 0.0952 -0.2278
vn 0.9714 0.0992 -0.2158
vn 0.9687 0.1023 -0.2260
vn 0.9726 0.1010 -0.2092
vn 0.9739 0.1031 -0.2023
vn 0.9744 0.1154 -0.1928
vn 0.9686 0.0733 -0.2374
vn 0.9693 0.0806 -0.2323
vn 0.9679 0.0764 -0.2396
vn 0.9705 0.0889 -0.2240
vn 0.9683 0.0863 -0.2342
vn 0.9720 0.0912 -0.2167
vn 0.9735 0.0923 -0.2093
vn 0.9750 0.0936 -0.2016
vn 0.9763 0.0954 -0.1943
vn 0.9766 0.1053 -0.1873
vn 0.9700 0.0698 -0.2329
vn 0.9706 0.0739 -0.2290
vn 0.9722 0.0804 -0.2200
vn 0.9738 0.0845 -0.2112
vn 0.9749 0.0853 -0.2054
vn 0.9763 0.0870 -0.1980
vn 0.9776 0.0892 -0.1908
vn 0.9780 0.0974 -0.1846
vn 0.9792 0.0930 -0.1805
vn 0.9783 0.0839 -0.1892
vn 0.9628 0.1306 -0.2366
vn 0.9620 0.1277 -0.2415
vn 0.9617 0.1529 -0.2274
vn 0.9621 0.1204 -0.2448
vn 0.9599 0.1221 -0.2524
vn 0.9612 0.1182 -0.2492
vn 0.9630 0.1232 -0.2396
vn 0.9609 0.1246 -0.2474
vn 0.9638 0.1251 -0.2353
vn 0.9639 0.1401 -0.2263
vn 0.9621 0.1691 -0.2139
vn 0.9621 0.0895 -0.2575
vn 0.9623 0.1046 -0.2510
vn 0.9605 0.0945 -0.2619
vn 0.9628 0.1139 -0.2449
vn 0.9607 0.1103 -0.2546
vn 0.9637 0.1162 -0.2402
vn 0.9645 0.1194 -0.2354
vn 0.9656 0.1211 -0.2302
vn 0.9656 0.1272 -0.2269
vn 0.9659 0.1571 -0.2056
vn 0.9643 0.1568 -0.2133
vn 0.9643 0.0854 -0.2508
vn 0.9643 0.0989 -0.2455
vn 0.9648 0.1085 -0.2396
vn 0.9656 0.1120 -0.2346
vn 0.9669 0.1137 -0.2285
vn 0.9681 0.1154 -0.2225
vn 0.9684 0.1196 -0.2186
vn 0.9663 0.0817 -0.2442
vn 0.9663 0.0940 -0.2398
vn 0.9665 0.1039 -0.2346
vn 0.9674 0.1063 -0.2297
vn 0.9675 0.0795 -0.2401
vn 0.9675 0.0904 -0.2361
vn 0.9591 0.1038 -0.2634
vn 0.9587 0.1193 -0.2582
vn 0.9590 0.1257 -0.2541
vn 0.9600 0.1292 -0.2484
vn 0.9593 0.0993 -0.2645
vn 0.9592 0.1149 -0.2583
vn 0.9315 0.3439 -0.1183
vn 0.9497 0.2805 -0.1395
vn 0.9576 0.2489 -0.1453
vn 0.9598 0.2311 -0.1592
vn 0.9648 0.2065 -0.1627
vn 0.9429 0.3104 -0.1208
vn 0.9669 0.1947 -0.1649
vn 0.9644 0.2022 -0.1705
vn 0.9650 0.2015 -0.1676
vn 0.9629 0.2224 -0.1526
vn 0.9521 0.2765 -0.1309
vn 0.9681 0.1906 -0.1628
vn 0.9655 0.2046 -0.1610
vn 0.9667 0.2026 -0.1564
vn 0.9598 0.2435 -0.1395
vn 0.9667 0.2075 -0.1499
vn 0.9625 0.2177 -0.1617
vn 0.9656 0.2102 -0.1532
vn 0.9695 0.1926 -0.1518
vn 0.9698 0.1910 -0.1515
vn 0.9669 0.2124 -0.1412
vn 0.9692 0.2012 -0.1416
vn 0.9671 0.1957 -0.1623
vn 0.9723 0.1780 -0.1513
vn 0.9686 0.2071 -0.1373
vn 0.9707 0.1965 -0.1384
vn 0.9721 0.1877 -0.1405
vn 0.9757 0.1609 -0.1490
vn 0.9739 0.1573 -0.1634
vn 0.9770 0.1418 -0.1595
vn 0.9722 0.1905 -0.1363
vn 0.9701 0.2054 -0.1293
vn 0.9711 0.2008 -0.1287
vn 0.9783 0.1281 -0.1626
vn 0.9770 0.1293 -0.1694
vn 0.9789 0.1126 -0.1707
vn 0.9774 0.1460 -0.1527
vn 0.9744 0.1763 -0.1395
vn 0.9714 0.1997 -0.1281
vn 0.9712 0.2025 -0.1258
vn 0.9567 0.2275 -0.1813
vn 0.9563 0.2280 -0.1833
vn 0.9591 0.2179 -0.1807
vn 0.9617 0.2120 -0.1737
vn 0.9593 0.2142 -0.1840
vn 0.9601 0.2060 -0.1892
vn 0.9627 0.1880 -0.1944
vn 0.9581 0.2260 -0.1760
vn 0.9606 0.2169 -0.1740
vn 0.9671 0.1606 -0.1974
vn 0.9681 0.1481 -0.2021
vn 0.9657 0.1780 -0.1889
vn 0.9657 0.1659 -0.1996
vn 0.9599 0.2222 -0.1710
vn 0.9629 0.2029 -0.1779
vn 0.9614 0.2173 -0.1688
vn 0.9687 0.1535 -0.1949
vn 0.9678 0.1680 -0.1875
vn 0.9653 0.1900 -0.1789
vn 0.9626 0.2124 -0.1684
vn 0.9712 0.1437 -0.1899
vn 0.9719 0.1260 -0.1987
vn 0.9708 0.1575 -0.1812
vn 0.9691 0.1762 -0.1726
vn 0.9741 0.1333 -0.1828
vn 0.9743 0.1447 -0.1728
vn 0.9764 0.1198 -0.1796
vn 0.9779 0.1098 -0.1777
vn 0.9630 0.1796 -0.2012
vn 0.9637 0.1843 -0.1930
vn 0.9638 0.1708 -0.2046
vn 0.9639 0.1774 -0.1983
vn 0.8991 0.4281 -0.0917
vn 0.9185 0.3844 -0.0931
vn 0.9347 0.3404 -0.1017
vn 0.2246 -0.9455 -0.2359
vn 0.3271 -0.9107 -0.2525
vn 0.4946 -0.8276 -0.2655
vn 0.7814 -0.5168 -0.3498
vn 0.5392 -0.8143 -0.2151
vn 0.9238 -0.3184 -0.2125
vn 0.9693 -0.0059 -0.2459
vn 0.8973 -0.3014 -0.3227
vn 0.9706 -0.0096 -0.2404
vn 0.9695 0.0528 -0.2392
vn 0.9699 0.0530 -0.2375
vn 0.9688 0.0522 -0.2424
vn 0.4894 -0.8427 -0.2243
vn 0.9687 -0.0176 -0.2475
vn 0.8070 -0.4741 -0.3522
vn 0.9698 0.0478 -0.2392
vn 0.8586 -0.4058 -0.3132
vn 0.9647 -0.0127 -0.2629
vn 0.9690 0.0419 -0.2433
vn 0.9711 0.0480 -0.2338
vn 0.9165 -0.2841 -0.2817
vn 0.9651 -0.0299 -0.2601
vn 0.9710 0.0281 -0.2373
vn 0.9712 0.0430 -0.2344
vn 0.7651 -0.5712 -0.2971
vn 0.9680 -0.0428 -0.2473
vn 0.9687 0.0607 -0.2406
vn 0.9698 0.0669 -0.2347
vn 0.9691 0.0667 -0.2376
vn 0.9561 -0.0502 -0.2887
vn 0.9654 0.0569 -0.2546
vn 0.9676 0.0628 -0.2444
vn 0.9509 -0.0561 -0.3043
vn 0.9666 0.0418 -0.2530
vn 0.9694 0.0609 -0.2380
vn 0.9688 0.0565 -0.2414
vn 0.9702 0.0573 -0.2356
vn 0.9802 0.0847 -0.1787
vn 0.9793 0.0781 -0.1865
vn 0.9772 0.0651 -0.2018
vn 0.9742 0.0697 -0.2145
vn 0.9753 0.0623 -0.2121
vn 0.9786 0.0683 -0.1942
vn 0.9765 0.0729 -0.2030
vn 0.9797 0.0720 -0.1873
vn 0.9781 0.0749 -0.1940
vn 0.9805 0.0766 -0.1811
vn 0.9713 0.0574 -0.2310
vn 0.9724 0.0565 -0.2265
vn 0.9704 0.0610 -0.2335
vn 0.9736 0.0547 -0.2215
vn 0.9718 0.0603 -0.2280
vn 0.9752 0.0545 -0.2143
vn 0.9734 0.0601 -0.2210
vn 0.9767 0.0578 -0.2068
vn 0.9783 0.0599 -0.1985
vn 0.9794 0.0664 -0.1906
vn 0.9798 0.0716 -0.1865
vn 0.9713 0.0523 -0.2321
vn 0.9725 0.0516 -0.2269
vn 0.9739 0.0488 -0.2217
vn 0.9755 0.0474 -0.2150
vn 0.9772 0.0494 -0.2065
vn 0.9791 0.0615 -0.1937
vn 0.9787 0.0529 -0.1982
vn 0.9793 0.0693 -0.1903
vn 0.9732 0.0477 -0.2249
vn 0.9723 0.0474 -0.2291
vn 0.9742 0.0441 -0.2212
vn 0.9755 0.0411 -0.2163
vn 0.9769 0.0412 -0.2096
vn 0.9784 0.0476 -0.2011
vn 0.9791 0.0583 -0.1947
vn 0.9790 0.0676 -0.1925
vn 0.9733 0.0435 -0.2252
vn 0.9724 0.0442 -0.2292
vn 0.9745 0.0407 -0.2205
vn 0.9758 0.0365 -0.2154
vn 0.9774 0.0354 -0.2083
vn 0.9788 0.0412 -0.2007
vn 0.9719 0.0384 -0.2323
vn 0.9704 0.0682 -0.2316
vn 0.9710 0.0691 -0.2291
vn 0.9723 0.0725 -0.2222
vn 0.9739 0.0778 -0.2133
vn 0.9756 0.0807 -0.2043
vn 0.9772 0.0813 -0.1962
vn 0.9699 0.0653 -0.2346
vn 0.9690 0.0637 -0.2389
vn 0.9712 0.0659 -0.2291
vn 0.9726 0.0668 -0.2226
vn 0.9804 0.1035 -0.1675
vn 0.9800 0.1192 -0.1596
vn 0.9765 0.1598 -0.1444
vn 0.9788 0.1362 -0.1528
vn 0.9730 0.1873 -0.1349
vn 0.9805 0.0942 -0.1722
vn 0.9786 0.1275 -0.1617
vn 0.9796 0.1129 -0.1663
vn 0.9773 0.1448 -0.1549
vn 0.9794 0.0868 -0.1826
vn 0.9784 0.1067 -0.1771
vn 0.9776 0.1203 -0.1730
vn 0.9788 0.0815 -0.1881
vn 0.9780 0.0988 -0.1835
vn 0.9785 0.0771 -0.1914
vn 0.9779 0.0922 -0.1876
vn 0.0051 -0.9870 -0.1604
vn 0.0490 -0.9807 -0.1891
vn 0.1725 -0.9626 -0.2088
vn 0.2512 -0.9056 -0.3417
vn 0.6783 -0.5094 -0.5296
vn 0.8724 0.1614 -0.4613
vn 0.8609 0.1544 -0.4848
vn 0.8700 0.1485 -0.4702
vn 0.8759 0.1744 -0.4499
vn 0.8635 0.1699 -0.4749
vn 0.8688 0.1357 -0.4763
vn 0.8586 0.1327 -0.4952
vn 0.8680 0.1307 -0.4790
vn 0.8692 0.1363 -0.4752
vn 0.8590 0.1372 -0.4933
vn 0.8692 0.1385 -0.4746
vn 0.8593 0.1373 -0.4927
vn 0.8600 0.1415 -0.4903
vn 0.8754 0.2286 -0.4260
vn 0.8647 0.2278 -0.4477
vn 0.8744 0.2246 -0.4301
vn 0.8767 0.2353 -0.4195
vn 0.8652 0.2331 -0.4440
vn 0.8755 0.2457 -0.4161
vn 0.8665 0.2390 -0.4382
vn 0.8668 0.2529 -0.4297
vn 0.8839 0.2188 -0.4132
vn 0.8765 0.2127 -0.4319
vn 0.8844 0.2081 -0.4178
vn 0.8833 0.2230 -0.4123
vn 0.8750 0.2203 -0.4311
vn 0.8843 0.2240 -0.4096
vn 0.8662 0.2154 -0.4509
vn 0.8650 0.2221 -0.4500
vn 0.8774 0.1935 -0.4390
vn 0.8660 0.1831 -0.4654
vn 0.8856 0.1855 -0.4257
vn 0.8844 0.1656 -0.4364
vn 0.8671 0.2002 -0.4562
vn 0.8686 0.2836 -0.4063
vn 0.1548 -0.9651 -0.2113
vn 0.2577 -0.9205 -0.2938
vn 0.4834 -0.8193 -0.3083
vn 0.5011 -0.8078 -0.3104
vn 0.5492 -0.7108 -0.4394
vn 0.6473 -0.5715 -0.5044
vn 0.7816 -0.3471 -0.5183
vn 0.8980 0.1351 -0.4187
vn 0.8902 0.1336 -0.4356
vn 0.8977 0.1318 -0.4205
vn 0.8995 0.1432 -0.4127
vn 0.8911 0.1393 -0.4319
vn 0.9015 0.1514 -0.4054
vn 0.8916 0.1482 -0.4278
vn 0.8464 -0.2839 -0.4505
vn 0.9033 0.1276 -0.4096
vn 0.8956 0.1263 -0.4265
vn 0.9037 0.0745 -0.4216
vn 0.9024 0.1300 -0.4108
vn 0.8970 0.1302 -0.4225
vn 0.9024 0.1309 -0.4105
vn 0.8973 0.1309 -0.4217
vn 0.9025 0.1323 -0.4098
vn 0.9038 0.1369 -0.4054
vn 0.9063 0.1441 -0.3973
vn 0.8230 -0.3324 -0.4606
vn 0.9162 0.0651 -0.3954
vn 0.9073 0.1309 -0.3996
vn 0.9080 0.1297 -0.3983
vn 0.9067 0.1306 -0.4011
vn 0.8680 -0.2386 -0.4355
vn 0.9149 0.0930 -0.3929
vn 0.8787 0.1323 -0.4587
vn 0.8788 0.1164 -0.4627
vn 0.8796 0.1350 -0.4562
vn 0.8798 0.1364 -0.4554
vn 0.8804 0.1434 -0.4520
vn 0.8818 0.1537 -0.4458
vn 0.8929 0.1579 -0.4216
vn 0.8790 -0.0393 -0.4752
vn 0.8960 -0.0009 -0.4440
vn 0.8892 0.1318 -0.4381
vn 0.8913 0.1218 -0.4367
vn 0.8898 0.1324 -0.4368
vn 0.8875 0.0206 -0.4604
vn 0.8562 0.0265 -0.5159
vn 0.8592 0.0247 -0.5111
vn 0.8937 0.1778 -0.4118
vn 0.8930 0.2025 -0.4019
vn 0.8919 0.2150 -0.3978
vn 0.8917 0.2192 -0.3960
vn 0.8922 0.2217 -0.3935
vn 0.9020 0.1699 -0.3969
vn 0.9008 0.1961 -0.3874
vn 0.0581 -0.9971 -0.0494
vn 0.7739 0.5136 -0.3705
s 1
usemtl Arch.006
f 8//1 1//2 2//3
f 8//1 3//4 9//5
f 17//6 12//7 13//8
f 18//9 13//8 14//10
f 19//11 16//12 20//13
f 21//14 16//12 17//6
f 22//15 17//6 18//9
f 23//16 20//13 24//17
f 24//17 21//14 25//18
f 25//18 22//15 26//19
f 35//20 30//21 31//22
f 40//23 32//24 33//25
f 41//26 33//25 34//27
f 42//28 34//27 35//20
f 45//29 36//30 37//31
f 46//32 37//31 38//33
f 47//34 38//33 39//35
f 48//36 39//35 40//23
f 49//37 40//23 41//26
f 50//38 41//26 42//28
f 51//39 11//40 43//41
f 52//42 43//41 44//43
f 53//44 44//43 45//29
f 54//45 45//29 46//32
f 55//46 46//32 47//34
f 56//47 47//34 48//36
f 57//48 48//36 49//37
f 58//49 49//37 50//38
f 59//50 14//10 51//39
f 60//51 51//39 52//42
f 61//52 52//42 53//44
f 62//53 53//44 54//45
f 62//53 55//46 63//54
f 63//54 56//47 64//55
f 65//56 56//47 57//48
f 66//57 57//48 58//49
f 67//58 18//9 59//50
f 67//58 60//51 68//59
f 68//59 61//52 69//60
f 69//60 62//53 70//61
f 71//62 62//53 63//54
f 72//63 63//54 64//55
f 73//64 64//55 65//56
f 74//65 65//56 66//57
f 26//19 67//58 75//66
f 75//66 68//59 76//67
f 76//67 69//60 77//68
f 78//69 69//60 70//61
f 79//70 70//61 71//62
f 80//71 71//62 72//63
f 81//72 72//63 73//64
f 28//73 80//71 81//72
f 82//74 73//64 74//65
f 29//75 81//72 82//74
f 88//76 4//77 5//78
f 89//79 5//78 6//80
f 90//81 6//80 7//82
f 91//83 7//82 8//1
f 91//83 9//5 92//84
f 92//84 10//85 93//86
f 94//87 31//22 87//88
f 95//89 87//88 88//76
f 96//90 88//76 89//79
f 97//91 89//79 90//81
f 98//92 90//81 91//83
f 98//92 92//84 99//93
f 99//93 93//86 100//94
f 101//95 35//20 94//87
f 102//96 94//87 95//89
f 103//97 95//89 96//90
f 104//98 96//90 97//91
f 105//99 97//91 98//92
f 105//99 99//93 106//100
f 106//100 100//94 107//101
f 107//101 1591//102 108//103
f 109//104 42//28 101//95
f 110//105 101//95 102//96
f 111//106 102//96 103//97
f 112//107 103//97 104//98
f 113//108 104//98 105//99
f 114//109 105//99 106//100
f 114//109 107//101 115//110
f 115//110 108//103 116//111
f 117//112 50//38 109//104
f 118//113 109//104 110//105
f 119//114 110//105 111//106
f 120//115 111//106 112//107
f 121//116 112//107 113//108
f 122//117 113//108 114//109
f 123//118 114//109 115//110
f 123//118 116//111 124//119
f 125//120 58//49 117//112
f 126//121 117//112 118//113
f 127//122 118//113 119//114
f 128//123 119//114 120//115
f 129//124 120//115 121//116
f 130//125 121//116 122//117
f 131//126 122//117 123//118
f 131//126 124//119 132//127
f 133//128 66//57 125//120
f 133//128 126//121 134//129
f 134//129 127//122 135//130
f 136//131 127//122 128//123
f 137//132 128//123 129//124
f 138//133 129//124 130//125
f 139//134 130//125 131//126
f 140//135 131//126 132//127
f 141//136 74//65 133//128
f 83//137 82//74 141//136
f 141//136 134//129 142//138
f 84//139 141//136 142//138
f 142//138 135//130 143//140
f 85//141 142//138 143//140
f 143//140 136//131 144//142
f 86//143 143//140 144//142
f 145//144 136//131 137//132
f 146//145 137//132 138//133
f 147//146 138//133 139//134
f 148//147 139//134 140//135
f 124//119 1594//148 149//149
f 132//127 149//149 150//150
f 150//150 1670//151 151//152
f 140//135 150//150 152//153
f 152//153 151//152 153//154
f 153//154 1676//155 154//156
f 155//157 140//135 152//153
f 156//158 152//153 153//154
f 157//159 153//154 154//156
f 157//159 1681//160 158//161
f 159//162 24//17 160//163
f 160//163 25//18 161//164
f 161//164 26//19 162//165
f 163//166 160//163 164//167
f 165//168 160//163 161//164
f 166//169 161//164 162//165
f 168//170 163//166 164//167
f 169//171 164//167 165//168
f 170//172 165//168 166//169
f 171//173 169//171 172//174
f 172//174 170//172 173//175
f 177//176 27//177 28//73
f 178//178 28//73 29//75
f 180//179 174//180 175//181
f 181//182 175//181 176//183
f 187//184 176//183 177//176
f 162//165 75//66 182//185
f 183//186 75//66 76//67
f 184//187 76//67 77//68
f 184//187 78//69 185//188
f 186//189 78//69 79//70
f 186//189 174//180 185//188
f 27//177 79//70 80//71
f 176//183 186//189 27//177
f 188//190 177//176 178//178
f 189//191 162//165 182//185
f 190//192 182//185 183//186
f 191//193 183//186 184//187
f 192//194 184//187 185//188
f 179//195 185//188 174//180
f 193//196 179//195 180//179
f 194//197 180//179 181//182
f 195//198 181//182 187//184
f 195//198 188//190 196//199
f 197//200 166//169 189//191
f 198//201 189//191 190//192
f 199//202 190//192 191//193
f 200//203 191//193 192//194
f 200//203 193//196 201//204
f 202//205 193//196 194//197
f 203//206 194//197 195//198
f 204//207 195//198 196//199
f 173//175 197//200 205//208
f 205//208 198//201 1919//209
f 206//210 29//75 83//137
f 207//211 83//137 84//139
f 208//212 84//139 85//141
f 209//213 85//141 86//143
f 210//214 178//178 206//210
f 211//215 206//210 207//211
f 208//212 211//215 207//211
f 209//213 212//216 208//212
f 209//213 144//142 213//217
f 213//217 145//144 214//218
f 214//218 146//145 215//219
f 215//219 147//146 216//220
f 217//221 147//146 148//147
f 218//222 188//190 210//214
f 219//223 210//214 211//215
f 220//224 211//215 212//216
f 221//225 212//216 213//217
f 221//225 214//218 1993//226
f 222//227 148//147 155//157
f 1685//228 155//157 156//158
f 237//229 229//230 230//231
f 238//232 230//231 231//233
f 239//234 231//233 232//235
f 240//236 232//235 233//237
f 241//238 233//237 234//239
f 250//240 242//241 243//242
f 253//243 244//244 245//245
f 254//246 245//245 246//247
f 255//248 246//247 247//249
f 256//250 247//249 248//251
f 257//252 248//251 249//253
f 257//252 250//240 258//254
f 259//255 252//256 260//257
f 260//257 253//243 261//258
f 262//259 253//243 254//246
f 262//259 229//230 261//258
f 263//260 254//246 255//248
f 263//260 230//231 262//259
f 264//261 255//248 256//250
f 232//235 263//260 264//261
f 265//262 256//250 257//252
f 233//237 264//261 265//262
f 266//263 257//252 258//254
f 234//239 265//262 266//263
f 267//264 260//257 268//265
f 235//266 260//257 261//258
f 235//266 229//230 236//267
f 278//268 269//269 270//270
f 279//271 270//270 271//272
f 280//273 271//272 272//274
f 282//275 273//276 274//277
f 283//278 274//277 275//279
f 284//280 275//279 276//281
f 285//282 276//281 277//283
f 286//284 277//283 278//268
f 287//285 278//268 279//271
f 288//286 279//271 280//273
f 243//242 287//285 288//286
f 289//287 282//275 290//288
f 291//289 282//275 283//278
f 291//289 244//244 290//288
f 292//290 283//278 284//280
f 246//247 291//289 292//290
f 293//291 284//280 285//282
f 247//249 292//290 293//291
f 294//292 285//282 286//284
f 248//251 293//291 294//292
f 242//241 286//284 287//285
f 249//253 294//292 242//241
f 251//293 289//287 290//288
f 251//293 244//244 252//256
f 296//294 251//293 259//255
f 297//295 259//255 267//264
f 306//296 298//297 299//298
f 307//299 299//298 300//300
f 317//301 308//302 309//303
f 318//304 309//303 310//305
f 320//306 311//307 312//308
f 321//309 312//308 313//310
f 322//311 313//310 314//312
f 323//313 314//312 315//314
f 324//315 315//314 316//316
f 325//317 316//316 317//301
f 299//298 324//315 325//317
f 326//318 317//301 318//304
f 300//300 325//317 326//318
f 327//319 234//239 319//320
f 327//319 320//306 328//321
f 329//322 320//306 321//309
f 302//323 328//321 329//322
f 330//324 321//309 322//311
f 303//325 329//322 330//324
f 331//326 322//311 323//313
f 304//327 330//324 331//326
f 298//297 323//313 324//315
f 305//328 331//326 298//297
f 340//329 333//330 341//331
f 341//331 334//332 342//333
f 343//334 243//242 335//335
f 344//336 335//335 336//337
f 345//338 336//337 337//339
f 346//340 337//339 338//341
f 347//342 338//341 339//343
f 347//342 340//329 348//344
f 348//344 341//331 349//345
f 309//303 348//344 349//345
f 349//345 342//333 350//346
f 310//305 349//345 350//346
f 351//347 250//240 343//334
f 352//348 343//334 344//336
f 312//308 351//347 352//348
f 353//349 344//336 345//338
f 313//310 352//348 353//349
f 354//350 345//338 346//340
f 314//312 353//349 354//350
f 355//351 346//340 347//342
f 315//314 354//350 355//351
f 355//351 348//344 308//302
f 316//316 355//351 308//302
f 311//307 258//254 351//347
f 319//320 266//263 311//307
f 363//352 223//353 224//354
f 364//355 224//354 225//356
f 367//357 358//358 359//359
f 368//360 359//359 360//361
f 369//362 360//361 361//363
f 370//364 361//363 362//365
f 371//366 362//365 363//352
f 372//367 363//352 364//355
f 373//368 272//274 365//369
f 374//370 365//369 366//371
f 375//372 366//371 367//357
f 376//373 367//357 368//360
f 377//374 368//360 369//362
f 378//375 369//362 370//364
f 379//376 370//364 371//366
f 333//330 378//375 379//376
f 380//377 371//366 372//367
f 380//377 333//330 379//376
f 381//378 280//273 373//368
f 335//335 288//286 381//378
f 382//379 373//368 374//370
f 336//337 381//378 382//379
f 383//380 374//370 375//372
f 337//339 382//379 383//380
f 384//381 375//372 376//373
f 338//341 383//380 384//381
f 385//382 376//373 377//374
f 339//343 384//381 385//382
f 332//383 377//374 378//375
f 332//383 339//343 385//382
f 387//384 356//385 357//386
f 396//387 388//388 389//389
f 396//387 390//390 397//391
f 397//391 391//392 398//393
f 407//394 399//395 400//396
f 407//394 401//397 408//398
f 408//398 402//399 409//400
f 412//401 403//402 404//403
f 413//404 404//403 405//405
f 414//406 405//405 406//407
f 415//408 406//407 407//394
f 389//389 414//406 415//408
f 415//408 408//398 416//409
f 416//409 389//389 415//408
f 417//410 408//398 409//400
f 417//410 390//390 416//409
f 418//411 300//300 410//412
f 419//413 410//412 411//414
f 420//415 411//414 412//401
f 393//416 419//413 420//415
f 421//417 412//401 413//404
f 394//418 420//415 421//417
f 388//388 413//404 414//406
f 395//419 421//417 388//388
f 430//420 423//421 431//422
f 431//422 424//423 432//424
f 432//424 399//395 431//422
f 432//424 425//425 433//426
f 433//426 400//396 432//424
f 433//426 426//427 434//428
f 402//399 433//426 434//428
f 435//429 310//305 427//430
f 436//431 427//430 428//432
f 437//433 428//432 429//434
f 404//403 436//431 437//433
f 438//435 429//434 430//420
f 405//405 437//433 438//435
f 438//435 431//422 399//395
f 406//407 438//435 399//395
f 439//436 402//399 434//428
f 440//437 318//304 435//429
f 410//412 326//318 440//437
f 403//402 435//429 436//431
f 411//414 440//437 403//402
f 450//438 441//439 449//440
f 451//441 442//442 450//438
f 452//443 443//444 451//441
f 342//333 453//445 460//446
f 460//446 454//447 461//448
f 461//448 455//449 462//450
f 462//450 456//451 463//452
f 463//452 457//453 464//454
f 464//454 422//455 463//452
f 464//454 458//456 465//457
f 465//457 423//421 464//454
f 465//457 459//458 466//459
f 466//459 424//423 465//457
f 426//427 466//459 467//460
f 350//346 460//446 468//461
f 427//430 350//346 468//461
f 468//461 461//448 469//462
f 428//432 468//461 469//462
f 469//462 462//450 470//463
f 429//434 469//462 470//463
f 470//463 463//452 422//455
f 422//455 429//434 470//463
f 472//464 426//427 467//460
f 476//465 472//464 471//466
f 477//467 434//428 472//464
f 482//468 473//469 481//470
f 482//468 475//471 474//472
f 483//473 441//439 442//442
f 483//473 476//465 475//471
f 484//474 442//442 443//444
f 484//474 477//467 476//465
f 485//475 443//444 444//476
f 485//475 439//436 477//467
f 487//477 478//478 486//479
f 487//477 445//480 446//481
f 487//477 480//482 479//483
f 488//484 446//481 447//485
f 488//484 481//470 480//482
f 489//486 447//485 448//487
f 489//486 482//468 481//470
f 441//439 448//487 449//440
f 490//488 225//356 226//489
f 490//488 227//490 491//491
f 491//491 228//492 492//493
f 494//494 364//355 490//488
f 494//494 491//491 495//495
f 495//495 492//493 496//496
f 496//496 493//497 497//498
f 380//377 494//494 500//499
f 500//499 334//332 380//377
f 500//499 495//495 501//500
f 501//500 453//445 500//499
f 501//500 496//496 502//501
f 502//501 454//447 501//500
f 502//501 497//498 503//502
f 503//502 455//449 502//501
f 503//502 498//503 504//504
f 504//504 456//451 503//502
f 504//504 499//505 505//506
f 505//506 457//453 504//504
f 506//507 458//456 505//506
f 459//458 507//508 508//509
f 467//460 459//458 508//509
f 512//510 471//466 472//464
f 512//510 467//460 508//509
f 515//511 473//469 474//472
f 516//512 509//513 515//511
f 516//512 474//472 475//471
f 516//512 511//514 510//515
f 471//466 475//471 476//465
f 518//516 478//478 479//483
f 519//517 479//483 480//482
f 513//518 480//482 481//470
f 513//518 473//469 514//519
f 520//520 357//386 486//479
f 520//520 478//478 517//521
f 417//410 522//522 523//523
f 391//392 523//523 524//524
f 521//525 391//392 524//524
f 522//522 439//436 525//526
f 444//476 525//526 439//436
f 526//527 522//522 525//526
f 452//443 526//527 444//476
f 527//528 523//523 526//527
f 534//529 528//530 529//531
f 542//532 535//533 536//534
f 543//535 536//534 537//536
f 546//537 538//538 539//539
f 547//540 539//539 540//541
f 548//542 540//541 541//543
f 549//544 541//543 542//532
f 550//545 542//532 543//535
f 551//546 545//547 552//548
f 553//549 545//547 546//537
f 554//550 546//537 547//540
f 555//551 547//540 548//542
f 556//552 548//542 549//544
f 557//553 549//544 550//545
f 529//531 556//552 557//553
f 558//554 552//548 559//555
f 559//555 553//549 560//556
f 561//557 553//549 554//550
f 561//557 530//558 560//556
f 562//559 554//550 555//551
f 532//560 561//557 562//559
f 528//530 555//551 556//552
f 533//561 562//559 528//530
f 571//562 563//563 564//564
f 572//565 564//564 565//566
f 574//567 566//568 567//569
f 575//570 567//569 568//571
f 576//572 568//571 569//573
f 577//574 569//573 570//575
f 578//576 570//575 571//562
f 579//577 571//562 572//565
f 580//578 574//567 581//579
f 582//580 574//567 575//570
f 583//581 575//570 576//572
f 584//582 576//572 577//574
f 585//583 577//574 578//576
f 536//534 584//582 585//583
f 586//584 578//576 579//577
f 537//536 585//583 586//584
f 587//585 581//579 588//586
f 589//587 581//579 582//580
f 589//587 538//538 588//586
f 590//588 582//580 583//581
f 540//541 589//587 590//588
f 535//533 583//581 584//582
f 541//543 590//588 535//533
f 544//589 587//585 588//586
f 544//589 538//538 545//547
f 592//590 544//589 551//546
f 593//591 551//546 558//554
f 596//592 235//266 236//267
f 597//593 236//267 237//229
f 598//594 237//229 238//232
f 599//595 238//232 239//234
f 600//596 239//234 240//236
f 564//564 599//595 600//596
f 601//597 240//236 241//238
f 565//566 600//596 601//597
f 602//598 595//599 603//600
f 604//601 595//599 596//592
f 604//601 566//568 603//600
f 605//602 596//592 597//593
f 568//571 604//601 605//602
f 606//603 597//593 598//594
f 569//573 605//602 606//603
f 563//563 598//594 599//595
f 570//575 606//603 563//563
f 607//604 603//600 608//605
f 608//605 566//568 573//606
f 609//607 573//606 580//578
f 610//608 580//578 587//585
f 611//609 587//585 591//610
f 612//611 591//610 592//590
f 613//612 592//590 593//591
f 614//613 268//265 594//614
f 595//599 268//265 235//266
f 615//615 594//614 602//598
f 607//604 615//615 602//598
f 617//616 607//604 608//605
f 609//607 617//616 608//605
f 619//617 609//607 610//608
f 620//618 610//608 611//609
f 621//619 611//609 612//611
f 622//620 612//611 613//612
f 623//621 267//264 614//613
f 624//622 614//613 615//615
f 616//623 624//622 615//615
f 626//624 616//623 617//616
f 618//625 626//624 617//616
f 628//626 618//625 619//617
f 629//627 619//617 620//618
f 630//628 620//618 621//619
f 631//629 621//619 622//620
f 639//630 632//631 633//632
f 640//633 633//632 634//634
f 644//635 635//636 636//637
f 645//638 636//637 637//639
f 646//640 637//639 638//641
f 647//642 638//641 639//630
f 648//643 639//630 640//633
f 649//644 529//531 641//645
f 650//646 641//645 642//647
f 651//648 642//647 643//649
f 652//650 643//649 644//635
f 653//651 644//635 645//638
f 654//652 645//638 646//640
f 655//653 646//640 647//642
f 656//654 647//642 648//643
f 663//655 657//656 658//657
f 668//658 659//659 660//660
f 669//661 660//660 661//662
f 670//663 661//662 662//664
f 671//665 662//664 663//655
f 673//666 664//667 665//668
f 674//669 665//668 666//670
f 675//671 666//670 667//672
f 676//673 667//672 668//658
f 677//674 668//658 669//661
f 678//675 669//661 670//663
f 679//676 670//663 671//665
f 680//677 537//536 672//678
f 681//679 672//678 673//666
f 682//680 673//666 674//669
f 683//681 674//669 675//671
f 684//682 675//671 676//673
f 685//683 676//673 677//674
f 686//684 677//674 678//675
f 633//632 685//683 686//684
f 687//685 678//675 679//676
f 634//634 686//684 687//685
f 688//686 543//535 680//677
f 689//687 680//677 681//679
f 690//688 681//679 682//680
f 691//689 682//680 683//681
f 636//637 690//688 691//689
f 692//690 683//681 684//682
f 637//639 691//689 692//690
f 632//631 684//682 685//683
f 638//641 692//690 632//631
f 693//691 550//545 688//686
f 641//645 557//553 693//691
f 694//692 688//686 689//687
f 642//647 693//691 694//692
f 635//636 689//687 690//688
f 643//649 694//692 635//636
f 697//693 301//694 302//323
f 698//695 302//323 303//325
f 699//696 303//325 304//327
f 700//697 304//327 305//328
f 701//698 305//328 306//296
f 702//699 306//296 307//299
f 658//657 701//698 702//699
f 703//700 565//566 695//701
f 704//702 695//701 696//703
f 705//704 696//703 697//693
f 706//705 697//693 698//695
f 707//706 698//695 699//696
f 660//660 706//705 707//706
f 708//707 699//696 700//697
f 661//662 707//706 708//707
f 657//656 700//697 701//698
f 662//664 708//707 657//656
f 709//708 572//565 703//700
f 710//709 703//700 704//702
f 665//668 709//708 710//709
f 711//710 704//702 705//704
f 666//670 710//709 711//710
f 659//659 705//704 706//705
f 667//672 711//710 659//659
f 664//667 579//577 709//708
f 672//678 586//584 664//667
f 715//711 241//238 327//319
f 695//701 601//597 715//711
f 301//694 327//319 328//321
f 696//703 715//711 301//694
f 720//712 716//713 719//714
f 722//715 718//716 721//717
f 722//715 720//712 719//714
f 724//718 722//715 721//717
f 726//719 712//720 725//721
f 727//722 713//723 726//719
f 730//724 356//385 729//725
f 730//724 716//713 717//726
f 728//727 718//716 719//714
f 728//727 716//713 729//725
f 733//728 718//716 731//729
f 723//730 734//731 735//732
f 737//733 732//734 736//735
f 737//733 721//717 733//728
f 738//736 724//718 737//733
f 739//737 734//731 738//736
f 740//738 738//736 737//733
f 742//739 726//719 741//740
f 744//741 728//727 729//725
f 744//741 356//385 386//742
f 731//729 743//743 745//744
f 733//728 746//745 732//734
f 747//746 731//729 745//744
f 748//747 732//734 746//745
f 739//737 749//748 750//749
f 751//750 736//735 748//747
f 740//738 736//735 752//751
f 753//752 740//738 752//751
f 754//753 749//748 753//752
f 742//739 755//754 756//755
f 762//756 634//634 757//757
f 763//758 757//757 758//759
f 764//760 758//759 759//761
f 764//760 760//762 765//763
f 765//763 761//764 766//765
f 769//766 640//633 762//756
f 770//767 762//756 763//758
f 771//768 763//758 764//760
f 771//768 765//763 772//769
f 772//769 766//765 773//770
f 773//770 767//771 774//772
f 774//772 768//773 775//774
f 777//775 648//643 769//766
f 778//776 769//766 770//767
f 779//777 770//767 771//768
f 779//777 772//769 780//778
f 780//778 773//770 781//779
f 781//779 774//772 782//780
f 782//780 775//774 783//781
f 783//781 776//782 784//783
f 787//784 392//785 393//416
f 788//786 393//416 394//418
f 789//787 394//418 395//419
f 790//788 395//419 396//387
f 790//788 397//391 791//789
f 791//789 398//393 792//790
f 793//791 658//657 785//792
f 794//793 785//792 786//794
f 795//795 786//794 787//784
f 796//796 787//784 788//786
f 797//797 788//786 789//787
f 798//798 789//787 790//788
f 798//798 791//789 799//799
f 799//799 792//790 800//800
f 801//801 663//655 793//791
f 802//802 793//791 794//793
f 803//803 794//793 795//795
f 804//804 795//795 796//796
f 805//805 796//796 797//797
f 806//806 797//797 798//798
f 807//807 798//798 799//799
f 807//807 800//800 808//808
f 809//809 671//665 801//801
f 810//810 801//801 802//802
f 811//811 802//802 803//803
f 811//811 804//804 812//812
f 812//812 805//805 813//813
f 813//813 806//806 814//814
f 814//814 807//807 815//815
f 815//815 808//808 816//816
f 817//817 679//676 809//809
f 757//757 687//685 817//817
f 818//818 809//809 810//810
f 758//759 817//817 818//818
f 819//819 810//810 811//811
f 759//761 818//818 819//819
f 819//819 812//812 820//820
f 820//820 759//761 819//819
f 820//820 813//813 821//821
f 821//821 760//762 820//820
f 821//821 814//814 822//822
f 822//822 815//815 823//823
f 823//823 816//816 824//824
f 761//764 822//822 828//825
f 828//825 766//765 761//764
f 828//825 823//823 829//826
f 829//826 767//771 828//825
f 829//826 824//824 830//827
f 831//828 826//829 825//830
f 832//831 827//832 826//829
f 768//773 830//827 834//833
f 834//833 775//774 768//773
f 835//834 307//299 418//411
f 785//792 702//699 835//834
f 392//785 418//411 419//413
f 786//794 835//834 392//785
f 842//835 838//836 837//837
f 843//838 839//839 838//836
f 848//840 840//841 847//842
f 848//840 842//835 841//843
f 849//844 843//838 842//835
f 891//845 843//838 850//846
f 853//847 845//848 852//849
f 853//847 825//830 826//829
f 853//847 847//842 846//850
f 854//851 826//829 827//832
f 854//851 848//840 847//842
f 855//852 849//844 848//840
f 856//853 850//846 849//844
f 713//723 851//854 712//720
f 857//855 852//849 851//854
f 858//856 825//830 852//849
f 859//857 831//828 858//856
f 833//858 859//857 860//859
f 833//858 854//851 827//832
f 860//859 855//852 854//851
f 861//860 856//853 855//852
f 714//861 857//855 713//723
f 863//862 859//857 858//856
f 865//863 859//857 864//864
f 866//865 860//859 865//863
f 867//866 446//481 445//480
f 868//867 447//485 446//481
f 870//868 447//485 869//869
f 871//870 448//487 870//868
f 872//871 449//440 871//870
f 873//872 450//438 872//871
f 873//872 452//443 451//441
f 875//873 717//726 720//712
f 876//874 867//866 875//873
f 905//875 868//867 876//874
f 906//876 871//870 870//868
f 878//877 871//870 877//878
f 879//879 872//871 878//877
f 880//880 873//872 879//879
f 723//730 875//873 720//712
f 882//881 878//877 877//878
f 884//882 878//877 883//883
f 838//836 883//883 837//837
f 884//882 880//880 879//879
f 839//839 884//882 838//836
f 887//884 881//885 886//886
f 887//884 840//841 841//843
f 887//884 883//883 882//881
f 837//837 841//843 842//835
f 890//887 845//848 846//850
f 885//888 846//850 847//842
f 885//888 840//841 886//886
f 891//845 888//889 844//890
f 893//891 712//720 851//854
f 894//892 851//854 852//849
f 894//892 845//848 889//893
f 896//894 850//846 895//895
f 896//894 892//896 891//845
f 898//897 895//895 856//853
f 922//898 895//895 899//899
f 864//864 900//900 901//901
f 865//863 901//901 902//902
f 866//865 902//902 903//903
f 866//865 898//897 861//860
f 904//904 898//897 903//903
f 445//480 357//386 730//724
f 445//480 717//726 867//866
f 906//876 869//869 905//875
f 908//905 875//873 907//906
f 909//907 876//874 908//905
f 910//908 905//875 909//907
f 911//909 906//876 910//908
f 907//906 735//732 912//910
f 913//911 907//906 912//910
f 914//912 908//905 913//911
f 915//913 909//907 914//912
f 881//885 910//908 915//913
f 882//881 911//909 881//885
f 930//914 735//732 739//737
f 917//915 885//888 886//886
f 917//915 881//885 915//913
f 919//916 889//893 890//887
f 890//887 916//917 919//916
f 921//918 893//891 894//892
f 894//892 918//919 921//918
f 897//920 922//898 923//921
f 725//721 741//740 726//719
f 725//721 920//922 924//923
f 922//898 925//924 926//925
f 926//925 923//921 922//898
f 928//926 902//902 927//927
f 904//904 928//926 929//928
f 904//904 925//924 899//899
f 931//929 912//910 930//914
f 932//930 913//911 931//929
f 933//931 914//912 932//930
f 934//932 739//737 750//749
f 935//933 930//914 934//932
f 935//933 932//930 931//929
f 937//934 932//930 936//935
f 937//934 916//917 917//915
f 917//915 933//931 937//934
f 3116//936 750//749 754//753
f 939//937 918//919 919//916
f 939//937 916//917 936//935
f 921//918 940//938 920//922
f 921//918 938//939 941//940
f 924//923 755//754 741//740
f 924//923 940//938 943//941
f 944//942 940//938 941//940
f 926//925 945//943 946//944
f 942//945 946//944 947//946
f 948//947 755//754 943//941
f 948//947 944//942 949//948
f 951//949 927//927 950//950
f 952//951 928//926 951//949
f 929//928 945//943 925//924
f 792//790 521//525 954//952
f 800//800 954//952 955//953
f 808//808 955//953 957//954
f 957//954 956//955 958//956
f 816//816 957//954 959//957
f 959//957 958//956 960//958
f 824//824 959//957 961//959
f 961//959 960//958 962//960
f 830//827 961//959 963//961
f 963//961 962//960 964//962
f 834//833 963//961 965//963
f 965//963 964//962 966//964
f 776//782 965//963 967//965
f 967//965 784//783 776//782
f 967//965 966//964 968//966
f 969//967 521//525 524//524
f 970//968 954//952 969//967
f 971//969 955//953 970//968
f 972//970 836//971 839//839
f 972//970 971//969 970//968
f 958//956 971//969 973//972
f 974//973 839//839 844//890
f 974//973 973//972 972//970
f 960//958 973//972 975//974
f 977//975 960//958 975//974
f 977//975 976//976 978//977
f 964//962 977//975 979//978
f 979//978 978//977 980//979
f 966//964 979//978 981//980
f 981//980 980//979 982//981
f 968//966 981//980 983//982
f 984//983 981//980 982//981
f 874//984 527//528 452//443
f 985//985 524//524 527//528
f 986//986 874//984 880//880
f 986//986 836//971 970//968
f 986//986 969//967 985//985
f 974//973 888//889 987//987
f 988//988 974//973 987//987
f 976//976 988//988 989//989
f 990//990 888//889 892//896
f 990//990 988//988 987//987
f 991//991 989//989 988//988
f 978//977 989//989 992//992
f 897//920 990//990 892//896
f 980//979 992//992 993//993
f 982//981 993//993 994//994
f 995//995 982//981 994//994
f 991//991 996//996 997//997
f 998//998 991//991 997//997
f 996//996 923//921 999//999
f 999//999 997//997 996//996
f 1000//1000 998//998 997//997
f 993//993 998//998 1001//1001
f 994//994 1001//1001 1002//1002
f 1004//1003 994//994 1002//1002
f 1004//1003 1003//1004 1005//1005
f 999//999 942//945 1006//1006
f 1000//1000 1006//1006 1007//1007
f 1008//1008 1000//1000 1007//1007
f 947//946 1006//1006 942//945
f 1002//1002 1008//1008 1009//1009
f 1003//1004 1009//1009 1010//1010
f 1005//1005 1010//1010 1011//1011
f 1018//1012 1012//1013 1013//1014
f 1019//1015 1013//1014 1014//1016
f 1026//1017 1020//1018 1021//1019
f 1027//1020 1021//1019 1022//1021
f 1030//1022 1023//1023 1024//1024
f 1031//1025 1024//1024 1025//1026
f 1032//1027 1025//1026 1026//1017
f 1033//1028 1026//1017 1027//1020
f 1034//1029 1029//1030 1035//1031
f 1036//1032 1029//1030 1030//1022
f 1037//1033 1030//1022 1031//1025
f 1038//1034 1031//1025 1032//1027
f 1039//1035 1032//1027 1033//1028
f 1040//1036 1035//1031 1041//1037
f 1042//1038 1035//1031 1036//1032
f 1043//1039 1036//1032 1037//1033
f 1044//1040 1037//1033 1038//1034
f 1013//1014 1043//1039 1044//1040
f 1045//1041 1038//1034 1039//1035
f 1014//1016 1044//1040 1045//1041
f 1047//1042 1041//1037 1042//1038
f 1047//1042 1015//1043 1046//1044
f 1012//1013 1042//1038 1043//1039
f 1017//1045 1047//1042 1012//1013
f 1050//1046 530//558 531//1047
f 1051//1048 531//1047 532//560
f 1052//1049 532//560 533//561
f 1053//1050 533//561 534//529
f 1054//1051 1049//1052 1055//1053
f 1056//1054 1049//1052 1050//1046
f 1057//1055 1050//1046 1051//1048
f 1058//1056 1051//1048 1052//1049
f 1059//1057 1052//1049 1053//1050
f 1061//1058 1054//1051 1055//1053
f 1062//1059 1055//1053 1056//1054
f 1063//1060 1056//1054 1057//1055
f 1064//1061 1057//1055 1058//1056
f 1021//1019 1063//1060 1064//1061
f 1065//1062 1058//1056 1059//1057
f 1022//1021 1064//1061 1065//1062
f 1066//1063 1061//1058 1067//1064
f 1068//1065 1061//1058 1062//1059
f 1068//1065 1023//1023 1067//1064
f 1020//1018 1062//1059 1063//1060
f 1025//1026 1068//1065 1020//1018
f 1028//1066 1066//1063 1067//1064
f 1028//1066 1023//1023 1029//1030
f 1070//1067 1028//1066 1034//1029
f 1071//1068 1034//1029 1040//1036
f 1072//1069 1040//1036 1073//1070
f 1046//1044 1040//1036 1041//1037
f 1075//1071 558//554 559//555
f 1048//1072 559//555 560//556
f 1048//1072 530//558 1049//1052
f 1054//1051 1075//1071 1048//1072
f 1077//1073 1054//1051 1060//1074
f 1078//1075 1060//1074 1066//1063
f 1079//1076 1066//1063 1069//1077
f 1080//1078 1069//1077 1070//1067
f 1071//1068 1080//1078 1070//1067
f 1072//1069 1081//1079 1071//1068
f 1083//1080 1072//1069 1073//1070
f 1084//1081 558//554 1074//1082
f 1085//1083 1074//1082 1086//1084
f 1076//1085 1074//1082 1075//1071
f 1087//1086 1076//1085 1077//1073
f 1088//1087 1077//1073 1078//1075
f 1089//1088 1078//1075 1079//1076
f 1090//1089 1079//1076 1080//1078
f 1091//1090 1080//1078 1081//1079
f 1082//1091 1091//1090 1081//1079
f 1093//1092 1082//1091 1083//1080
f 1084//1081 613//612 593//591
f 1085//1083 1094//1093 1084//1081
f 1096//1094 1085//1083 1086//1084
f 1087//1086 1096//1094 1086//1084
f 1088//1087 1097//1095 1087//1086
f 1099//1096 1088//1087 1089//1088
f 1100//1097 1089//1088 1090//1089
f 1101//1098 1090//1089 1091//1090
f 1092//1099 1101//1098 1091//1090
f 1103//1100 1092//1099 1093//1092
f 1104//1101 613//612 1094//1093
f 1095//1102 1104//1101 1094//1093
f 1106//1103 1095//1102 1096//1094
f 1097//1095 1106//1103 1096//1094
f 1098//1104 1107//1105 1097//1095
f 1109//1106 1098//1104 1099//1096
f 1110//1107 1099//1096 1100//1097
f 1111//1108 1100//1097 1101//1098
f 1102//1109 1111//1108 1101//1098
f 1113//1110 1102//1109 1103//1100
f 1114//1097 622//620 1104//1101
f 1105//1111 1114//1097 1104//1101
f 1116//1112 1105//1111 1106//1103
f 1107//1105 1116//1112 1106//1103
f 1108//1113 1117//1114 1107//1105
f 1119//1115 1108//1113 1109//1106
f 1120//1116 1109//1106 1110//1107
f 1121//1117 1110//1107 1111//1108
f 1122//1118 1111//1108 1112//1119
f 1113//1110 1122//1118 1112//1119
f 1133//1120 1125//1121 1126//1122
f 1134//1123 1126//1122 1127//1124
f 1135//1125 1127//1124 1128//1126
f 1138//1127 1129//1128 1130//1129
f 1139//1130 1130//1129 1131//1131
f 1140//1132 1131//1131 1132//1133
f 1141//1134 1132//1133 1133//1120
f 1142//1135 1133//1120 1134//1123
f 1143//1136 1134//1123 1135//1125
f 1144//1137 1014//1016 1136//1138
f 1145//1139 1136//1138 1137//1140
f 1146//1141 1137//1140 1138//1127
f 1147//1142 1138//1127 1139//1130
f 1148//1143 1139//1130 1140//1132
f 1149//1144 1140//1132 1141//1134
f 1150//1145 1141//1134 1142//1135
f 1151//1146 1142//1135 1143//1136
f 1160//1147 1152//1148 1153//1149
f 1163//1150 1154//1151 1155//1152
f 1164//1153 1155//1152 1156//1154
f 1165//1155 1156//1154 1157//1156
f 1166//1157 1157//1156 1158//1158
f 1167//1159 1158//1158 1159//1160
f 1167//1159 1160//1147 1168//1161
f 1169//1162 1022//1021 1161//1163
f 1170//1164 1161//1163 1162//1165
f 1171//1166 1162//1165 1163//1150
f 1172//1167 1163//1150 1164//1153
f 1173//1168 1164//1153 1165//1155
f 1174//1169 1165//1155 1166//1157
f 1175//1170 1166//1157 1167//1159
f 1176//1171 1167//1159 1168//1161
f 1177//1172 1027//1020 1169//1162
f 1178//1173 1169//1162 1170//1164
f 1179//1174 1170//1164 1171//1166
f 1180//1175 1171//1166 1172//1167
f 1181//1176 1172//1167 1173//1168
f 1182//1177 1173//1168 1174//1169
f 1126//1122 1181//1176 1182//1177
f 1183//1178 1174//1169 1175//1170
f 1127//1124 1182//1177 1183//1178
f 1124//1179 1175//1170 1176//1171
f 1128//1126 1183//1178 1124//1179
f 1184//1180 1033//1028 1177//1172
f 1185//1181 1177//1172 1178//1173
f 1186//1182 1178//1173 1179//1174
f 1130//1129 1185//1181 1186//1182
f 1187//1183 1179//1174 1180//1175
f 1131//1131 1186//1182 1187//1183
f 1125//1121 1180//1175 1181//1176
f 1132//1133 1187//1183 1125//1121
f 1188//1184 1039//1035 1184//1180
f 1136//1138 1045//1041 1188//1184
f 1129//1128 1184//1180 1185//1181
f 1137//1140 1188//1184 1129//1128
f 1189//1185 534//529 649//644
f 1190//1186 649//644 650//646
f 1191//1187 650//646 651//648
f 1192//1188 651//648 652//650
f 1193//1189 652//650 653//651
f 1194//1190 653//651 654//652
f 1195//1191 654//652 655//653
f 1196//1192 655//653 656//654
f 1153//1149 1195//1191 1196//1192
f 1197//1193 1053//1050 1189//1185
f 1198//1194 1189//1185 1190//1186
f 1199//1195 1190//1186 1191//1187
f 1155//1152 1198//1194 1199//1195
f 1200//1196 1191//1187 1192//1188
f 1156//1154 1199//1195 1200//1196
f 1201//1197 1192//1188 1193//1189
f 1157//1156 1200//1196 1201//1197
f 1202//1198 1193//1189 1194//1190
f 1158//1158 1201//1197 1202//1198
f 1152//1148 1194//1190 1195//1191
f 1159//1160 1202//1198 1152//1148
f 1203//1199 1059//1057 1197//1193
f 1161//1163 1065//1062 1203//1199
f 1154//1151 1197//1193 1198//1194
f 1162//1165 1203//1199 1154//1151
f 1204//1200 727//722 1205//1201
f 1205//1201 742//739 1206//1202
f 1216//1203 1207//1204 1208//1205
f 1217//1206 1208//1205 1209//1207
f 1217//1206 1210//1208 1218//1209
f 1219//1210 1124//1179 1211//1211
f 1220//1212 1211//1211 1212//1213
f 1221//1214 1212//1213 1213//1215
f 1222//1216 1213//1215 1214//1217
f 1223//1218 1214//1217 1215//1219
f 1224//1220 1215//1219 1216//1203
f 1225//1221 1216//1203 1217//1206
f 1226//1222 1217//1206 1218//1209
f 1227//1223 1128//1126 1219//1210
f 1228//1224 1219//1210 1220//1212
f 1229//1225 1220//1212 1221//1214
f 1230//1226 1221//1214 1222//1216
f 1231//1227 1222//1216 1223//1218
f 1232//1228 1223//1218 1224//1220
f 1233//1229 1224//1220 1225//1221
f 1234//1230 1225//1221 1226//1222
f 1235//1231 1135//1125 1227//1223
f 1236//1232 1227//1223 1228//1224
f 1237//1233 1228//1224 1229//1225
f 1238//1234 1229//1225 1230//1226
f 1239//1235 1230//1226 1231//1227
f 2//3 1238//1234 1239//1235
f 1239//1235 1232//1228 1240//1236
f 1240//1236 2//3 1239//1235
f 1240//1236 1233//1229 1241//1237
f 1242//1238 1233//1229 1234//1230
f 1243//1239 1143//1136 1235//1231
f 1244//1240 1235//1231 1236//1232
f 5//78 1243//1239 1244//1240
f 1245//1241 1236//1232 1237//1233
f 6//80 1244//1240 1245//1241
f 1//2 1237//1233 1238//1234
f 7//82 1245//1241 1//2
f 3//4 1241//1237 1246//1242
f 10//85 3//4 1246//1242
f 1247//1243 1241//1237 1242//1238
f 1255//1244 1153//1149 1248//1245
f 1255//1244 1249//1246 1256//1247
f 1256//1247 1250//1248 1257//1249
f 1257//1249 1251//1250 1258//1251
f 1258//1251 1252//1252 1259//1253
f 1259//1253 1253//1254 1260//1255
f 1260//1255 1254//1256 1261//1257
f 1263//1258 1160//1147 1255//1244
f 1263//1258 1256//1247 1264//1259
f 1264//1259 1257//1249 1265//1260
f 1265//1260 1258//1251 1266//1261
f 1266//1261 1259//1253 1267//1262
f 1267//1262 1260//1255 1268//1263
f 1268//1263 1207//1204 1267//1262
f 1268//1263 1261//1257 1269//1264
f 1269//1264 1208//1205 1268//1263
f 1269//1264 1262//1265 1270//1266
f 1270//1266 1209//1207 1269//1264
f 1271//1267 1168//1161 1263//1258
f 1211//1211 1176//1171 1271//1267
f 1272//1268 1263//1258 1264//1259
f 1212//1213 1271//1267 1272//1268
f 1273//1269 1264//1259 1265//1260
f 1213//1215 1272//1268 1273//1269
f 1274//1270 1265//1260 1266//1261
f 1214//1217 1273//1269 1274//1270
f 1274//1270 1267//1262 1207//1204
f 1215//1219 1274//1270 1207//1204
f 1275//1271 656//654 777//775
f 1248//1245 1196//1192 1275//1271
f 1276//1272 777//775 778//776
f 1276//1272 1248//1245 1275//1271
f 1276//1272 779//777 1277//1273
f 1277//1273 1249//1246 1276//1272
f 1277//1273 780//778 1278//1274
f 1278//1274 1250//1248 1277//1273
f 1278//1274 781//779 1279//1275
f 1279//1275 1251//1250 1278//1274
f 1279//1275 782//780 1280//1276
f 1280//1276 1252//1252 1279//1275
f 1280//1276 783//781 1281//1277
f 1281//1277 1253//1254 1280//1276
f 1281//1277 784//783 1282//1278
f 1254//1256 1282//1278 1283//1279
f 1283//1279 1261//1257 1254//1256
f 1204//1200 862//1280 714//861
f 1287//1281 863//862 862//1280
f 1293//1282 1289//1283 1292//1284
f 1293//1282 1284//1285 1290//1286
f 1295//1287 1291//1288 1294//1289
f 1295//1287 1293//1282 1292//1284
f 1286//1290 1293//1282 1296//1291
f 1297//1292 1295//1287 1294//1289
f 1298//1293 1296//1291 1295//1287
f 1300//1294 1204//1200 1205//1201
f 1301//1295 1287//1281 1300//1294
f 1302//1296 900//900 1301//1295
f 1303//1297 901//901 1302//1296
f 1306//1298 1289//1283 1290//1286
f 1306//1298 1288//1299 1304//1300
f 1308//1301 1291//1288 1292//1284
f 1308//1301 1289//1283 1305//1302
f 1310//1303 1291//1288 1307//1304
f 1311//1305 1310//1303 1309//1306
f 1312//1307 1294//1289 1310//1303
f 1313//1308 1297//1292 1312//1307
f 1299//1309 1313//1308 1314//1310
f 1316//1311 1312//1307 1311//1305
f 1317//1312 1313//1308 1312//1307
f 1318//1313 1314//1310 1313//1308
f 1206//1202 756//755 1319//1314
f 1300//1294 1206//1202 1319//1314
f 1320//1315 1300//1294 1319//1314
f 1302//1296 1320//1315 1321//1316
f 1303//1297 1321//1316 1322//1317
f 1303//1297 927//927 902//902
f 1325//1318 1305//1302 1306//1298
f 1325//1318 1304//1300 1323//1319
f 1308//1301 1326//1320 1307//1304
f 1327//1321 1305//1302 1324//1322
f 1329//1323 1309//1306 1310//1303
f 1329//1323 1307//1304 1326//1320
f 1331//1324 1309//1306 1328//1325
f 1330//1326 1315//1327 1316//1311
f 1330//1326 1311//1305 1331//1324
f 1318//1313 1334//1328 1335//1329
f 1332//1330 1335//1329 1336//1331
f 1337//1332 756//755 948//947
f 1337//1332 949//948 1338//1333
f 1320//1315 1337//1332 1338//1333
f 1338//1333 3127//1334 1339//1335
f 1321//1316 1338//1333 1339//1335
f 1340//1336 1321//1316 1339//1335
f 1322//1317 950//950 927//927
f 1325//1318 1342//1337 1324//1322
f 1343//1338 1323//1319 1341//1339
f 1327//1321 1344//1340 1326//1320
f 1345//1341 1324//1322 1342//1337
f 1329//1323 1346//1342 1328//1325
f 1347//1343 1326//1320 1344//1340
f 1331//1324 1348//1344 1330//1326
f 1349//1345 1328//1325 1346//1342
f 1333//1346 1348//1344 1350//1347
f 1336//1331 1351//1348 1352//1349
f 1218//1209 1353//1350 1354//1351
f 1226//1222 1354//1351 1357//1352
f 1357//1352 1355//1353 1358//1354
f 1358//1354 1356//1355 1359//1356
f 1361//1357 1226//1222 1357//1352
f 1361//1357 1358//1354 1362//1358
f 1362//1358 1359//1356 1363//1359
f 1363//1359 1360//1360 1364//1361
f 1365//1362 1234//1230 1361//1357
f 1365//1362 1362//1358 1366//1363
f 1366//1363 1363//1359 1367//1364
f 1367//1364 1364//1361 1368//1365
f 1247//1243 1365//1362 1369//1366
f 1369//1366 1366//1363 1370//1367
f 1370//1367 1367//1364 1371//1368
f 1371//1368 1368//1365 1372//1369
f 1372//1369 1389//1370 1373//1371
f 1270//1266 1374//1372 1377//1373
f 1377//1373 1210//1208 1270//1266
f 1377//1373 1375//1374 1378//1375
f 1378//1375 1376//1376 1379//1377
f 1353//1350 1378//1375 1381//1378
f 1381//1378 1354//1351 1353//1350
f 1381//1378 1379//1377 1382//1379
f 1382//1379 1355//1353 1381//1378
f 1382//1379 1380//1380 1383//1381
f 1356//1355 1383//1381 1385//1382
f 1360//1360 1356//1355 1385//1382
f 1385//1382 1384//1383 1386//1384
f 1387//1385 1360//1360 1385//1382
f 1387//1385 1386//1384 1388//1386
f 1368//1365 1387//1385 1389//1370
f 1389//1370 1388//1386 1390//1387
f 1373//1371 1390//1387 1392//1388
f 1392//1388 1391//1389 1393//1390
f 1282//1278 953//1391 1394//1392
f 1283//1279 1394//1392 1397//1393
f 1397//1393 1262//1265 1283//1279
f 1397//1393 1395//1394 1398//1395
f 1398//1395 1374//1372 1397//1393
f 1398//1395 1396//1396 1399//1397
f 1376//1376 1398//1395 1399//1397
f 1400//1398 1376//1376 1399//1397
f 1380//1380 1400//1398 1401//1399
f 1402//1400 1380//1380 1401//1399
f 1384//1383 1402//1400 1403//1401
f 1404//1402 1403//1401 1402//1400
f 1405//1403 1384//1383 1403//1401
f 1406//1404 1405//1403 1404//1402
f 1407//1405 1386//1384 1405//1403
f 1408//1406 1407//1405 1406//1404
f 1409//1407 1388//1386 1407//1405
f 1410//1408 1390//1387 1409//1407
f 1412//1409 1409//1407 1408//1406
f 1413//1410 1410//1408 1409//1407
f 1393//1390 1410//1408 1414//1411
f 953//1391 968//966 1415//1412
f 1415//1412 1394//1392 953//1391
f 1415//1412 983//982 1416//1413
f 1396//1396 1415//1412 1416//1413
f 1418//1414 1396//1396 1416//1413
f 1420//1415 1418//1414 1417//1416
f 1421//1417 1399//1397 1418//1414
f 1422//1418 1400//1398 1421//1417
f 1424//1419 1419//1420 1423//1421
f 1424//1419 1421//1417 1420//1415
f 1425//1422 1422//1418 1421//1417
f 1426//1423 1401//1399 1422//1418
f 1427//1424 1284//1285 1285//1425
f 1427//1424 1424//1419 1423//1421
f 1428//1426 1425//1422 1424//1419
f 1429//1427 1426//1423 1425//1422
f 1430//1428 1402//1400 1426//1423
f 1286//1290 1427//1424 1285//1425
f 1431//1429 1428//1426 1427//1424
f 1433//1430 1428//1426 1432//1431
f 1433//1430 1430//1428 1429//1427
f 1434//1432 1404//1402 1430//1428
f 1435//1433 1433//1430 1432//1431
f 1437//1434 1433//1430 1436//1435
f 1437//1434 1406//1404 1434//1432
f 1439//1436 1435//1433 1438//1437
f 1439//1436 1437//1434 1436//1435
f 1411//1438 1408//1406 1437//1434
f 1440//1439 983//982 984//983
f 1443//1440 1417//1416 1418//1414
f 1443//1440 1416//1413 1440//1439
f 1441//1441 1419//1420 1420//1415
f 1441//1441 1417//1416 1442//1442
f 1288//1299 1284//1285 1423//1421
f 1288//1299 1419//1420 1444//1443
f 1445//1444 1286//1290 1296//1291
f 1446//1445 1431//1429 1445//1444
f 1299//1309 1445//1444 1296//1291
f 1447//1446 1446//1445 1445//1444
f 1435//1433 1446//1445 1448//1447
f 1450//1448 1435//1433 1448//1447
f 1451//1449 984//983 995//995
f 1442//1442 1452//1450 1441//1441
f 1443//1440 1453//1451 1442//1442
f 1454//1452 1440//1439 1451//1449
f 1444//1443 1304//1300 1288//1299
f 1455//1453 1441//1441 1452//1450
f 1447//1446 1314//1310 1456//1454
f 1457//1455 1447//1446 1456//1454
f 1459//1456 1449//1457 1450//1448
f 1450//1448 1457//1455 1459//1456
f 1460//1458 995//995 1004//1003
f 1460//1458 1005//1005 1470//1459
f 1453//1451 1461//1460 1452//1450
f 1454//1452 1462//1461 1453//1451
f 1463//1462 1451//1449 1460//1458
f 1455//1453 1323//1319 1304//1300
f 1464//1463 1452//1450 1461//1460
f 1456//1454 1332//1330 1465//1464
f 1466//1465 1456//1454 1465//1464
f 1336//1331 1465//1464 1332//1330
f 1467//1466 1466//1465 1465//1464
f 1469//1467 1458//1468 1459//1456
f 1459//1456 1466//1465 1469//1467
f 1470//1459 1011//1011 1471//1469
f 1463//1462 1472//1470 1462//1461
f 1463//1462 1470//1459 1473//1471
f 1474//1472 1470//1459 1471//1469
f 1464//1463 1341//1339 1323//1319
f 1461//1460 1475//1473 1464//1463
f 1476//1474 1462//1461 1472//1470
f 1467//1466 1352//1349 1477//1475
f 1478//1476 1467//1466 1477//1475
f 1480//1477 1015//1043 1016//1478
f 1481//1479 1016//1478 1017//1045
f 1482//1480 1017//1045 1018//1012
f 1483//1481 1018//1012 1019//1015
f 1485//1482 1479//1483 1480//1477
f 1485//1482 1481//1479 1486//1484
f 1486//1484 1482//1480 1487//1485
f 1487//1485 1483//1481 1488//1486
f 1489//1487 1485//1482 1490//1488
f 1490//1488 1486//1484 1491//1489
f 1491//1489 1487//1485 1492//1490
f 1493//1491 1487//1485 1488//1486
f 1494//1492 1490//1488 1495//1493
f 1495//1493 1491//1489 1496//1494
f 1497//1495 1491//1489 1492//1490
f 1498//1496 1492//1490 1493//1491
f 1499//1497 1495//1493 1500//1498
f 1500//1498 1496//1494 1501//1499
f 1502//1500 1496//1494 1497//1495
f 1502//1500 12//7 1501//1499
f 11//40 1497//1495 1498//1496
f 14//10 1502//1500 11//40
f 1503//1501 1500//1498 1504//1502
f 15//1503 1500//1498 1501//1499
f 15//1503 12//7 16//12
f 1505//1504 15//1503 19//11
f 1506//1505 19//11 23//16
f 1507//1506 1015//1043 1479//1483
f 1508//1507 1479//1483 1484//1508
f 1509//1509 1484//1508 1489//1487
f 1510//1510 1489//1487 1494//1492
f 1511//1511 1494//1492 1499//1497
f 1503//1501 1511//1511 1499//1497
f 1513//1512 1503//1501 1504//1502
f 1505//1504 1513//1512 1504//1502
f 1506//1505 1514//1513 1505//1504
f 1507//1506 1073//1070 1046//1044
f 1517//1514 1507//1506 1508//1507
f 1518//1515 1508//1507 1509//1509
f 1519//1516 1509//1509 1510//1510
f 1520//1517 1510//1510 1511//1511
f 1512//1518 1520//1517 1511//1511
f 1522//1519 1512//1518 1513//1512
f 1514//1513 1522//1519 1513//1512
f 1524//1520 1514//1513 1515//1521
f 1516//1522 1083//1080 1073//1070
f 1517//1514 1525//1523 1516//1522
f 1527//1524 1517//1514 1518//1515
f 1528//1525 1518//1515 1519//1516
f 1529//1526 1519//1516 1520//1517
f 1521//1527 1529//1526 1520//1517
f 1522//1519 1530//1528 1521//1527
f 1523//1529 1531//1530 1522//1519
f 1533//1112 1523//1529 1524//1520
f 1525//1523 1093//1092 1083//1080
f 1526//1531 1534//1528 1525//1523
f 1536//1532 1526//1531 1527//1524
f 1537//1533 1527//1524 1528//1525
f 1538//1534 1528//1525 1529//1526
f 1530//1528 1538//1534 1529//1526
f 1531//1530 1539//1535 1530//1528
f 1532//1536 1540//627 1531//1530
f 1533//1112 1541//1537 1532//1536
f 1534//1528 1103//1100 1093//1092
f 1535//1105 1543//1538 1534//1528
f 1545//1539 1535//1105 1536//1532
f 1546//1540 1536//1532 1537//1533
f 1547//1541 1537//1533 1538//1534
f 1548//1542 1538//1534 1539//1535
f 1540//627 1548//1542 1539//1535
f 1541//1537 1549//1543 1540//627
f 1542//1544 1550//1115 1541//1537
f 1543//1538 1113//1110 1103//1100
f 1544//1545 1552//1546 1543//1538
f 1554//1547 1544//1545 1545//1539
f 1555//1548 1545//1539 1546//1540
f 1556//1549 1546//1540 1547//1541
f 1557//1545 1547//1541 1548//1542
f 1549//1543 1557//1545 1548//1542
f 1559//1550 1549//1543 1550//1115
f 1551//1551 1559//1550 1550//1115
f 1552//1546 1123//627 1113//1110
f 1553//1552 1561//1553 1552//1546
f 1563//1554 1553//1552 1554//1547
f 1564//1555 1554//1547 1555//1548
f 1565//1549 1555//1548 1556//1549
f 1566//629 1556//1549 1557//1545
f 1558//1554 1566//629 1557//1545
f 1568//1556 1558//1554 1559//1550
f 1569//1544 1559//1550 1560//1551
f 1570//1557 1019//1015 1144//1137
f 1571//1558 1144//1137 1145//1139
f 1572//1559 1145//1139 1146//1141
f 1573//1560 1146//1141 1147//1142
f 1574//1561 1147//1142 1148//1143
f 1575//1562 1148//1143 1149//1144
f 1576//1563 1149//1144 1150//1145
f 1577//1564 1150//1145 1151//1146
f 31//22 1576//1563 1577//1564
f 1578//1565 1483//1481 1570//1557
f 1579//1566 1570//1557 1571//1558
f 1580//1567 1571//1558 1572//1559
f 1581//1568 1572//1559 1573//1560
f 1582//1569 1573//1560 1574//1561
f 1583//1570 1574//1561 1575//1562
f 33//25 1582//1569 1583//1570
f 30//21 1575//1562 1576//1563
f 34//27 1583//1570 30//21
f 1584//1571 1488//1486 1578//1565
f 1585//1572 1578//1565 1579//1566
f 1586//1573 1579//1566 1580//1567
f 37//31 1585//1572 1586//1573
f 1587//1574 1580//1567 1581//1568
f 38//33 1586//1573 1587//1574
f 32//24 1581//1568 1582//1569
f 39//35 1587//1574 32//24
f 1588//1575 1493//1491 1584//1571
f 43//41 1498//1496 1588//1575
f 36//30 1584//1571 1585//1572
f 44//43 1588//1575 36//30
f 4//77 1151//1146 1243//1239
f 87//88 1577//1564 4//77
f 1589//1576 10//85 1246//1242
f 1589//1576 1247//1243 1590//1577
f 100//94 1589//1576 1591//102
f 1591//102 1590//1577 1592//1578
f 108//103 1592//1578 1593//1579
f 116//111 1593//1579 1594//148
f 1602//1580 1598//1581 1601//1582
f 1602//1580 1600//1583 1599//1584
f 1603//1585 1595//1586 1600//1583
f 1604//1587 1602//1580 1601//1582
f 1605//1588 1603//1585 1602//1580
f 1610//1589 1598//1581 1599//1584
f 1607//1590 1599//1584 1600//1583
f 1607//1590 1597//1591 1608//1592
f 1601//1582 1609//1593 1611//1594
f 1612//1595 1601//1582 1611//1594
f 1613//1596 1604//1587 1612//1595
f 1606//1597 1613//1596 1614//1598
f 1615//1599 1613//1596 1612//1595
f 1616//1600 1614//1598 1613//1596
f 1618//1601 1316//1311 1315//1327
f 1619//1602 1317//1312 1316//1311
f 1608//1592 1620//1603 1607//1590
f 1623//1604 1609//1593 1610//1589
f 1610//1589 1620//1603 1623//1604
f 1624//1605 1609//1593 1622//1606
f 1628//1607 1612//1595 1625//1608
f 1628//1607 1626//1609 1629//1610
f 1616//1600 1628//1607 1629//1610
f 1629//1610 1627//1611 1630//1612
f 1630//1612 1616//1600 1629//1610
f 1618//1601 1333//1346 1631//1613
f 1632//1614 1618//1601 1631//1613
f 1334//1328 1632//1614 1633//1615
f 1633//1615 1335//1329 1334//1328
f 1620//1603 1635//1616 1623//1604
f 1620//1603 1634//1617 1636//1618
f 1622//1606 1637//1619 1624//1605
f 1622//1606 1635//1616 1638//1620
f 1639//1621 1635//1616 1636//1618
f 1640//1622 1624//1605 1637//1619
f 1641//1623 1637//1619 1638//1620
f 1626//1609 1640//1622 1641//1623
f 1641//1623 1639//1621 1642//1624
f 1642//1624 1626//1609 1641//1623
f 1631//1613 1350//1347 1643//1625
f 1644//1626 1631//1613 1643//1625
f 1645//1627 1632//1614 1644//1626
f 1351//1348 1645//1627 1646//1628
f 1646//1628 1352//1349 1351//1348
f 1639//1621 1647//1629 1648//1630
f 1649//1631 1639//1621 1648//1630
f 1590//1577 1369//1366 1650//1632
f 1650//1632 1370//1367 1651//1633
f 1651//1633 1371//1368 1652//1634
f 1652//1634 1372//1369 1653//1635
f 1653//1635 1373//1371 1654//1636
f 1592//1578 1650//1632 1655//1637
f 1655//1637 1651//1633 1656//1638
f 1656//1638 1652//1634 1657//1639
f 1657//1639 1653//1635 1658//1640
f 1658//1640 1654//1636 1659//1641
f 1659//1641 1690//1642 1693//1643
f 1593//1579 1655//1637 1660//1644
f 1660//1644 1656//1638 1661//1645
f 1661//1645 1657//1639 1662//1646
f 1663//1647 1657//1639 1658//1640
f 1664//1648 1658//1640 1659//1641
f 1594//148 1660//1644 1665//1649
f 1665//1649 1661//1645 1666//1650
f 1666//1650 1662//1646 1667//1651
f 1667//1651 1663//1647 1668//1652
f 1668//1652 1664//1648 1669//1653
f 149//149 1665//1649 1670//151
f 1670//151 1666//1650 1671//1654
f 1671//1654 1667//1651 1672//1655
f 1672//1655 1668//1652 1673//1656
f 1673//1656 1669//1653 1674//1657
f 1674//1657 1699//1658 1675//1659
f 151//152 1671//1654 1676//155
f 1676//155 1672//1655 1677//1660
f 1677//1660 1673//1656 1678//1661
f 1679//1662 1673//1656 1674//1657
f 1679//1662 1675//1659 1680//1663
f 154//156 1677//1660 1681//160
f 1681//160 1678//1661 1682//1664
f 1683//1665 1678//1661 1679//1662
f 1684//1666 1679//1662 1680//1663
f 157//159 1685//228 156//158
f 158//161 1686//1667 157//159
f 158//161 1682//1664 1687//1668
f 1688//1669 1682//1664 1683//1665
f 1689//1670 1683//1665 1684//1666
f 1654//1636 1392//1388 1690//1642
f 1690//1642 1393//1390 1691//1671
f 1694//1672 1690//1642 1691//1671
f 1694//1672 1692//1673 1695//1674
f 1664//1648 1693//1643 1696//1675
f 1696//1675 1694//1672 1697//1676
f 1697//1676 1695//1674 1698//1677
f 1669//1653 1696//1675 1699//1658
f 1699//1658 1697//1676 1700//1678
f 1700//1678 1698//1677 1701//1679
f 1675//1659 1700//1678 1702//1680
f 1702//1680 1701//1679 1703//1681
f 1680//1663 1702//1680 1704//1682
f 1704//1682 1703//1681 1705//1683
f 1684//1666 1704//1682 1706//1684
f 1707//1685 1704//1682 1705//1683
f 1688//1669 1708//1686 1687//1668
f 1689//1670 1709//1687 1688//1669
f 1689//1670 1706//1684 1710//1688
f 1711//1689 1706//1684 1707//1685
f 1713//1690 1412//1409 1411//1438
f 1714//1691 1413//1410 1412//1409
f 1715//1692 1414//1411 1413//1410
f 1716//1693 1393//1390 1414//1411
f 1692//1673 1716//1693 1717//1694
f 1719//1695 1713//1690 1712//1696
f 1721//1697 1714//1691 1713//1690
f 1722//1698 1715//1692 1714//1691
f 1695//1674 1717//1694 1723//1699
f 1596//1700 1718//1701 1595//1586
f 1724//1702 1720//1703 1718//1701
f 1698//1677 1723//1699 1726//1704
f 1701//1679 1726//1704 1727//1705
f 1729//1706 1701//1679 1727//1705
f 1729//1706 1728//1707 1730//1708
f 1731//1709 1703//1681 1729//1706
f 1731//1709 1730//1708 1732//1710
f 1707//1685 1731//1709 1733//1711
f 1734//1712 1731//1709 1732//1710
f 1709//1687 1735//1713 1708//1686
f 1710//1688 1736//1714 1709//1687
f 1711//1689 1737//1715 1710//1688
f 1711//1689 1733//1711 1738//1716
f 1739//1717 1733//1711 1734//1712
f 1712//1696 1438//1437 1741//1718
f 1713//1690 1439//1436 1712//1696
f 1743//1719 1715//1692 1742//1720
f 1717//1694 1743//1719 1744//1721
f 1745//1722 1597//1591 1600//1583
f 1745//1722 1595//1586 1718//1701
f 1745//1722 1741//1718 1740//1723
f 1746//1724 1718//1701 1720//1703
f 1746//1724 1712//1696 1741//1718
f 1747//1725 1719//1695 1746//1724
f 1748//1726 1721//1697 1747//1725
f 1742//1720 1748//1726 1749//1727
f 1749//1727 1743//1719 1742//1720
f 1750//1728 1744//1721 1743//1719
f 1723//1699 1744//1721 1751//1729
f 1752//1730 1596//1700 1603//1585
f 1725//1731 1752//1730 1753//1732
f 1725//1731 1746//1724 1720//1703
f 1753//1732 1747//1725 1746//1724
f 1754//1733 1748//1726 1747//1725
f 1755//1734 1749//1727 1748//1726
f 1756//1735 1750//1728 1749//1727
f 1726//1704 1751//1729 1757//1736
f 1606//1597 1752//1730 1603//1585
f 1759//1737 1752//1730 1758//1738
f 1759//1737 1754//1733 1753//1732
f 1760//1739 1726//1704 1757//1736
f 1728//1707 1760//1739 1761//1740
f 1762//1741 1728//1707 1761//1740
f 1763//1742 1730//1708 1762//1741
f 1734//1712 1763//1742 1764//1743
f 1736//1714 1765//1744 1735//1713
f 1737//1715 1766//1745 1736//1714
f 1768//1746 1737//1715 1738//1716
f 1739//1717 1768//1746 1738//1716
f 1739//1717 1764//1743 1769//1747
f 1770//1748 1597//1591 1740//1723
f 1449//1457 1740//1723 1741//1718
f 1449//1457 1438//1437 1450//1448
f 1772//1749 1750//1728 1771//1750
f 1755//1734 1773//1751 1774//1752
f 1756//1735 1774//1752 1775//1753
f 1771//1750 1775//1753 1776//1754
f 1776//1754 1772//1749 1771//1750
f 1757//1736 1772//1749 1777//1755
f 1758//1738 1614//1598 1778//1756
f 1759//1737 1778//1756 1779//1757
f 1773//1751 1779//1757 1780//1758
f 1780//1758 1774//1752 1773//1751
f 1781//1759 1775//1753 1774//1752
f 1782//1760 1757//1736 1777//1755
f 1761//1740 1782//1760 1783//1761
f 1617//1762 1778//1756 1614//1598
f 1784//1763 1761//1740 1783//1761
f 1785//1764 1762//1741 1784//1763
f 1764//1743 1785//1764 1786//1765
f 1766//1745 1787//1766 1765//1744
f 1767//1767 1788//1768 1766//1745
f 1768//1746 1789//1769 1767//1767
f 1769//1747 1790//1770 1768//1746
f 1791//1771 1764//1743 1786//1765
f 1792//1772 1608//1592 1770//1748
f 1770//1748 1458//1468 1792//1772
f 1776//1754 1793//1773 1794//1774
f 1795//1775 1776//1754 1794//1774
f 1779//1757 1796//1776 1797//1777
f 1780//1758 1797//1777 1798//1778
f 1781//1759 1798//1778 1799//1779
f 1793//1773 1799//1779 1800//1780
f 1801//1781 1793//1773 1800//1780
f 1782//1760 1795//1775 1802//1782
f 1783//1761 1802//1782 1803//1783
f 1804//1784 1617//1762 1630//1612
f 1805//1785 1796//1776 1804//1784
f 1784//1763 1803//1783 1806//1786
f 1785//1764 1806//1786 1807//1787
f 1786//1765 1807//1787 1808//1788
f 1788//1768 1809//1789 1787//1766
f 1789//1769 1810//1790 1788//1768
f 1790//1770 1811//1791 1789//1769
f 1791//1771 1812//1792 1790//1770
f 1813//1793 1786//1765 1808//1788
f 1814//1794 1621//1795 1792//1772
f 1792//1772 1468//1796 1814//1794
f 1795//1775 1815//1797 1816//1798
f 1819//1799 1797//1777 1818//1800
f 1820//1801 1798//1778 1819//1799
f 1800//1780 1820//1801 1821//1802
f 1801//1781 1821//1802 1822//1803
f 1801//1781 1815//1797 1794//1774
f 1802//1782 1816//1798 1823//1804
f 1803//1783 1823//1804 1824//1805
f 1627//1611 1817//1806 1825//1807
f 1825//1807 1630//1612 1627//1611
f 1826//1808 1817//1806 1818//1800
f 1826//1808 1804//1784 1825//1807
f 1805//1785 1818//1800 1797//1777
f 1806//1786 1824//1805 1827//1809
f 1807//1787 1827//1809 1828//1810
f 1808//1788 1828//1810 1829//1811
f 1831//1812 1809//1789 1810//1790
f 1811//1791 1831//1812 1810//1790
f 1812//1792 1832//1813 1811//1791
f 1813//1793 1833//1814 1812//1792
f 1813//1793 1829//1811 1834//1815
f 1468//1796 1835//1816 1814//1794
f 1468//1796 1478//1476 1836//1817
f 1634//1617 1647//1629 1636//1618
f 1634//1617 1835//1816 1837//1818
f 1837//1818 1836//1817 1838//1819
f 1648//1630 1837//1818 1839//1820
f 1839//1820 1838//1819 1840//1821
f 1845//1822 1815//1797 1844//1823
f 1649//1631 1839//1820 1846//1824
f 1817//1806 1649//1631 1846//1824
f 1846//1824 1840//1821 1847//1825
f 1847//1825 1817//1806 1846//1824
f 1847//1825 1841//1826 1848//1827
f 1848//1827 1818//1800 1847//1825
f 1848//1827 1842//1828 1849//1829
f 1849//1829 1819//1799 1848//1827
f 1849//1829 1843//1830 1850//1831
f 1850//1831 1820//1801 1849//1829
f 1850//1831 1844//1823 1851//1832
f 1851//1832 1821//1802 1850//1831
f 1851//1832 1815//1797 1822//1803
f 1852//1833 1816//1798 1845//1822
f 1824//1805 1852//1833 1853//1834
f 1827//1809 1853//1834 1854//1835
f 1828//1810 1854//1835 1855//1836
f 1829//1811 1855//1836 1856//1837
f 1858//1838 1830//1839 1831//1812
f 1859//1840 1831//1812 1832//1813
f 1860//1841 1832//1813 1833//1814
f 1834//1815 1860//1841 1833//1814
f 1834//1815 1856//1837 1861//1842
f 1862//1843 23//16 159//162
f 1863//1844 159//162 163//166
f 1864//1845 163//166 167//1846
f 1865//1847 167//1846 1866//1848
f 171//173 167//1846 168//170
f 1867//1849 171//173 172//174
f 1868//1850 172//174 173//175
f 1869//1851 1506//1505 1862//1843
f 1870//1852 1862//1843 1863//1844
f 1864//1845 1870//1852 1863//1844
f 1865//1847 1871//1853 1864//1845
f 1873//1854 1865//1847 1866//1848
f 1867//1849 1873//1854 1866//1848
f 1868//1850 1874//1855 1867//1849
f 1876//1856 1515//1521 1869//1851
f 1877//1857 1869//1851 1870//1852
f 1871//1853 1877//1857 1870//1852
f 1872//1858 1878//1859 1871//1853
f 1880//1860 1872//1858 1873//1854
f 1874//1855 1880//1860 1873//1854
f 1875//1861 1881//1862 1874//1855
f 1883//1863 1524//1520 1876//1856
f 1884//1537 1876//1856 1877//1857
f 1878//1859 1884//1537 1877//1857
f 1879//1864 1885//1865 1878//1859
f 1887//1866 1879//1864 1880//1860
f 1881//1862 1887//1866 1880//1860
f 1889//1867 1881//1862 1882//1868
f 1890//1869 1533//1112 1883//1863
f 1891//1870 1883//1863 1884//1537
f 1885//1865 1891//1870 1884//1537
f 1886//1871 1892//1872 1885//1865
f 1887//1866 1893//1873 1886//1871
f 1888//1874 1894//1875 1887//1866
f 1896//1876 1888//1874 1889//1867
f 1897//1877 1542//1544 1890//1869
f 1898//1878 1890//1869 1891//1870
f 1892//1872 1898//1878 1891//1870
f 1893//1873 1899//1879 1892//1872
f 1894//1875 1900//1880 1893//1873
f 1895//1881 1901//1882 1894//1875
f 1903//1883 1895//1881 1896//1876
f 1897//1877 1560//1551 1551//1551
f 1905//1884 1897//1877 1898//1878
f 1899//1879 1905//1884 1898//1878
f 1900//1880 1906//1885 1899//1879
f 1901//1882 1907//1886 1900//1880
f 1902//1887 1908//1888 1901//1882
f 1910//1889 1902//1887 1903//1883
f 1904//1870 1569//1544 1560//1551
f 1912//1890 1904//1870 1905//1884
f 1906//1885 1912//1890 1905//1884
f 1907//1886 1913//1891 1906//1885
f 1908//1888 1914//1892 1907//1886
f 1909//1893 1915//1894 1908//1888
f 1917//1895 1909//1893 1910//1889
f 199//202 1919//209 198//201
f 1921//1896 199//202 200//203
f 1922//1897 200//203 201//204
f 1923//1898 201//204 202//205
f 203//206 1923//1898 202//205
f 204//207 1924//1899 203//206
f 204//207 1918//1900 1925//1901
f 205//208 1868//1850 173//175
f 1919//209 1926//1902 205//208
f 1928//1903 1919//209 1920//1904
f 1921//1896 1930//1905 1920//1904
f 1922//1897 1931//1906 1921//1896
f 1933//1907 1922//1897 1923//1898
f 1924//1899 1933//1907 1923//1898
f 1925//1901 1934//1908 1924//1899
f 1935//1909 1918//1900 1929//1910
f 1926//1902 1875//1861 1868//1850
f 1927//1911 1936//1912 1926//1902
f 1928//1903 1937//1913 1927//1911
f 1928//1903 1930//1905 1938//1914
f 1931//1906 1939//1915 1930//1905
f 1932//1916 1940//1917 1931//1906
f 1942//1918 1932//1916 1933//1907
f 1934//1908 1942//1918 1933//1907
f 1935//1909 1943//1919 1934//1908
f 1936//1912 1882//1868 1875//1861
f 1937//1913 1945//1920 1936//1912
f 1938//1914 1946//1921 1937//1913
f 1938//1914 1939//1915 1947//1922
f 1940//1917 1948//1923 1939//1915
f 1941//1924 1949//1925 1940//1917
f 1951//1926 1941//1924 1942//1918
f 1952//1927 1942//1918 1943//1919
f 1944//1928 1952//1927 1943//1919
f 1954//1929 1882//1868 1945//1920
f 1946//1921 1954//1929 1945//1920
f 1947//1922 1955//1930 1946//1921
f 1956//1931 1939//1915 1948//1923
f 1949//1925 1957//1932 1948//1923
f 1950//1930 1958//1933 1949//1925
f 1951//1926 1959//1934 1950//1930
f 1961//1935 1951//1926 1952//1927
f 1953//1936 1961//1935 1952//1927
f 1963//1937 1889//1867 1954//1929
f 1955//1930 1963//1937 1954//1929
f 1956//1931 1964//1938 1955//1930
f 1965//1939 1948//1923 1957//1932
f 1958//1933 1966//1940 1957//1932
f 1959//1934 1967//1941 1958//1933
f 1969//1942 1959//1934 1960//1935
f 1970//1935 1960//1935 1961//1935
f 1962//1943 1970//1935 1961//1935
f 1972//1944 1896//1876 1963//1937
f 1964//1938 1972//1944 1963//1937
f 1965//1939 1973//1945 1964//1938
f 1974//1946 1957//1932 1966//1940
f 1967//1941 1975//1947 1966//1940
f 1968//1948 1976//1949 1967//1941
f 1978//1926 1968//1948 1969//1942
f 1979//1950 1969//1942 1970//1935
f 1971//1951 1979//1950 1970//1935
f 1981//1952 1903//1883 1972//1944
f 1973//1945 1981//1952 1972//1944
f 1974//1946 1982//1953 1973//1945
f 1983//1954 1966//1940 1975//1947
f 1976//1949 1984//1955 1975//1947
f 1977//1956 1985//1957 1976//1949
f 1987//1958 1977//1956 1978//1926
f 1988//1959 1978//1926 1979//1950
f 1980//1960 1988//1959 1979//1950
f 1990//1961 1910//1889 1981//1952
f 1982//1953 1990//1961 1981//1952
f 1983//1954 1991//1962 1982//1953
f 1992//1963 1975//1947 1984//1955
f 215//219 1993//226 214//218
f 1995//1964 215//219 216//220
f 217//221 1995//1964 216//220
f 218//222 1918//1900 196//199
f 219//223 1997//1965 218//222
f 220//224 1998//1966 219//223
f 221//225 1999//1967 220//224
f 1993//226 2000//1968 221//225
f 2002//1969 1993//226 1994//1970
f 1995//1964 2003//1971 1994//1970
f 1996//1972 2004//1973 1995//1964
f 1997//1965 1929//1910 1918//1900
f 1998//1966 2006//1974 1997//1965
f 1999//1967 2007//1975 1998//1966
f 2000//1968 2008//1976 1999//1967
f 2001//1977 2009//1978 2000//1968
f 2002//1969 2010//1979 2001//1977
f 2002//1969 2003//1971 2011//1980
f 2004//1973 2012//1981 2003//1971
f 2005//1982 2013//1983 2004//1973
f 2007//1975 2015//1984 2006//1974
f 2008//1976 2016//1985 2007//1975
f 2009//1978 2017//1986 2008//1976
f 2010//1979 2018//1987 2009//1978
f 2011//1980 2019//1988 2010//1979
f 2011//1980 2012//1981 2020//1989
f 1929//1910 1944//1928 1935//1909
f 2021//1990 2006//1974 2015//1984
f 2013//1983 2022//1991 2012//1981
f 2014//1992 2023//1993 2013//1983
f 2016//1985 2025//1994 2015//1984
f 2017//1986 2026//1995 2016//1985
f 2018//1987 2027//1996 2017//1986
f 2019//1988 2028//1997 2018//1987
f 2020//1989 2029//1998 2019//1988
f 2020//1989 2022//1991 2030//1999
f 2021//1990 1953//1936 1944//1928
f 2031//2000 2015//1984 2025//1994
f 2023//1993 2032//2001 2022//1991
f 2024//2002 2033//2003 2023//1993
f 2026//1995 2035//2004 2025//1994
f 2027//1996 2036//2005 2026//1995
f 2028//1997 2037//2006 2027//1996
f 2039//2007 2028//1997 2029//1998
f 2040//2008 2029//1998 2030//1999
f 2030//1999 2032//2001 2040//2008
f 2031//2000 1962//1943 1953//1936
f 2041//2009 2025//1994 2035//2004
f 2043//2010 2032//2001 2033//2003
f 2044//2011 2033//2003 2034//2012
f 2036//2005 2045//2013 2035//2004
f 2037//2006 2046//2014 2036//2005
f 2048//2015 2037//2006 2038//2016
f 2049//2017 2038//2016 2039//2007
f 2050//2018 2039//2007 2040//2008
f 2040//2008 2042//2019 2050//2018
f 2041//2009 1971//1951 1962//1943
f 2051//2020 2035//2004 2045//2013
f 2043//2010 2052//2021 2042//2019
f 2054//2022 2043//2010 2044//2011
f 2046//2014 2055//2023 2045//2013
f 2047//2024 2056//2025 2046//2014
f 2058//2026 2047//2024 2048//2015
f 2049//2017 2058//2026 2048//2015
f 2060//2027 2049//2017 2050//2018
f 2050//2018 2052//2021 2060//2027
f 2051//2020 1980//1960 1971//1951
f 2061//2028 2045//2013 2055//2023
f 2053//2029 2062//2030 2052//2021
f 2054//2022 2063//2031 2053//2029
f 2056//2025 2065//2032 2055//2023
f 2057//2033 2066//2034 2056//2025
f 2058//2026 2067//2035 2057//2033
f 2069//2036 2058//2026 2059//2037
f 2060//2027 2069//2036 2059//2037
f 2060//2027 2062//2030 2070//2038
f 2061//2028 1989//2039 1980//1960
f 2071//2040 2055//2023 2065//2032
f 222//227 1996//1972 217//221
f 1685//228 2072//2041 222//227
f 2073//2042 1686//1667 2074//2043
f 2075//2044 1686//1667 1687//1668
f 2072//2041 2005//1982 1996//1972
f 2073//2042 2076//2045 2072//2041
f 2074//2043 2077//2046 2073//2042
f 2075//2044 2078//2047 2074//2043
f 2075//2044 1708//1686 2079//2048
f 2076//2045 2014//1992 2005//1982
f 2077//2046 2080//2049 2076//2045
f 2078//2047 2081//2050 2077//2046
f 2079//2048 2082//2051 2078//2047
f 2083//2052 1708//1686 1735//1713
f 2080//2049 2024//2002 2014//1992
f 2081//2050 2084//2053 2080//2049
f 2082//2051 2085//2054 2081//2050
f 2083//2052 2086//2055 2082//2051
f 2087//2056 1735//1713 1765//1744
f 2084//2053 2034//2012 2024//2002
f 2085//2054 2088//2057 2084//2053
f 2086//2055 2089//2058 2085//2054
f 2087//2056 2090//2059 2086//2055
f 2091//2060 1765//1744 1787//1766
f 2088//2057 2044//2011 2034//2012
f 2089//2058 2092//2061 2088//2057
f 2090//2059 2093//2062 2089//2058
f 2095//2063 2090//2059 2091//2060
f 2091//2060 1809//1789 2095//2063
f 2096//2064 2044//2011 2092//2061
f 2097//2065 2092//2061 2093//2062
f 2098//2066 2093//2062 2094//2067
f 2099//2068 2094//2067 2095//2063
f 2095//2063 1830//1839 2099//2068
f 2096//2064 2064//2069 2054//2022
f 2097//2065 2100//2070 2096//2064
f 2102//2071 2097//2065 2098//2066
f 2103//2072 2098//2066 2099//2068
f 2099//2068 1857//2073 2103//2072
f 2115//2074 2109//2075 2110//2076
f 2116//2077 2110//2076 2111//2078
f 2110//2076 2121//2079 2122//2080
f 2111//2078 2122//2080 2108//2081
f 2125//2082 2117//2083 2118//2084
f 2126//2085 2118//2084 2119//2086
f 2127//2087 2119//2086 2120//2088
f 2113//2089 2126//2085 2127//2087
f 2109//2075 2120//2088 2121//2079
f 2114//2090 2127//2087 2109//2075
f 2128//2091 2104//2092 2106//2093
f 2124//2094 2128//2091 2117//2083
f 2136//2095 2129//2096 2130//2097
f 2136//2095 2131//2098 2137//2099
f 2141//2100 2132//2101 2133//2102
f 2142//2103 2133//2102 2134//2104
f 2143//2105 2134//2104 2135//2106
f 2144//2107 2135//2106 2136//2095
f 2144//2107 2137//2099 2145//2108
f 2130//2097 2151//2109 2152//2110
f 2153//2111 2130//2097 2152//2110
f 2154//2112 2108//2081 2146//2113
f 2155//2114 2146//2113 2147//2115
f 2156//2116 2147//2115 2148//2117
f 2157//2118 2148//2117 2149//2119
f 2133//2102 2156//2116 2157//2118
f 2158//2120 2149//2119 2150//2121
f 2134//2104 2157//2118 2158//2120
f 2129//2096 2150//2121 2151//2109
f 2135//2106 2158//2120 2129//2096
f 2159//2122 2111//2078 2154//2112
f 2138//2123 2116//2077 2159//2122
f 2160//2124 2154//2112 2155//2114
f 2139//2125 2159//2122 2160//2124
f 2132//2101 2155//2114 2156//2116
f 2140//2126 2160//2124 2132//2101
f 2145//2108 2161//2127 2163//2128
f 2163//2128 2162//2129 2164//2130
f 2131//2098 2167//2131 2171//2132
f 2171//2132 2137//2099 2131//2098
f 2171//2132 2168//2133 2172//2134
f 2172//2134 2161//2127 2171//2132
f 2172//2134 2169//2135 2173//2136
f 2173//2136 2170//2137 2174//2138
f 2162//2129 2173//2136 2176//2139
f 2176//2139 2164//2130 2162//2129
f 2176//2139 2174//2138 2177//2140
f 2177//2140 2165//2141 2176//2139
f 2177//2140 2175//2142 2178//2143
f 2180//2144 2174//2138 2170//2137
f 2175//2142 2181//2145 2182//2146
f 2179//2147 2175//2142 2182//2146
s 0
f 4213//2148 4231//2148 4214//2148
s 1
f 2191//2149 2186//2150 2187//2151
f 2192//2152 2187//2151 2188//2153
f 2196//2154 2195//2155 2197//2156
f 2198//2157 2197//2156 2199//2158
f 2199//2158 2189//2159 2190//2160
f 2200//2161 2199//2158 2201//2162
f 2191//2149 2199//2158 2190//2160
f 2202//2163 2191//2149 2192//2152
f 2205//2164 2204//2165 2206//2166
f 2207//2167 2206//2166 2194//2168
f 2194//2168 2193//2169 2195//2155
f 2208//2170 2194//2168 2196//2154
f 2209//2171 2196//2154 2198//2157
f 2200//2161 2209//2171 2198//2157
f 2211//2172 2200//2161 2201//2162
f 2202//2163 2211//2172 2201//2162
f 2216//2173 2213//2174 2214//2175
f 2216//2173 2203//2176 2215//2177
f 2217//2178 2203//2176 2205//2164
f 2218//2179 2205//2164 2207//2167
f 2219//2180 2207//2167 2208//2170
f 2220//2181 2208//2170 2209//2171
f 2221//1535 2209//2171 2210//2182
f 2222//1537 2210//2182 2211//2172
f 2212//1543 2222//1537 2211//2172
f 2105//2183 2213//2174 2224//2184
f 2105//2183 2104//2092 2214//2175
f 2225//2185 2213//2174 2215//2177
f 2226//2186 2215//2177 2217//2178
f 2227//2187 2217//2178 2218//2179
f 2228//2188 2218//2179 2219//2180
f 2229//2189 2219//2180 2220//2181
f 2230//1101 2220//2181 2221//1535
f 2231//2190 2221//1535 2222//1537
f 2232//1555 2222//1537 2223//2191
f 2246//2192 2237//2193 2238//2194
f 2247//2195 2238//2194 2239//2196
f 2248//2197 2239//2196 2240//2198
f 2250//2199 2241//2200 2242//2201
f 2251//2202 2242//2201 2243//2203
f 2252//2204 2243//2203 2244//2205
f 2253//2206 2244//2205 2245//2207
f 2254//2208 2245//2207 2246//2192
f 2234//2209 2253//2206 2254//2208
f 2255//2210 2246//2192 2247//2195
f 2235//2211 2254//2208 2255//2210
f 2256//2212 2247//2195 2248//2197
f 2236//2213 2255//2210 2256//2212
f 2264//2214 2257//2215 2258//2216
f 2268//2217 2259//2218 2260//2219
f 2269//2220 2260//2219 2261//2221
f 2270//2222 2261//2221 2262//2223
f 2238//2194 2269//2220 2270//2222
f 2271//2224 2262//2223 2263//2225
f 2239//2196 2270//2222 2271//2224
f 2272//2226 2263//2225 2264//2214
f 2240//2198 2271//2224 2272//2226
f 2273//2227 2186//2150 2265//2228
f 2274//2229 2265//2228 2266//2230
f 2274//2229 2241//2200 2273//2227
f 2275//2231 2266//2230 2267//2232
f 2243//2203 2274//2229 2275//2231
f 2276//2233 2267//2232 2268//2217
f 2244//2205 2275//2231 2276//2233
f 2237//2193 2268//2217 2269//2220
f 2245//2207 2276//2233 2237//2193
f 2185//2234 2187//2151 2273//2227
f 2185//2234 2241//2200 2249//2235
f 2287//2236 2278//2237 2279//2238
f 2288//2239 2279//2238 2280//2240
f 2289//2241 2280//2240 2281//2242
f 2258//2216 2288//2239 2289//2241
f 2291//2243 2282//2244 2283//2245
f 2292//2246 2283//2245 2284//2247
f 2293//2248 2284//2247 2285//2249
f 2260//2219 2292//2246 2293//2248
f 2294//2250 2285//2249 2286//2251
f 2261//2221 2293//2248 2294//2250
f 2295//2252 2286//2251 2287//2236
f 2262//2223 2294//2250 2295//2252
f 2257//2215 2287//2236 2288//2239
f 2263//2225 2295//2252 2257//2215
f 2296//2253 2189//2159 2290//2254
f 2296//2253 2186//2150 2190//2160
f 2297//2255 2290//2254 2291//2243
f 2266//2230 2296//2253 2297//2255
f 2259//2218 2291//2243 2292//2246
f 2267//2232 2297//2255 2259//2218
f 2305//2256 2298//2257 2299//2258
f 2306//2259 2299//2258 2300//2260
f 2310//2261 2301//2262 2302//2263
f 2311//2264 2302//2263 2303//2265
f 2312//2266 2303//2265 2304//2267
f 2279//2238 2311//2264 2312//2266
f 2313//2268 2304//2267 2305//2256
f 2280//2240 2312//2266 2313//2268
f 2277//2269 2305//2256 2306//2259
f 2281//2242 2313//2268 2277//2269
f 2314//2270 2193//2169 2307//2271
f 2315//2272 2307//2271 2308//2273
f 2315//2272 2282//2244 2314//2270
f 2316//2274 2308//2273 2309//2275
f 2284//2247 2315//2272 2316//2274
f 2317//2276 2309//2275 2310//2261
f 2285//2249 2316//2274 2317//2276
f 2278//2237 2310//2261 2311//2264
f 2286//2251 2317//2276 2278//2237
f 2189//2159 2195//2155 2314//2270
f 2189//2159 2282//2244 2290//2254
f 2322//2277 2112//2278 2113//2089
f 2323//2279 2113//2089 2114//2090
f 2324//2280 2114//2090 2115//2074
f 2299//2258 2323//2279 2324//2280
f 2107//2281 2115//2074 2116//2077
f 2300//2260 2324//2280 2107//2281
f 2326//2282 2318//2283 2319//2284
f 2327//2285 2319//2284 2320//2286
f 2328//2287 2320//2286 2321//2288
f 2302//2263 2327//2285 2328//2287
f 2329//2289 2321//2288 2322//2277
f 2303//2265 2328//2287 2329//2289
f 2298//2257 2322//2277 2323//2279
f 2304//2267 2329//2289 2298//2257
f 2330//2290 2204//2165 2325//2291
f 2330//2290 2193//2169 2206//2166
f 2331//2292 2325//2291 2326//2282
f 2308//2273 2330//2290 2331//2292
f 2301//2262 2326//2282 2327//2285
f 2309//2275 2331//2292 2301//2262
f 2332//2293 2104//2092 2123//2294
f 2333//2295 2123//2294 2124//2094
f 2319//2284 2332//2293 2333//2295
f 2334//2296 2124//2094 2125//2082
f 2320//2286 2333//2295 2334//2296
f 2112//2278 2125//2082 2126//2085
f 2321//2288 2334//2296 2112//2278
f 2216//2173 2332//2293 2318//2283
f 2325//2291 2216//2173 2318//2283
f 2345//2297 2336//2298 2337//2299
f 2346//2300 2337//2299 2338//2301
f 2347//2302 2338//2301 2339//2303
f 2348//2304 2339//2303 2340//2305
f 2350//2306 2341//2307 2342//2308
f 2351//2309 2342//2308 2343//2310
f 2352//2311 2343//2310 2344//2312
f 2353//2313 2344//2312 2345//2297
f 2354//2314 2345//2297 2346//2300
f 2355//2315 2346//2300 2347//2302
f 224//354 2354//2314 2355//2315
f 2356//2316 2347//2302 2348//2304
f 225//356 2355//2315 2356//2316
f 2366//2317 2357//2318 2358//2319
f 2367//2320 2358//2319 2359//2321
f 2368//2322 2359//2321 2360//2323
f 2370//2324 2361//2325 2362//2326
f 2371//2327 2362//2326 2363//2328
f 2372//2329 2363//2328 2364//2330
f 2373//2331 2364//2330 2365//2332
f 2337//2299 2372//2329 2373//2331
f 2374//2333 2365//2332 2366//2317
f 2338//2301 2373//2331 2374//2333
f 2375//2334 2366//2317 2367//2320
f 2339//2303 2374//2333 2375//2334
f 2335//2335 2367//2320 2368//2322
f 2340//2305 2375//2334 2335//2335
f 2376//2336 2240//2198 2369//2337
f 2377//2338 2369//2337 2370//2324
f 2342//2308 2376//2336 2377//2338
f 2378//2339 2370//2324 2371//2327
f 2343//2310 2377//2338 2378//2339
f 2336//2298 2371//2327 2372//2329
f 2344//2312 2378//2339 2336//2298
f 2341//2307 2248//2197 2376//2336
f 2349//2340 2256//2212 2341//2307
f 2388//2341 2379//2342 2380//2343
f 2389//2344 2380//2343 2381//2345
f 2389//2344 2382//2346 2390//2347
f 2391//2348 2382//2346 2383//2349
f 2358//2319 2390//2347 2391//2348
f 2392//2350 2383//2349 2384//2351
f 2359//2321 2391//2348 2392//2350
f 2393//2352 2384//2351 2385//2353
f 2360//2323 2392//2350 2393//2352
f 2394//2354 2258//2216 2386//2355
f 2395//2356 2386//2355 2387//2357
f 2362//2326 2394//2354 2395//2356
f 2396//2358 2387//2357 2388//2341
f 2363//2328 2395//2356 2396//2358
f 2397//2359 2388//2341 2389//2344
f 2364//2330 2396//2358 2397//2359
f 2357//2318 2389//2344 2390//2347
f 2365//2332 2397//2359 2357//2318
f 2361//2325 2264//2214 2394//2354
f 2369//2337 2272//2226 2361//2325
f 2407//2360 2398//2361 2399//2362
f 2408//2363 2399//2362 2400//2364
f 2408//2363 2401//2365 2409//2366
f 2409//2366 2402//2367 2410//2368
f 2411//2369 2277//2269 2403//2370
f 2412//2371 2403//2370 2404//2372
f 2413//2373 2404//2372 2405//2374
f 2380//2343 2412//2371 2413//2373
f 2414//2375 2405//2374 2406//2376
f 2381//2345 2413//2373 2414//2375
f 2415//2377 2406//2376 2407//2360
f 2382//2346 2414//2375 2415//2377
f 2416//2378 2407//2360 2408//2363
f 2383//2349 2415//2377 2416//2378
f 2417//2379 2408//2363 2409//2366
f 2384//2351 2416//2378 2417//2379
f 2417//2379 2410//2368 2418//2380
f 2385//2353 2417//2379 2418//2380
f 2419//2381 2281//2242 2411//2369
f 2386//2355 2289//2241 2419//2381
f 2379//2342 2411//2369 2412//2371
f 2387//2357 2419//2381 2379//2342
f 2425//2382 2421//2383 2424//2384
f 2426//2385 2107//2281 2138//2123
f 2427//2386 2138//2123 2139//2125
f 2428//2387 2139//2125 2140//2126
f 2429//2388 2140//2126 2141//2100
f 2430//2389 2141//2100 2142//2103
f 2399//2362 2429//2388 2430//2389
f 2431//2390 2142//2103 2143//2105
f 2400//2364 2430//2389 2431//2390
f 2432//2391 2143//2105 2144//2107
f 2401//2365 2431//2390 2432//2391
f 2432//2391 2145//2108 2433//2392
f 2433//2392 2401//2365 2432//2391
f 2434//2393 2300//2260 2426//2385
f 2403//2370 2306//2259 2434//2393
f 2435//2394 2426//2385 2427//2386
f 2404//2372 2434//2393 2435//2394
f 2436//2395 2427//2386 2428//2387
f 2405//2374 2435//2394 2436//2395
f 2398//2361 2428//2387 2429//2388
f 2406//2376 2436//2395 2398//2361
f 2437//2396 2421//2383 2422//2397
f 2437//2396 2420//2398 2438//2399
f 2439//2400 2423//2401 2424//2384
f 2439//2400 2421//2383 2440//2402
f 2438//2399 2444//2403 2437//2396
f 2440//2402 2447//2404 2439//2400
f 2448//2405 2437//2396 2444//2403
f 2451//2406 2441//2407 2442//2408
f 2446//2409 2442//2408 2443//2410
f 2446//2409 2439//2400 2447//2404
f 2445//2411 2452//2412 2444//2403
f 2447//2404 2454//2413 2446//2409
f 2448//2405 2455//2414 2447//2404
f 2456//2415 2444//2403 2452//2412
f 2450//2416 2457//2417 2449//2418
f 2459//2419 2450//2416 2451//2406
f 2451//2406 2454//2413 2459//2419
f 2456//2415 2461//2420 2455//2414
f 2452//2412 2462//2421 2456//2415
f 2452//2412 2460//2422 2463//2423
f 2459//2419 2464//2424 2458//2425
f 2454//2413 2465//2426 2459//2419
f 2466//2427 2455//2414 2461//2420
f 2472//2428 2335//2335 2467//2429
f 2473//2430 2467//2429 2468//2431
f 2474//2432 2468//2431 2469//2433
f 2474//2432 2470//2434 2475//2435
f 2476//2436 2470//2434 2471//2437
f 2478//2438 2340//2305 2472//2428
f 2479//2439 2472//2428 2473//2430
f 2479//2439 2474//2432 2480//2440
f 2481//2441 2474//2432 2475//2435
f 2481//2441 2476//2436 2482//2442
f 2482//2442 2477//2443 2483//2444
f 2484//2445 2348//2304 2478//2438
f 226//489 2356//2316 2484//2445
f 2484//2445 2479//2439 2485//2446
f 2485//2446 226//489 2484//2445
f 2485//2446 2480//2440 2486//2447
f 2486//2447 227//490 2485//2446
f 2486//2447 2481//2441 2487//2448
f 2487//2448 2482//2442 2488//2449
f 2488//2449 2483//2444 2489//2450
f 2496//2451 2360//2323 2490//2452
f 2467//2429 2368//2322 2496//2451
f 2497//2453 2490//2452 2491//2454
f 2468//2431 2496//2451 2497//2453
f 2497//2453 2492//2455 2498//2456
f 2498//2456 2468//2431 2497//2453
f 2498//2456 2493//2457 2499//2458
f 2499//2458 2469//2433 2498//2456
f 2499//2458 2494//2459 2500//2460
f 2500//2460 2470//2434 2499//2458
f 2500//2460 2495//2461 2501//2462
f 2471//2437 2501//2462 2502//2463
f 2477//2443 2471//2437 2502//2463
f 2504//2464 2477//2443 2502//2463
f 2504//2464 2503//2465 2505//2466
f 2489//2450 2504//2464 2506//2467
f 2506//2467 2505//2466 2507//2468
f 2393//2352 2509//2469 2514//2470
f 2490//2452 2393//2352 2514//2470
f 2514//2470 2510//2471 2515//2472
f 2515//2472 2490//2452 2514//2470
f 2515//2472 2511//2473 2516//2474
f 2516//2474 2491//2454 2515//2472
f 2516//2474 2512//2475 2517//2476
f 2517//2476 2492//2455 2516//2474
f 2518//2477 2512//2475 2513//2478
f 2518//2477 2493//2457 2517//2476
f 2519//2479 2494//2459 2518//2477
f 2522//2480 2495//2461 2519//2479
f 2525//2481 2521//2482 2520//2483
f 2526//2484 2522//2480 2521//2482
f 2527//2485 2501//2462 2522//2480
f 2528//2486 2502//2463 2527//2485
f 2531//2487 2523//2488 2530//2489
f 2531//2487 2525//2481 2524//2490
f 2532//2491 2526//2484 2525//2481
f 2533//2492 2527//2485 2526//2484
f 2534//2493 2528//2486 2527//2485
f 2535//2494 2503//2465 2528//2486
f 2536//2495 2530//2489 2529//2496
f 2537//2497 2531//2487 2530//2489
f 2538//2498 2532//2491 2531//2487
f 2539//2499 2533//2492 2532//2491
f 2540//2500 2534//2493 2533//2492
f 2541//2501 2535//2494 2534//2493
f 2542//2502 2505//2466 2535//2494
f 2508//2503 2542//2502 2543//2504
f 2410//2368 2544//2505 2546//2506
f 2546//2506 2545//2507 2547//2508
f 2418//2380 2546//2506 2551//2509
f 2551//2509 2385//2353 2418//2380
f 2551//2509 2547//2508 2552//2510
f 2552//2510 2509//2469 2551//2509
f 2552//2510 2548//2511 2553//2512
f 2553//2512 2510//2471 2552//2510
f 2553//2512 2549//2513 2554//2514
f 2554//2514 2511//2473 2553//2512
f 2555//2515 2549//2513 2550//2516
f 2555//2515 2512//2475 2554//2514
f 2513//2478 2556//2517 2559//2518
f 2519//2479 2513//2478 2559//2518
f 2563//2519 2557//2520 2562//2521
f 2563//2519 2520//2483 2521//2482
f 2564//2522 2558//2523 2563//2519
f 2564//2522 2521//2482 2522//2480
f 2564//2522 2519//2479 2559//2518
f 2567//2524 2560//2525 2566//2526
f 2567//2524 2523//2488 2524//2490
f 2520//2483 2561//2527 2567//2524
f 2520//2483 2524//2490 2525//2481
f 2568//2528 2420//2398 2422//2397
f 2529//2496 2565//2529 2568//2528
f 2529//2496 2523//2488 2566//2526
f 2425//2382 2568//2528 2422//2397
f 2536//2495 2568//2528 2569//2530
f 2570//2531 2536//2495 2569//2530
f 2538//2498 2570//2531 2571//2532
f 2539//2499 2571//2532 2572//2533
f 2540//2500 2572//2533 2573//2534
f 2541//2501 2573//2534 2574//2535
f 2575//2536 2541//2501 2574//2535
f 2543//2504 2575//2536 2576//2537
f 2433//2392 2163//2128 2577//2538
f 2577//2538 2402//2367 2433//2392
f 2577//2538 2164//2130 2578//2539
f 2578//2539 2544//2505 2577//2538
f 2578//2539 2165//2141 2579//2540
f 2579//2540 2166//2541 2580//2542
f 2545//2507 2579//2540 2582//2543
f 2582//2543 2547//2508 2545//2507
f 2582//2543 2580//2542 2583//2544
f 2583//2544 2548//2511 2582//2543
f 2583//2544 2581//2545 2584//2546
f 2584//2546 2549//2513 2583//2544
f 2550//2516 2585//2547 2586//2548
f 2556//2517 2550//2516 2586//2548
f 2589//2549 2557//2520 2558//2523
f 2590//2550 2558//2523 2559//2518
f 2590//2550 2556//2517 2586//2548
f 2593//2551 2560//2525 2561//2527
f 2587//2552 2561//2527 2562//2521
f 2587//2552 2557//2520 2588//2553
f 2594//2554 2420//2398 2565//2529
f 2591//2555 2565//2529 2566//2526
f 2591//2555 2560//2525 2592//2556
f 2166//2541 2178//2143 2595//2557
f 2595//2557 2580//2542 2166//2541
f 2595//2557 2179//2147 2596//2558
f 2581//2545 2596//2558 2597//2559
f 2585//2547 2581//2545 2597//2559
f 2598//2560 2585//2547 2597//2559
f 2588//2553 2599//2561 2587//2552
f 2589//2549 2600//2562 2588//2553
f 2590//2550 2601//2563 2589//2549
f 2602//2564 2586//2548 2598//2560
f 2592//2556 2603//2565 2591//2555
f 2593//2551 2604//2566 2592//2556
f 2605//2567 2587//2552 2599//2561
f 2606//2568 2438//2399 2594//2554
f 2594//2554 2603//2565 2606//2568
f 2607//2569 2179//2147 2182//2146
f 2608//2570 2596//2558 2607//2569
f 2598//2560 2608//2570 2609//2571
f 2610//2572 2608//2570 2622//2573
f 2601//2563 2611//2574 2600//2562
f 2602//2564 2612//2575 2601//2563
f 2602//2564 2609//2571 2613//2576
f 2614//2577 2609//2571 2610//2572
f 2604//2566 2615//2578 2603//2565
f 2605//2567 2616//2579 2604//2566
f 2599//2561 2617//2580 2605//2567
f 2618//2581 2600//2562 2611//2574
f 2606//2568 2453//2582 2445//2411
f 2619//2583 2603//2565 2615//2578
f 2620//2584 2182//2146 2183//2585
f 2620//2584 2184//2586 2621//2587
f 2622//2573 2607//2569 2620//2584
f 2622//2573 2621//2587 2623//2588
f 2610//2572 2623//2588 2624//2589
f 2613//2576 2625//2590 2612//2575
f 2614//2577 2626//2591 2613//2576
f 2614//2577 2624//2589 2627//2592
f 2617//2580 2628//2593 2616//2579
f 2618//2581 2629//2594 2617//2580
f 2611//2574 2630//2595 2618//2581
f 2611//2574 2625//2590 2631//2596
f 2632//2597 2625//2590 2626//2591
f 2633//2598 2626//2591 2627//2592
f 2619//2583 2460//2422 2453//2582
f 2615//2578 2634//2599 2619//2583
f 2615//2578 2628//2593 2635//2600
f 2636//2601 2628//2593 2629//2594
f 2636//2601 2630//2595 4217//2602
f 2637//2603 2460//2422 2634//2599
f 4221//2604 2634//2599 2635//2600
f 2644//2605 2638//2606 2639//2607
f 2645//2608 2639//2607 2640//2609
f 2641//2610 2645//2608 2640//2609
f 2647//2611 2185//2234 2642//2612
f 2648//2613 2642//2612 2643//2614
f 2649//2615 2643//2614 2644//2605
f 2650//2616 2644//2605 2645//2608
f 2651//2617 2645//2608 2646//2618
f 2652//2619 2188//2153 2647//2611
f 2653//2620 2647//2611 2648//2613
f 2654//2621 2648//2613 2649//2615
f 2655//1101 2649//2615 2650//2616
f 2656//2622 2650//2616 2651//2617
f 2657//2623 2192//2152 2652//2619
f 2658//1117 2652//2619 2653//2620
f 2659//1535 2653//2620 2654//2621
f 2660//2624 2654//2621 2655//1101
f 2661//2625 2655//1101 2656//2622
f 2662//2626 2202//2163 2657//2623
f 2663//1549 2657//2623 2658//1117
f 2664//1545 2658//1117 2659//1535
f 2665//1533 2659//1535 2660//2624
f 2666//2627 2660//2624 2661//2625
f 2667//2626 2212//1543 2662//2626
f 2668//1870 2662//2626 2663//1549
f 2669//1116 2663//1549 2664//1545
f 2670//1551 2664//1545 2665//1533
f 2671//1106 2665//1533 2666//2627
f 2672//2628 2223//2191 2667//2626
f 2673//2629 2667//2626 2668//1870
f 2674//2630 2668//1870 2669//1116
f 2670//1551 2674//2630 2669//1116
f 2676//1870 2670//1551 2671//1106
f 2682//2631 2233//2632 2234//2209
f 2683//2633 2234//2209 2235//2211
f 2684//2634 2235//2211 2236//2213
f 2686//2635 2677//2636 2678//2637
f 2687//2638 2678//2637 2679//2639
f 2688//2640 2679//2639 2680//2641
f 2689//2642 2680//2641 2681//2643
f 2690//2644 2681//2643 2682//2631
f 270//270 2689//2642 2690//2644
f 2691//2645 2682//2631 2683//2633
f 271//272 2690//2644 2691//2645
f 2692//2646 2683//2633 2684//2634
f 272//274 2691//2645 2692//2646
f 2639//2607 2685//2647 2693//2648
f 2694//2649 2685//2647 2686//2635
f 2694//2649 273//276 2693//2648
f 2695//2650 2686//2635 2687//2638
f 275//279 2694//2649 2695//2650
f 2696//2651 2687//2638 2688//2640
f 276//281 2695//2650 2696//2651
f 269//269 2688//2640 2689//2642
f 277//283 2696//2651 269//269
f 2640//2609 2693//2648 2697//2652
f 2697//2652 273//276 281//2653
f 2641//2610 2697//2652 2698//2654
f 2698//2654 281//2653 289//287
f 2699//2655 289//287 295//2656
f 2700//2657 295//2656 296//294
f 2701//2658 296//294 297//295
f 2642//2612 2249//2235 2702//2659
f 2703//2660 2249//2235 2250//2199
f 2703//2660 2677//2636 2702//2659
f 2704//2661 2250//2199 2251//2202
f 2679//2639 2703//2660 2704//2661
f 2705//2662 2251//2202 2252//2204
f 2680//2641 2704//2661 2705//2662
f 2233//2632 2252//2204 2253//2206
f 2681//2643 2705//2662 2233//2632
f 2643//2614 2702//2659 2638//2606
f 2638//2606 2677//2636 2685//2647
f 2706//2663 2641//2610 2698//2654
f 2699//2655 2706//2663 2698//2654
f 2708//2664 2699//2655 2700//2657
f 2709//1543 2700//2657 2701//2658
f 2710//2665 2646//2618 2706//2663
f 2707//2666 2710//2665 2706//2663
f 2712//1549 2707//2666 2708//2664
f 2713//2667 2708//2664 2709//1543
f 2714//2668 2651//2617 2710//2665
f 2711//1555 2714//2668 2710//2665
f 2716//2669 2711//1555 2712//1549
f 2717//2629 2712//1549 2713//2667
f 2718//2670 2656//2622 2714//2668
f 2719//2671 2714//2668 2715//1116
f 2720//1878 2715//1116 2716//2669
f 2721//2672 2716//2669 2717//2629
f 2725//2669 2661//2625 2718//2670
f 2727//1106 2718//2670 2719//2671
f 2728//1110 2719//2671 2720//1878
f 2721//2672 2728//1110 2720//1878
f 2731//2673 2722//2674 2730//2675
f 2724//2676 2731//2673 2732//2677
f 2733//1545 2666//2627 2725//2669
f 2734//2678 2724//2676 2732//2677
f 2727//1106 2733//1545 2725//2669
f 2736//2679 2727//1106 2728//1110
f 2737//1554 2728//1110 2729//2680
f 2732//2677 2738//2681 2739//2682
f 2740//2683 2671//1106 2733//1545
f 2734//2678 2739//2682 2741//2684
f 2735//1870 2740//2683 2733//1545
f 2743//1869 2735//1870 2736//2679
f 2744//1544 2736//2679 2737//1554
f 2745//2685 2236//2213 2349//2340
f 2746//2686 2349//2340 2350//2306
f 2747//2687 2350//2306 2351//2309
f 359//359 2746//2686 2747//2687
f 2748//2688 2351//2309 2352//2311
f 360//361 2747//2687 2748//2688
f 2749//2689 2352//2311 2353//2313
f 361//363 2748//2688 2749//2689
f 223//353 2353//2313 2354//2314
f 362//365 2749//2689 223//353
f 2750//2690 2684//2634 2745//2685
f 365//369 2692//2646 2750//2690
f 358//358 2745//2685 2746//2686
f 366//371 2750//2690 358//358
f 2752//2691 386//742 387//384
f 2756//2692 2423//2401 2755//2693
f 2756//2692 2425//2382 2424//2384
f 2758//2694 2755//2693 2754//2695
f 2759//2696 2756//2692 2755//2693
f 2760//2697 2757//2698 2756//2692
f 2764//2699 2441//2407 2763//2700
f 2754//2695 2442//2408 2764//2699
f 2754//2695 2423//2401 2443//2410
f 2767//2701 2762//2702 2766//2703
f 2767//2701 2764//2699 2763//2700
f 2758//2694 2764//2699 2768//2704
f 2769//2705 2758//2694 2768//2704
f 2760//2697 2769//2705 2770//2706
f 2761//2707 2770//2706 2771//2708
f 2774//2709 2765//2710 2773//2711
f 2774//2709 2767//2701 2766//2703
f 2775//2712 2768//2704 2767//2701
f 2776//2713 2769//2705 2768//2704
f 2777//2714 2770//2706 2769//2705
f 2778//2715 2771//2708 2770//2706
f 2780//2716 2773//2711 2772//2717
f 2781//2718 2774//2709 2773//2711
f 2782//2719 2775//2712 2774//2709
f 2783//2720 2776//2713 2775//2712
f 2449//2418 2762//2702 2763//2700
f 2449//2418 2441//2407 2450//2416
f 2784//2721 2765//2710 2766//2703
f 2784//2721 2762//2702 2785//2722
f 2788//2723 2722//2674 2723//2724
f 2772//2717 2786//2725 2788//2723
f 2772//2717 2765//2710 2787//2726
f 2777//2714 2789//2727 2790//2728
f 2778//2715 2790//2728 2791//2729
f 2779//2730 2791//2729 2792//2731
f 2724//2676 2788//2723 2723//2724
f 2780//2716 2788//2723 2793//2732
f 2794//2733 2780//2716 2793//2732
f 2782//2719 2794//2733 2795//2734
f 2783//2720 2795//2734 2796//2735
f 2789//2727 2796//2735 2797//2736
f 2797//2736 2790//2728 2789//2727
f 2798//2737 2791//2729 2790//2728
f 2726//2738 2793//2732 2724//2676
f 2799//2739 2794//2733 2793//2732
f 2800//2740 2795//2734 2794//2733
f 2785//2722 2801//2741 2784//2721
f 2802//2742 2449//2418 2457//2417
f 2803//2743 2722//2674 2786//2725
f 2804//2744 2786//2725 2787//2726
f 2804//2744 2784//2721 2801//2741
f 2792//2731 2805//2745 2806//2746
f 2796//2735 2807//2747 2808//2748
f 2797//2736 2808//2748 2809//2749
f 2798//2737 2809//2749 2810//2750
f 2805//2745 2810//2750 2811//2751
f 2811//2751 2806//2746 2805//2745
f 2812//2752 2726//2738 2734//2678
f 2800//2740 2812//2752 2813//2753
f 2807//2747 2813//2753 2814//2754
f 2815//2755 2807//2747 2814//2754
f 2816//2756 2808//2748 2815//2755
f 2818//2757 2801//2741 2802//2742
f 2457//2417 2818//2757 2802//2742
f 2819//2758 2458//2425 2464//2424
f 2821//2759 2803//2743 2804//2744
f 2821//2759 2801//2741 2817//2760
f 2730//2675 2738//2681 2731//2673
f 2730//2675 2820//2761 2822//2762
f 2824//2763 2738//2681 2822//2762
f 2810//2750 2827//2764 2828//2765
f 2811//2751 2828//2765 2829//2766
f 2823//2767 2829//2766 2830//2768
f 2741//2684 2824//2763 2831//2769
f 2812//2752 2741//2684 2831//2769
f 2831//2769 2825//2770 2832//2771
f 2832//2771 2812//2752 2831//2769
f 2832//2771 2826//2772 2833//2773
f 2833//2773 2813//2753 2832//2771
f 2815//2755 2833//2773 2834//2774
f 2816//2756 2834//2774 2835//2775
f 2816//2756 2827//2764 2809//2749
f 228//492 2487//2448 2836//2776
f 2836//2776 492//493 228//492
f 2836//2776 2488//2449 2837//2777
f 2837//2777 2489//2450 2838//2778
f 493//497 2837//2777 2839//2779
f 2839//2779 497//498 493//497
f 2839//2779 2838//2778 2840//2780
f 2840//2780 498//503 2839//2779
f 2840//2780 2856//2781 2841//2782
f 499//505 2841//2782 2842//2783
f 2842//2783 505//506 499//505
f 2842//2783 2859//2784 2843//2785
f 507//508 2842//2783 2843//2785
f 2844//2786 507//508 2843//2785
f 2846//2787 509//513 510//515
f 2847//2788 510//515 511//514
f 512//510 2847//2788 511//514
f 2848//2789 508//509 2844//2786
f 514//519 2849//2790 513//518
f 2851//2791 514//519 515//511
f 2851//2791 509//513 2845//2792
f 2853//2793 517//521 518//516
f 2854//2794 518//516 519//517
f 519//517 2849//2790 2854//2794
f 2855//2795 387//384 520//520
f 520//520 2852//2796 2855//2795
f 2838//2778 2506//2467 2856//2781
f 2857//2797 2506//2467 2507//2468
f 2857//2797 2508//2503 2858//2798
f 2841//2782 2857//2797 2859//2784
f 2860//2799 2857//2797 2858//2798
f 2861//2800 2859//2784 2860//2799
f 2862//2801 2843//2785 2861//2800
f 2847//2788 2863//2802 2846//2787
f 2848//2789 2864//2803 2847//2788
f 2865//2804 2844//2786 2862//2801
f 2850//2805 2866//2806 2849//2790
f 2851//2791 2867//2807 2850//2805
f 2845//2792 2868//2808 2851//2791
f 2869//2809 2846//2787 2863//2802
f 2871//2810 2852//2796 2853//2793
f 2872//2811 2853//2793 2854//2794
f 2872//2811 2849//2790 2866//2806
f 2873//2812 2752//2691 2855//2795
f 2855//2795 2870//2813 2873//2812
f 2874//2814 2508//2503 2543//2504
f 2875//2815 2858//2798 2874//2814
f 2876//2816 2860//2799 2875//2815
f 2877//2817 2861//2800 2876//2816
f 2864//2803 2878//2818 2863//2802
f 2865//2804 2879//2819 2864//2803
f 2865//2804 2877//2817 2880//2820
f 2868//2808 2881//2821 2867//2807
f 2869//2809 2882//2822 2868//2808
f 2883//2823 2863//2802 2878//2818
f 2872//2811 2884//2824 2871//2810
f 2866//2806 2885//2825 2872//2811
f 2886//2826 2867//2807 2881//2821
f 2888//2827 2873//2812 2870//2813
f 2870//2813 2884//2824 2888//2827
f 2757//2698 2569//2530 2425//2382
f 2889//2828 2570//2531 2569//2530
f 2890//2829 2571//2532 2570//2531
f 2891//2830 2572//2533 2571//2532
f 2892//2831 2573//2534 2572//2533
f 2893//2832 2574//2535 2573//2534
f 2894//2833 2575//2536 2574//2535
f 2895//2834 2576//2537 2575//2536
f 2874//2814 2576//2537 2896//2835
f 2761//2707 2889//2828 2757//2698
f 2897//2836 2890//2829 2889//2828
f 2898//2837 2891//2830 2890//2829
f 2899//2838 2874//2814 2896//2835
f 2987//2839 2875//2815 2899//2838
f 2901//2840 2879//2819 2880//2820
f 2883//2823 2902//2841 2882//2822
f 2878//2818 2903//2842 2883//2823
f 2904//2843 2879//2819 2900//2844
f 2886//2826 2905//2845 2885//2825
f 2881//2821 2906//2846 2886//2826
f 2907//2847 2882//2822 2902//2841
f 2909//2848 2888//2827 2884//2824
f 2884//2824 2905//2845 2909//2848
f 2892//2831 2910//2849 2911//2850
f 2893//2832 2911//2850 2912//2851
f 2894//2833 2912//2851 2913//2852
f 2895//2834 2913//2852 2914//2853
f 2915//2854 2895//2834 2914//2853
f 2897//2836 2771//2708 2916//2855
f 2898//2837 2916//2855 2917//2856
f 2910//2849 2917//2856 2918//2857
f 2918//2857 2911//2850 2910//2849
f 2919//2858 2912//2851 2911//2850
f 2920//2859 2913//2852 2912//2851
f 2899//2838 2915//2854 2921//2860
f 2779//2730 2916//2855 2771//2708
f 2904//2843 2923//2861 2903//2842
f 2900//2844 2924//2862 2904//2843
f 2925//2863 2901//2840 2922//2864
f 2907//2847 2926//2865 2906//2846
f 2902//2841 2927//2866 2907//2847
f 2928//2867 2903//2842 2923//2861
f 2930//2868 2909//2848 2905//2845
f 2930//2868 2906//2846 2926//2865
f 2914//2853 2931//2869 2932//2870
f 2933//2871 2914//2853 2932//2870
f 2917//2856 2934//2872 2935//2873
f 2918//2857 2935//2873 2936//2874
f 2919//2858 2936//2874 2937//2875
f 2920//2859 2937//2875 2938//2876
f 2931//2869 2938//2876 2939//2877
f 2939//2877 2932//2870 2931//2869
f 2940//2878 2933//2871 2932//2870
f 2921//2860 2933//2871 2941//2879
f 2934//2872 2792//2731 2942//2880
f 2942//2880 2935//2873 2934//2872
f 2943//2881 2936//2874 2935//2873
f 2944//2882 2937//2875 2936//2874
f 2947//2883 2923//2861 2924//2862
f 2925//2863 2947//2883 2924//2862
f 2948//2884 2922//2864 2945//2885
f 2950//2886 2927//2866 2928//2867
f 2950//2886 2923//2861 2946//2887
f 2926//2865 2951//2888 2930//2868
f 2926//2865 2949//2889 2952//2890
f 2938//2876 2953//2891 2954//2892
f 2939//2877 2954//2892 2955//2893
f 2956//2894 2939//2877 2955//2893
f 2957//2895 2940//2878 2956//2894
f 2942//2880 2806//2746 2958//2896
f 2943//2881 2958//2896 2959//2897
f 2944//2882 2959//2897 2960//2898
f 2953//2891 2960//2898 2961//2899
f 2961//2899 2954//2892 2953//2891
f 2948//2884 2962//2900 2947//2883
f 2946//2887 2964//2901 2950//2886
f 2946//2887 2962//2900 2965//2902
f 2966//2903 2962//2900 2963//2904
f 2949//2889 2967//2905 2952//2890
f 2949//2889 2964//2901 2968//2906
f 2969//2907 2964//2901 2965//2902
f 2969//2907 2966//2903 2982//2908
f 2955//2893 2970//2909 2971//2910
f 2972//2911 2955//2893 2971//2910
f 2973//2912 2956//2894 2972//2911
f 2958//2896 2823//2767 2974//2913
f 2959//2897 2974//2913 2975//2914
f 2960//2898 2975//2914 2976//2915
f 2961//2899 2976//2915 2977//2916
f 2970//2909 2977//2916 2978//2917
f 2979//2918 2970//2909 2978//2917
f 2980//2919 2823//2767 2830//2768
f 2982//2908 2981//2920 2983//2921
f 2877//2817 2984//2922 2985//2923
f 2986//2924 2877//2817 2985//2923
f 2984//2922 2987//2839 2988//2925
f 2989//2926 2984//2922 2988//2925
f 2986//2924 2901//2840 2880//2820
f 2986//2924 2989//2926 2990//2927
f 2991//2928 2899//2838 2921//2860
f 2988//2925 2991//2928 2992//2929
f 2989//2926 2992//2929 2993//2930
f 2990//2927 2922//2864 2901//2840
f 2990//2927 2993//2930 2994//2931
f 2995//2932 2921//2860 2941//2879
f 2992//2929 2995//2932 2996//2933
f 2993//2930 2996//2933 2997//2934
f 2998//2935 2922//2864 2994//2931
f 2994//2931 2997//2934 2998//2935
f 2995//2932 2957//2895 2999//2936
f 2996//2933 2999//2936 3000//2937
f 2997//2934 3000//2937 3001//2938
f 2998//2935 3001//2938 3002//2939
f 2945//2885 2963//2904 2948//2884
f 2945//2885 3002//2939 3003//2940
f 2981//2920 2963//2904 3003//2940
f 2999//2936 2973//2912 3004//2941
f 3000//2937 3004//2941 3005//2942
f 3001//2938 3005//2942 3006//2943
f 3002//2939 3006//2943 3007//2944
f 3003//2940 3007//2944 3008//2945
f 2981//2920 3008//2945 3009//2946
f 2983//2921 3009//2946 3010//2947
f 3012//2948 297//295 623//621
f 3013//2949 623//621 624//622
f 3014//2950 624//622 625//2951
f 3015//1533 625//2951 626//624
f 627//2952 3015//1533 626//624
f 3017//2950 627//2952 628//626
f 3018//1110 628//626 629//627
f 3019//1543 629//627 630//628
f 3020//2953 630//628 631//629
f 3021//2954 2701//2658 3012//2948
f 3022//2955 3012//2948 3013//2949
f 3023//2956 3013//2949 3014//2950
f 3024//2957 3014//2950 3015//1533
f 3016//2683 3024//2957 3015//1533
f 3026//2958 3016//2683 3017//2950
f 3027//2954 3017//2950 3018//1110
f 3028//2679 3018//1110 3019//1543
f 3029//1543 3019//1543 3020//2953
f 3030//1552 2709//1543 3021//2954
f 3031//1114 3021//2954 3022//2955
f 3032//2959 3022//2955 3023//2956
f 3024//2957 3032//2959 3023//2956
f 3034//2960 3024//2957 3025//2961
f 3035//1536 3025//2961 3026//2958
f 3036//2962 3026//2958 3027//2954
f 3028//2679 3036//2962 3027//2954
f 3029//1543 3037//2963 3028//2679
f 3039//2964 2713//2667 3030//1552
f 3040//1526 3030//1552 3031//1114
f 3041//2965 3031//1114 3032//2959
f 3042//1538 3032//2959 3033//2966
f 3034//2960 3042//1538 3033//2966
f 3044//2967 3034//2960 3035//1536
f 3045//2968 3035//1536 3036//2962
f 3037//2963 3045//2968 3036//2962
f 3038//626 3046//1536 3037//2963
f 3048//1103 2717//2629 3039//2964
f 3040//1526 3048//1103 3039//2964
f 3050//2969 3040//1526 3041//2965
f 3051//2679 3041//2965 3042//1538
f 3043//2970 3051//2679 3042//1538
f 3053//1106 3043//2970 3044//2967
f 3045//2968 3053//1106 3044//2967
f 3046//1536 3054//1551 3045//2968
f 3047//2971 3055//1870 3046//1536
f 3048//1103 2729//2680 2721//2672
f 3049//1115 3057//2950 3048//1103
f 3059//2972 3049//1115 3050//2969
f 3060//2973 3050//2969 3051//2679
f 3052//2679 3060//2973 3051//2679
f 3062//1870 3052//2679 3053//1106
f 3063//627 3053//1106 3054//1551
f 3055//1870 3063//627 3054//1551
f 3065//2974 3055//1870 3056//2975
f 3066//1870 2729//2680 3057//2950
f 3067//2950 3057//2950 3058//1115
f 3059//2972 3067//2950 3058//1115
f 3069//2976 3059//2972 3060//2973
f 3061//2679 3069//2976 3060//2973
f 3071//1884 3061//2679 3062//1870
f 3072//1884 3062//1870 3063//627
f 3073//1528 3063//627 3064//627
f 3074//2977 3064//627 3065//2974
f 3075//2978 2737//1554 3066//1870
f 3076//1526 3066//1870 3067//2950
f 3068//1555 3076//1526 3067//2950
f 3078//2979 3068//1555 3069//2976
f 3070//1112 3078//2979 3069//2976
f 3080//1554 3070//1112 3071//1884
f 3081//1116 3071//1884 3072//1884
f 3082//1115 3072//1884 3073//1528
f 3083//2980 3073//1528 3074//2977
f 744//741 3084//2981 743//743
f 3085//2982 386//742 2751//2983
f 745//744 3084//2981 3086//2984
f 747//746 3087//2985 746//745
f 747//746 3086//2984 3088//2986
f 748//747 3087//2985 3089//2987
f 3090//2988 3087//2985 3088//2986
f 3091//2989 748//747 3089//2987
f 3091//2989 3090//2988 3092//2990
f 3092//2990 751//750 3091//2989
f 3093//2991 752//751 3092//2990
f 3094//2992 753//752 3093//2991
f 3096//2993 3085//2982 2751//2983
f 2751//2983 2753//2994 3096//2993
f 3084//2981 3097//2995 3086//2984
f 3084//2981 3095//2996 3098//2997
f 3088//2986 3097//2995 3099//2998
f 3100//2999 3097//2995 3098//2997
f 3090//2988 3099//2998 3101//3000
f 3101//3000 3100//2999 3102//3001
f 3104//3002 3090//2988 3101//3000
f 3104//3002 3102//3001 3105//3003
f 3093//2991 3104//3002 3105//3003
f 3105//3003 3103//3004 3106//3005
f 3106//3005 3093//2991 3105//3003
f 3095//2996 3108//3006 3098//2997
f 3095//2996 3107//3007 3109//3008
f 3100//2999 3108//3006 3110//3009
f 3111//3010 3108//3006 3109//3008
f 3112//3011 3100//2999 3110//3009
f 3112//3011 3111//3010 3113//3012
f 3103//3004 3112//3011 3113//3012
f 3111//3010 3114//3013 3115//3014
f 3117//3015 934//932 3116//936
f 3118//3016 935//933 3117//3015
f 3119//3017 754//753 3094//2992
f 3134//3018 3116//936 3119//3017
f 939//937 3118//3016 3120//3019
f 938//939 3121//3020 941//940
f 938//939 3120//3019 3122//3021
f 944//942 3121//3020 3123//3022
f 3124//3023 3121//3020 3122//3021
f 947//946 3125//3024 3126//3025
f 949//948 3123//3022 3127//1334
f 3127//1334 3124//3023 3128//3026
f 3130//3027 950//950 3129//3028
f 3131//3029 951//949 3130//3027
f 3132//3030 952//951 3131//3029
f 3132//3030 946//944 945//943
f 3135//3031 3117//3015 3134//3018
f 3106//3005 3133//3032 3136//3033
f 3136//3033 3094//2992 3106//3005
f 3134//3018 3136//3033 3137//3034
f 3137//3034 3135//3031 3134//3018
f 3120//3019 3135//3031 3138//3035
f 3140//3036 3120//3019 3138//3035
f 3140//3036 3139//3037 3141//3038
f 3124//3023 3140//3036 3142//3039
f 3142//3039 3141//3038 3143//3040
f 3147//3041 3125//3024 3146//3042
f 3148//3043 3124//3023 3142//3039
f 3148//3043 3143//3040 3149//3044
f 3149//3044 3128//3026 3148//3043
f 3149//3044 3144//3045 3150//3046
f 3150//3046 3129//3028 3149//3044
f 3150//3046 3145//3047 3151//3048
f 3151//3048 3130//3027 3150//3046
f 3152//3049 3145//3047 3146//3042
f 3152//3049 3131//3029 3151//3048
f 3152//3049 3125//3024 3132//3030
f 3153//3050 3096//2993 2753//2994
f 3153//3050 2873//2812 2887//3051
f 3113//3012 3115//3014 3154//3052
f 3154//3052 3103//3004 3113//3012
f 3133//3032 3155//3053 3158//3054
f 3158//3054 3136//3033 3133//3032
f 3158//3054 3156//3055 3159//3056
f 3159//3056 3137//3034 3158//3054
f 3159//3056 3157//3057 3160//3058
f 3139//3037 3159//3056 3160//3058
f 3162//3059 3139//3037 3160//3058
f 3162//3059 3161//3060 3163//3061
f 3165//3062 3141//3038 3162//3059
f 3165//3062 3163//3061 3166//3063
f 3144//3045 3165//3062 3166//3063
f 3166//3063 3164//3064 3167//3065
f 3167//3065 3144//3045 3166//3063
f 3168//3066 3145//3047 3167//3065
f 3169//3067 3146//3042 3168//3066
f 2887//3051 3170//3068 3153//3050
f 2887//3051 2908//3069 3171//3070
f 3107//3007 3114//3013 3109//3008
f 3107//3007 3170//3068 3172//3071
f 3173//3072 3170//3068 3171//3070
f 3174//3073 3114//3013 3172//3071
f 3174//3073 3173//3072 3175//3074
f 3176//3075 3115//3014 3174//3073
f 3176//3075 3175//3074 3177//3076
f 3155//3053 3176//3075 3177//3076
f 3177//3076 3193//3077 3178//3078
f 3156//3055 3177//3076 3178//3078
f 3179//3079 3156//3055 3178//3078
f 3181//3080 3179//3079 3180//3081
f 3161//3060 3157//3057 3181//3080
f 3161//3060 3182//3082 3184//3083
f 3184//3083 3163//3061 3161//3060
f 3184//3083 3183//3084 3185//3085
f 3164//3064 3185//3085 3187//3086
f 3187//3086 3167//3065 3164//3064
f 3187//3086 3186//3087 3188//3088
f 3188//3088 3168//3066 3187//3086
f 2908//3069 3189//3089 3171//3070
f 2908//3069 2929//3090 3190//3091
f 3173//3072 3189//3089 3191//3092
f 3192//3093 3189//3089 3190//3091
f 3175//3074 3191//3092 3193//3077
f 3193//3077 3192//3093 3194//3094
f 3194//3094 3209//3095 3195//3096
f 3196//3097 3193//3077 3194//3094
f 3196//3097 3195//3096 3197//3098
f 3179//3079 3196//3097 3197//3098
f 3197//3098 3212//3099 3198//3100
f 3180//3081 3197//3098 3198//3100
f 3180//3081 3199//3101 3202//3102
f 3202//3102 3181//3080 3180//3081
f 3202//3102 3200//3103 3203//3104
f 3203//3104 3182//3082 3202//3102
f 3203//3104 3201//3105 3204//3106
f 3183//3084 3204//3106 3205//3107
f 3205//3107 3185//3085 3183//3084
f 2929//3090 3206//3108 3190//3091
f 2929//3090 2951//2888 3207//3109
f 3208//3110 2951//2888 2952//2890
f 3192//3093 3206//3108 3209//3095
f 3210//3111 3206//3108 3207//3109
f 3210//3111 3208//3110 3211//3112
f 3195//3096 3210//3111 3212//3099
f 3212//3099 3211//3112 3213//3113
f 3213//3113 3224//3114 3214//3115
f 3217//3116 3212//3099 3213//3113
f 3217//3116 3214//3115 3218//3117
f 3199//3101 3217//3116 3218//3117
f 3218//3117 3215//3118 3219//3119
f 3219//3119 3199//3101 3218//3117
f 3219//3119 3216//3120 3220//3121
f 3220//3121 3200//3103 3219//3119
f 3208//3110 2967//2905 3221//3122
f 3222//3123 2967//2905 2968//2906
f 3222//3123 2969//2907 3223//3124
f 3211//3112 3221//3122 3224//3114
f 3225//3125 3221//3122 3222//3123
f 3225//3125 3223//3124 3226//3126
f 3228//3127 3224//3114 3225//3125
f 3228//3127 3226//3126 3229//3128
f 3215//3118 3228//3127 3229//3128
f 3229//3128 3227//3129 3230//3130
f 3230//3130 3215//3118 3229//3128
f 3231//3131 2969//2907 2982//2908
f 3231//3131 2983//2921 3232//3132
f 3233//3133 3223//3124 3231//3131
f 3233//3133 3232//3132 3234//3134
f 3227//3129 3233//3133 3234//3134
f 1007//1007 3235//3135 3236//3136
f 1008//1008 3236//3136 3237//3137
f 3235//3135 3126//3025 3238//3138
f 3238//3138 3236//3136 3235//3135
f 1009//1009 3237//3137 3239//3139
f 1010//1010 3239//3139 3240//3140
f 1011//1011 3240//3140 3241//3141
f 3237//3137 3242//3142 3243//3143
f 3244//3144 3126//3025 3147//3041
f 3242//3142 3244//3144 3245//3145
f 3245//3145 3243//3143 3242//3142
f 3239//3139 3243//3143 3246//3146
f 3240//3140 3246//3146 3247//3147
f 3241//3141 3247//3147 3248//3148
f 3252//3149 3147//3041 3169//3067
f 3253//3150 3244//3144 3252//3149
f 3253//3150 3250//3151 3254//3152
f 3254//3152 3245//3145 3253//3150
f 3254//3152 3251//3153 3255//3154
f 3247//3147 3254//3152 3255//3154
f 3256//3155 3247//3147 3255//3154
f 3259//3156 3249//3157 3258//3158
f 3260//3159 3250//3151 3259//3156
f 3188//3088 3257//3160 3261//3161
f 3261//3161 3169//3067 3188//3088
f 3261//3161 3258//3158 3249//3157
f 3249//3157 3252//3149 3261//3161
f 3262//3162 3251//3153 3260//3159
f 3256//3155 3262//3162 3263//3163
f 3205//3107 3264//3164 3267//3165
f 3267//3165 3186//3087 3205//3107
f 3267//3165 3265//3166 3268//3167
f 3268//3167 3257//3160 3267//3165
f 3268//3167 3266//3168 3269//3169
f 3269//3169 3258//3158 3268//3167
f 3270//3170 3259//3156 3269//3169
f 3271//3171 3260//3159 3270//3170
f 3272//3172 3262//3162 3271//3171
f 3201//3105 3273//3173 3276//3174
f 3276//3174 3204//3106 3201//3105
f 3276//3174 3274//3175 3277//3176
f 3277//3176 3264//3164 3276//3174
f 3277//3176 3275//3177 3278//3178
f 3266//3168 3277//3176 3278//3178
f 3279//3179 3266//3168 3278//3178
f 3280//3180 3269//3169 3279//3179
f 3281//3181 3280//3180 3279//3179
f 3271//3171 3280//3180 3282//3182
f 3283//3183 3282//3182 3281//3181
f 3284//3184 3271//3171 3282//3182
f 3230//3130 3285//3185 3286//3186
f 3216//3120 3286//3186 3288//3187
f 3288//3187 3220//3121 3216//3120
f 3288//3187 3287//3188 3289//3189
f 3274//3175 3288//3187 3289//3189
f 3290//3190 3274//3175 3289//3189
f 3291//3191 3275//3177 3290//3190
f 3292//3192 3278//3178 3291//3191
f 3281//3181 3292//3192 3293//3193
f 3294//3194 3281//3181 3293//3193
f 3232//3132 3010//2947 3295//3195
f 3295//3195 3011//3196 3296//3197
f 3234//3134 3295//3195 3297//3198
f 3297//3198 3227//3129 3234//3134
f 3297//3198 3296//3197 3298//3199
f 3285//3185 3298//3199 3299//3200
f 3287//3188 3285//3185 3299//3200
f 3300//3201 3287//3188 3299//3200
f 3301//3202 3289//3189 3300//3201
f 3302//3203 3301//3202 3300//3201
f 3303//3204 3290//3190 3301//3202
f 3304//3205 3303//3204 3302//3203
f 3305//3206 3291//3191 3303//3204
f 3307//3207 3305//3206 3304//3205
f 3308//3208 3292//3192 3305//3206
f 3309//3209 3307//3207 3306//3210
f 3310//3211 3308//3208 3307//3207
f 3311//3212 3293//3193 3308//3208
f 3312//1096 631//629 1114//1097
f 1115//2667 3312//1096 1114//1097
f 3314//2670 1115//2667 1116//1112
f 1117//1114 3314//2670 1116//1112
f 3316//2189 1117//1114 1118//1543
f 3317//1106 1118//1543 1119//1115
f 3318//2629 1119//1115 1120//1116
f 3319//2954 1120//1116 1121//1117
f 3320//3213 1121//1117 1122//1118
f 3321//1884 1122//1118 1123//627
f 3312//1096 3029//1543 3020//2953
f 3313//3214 3322//1098 3312//1096
f 3314//2670 3323//1550 3313//3214
f 3315//3215 3324//1115 3314//2670
f 3316//2189 3325//2622 3315//3215
f 3327//3216 3316//2189 3317//1106
f 3328//3217 3317//1106 3318//2629
f 3329//3218 3318//2629 3319//2954
f 3330//2670 3319//2954 3320//3213
f 3331//1554 3320//3213 3321//1884
f 3322//1098 3038//626 3029//1543
f 3323//1550 3332//3219 3322//1098
f 3324//1115 3333//3220 3323//1550
f 3325//2622 3334//3221 3324//1115
f 3326//1099 3335//3222 3325//2622
f 3337//3223 3326//1099 3327//3216
f 3338//3224 3327//3216 3328//3217
f 3339//3225 3328//3217 3329//3218
f 3340//3226 3329//3218 3330//2670
f 3341//1544 3330//2670 3331//1554
f 3332//3219 3047//2971 3038//626
f 3333//3220 3342//3227 3332//3219
f 3334//3221 3343//3228 3333//3220
f 3335//3222 3344//3229 3334//3221
f 3336//3230 3345//3231 3335//3222
f 3347//3232 3336//3230 3337//3223
f 3348//3233 3337//3223 3338//3224
f 3349//3234 3338//3224 3339//3225
f 3350//3235 3339//3225 3340//3226
f 3351//2668 3340//3226 3341//1544
f 3342//3227 3056//2975 3047//2971
f 3343//3228 3352//3236 3342//3227
f 3344//3229 3353//3237 3343//3228
f 3345//3231 3354//3238 3344//3229
f 3346//3239 3355//3240 3345//3231
f 3357//3241 3346//3239 3347//3232
f 3348//3233 3357//3241 3347//3232
f 3349//3234 3358//3242 3348//3233
f 3350//3235 3359//3243 3349//3234
f 3361//1546 3350//3235 3351//2668
f 3362//3244 3056//2975 3352//3236
f 3363//3245 3352//3236 3353//3237
f 3364//3246 3353//3237 3354//3238
f 3365//3247 3354//3238 3355//3240
f 3356//3248 3365//3247 3355//3240
f 3357//3241 3366//3249 3356//3248
f 3358//3242 3367//3250 3357//3241
f 3359//3243 3368//3251 3358//3242
f 3360//3252 3369//3253 3359//3243
f 3371//1547 3360//3252 3361//1546
f 3372//3254 3065//2974 3362//3244
f 3373//3255 3362//3244 3363//3245
f 3374//3256 3363//3245 3364//3246
f 3375//3257 3364//3246 3365//3247
f 3366//3249 3375//3257 3365//3247
f 3367//3250 3376//3258 3366//3249
f 3368//3251 3377//3259 3367//3250
f 3369//3253 3378//628 3368//3251
f 3380//2683 3369//3253 3370//3260
f 3381//1538 3370//3260 3371//1547
f 3382//3261 3074//2977 3372//3254
f 3383//3262 3372//3254 3373//3255
f 3384//3263 3373//3255 3374//3256
f 3385//3264 3374//3256 3375//3257
f 3386//2628 3375//3257 3376//3258
f 3387//2672 3376//3258 3377//3259
f 3388//1119 3377//3259 3378//628
f 3389//3265 3378//628 3379//3266
f 3390//3267 3379//3266 3380//2683
f 3391//3268 3380//2683 3381//1538
f 3392//3269 3127//1334 3128//3026
f 3392//3269 3129//3028 3393//3270
f 3393//3270 1339//1335 3392//3269
f 3393//3270 950//950 1340//1336
f 1343//1338 3395//3271 1342//1337
f 3396//3272 1341//1339 3394//3273
f 1345//1341 3397//3274 1344//1340
f 3398//3275 1342//1337 3395//3271
f 1347//1343 3399//3276 1346//1342
f 3400//3277 1344//1340 3397//3274
f 1349//1345 3401//3278 1348//1344
f 1349//1345 3399//3276 3402//3279
f 1350//1347 3401//3278 3403//3280
f 3404//3281 3401//3278 3402//3279
f 3408//3282 3397//3274 3398//3275
f 3395//3271 3408//3282 3398//3275
f 3395//3271 3406//3283 3409//3284
f 3400//3277 3410//3285 3399//3276
f 3400//3277 3407//3286 3411//3287
f 3402//3279 3410//3285 3412//3288
f 3413//3289 3410//3285 3411//3287
f 3404//3281 3412//3288 3414//3290
f 3414//3290 3413//3289 3415//3291
f 3409//3284 3417//3292 3408//3282
f 3409//3284 3416//3293 3418//3294
f 3407//3286 3419//3295 3411//3287
f 3407//3286 3417//3292 3420//3296
f 3421//3297 3417//3292 3418//3294
f 3413//3289 3419//3295 3422//3298
f 3423//3299 3419//3295 3420//3296
f 3423//3299 3421//3297 3424//3300
f 3415//3291 3422//3298 3425//3301
f 3425//3301 3423//3299 3426//3302
f 3426//3302 3424//3300 3427//3303
f 3429//3304 3421//3297 3428//3305
f 3430//3306 3424//3300 3429//3304
f 3437//3307 3433//3308 3436//3309
f 3439//3310 3435//3311 3438//3312
f 3440//3313 3436//3309 3439//3310
f 1471//1469 3241//3141 3441//3314
f 3443//3315 1472//1470 1473//1471
f 1474//1472 3443//3315 1473//1471
f 1474//1472 3441//3314 3444//3316
f 1475//1473 3394//3273 1341//1339
f 1476//1474 3445//3317 1475//1473
f 3446//3318 1472//1470 3442//3319
f 1477//1475 3405//3320 3447//3321
f 1478//1476 3447//3321 3448//3322
f 3441//3314 3248//3148 3449//3323
f 3444//3316 3450//3324 3443//3315
f 3444//3316 3449//3323 3451//3325
f 3446//3318 3452//3326 3445//3317
f 3442//3319 3453//3327 3446//3318
f 3454//3328 3443//3315 3450//3324
f 3394//3273 3406//3283 3396//3272
f 3455//3329 3445//3317 3452//3326
f 3448//3322 3456//3330 3457//3331
f 3449//3323 3256//3155 3458//3332
f 3451//3325 3458//3332 3459//3333
f 3461//3334 3453//3327 3454//3328
f 3450//3324 3461//3334 3454//3328
f 3450//3324 3459//3333 3462//3335
f 3455//3329 3416//3293 3406//3283
f 3452//3326 3463//3336 3455//3329
f 3452//3326 3460//3337 3464//3338
f 3465//3339 3416//3293 3463//3336
f 3479//3340 3463//3336 3464//3338
f 3421//3297 3465//3339 3428//3305
f 3457//3331 3466//3341 3467//3342
f 3458//3332 3263//3163 3472//3343
f 3459//3333 3472//3343 3473//3344
f 3462//3335 3474//3345 3461//3334
f 3462//3335 3473//3344 3475//3346
f 3460//3337 3476//3347 3464//3338
f 3460//3337 3474//3345 3477//3348
f 3478//3349 3474//3345 3475//3346
f 3479//3340 3476//3347 3480//3350
f 3481//3351 3476//3347 3477//3348
f 3481//3351 3478//3349 3500//3352
f 3482//3353 3465//3339 3479//3340
f 3482//3353 3480//3350 3483//3354
f 3503//3355 3480//3350 3481//3351
f 3429//3304 3482//3353 3484//3356
f 3484//3356 3483//3354 3485//3357
f 3430//3306 3484//3356 3489//3358
f 3489//3358 3427//3303 3430//3306
f 3489//3358 3485//3357 3490//3359
f 3467//3342 3489//3358 3490//3359
f 3490//3359 3486//3360 3491//3361
f 3468//3362 3490//3359 3491//3361
f 3491//3361 3487//3363 3492//3364
f 3492//3364 3468//3362 3491//3361
f 3492//3364 3488//3365 3493//3366
f 3470//3367 3492//3364 3493//3366
f 3494//3368 3470//3367 3493//3366
f 3495//3369 3263//3163 3272//3172
f 3496//3370 3472//3343 3495//3369
f 3497//3371 3473//3344 3496//3370
f 3478//3349 3497//3371 3498//3372
f 3501//3373 3478//3349 3498//3372
f 3501//3373 3499//3374 3502//3375
f 3503//3355 3500//3352 3504//3376
f 3504//3376 3501//3373 3505//3377
f 3505//3377 3502//3375 3506//3378
f 3507//3379 3483//3354 3503//3355
f 3507//3379 3504//3376 3508//3380
f 3486//3360 3507//3379 3508//3380
f 3508//3380 3505//3377 3509//3381
f 3509//3381 3486//3360 3508//3380
f 3509//3381 3506//3378 3510//3382
f 3510//3382 3487//3363 3509//3381
f 3511//3383 3488//3365 3510//3382
f 3512//3384 3493//3366 3511//3383
f 3513//3385 3284//3184 3283//3183
f 3514//3386 3272//3172 3284//3184
f 3515//3387 3514//3386 3513//3385
f 3496//3370 3514//3386 3516//3388
f 3518//3389 3515//3387 3517//3390
f 3518//3389 3496//3370 3516//3388
f 3519//3391 3497//3371 3518//3389
f 3499//3374 3519//3391 3520//3392
f 3502//3375 3520//3392 3521//3393
f 3506//3378 3521//3393 3523//3394
f 3525//3395 3522//3396 3524//3397
f 3525//3395 3506//3378 3523//3394
f 3526//3398 3525//3395 3524//3397
f 3527//3399 3510//3382 3525//3395
f 3528//3400 3283//3183 3294//3194
f 3529//3401 3513//3385 3528//3400
f 3530//3402 3515//3387 3529//3401
f 3531//3403 3517//3390 3530//3402
f 3532//3404 3518//3389 3517//3390
f 3533//3405 3532//3404 3531//3403
f 3520//3392 3532//3404 3534//3406
f 3535//3407 3520//3392 3534//3406
f 3537//3408 3533//3405 3536//3409
f 3537//3408 3535//3407 3534//3406
f 3523//3394 3535//3407 3522//3396
f 3540//3410 3536//3409 3539//3411
f 3540//3410 3522//3396 3537//3408
f 3542//3412 3538//3413 3541//3414
f 3543//3415 3539//3411 3542//3412
f 3543//3415 3524//3397 3540//3410
f 3544//3416 3310//3211 3309//3209
f 3545//3417 3311//3212 3310//3211
f 3546//3418 3294//3194 3311//3212
f 3547//3419 3545//3417 3544//3416
f 3548//3420 3546//3418 3545//3417
f 3549//3421 3528//3400 3546//3418
f 3551//3422 3547//3419 3550//3423
f 3551//3422 3549//3421 3548//3420
f 3552//3424 3529//3401 3549//3421
f 3554//3425 3550//3423 3553//3426
f 3554//3425 3552//3424 3551//3422
f 3555//3427 3530//3402 3552//3424
f 3556//3428 3431//3429 3432//3430
f 3556//3428 3554//3425 3553//3426
f 3557//3431 3555//3427 3554//3425
f 3558//3432 3531//3403 3555//3427
f 3559//3433 3432//3430 3434//3434
f 3559//3433 3557//3431 3556//3428
f 3560//3435 3558//3432 3557//3431
f 3561//3436 3533//3405 3558//3432
f 3562//3437 3434//3434 3437//3307
f 3563//3438 3559//3433 3562//3437
f 3538//3413 3560//3435 3563//3438
f 3539//3411 3561//3436 3538//3413
f 3564//3439 3437//3307 3440//3313
f 3565//3440 3562//3437 3564//3439
f 3541//3414 3563//3438 3565//3440
f 3566//1554 1123//627 1561//1553
f 1562//3441 3566//1554 1561//1553
f 1563//1554 3567//3442 1562//3441
f 3569//3443 1563//1554 1564//1555
f 3570//3444 1564//1555 1565//1549
f 3571//2626 1565//1549 1566//629
f 3572//1528 1566//629 1567//1549
f 3573//1537 1567//1549 1568//1556
f 3574//1535 1568//1556 1569//1544
f 3575//1544 3321//1884 3566//1554
f 3567//3442 3575//1544 3566//1554
f 3577//3445 3567//3442 3568//3446
f 3578//3447 3568//3446 3569//3443
f 3579//3448 3569//3443 3570//3444
f 3580//3449 3570//3444 3571//2626
f 3581//1544 3571//2626 3572//1528
f 3582//1870 3572//1528 3573//1537
f 3583//1554 3573//1537 3574//1535
f 3584//3450 3331//1554 3575//1544
f 3576//3451 3584//3450 3575//1544
f 3577//3445 3585//3452 3576//3451
f 3578//3447 3586//3453 3577//3445
f 3579//3448 3587//3454 3578//3447
f 3580//3449 3588//3455 3579//3448
f 3581//1544 3589//1116 3580//3449
f 3582//1870 3590//1544 3581//1544
f 3592//1544 3582//1870 3583//1554
f 3593//3456 3341//1544 3584//3450
f 3594//3457 3584//3450 3585//3452
f 3595//3458 3585//3452 3586//3453
f 3587//3454 3595//3458 3586//3453
f 3588//3455 3596//3459 3587//3454
f 3589//1116 3597//1890 3588//3455
f 3599//1543 3589//1116 3590//1544
f 3600//2962 3590//1544 3591//2950
f 3601//1110 3591//2950 3592//1544
f 3602//1538 3351//2668 3593//3456
f 3603//3460 3593//3456 3594//3457
f 3604//3461 3594//3457 3595//3458
f 3596//3459 3604//3461 3595//3458
f 3606//2629 3596//3459 3597//1890
f 3607//2956 3597//1890 3598//1533
f 3608//1537 3598//1533 3599//1543
f 3609//627 3599//1543 3600//2962
f 3610//3462 3600//2962 3601//1110
f 3611//3463 3361//1546 3602//1538
f 3612//3464 3602//1538 3603//3460
f 3613//3465 3603//3460 3604//3461
f 3614//1877 3604//3461 3605//627
f 3615//3466 3605//627 3606//2629
f 3616//3467 3606//2629 3607//2956
f 3617//3468 3607//2956 3608//1537
f 3618//3469 3608//1537 3609//627
f 3619//3470 3609//627 3610//3462
f 3620//1869 3371//1547 3611//3463
f 3621//3471 3611//3463 3612//3464
f 3622//3472 3612//3464 3613//3465
f 3623//3473 3613//3465 3614//1877
f 3624//3474 3614//1877 3615//3466
f 3625//3475 3615//3466 3616//3467
f 3626//3476 3616//3467 3617//3468
f 3627//3477 3617//3468 3618//3469
f 3628//3478 3618//3469 3619//3470
f 3629//3479 3381//1538 3620//1869
f 3630//3480 3620//1869 3621//3471
f 3631//3481 3621//3471 3622//3472
f 3632//3482 3622//3472 3623//3473
f 3633//3483 3623//3473 3624//3474
f 3634//3484 3624//3474 3625//3475
f 3635//3485 3625//3475 3626//3476
f 3627//3477 3635//3485 3626//3476
f 3640//3486 3627//3477 3628//3478
f 3640//3486 3637//3487 3636//3488
f 3641//3489 3638//3490 3637//3487
f 3643//3491 3638//3490 3642//3492
f 3653//3493 3644//3494 3652//3495
f 3655//3496 3646//3497 3654//3498
f 3656//3499 3647//3500 3655//3496
f 3657//3501 3648//3502 3656//3499
f 3658//3503 3649//3504 3657//3501
f 3659//3505 3650//3506 3658//3503
f 3660//3507 3651//3508 3659//3505
f 3661//3509 3652//3495 3660//3507
f 3662//3510 3639//3511 3643//3491
f 3663//3512 3654//3498 3662//3510
f 3664//3513 3655//3496 3663//3512
f 3665//3514 3656//3499 3664//3513
f 3666//3515 3657//3501 3665//3514
f 3667//3516 3658//3503 3666//3515
f 3668//3517 3659//3505 3667//3516
f 3669//3518 3660//3507 3668//3517
f 3670//3519 1350//1347 3403//3280
f 3670//3519 3404//3281 3671//3520
f 1644//1626 3670//3519 3671//3520
f 3673//3521 1645//1627 3672//3522
f 3674//3523 1646//1628 3673//3521
f 3675//3524 3404//3281 3414//3290
f 3675//3524 3415//3291 3676//3525
f 3672//3522 3675//3524 3676//3525
f 3676//3525 3425//3301 3677//3526
f 3677//3526 3672//3522 3676//3525
f 3678//3527 3673//3521 3677//3526
f 3679//3528 3425//3301 3426//3302
f 3679//3528 3427//3303 3680//3529
f 3678//3527 3679//3528 3680//3529
f 3687//3530 3683//3531 3686//3532
f 3690//3533 3685//3534 3689//3535
f 3691//3536 3686//3532 3690//3533
f 3694//3537 3688//3538 3693//3539
f 3695//3540 3689//3535 3694//3537
f 3696//3541 3690//3533 3695//3540
f 3699//3542 3438//3312 3698//3543
f 3700//3544 3439//3310 3699//3542
f 3703//3545 3697//3546 3702//3547
f 3704//3548 3698//3543 3703//3545
f 3705//3549 3699//3542 3704//3548
f 3708//3550 3701//3551 3707//3552
f 3709//3553 3702//3547 3708//3550
f 3710//3554 3703//3545 3709//3553
f 3711//3555 3704//3548 3710//3554
f 3714//3556 3706//3557 3713//3558
f 3715//3559 3707//3552 3714//3556
f 3716//3560 3708//3550 3715//3559
f 3717//3561 3709//3553 3716//3560
f 3718//3562 3710//3554 3717//3561
f 3682//3563 3711//3555 3718//3562
f 3721//3564 3712//3565 3720//3566
f 3722//3567 3713//3558 3721//3564
f 3723//3568 3714//3556 3722//3567
f 3724//3569 3715//3559 3723//3568
f 3725//3570 3716//3560 3724//3569
f 3683//3531 3717//3561 3725//3570
f 3684//3571 3718//3562 3683//3531
f 3726//3572 3645//3573 3653//3493
f 3727//3574 3719//3575 3726//3572
f 3727//3574 3721//3564 3720//3566
f 3729//3576 3721//3564 3728//3577
f 3730//3578 3722//3567 3729//3576
f 3731//3579 3723//3568 3730//3578
f 3685//3534 3724//3569 3731//3579
f 3686//3532 3725//3570 3685//3534
f 3732//3580 3653//3493 3661//3509
f 3733//3581 3726//3572 3732//3580
f 3734//3582 3727//3574 3733//3581
f 3735//3583 3728//3577 3734//3582
f 3736//3584 3729//3576 3735//3583
f 3688//3538 3730//3578 3736//3584
f 3689//3535 3731//3579 3688//3538
f 3737//3585 3661//3509 3669//3518
f 3738//3586 3732//3580 3737//3585
f 3739//3587 3733//3581 3738//3586
f 3740//3588 3734//3582 3739//3587
f 3692//3589 3735//3583 3740//3588
f 3693//3539 3736//3584 3692//3589
f 3741//3590 3405//3320 3674//3523
f 1836//1817 3448//3322 3742//3591
f 1838//1819 3742//3591 3744//3592
f 3744//3592 3743//3593 3745//3594
f 3748//3595 1838//1819 3744//3592
f 3748//3595 3745//3594 3749//3596
f 1841//1826 3748//3595 3749//3596
f 3749//3596 3746//3597 3750//3598
f 3750//3598 1841//1826 3749//3596
f 3750//3598 3747//3599 3751//3600
f 3751//3600 1842//1828 3750//3598
f 3752//3601 1843//1830 3751//3600
f 3753//3602 1844//1823 3752//3601
f 3754//3603 1845//1822 3753//3602
f 3755//3604 1852//1833 3754//3603
f 1854//1835 3755//3604 3756//3605
f 1855//1836 3756//3605 3757//3606
f 3758//3607 1855//1836 3757//3606
f 3760//3608 1857//2073 1858//1838
f 3761//3609 1858//1838 1859//1840
f 3762//3610 1859//1840 1860//1841
f 1861//1842 3762//3610 1860//1841
f 1861//1842 3758//3607 3763//3611
f 3741//3590 3678//3527 3764//3612
f 3741//3590 3456//3330 3447//3321
f 3742//3591 3457//3331 3765//3613
f 3743//3593 3765//3613 3766//3614
f 3770//3615 3766//3614 3767//3616
f 3770//3615 3745//3594 3743//3593
f 3770//3615 3768//3617 3771//3618
f 3771//3618 3746//3597 3770//3615
f 3771//3618 3769//3619 3772//3620
f 3774//3621 3771//3618 3772//3620
f 3774//3621 3751//3600 3747//3599
f 3774//3621 3773//3622 3775//3623
f 3775//3623 3752//3601 3774//3621
f 3776//3624 3753//3602 3775//3623
f 3777//3625 3754//3603 3776//3624
f 3778//3626 3777//3625 3776//3624
f 3756//3605 3777//3625 3779//3627
f 3780//3628 3779//3627 3778//3626
f 3757//3606 3779//3627 3781//3629
f 3783//3630 3757//3606 3781//3629
f 3785//3631 3759//3632 3760//3608
f 3786//3633 3760//3608 3761//3609
f 3787//3634 3761//3609 3762//3610
f 3782//3635 3762//3610 3763//3611
f 3763//3611 3783//3630 3782//3635
f 3680//3529 3466//3341 3788//3636
f 3788//3636 3678//3527 3680//3529
f 3788//3636 3456//3330 3764//3612
f 3789//3637 3457//3331 3467//3342
f 3789//3637 3468//3362 3790//3638
f 3766//3614 3789//3637 3790//3638
f 3790//3638 3469//3639 3791//3640
f 3767//3616 3790//3638 3791//3640
f 3791//3640 3470//3367 3792//3641
f 3768//3617 3791//3640 3792//3641
f 3792//3641 3471//3642 3793//3643
f 3769//3619 3792//3641 3793//3643
f 3794//3644 3769//3619 3793//3643
f 3795//3645 3772//3620 3794//3644
f 3796//3646 3773//3622 3795//3645
f 3797//3647 3775//3623 3796//3646
f 3778//3626 3797//3647 3798//3648
f 3780//3628 3798//3648 3799//3649
f 3801//3650 3799//3649 3800//3651
f 3801//3650 3782//3635 3783//3630
f 3801//3650 3781//3629 3780//3628
f 3803//3652 3784//3653 3785//3631
f 3804//3654 3785//3631 3786//3633
f 3805//3655 3786//3633 3787//3634
f 3805//3655 3782//3635 3800//3651
f 3806//3656 3471//3642 3494//3368
f 3794//3644 3806//3656 3807//3657
f 3808//3658 3794//3644 3807//3657
f 3809//3659 3808//3658 3807//3657
f 3810//3660 3795//3645 3808//3658
f 3811//3661 3810//3660 3809//3659
f 3812//3662 3796//3646 3810//3660
f 3813//3663 3812//3662 3811//3661
f 3814//3664 3797//3647 3812//3662
f 3815//3665 3814//3664 3813//3663
f 3816//3666 3798//3648 3814//3664
f 3818//3667 3815//3665 3817//3668
f 3818//3667 3799//3649 3816//3666
f 3820//3669 3802//3670 3803//3652
f 3804//3654 3820//3669 3803//3652
f 3822//3671 3817//3668 3821//3672
f 3822//3671 3804//3654 3805//3655
f 3805//3655 3818//3667 3822//3671
f 3823//3673 3512//3384 3511//3383
f 3824//3674 3494//3368 3512//3384
f 3825//3675 3824//3674 3823//3673
f 3826//3676 3806//3656 3824//3674
f 3827//3677 3826//3676 3825//3675
f 3828//3678 3807//3657 3826//3676
f 3829//3679 3828//3678 3827//3677
f 3830//3680 3809//3659 3828//3678
f 3831//3681 3830//3680 3829//3679
f 3832//3682 3811//3661 3830//3680
f 3833//3683 3832//3682 3831//3681
f 3834//3684 3813//3663 3832//3682
f 3836//3685 3833//3683 3835//3686
f 3836//3685 3815//3665 3834//3684
f 3820//3669 3838//3687 3819//3688
f 3840//3689 3835//3686 3839//3690
f 3840//3689 3820//3669 3821//3672
f 3840//3689 3817//3668 3836//3685
f 3841//3691 3527//3399 3526//3398
f 3823//3673 3527//3399 3842//3692
f 3843//3693 3842//3692 3841//3691
f 3844//3694 3823//3673 3842//3692
f 3845//3695 3844//3694 3843//3693
f 3846//3696 3825//3675 3844//3694
f 3848//3697 3846//3696 3845//3695
f 3849//3698 3827//3677 3846//3696
f 3851//3699 3847//3700 3850//3701
f 3851//3699 3849//3698 3848//3697
f 3852//3702 3829//3679 3849//3698
f 3855//3703 3850//3701 3854//3704
f 3855//3703 3852//3702 3851//3699
f 3856//3705 3831//3681 3852//3702
f 3858//3706 3853//3707 3857//3708
f 3859//3709 3854//3704 3858//3706
f 3860//3710 3855//3703 3859//3709
f 3860//3710 3833//3683 3856//3705
f 3862//3711 3858//3706 3857//3708
f 3864//3712 3858//3706 3863//3713
f 3864//3712 3837//3714 3838//3687
f 3865//3715 3859//3709 3864//3712
f 3865//3715 3838//3687 3839//3690
f 3865//3715 3835//3686 3860//3710
f 3867//3716 3541//3414 3866//3717
f 3868//3718 3542//3412 3867//3716
f 3868//3718 3526//3398 3543//3415
f 3871//3719 3866//3717 3870//3720
f 3872//3721 3867//3716 3871//3719
f 3843//3693 3868//3718 3872//3721
f 3874//3722 3869//3723 3873//3724
f 3875//3725 3870//3720 3874//3722
f 3876//3726 3871//3719 3875//3725
f 3845//3695 3872//3721 3876//3726
f 3877//3727 3681//3728 3682//3563
f 3878//3729 3873//3724 3877//3727
f 3879//3730 3874//3722 3878//3729
f 3847//3700 3875//3725 3879//3730
f 3848//3697 3876//3726 3847//3700
f 3880//3731 3682//3563 3684//3571
f 3881//3732 3877//3727 3880//3731
f 3882//3733 3878//3729 3881//3732
f 3850//3701 3879//3730 3882//3733
f 3883//3734 3684//3571 3687//3530
f 3884//3735 3880//3731 3883//3734
f 3853//3707 3881//3732 3884//3735
f 3854//3704 3882//3733 3853//3707
f 3885//3736 3687//3530 3691//3536
f 3886//3737 3883//3734 3885//3736
f 3857//3708 3884//3735 3886//3737
f 3887//3738 3691//3536 3696//3541
f 3861//3739 3885//3736 3887//3738
f 3862//3711 3886//3737 3861//3739
f 3888//3740 3440//3313 3700//3544
f 3889//3741 3564//3439 3888//3740
f 3866//3717 3565//3440 3889//3741
f 3890//3742 3700//3544 3705//3549
f 3869//3723 3888//3740 3890//3742
f 3870//3720 3889//3741 3869//3723
f 3681//3728 3705//3549 3711//3555
f 3873//3724 3890//3742 3681//3728
f 3891//2683 1569//1544 1911//1870
f 1912//1890 3891//2683 1911//1870
f 1913//1891 3892//3743 1912//1890
f 1914//1892 3893//3744 1913//1891
f 1915//1894 3894//3745 1914//1892
f 1916//3746 3895//3747 1915//1894
f 3897//3748 1916//3746 1917//1895
f 3898//1097 3574//1535 3891//2683
f 3892//3743 3898//1097 3891//2683
f 3893//3744 3899//3749 3892//3743
f 3894//3745 3900//3750 3893//3744
f 3895//3747 3901//3751 3894//3745
f 3896//3752 3902//3753 3895//3747
f 3904//3754 3896//3752 3897//3748
f 3905//2629 3583//1554 3898//1097
f 3899//3749 3905//2629 3898//1097
f 3900//3750 3906//3749 3899//3749
f 3901//3751 3907//3755 3900//3750
f 3902//3753 3908//3756 3901//3751
f 3903//3757 3909//3758 3902//3753
f 3911//3759 3903//3757 3904//3754
f 3912//2672 3592//1544 3905//2629
f 3906//3749 3912//2672 3905//2629
f 3914//3760 3906//3749 3907//3755
f 3908//3756 3914//3760 3907//3755
f 3909//3758 3915//3761 3908//3756
f 3910//3762 3916//3763 3909//3758
f 3918//3764 3910//3762 3911//3759
f 3919//1115 3601//1110 3912//2672
f 3920//2625 3912//2672 3913//3765
f 3921//3766 3913//3765 3914//3760
f 3915//3761 3921//3766 3914//3760
f 3916//3763 3922//3767 3915//3761
f 3924//3768 3916//3763 3917//3769
f 3925//3770 3917//3769 3918//3764
f 3926//3771 3610//3462 3919//1115
f 3927//3772 3919//1115 3920//2625
f 3928//3773 3920//2625 3921//3766
f 3929//3774 3921//3766 3922//3767
f 3923//3775 3929//3774 3922//3767
f 3931//3776 3923//3775 3924//3768
f 3932//3777 3924//3768 3925//3770
f 3933//3778 3619//3470 3926//3771
f 3934//3779 3926//3771 3927//3772
f 3935//3780 3927//3772 3928//3773
f 3935//3780 3947//3781 3934//3779
f 3939//3782 3928//3773 3929//3774
f 3939//3782 3936//3783 3935//3780
f 3930//3784 3939//3782 3929//3774
f 3940//3785 3937//3786 3936//3783
f 3941//3787 3930//3784 3931//3776
f 3942//3788 3937//3786 3941//3787
f 3942//3788 3931//3776 3932//3777
f 3943//3789 3628//3478 3933//3778
f 3943//3789 3641//3489 3640//3486
f 3944//3790 3642//3492 3641//3489
f 3945//3791 3643//3491 3642//3492
f 3947//3781 3933//3778 3934//3779
f 3947//3781 3944//3790 3943//3789
f 3948//3792 3945//3791 3944//3790
f 3949//3793 3946//3794 3945//3791
f 3951//3795 3947//3781 3936//3783
f 3951//3795 3949//3793 3948//3792
f 3937//3786 3951//3795 3936//3783
f 3952//3796 3950//3797 3949//3793
f 3938//3798 3952//3796 3937//3786
f 1985//1957 3954//3799 1984//1955
f 1986//1919 3955//3800 1985//1957
f 3957//3801 1986//1919 1987//1958
f 3958//3802 1987//1958 1988//1959
f 3959//3803 1988//1959 1989//2039
f 1990//1961 3897//3748 1917//1895
f 1991//1962 3960//3804 1990//1961
f 1992//1963 3961//3805 1991//1962
f 3962//3806 1984//1955 3954//3799
f 3956//3807 3963//3808 3955//3800
f 3957//3801 3964//3809 3956//3807
f 3966//3810 3957//3801 3958//3802
f 3967//3811 3958//3802 3959//3803
f 3968//3812 3897//3748 3960//3804
f 3969//3813 3960//3804 3961//3805
f 3962//3806 3969//3813 3961//3805
f 3954//3799 3970//3814 3962//3806
f 3971//3815 3955//3800 3963//3808
f 3964//3809 3972//1920 3963//3808
f 3965//3816 3973//3817 3964//3809
f 3975//3818 3965//3816 3966//3810
f 3976//3819 3966//3810 3967//3811
f 3977//3820 3904//3754 3968//3812
f 3978//3821 3968//3812 3969//3813
f 3970//3814 3978//3821 3969//3813
f 3971//3815 3979//3822 3970//3814
f 3980//3823 3963//3808 3972//1920
f 3973//3817 3981//3824 3972//1920
f 3974//3825 3982//3826 3973//3817
f 3984//3827 3974//3825 3975//3818
f 3985//3828 3975//3818 3976//3819
f 3986//3829 3911//3759 3977//3820
f 3987//3830 3977//3820 3978//3821
f 3979//3822 3987//3830 3978//3821
f 3980//3823 3988//3831 3979//3822
f 3989//3832 3972//1920 3981//3824
f 3982//3826 3990//3833 3981//3824
f 3983//3834 3991//3835 3982//3826
f 3993//3836 3983//3834 3984//3827
f 3994//3837 3984//3827 3985//3828
f 3995//3838 3918//3764 3986//3829
f 3987//3830 3995//3838 3986//3829
f 3988//3831 3996//3839 3987//3830
f 3989//3832 3997//3840 3988//3831
f 3998//3841 3981//3824 3990//3833
f 4000//3842 3990//3833 3991//3835
f 4001//3843 3991//3835 3992//3844
f 4002//3845 3992//3844 3993//3836
f 4003//3846 3993//3836 3994//3837
f 4004//3847 3925//3770 3995//3838
f 4005//3848 3995//3838 3996//3839
f 4006//3849 3996//3839 3997//3840
f 4007//3850 3997//3840 3998//3841
f 4007//3850 3990//3833 3999//3851
f 4015//3852 3999//3851 4000//3842
f 4016//3853 4000//3842 4001//3843
f 4017//3854 4008//3855 4016//3853
f 4017//3854 4001//3843 4002//3845
f 4018//3856 4009//3857 4017//3854
f 4018//3856 4002//3845 4003//3846
f 4019//3858 3938//3798 3942//3788
f 4019//3858 3932//3777 4004//3847
f 4020//3859 4011//3860 4019//3858
f 4020//3859 4004//3847 4005//3848
f 4021//3861 4012//3862 4020//3859
f 4021//3861 4005//3848 4006//3849
f 4022//3863 4013//3864 4021//3861
f 4022//3863 4006//3849 4007//3850
f 4022//3863 3999//3851 4014//3865
f 4023//3866 3643//3491 3946//3794
f 4024//3867 3662//3510 4023//3866
f 4025//3868 3663//3512 4024//3867
f 4026//3869 3664//3513 4025//3868
f 4027//3870 3665//3514 4026//3869
f 4028//3871 3666//3515 4027//3870
f 4029//3872 3667//3516 4028//3871
f 4030//3873 3668//3517 4029//3872
f 4031//3874 3946//3794 3950//3797
f 4032//3875 4023//3866 4031//3874
f 4033//3876 4024//3867 4032//3875
f 4034//3877 4025//3868 4033//3876
f 4035//3878 4026//3869 4034//3877
f 4036//3879 4027//3870 4035//3878
f 4037//3880 4028//3871 4036//3879
f 4009//3857 4036//3879 4008//3855
f 4038//3881 4029//3872 4037//3880
f 4010//3882 4037//3880 4009//3857
f 4039//3883 3950//3797 3953//3884
f 4011//3860 3953//3884 3938//3798
f 4040//3885 4031//3874 4039//3883
f 4012//3862 4039//3883 4011//3860
f 4041//3886 4032//3875 4040//3885
f 4013//3864 4040//3885 4012//3862
f 4042//3887 4033//3876 4041//3886
f 4042//3887 4013//3864 4014//3865
f 4043//3888 4034//3877 4042//3887
f 4015//3852 4042//3887 4014//3865
f 4008//3855 4035//3878 4043//3888
f 4016//3853 4043//3888 4015//3852
f 2063//2031 4044//3889 2062//2030
f 2064//2069 4045//3890 2063//2031
f 2066//2034 4047//3891 2065//2032
f 2067//2035 4048//3892 2066//2034
f 2068//3893 4049//3894 2067//2035
f 2069//2036 4050//3895 2068//3893
f 2070//2038 4051//3896 2069//2036
f 4052//3897 2062//2030 4044//3889
f 2071//2040 3959//3803 1989//2039
f 4053//3898 2065//2032 4047//3891
f 4045//3890 4054//3899 4044//3889
f 4046//3900 4055//3901 4045//3890
f 4048//3892 4057//3902 4047//3891
f 4049//3894 4058//3903 4048//3892
f 4060//3904 4049//3894 4050//3895
f 4061//2035 4050//3895 4051//3896
f 4052//3897 4061//2035 4051//3896
f 4062//3905 4044//3889 4054//3899
f 4053//3898 3967//3811 3959//3803
f 4063//3906 4047//3891 4057//3902
f 4055//3901 4064//3907 4054//3899
f 4066//3908 4055//3901 4056//3909
f 4058//3903 4067//3910 4057//3902
f 4069//3911 4058//3903 4059//3912
f 4070//3913 4059//3912 4060//3904
f 4061//2035 4070//3913 4060//3904
f 4062//3905 4071//3914 4061//2035
f 4072//3915 4054//3899 4064//3907
f 4063//3906 3976//3819 3967//3811
f 4073//3916 4057//3902 4067//3910
f 4075//3917 4064//3907 4065//3918
f 4076//3919 4065//3918 4066//3908
f 4068//3920 4077//3921 4067//3910
f 4079//3922 4068//3920 4069//3911
f 4070//3913 4079//3922 4069//3911
f 4081//3921 4070//3913 4071//3914
f 4082//3923 4071//3914 4072//3915
f 4072//3915 4074//3924 4082//3923
f 4073//3916 3985//3828 3976//3819
f 4083//3925 4067//3910 4077//3921
f 4085//3926 4074//3924 4075//3917
f 4086//3927 4075//3917 4076//3919
f 4088//3928 4077//3921 4078//3929
f 4089//3930 4078//3929 4079//3922
f 4090//3931 4079//3922 4080//2033
f 4091//3932 4080//2033 4081//3921
f 4092//3933 4081//3921 4082//3923
f 4082//3923 4084//3934 4092//3933
f 4093//3935 3985//3828 4083//3925
f 4083//3925 4087//3936 4093//3935
f 4096//3937 4084//3934 4085//3926
f 4097//3938 4085//3926 4086//3927
f 4099//3939 4087//3936 4088//3928
f 4100//3940 4088//3928 4089//3930
f 4101//3941 4089//3930 4090//3931
f 4102//3942 4090//3931 4091//3932
f 4094//3943 4091//3932 4092//3933
f 4092//3933 4095//3944 4094//3943
f 4103//3945 3994//3837 4093//3935
f 4103//3945 4087//3936 4098//3946
f 4107//3947 3692//3589 4106//3948
f 4108//3949 3693//3539 4107//3947
f 4108//3949 4094//3943 4095//3944
f 4109//3950 3694//3537 4108//3949
f 4109//3950 4095//3944 4096//3937
f 4110//3951 3695//3540 4109//3950
f 4110//3951 4096//3937 4097//3938
f 4112//3952 4098//3946 4099//3939
f 4113//3953 4104//3954 4112//3952
f 4113//3953 4099//3939 4100//3940
f 4114//3955 4105//3956 4113//3953
f 4114//3955 4100//3940 4101//3941
f 4115//3957 4106//3948 4114//3955
f 4115//3957 4101//3941 4102//3942
f 4115//3957 4094//3943 4107//3947
f 4116//3958 4010//3882 4018//3856
f 4116//3958 4003//3846 4103//3945
f 4116//3958 4098//3946 4111//3959
f 4117//3960 3669//3518 4030//3873
f 4118//3961 3737//3585 4117//3960
f 4119//3962 3738//3586 4118//3961
f 4105//3956 4118//3961 4104//3954
f 4120//3963 3739//3587 4119//3962
f 4120//3963 4105//3956 4106//3948
f 4120//3963 3692//3589 3740//3588
f 4121//3964 4030//3873 4038//3881
f 4121//3964 4010//3882 4111//3959
f 4104//3954 4117//3960 4121//3964
f 4112//3952 4121//3964 4111//3959
f 2100//2070 4046//3900 2064//2069
f 4123//3965 2100//2070 2101//3966
f 4124//3967 2101//3966 2102//2071
f 4125//3968 2102//2071 2103//2072
f 2103//2072 3759//3632 4125//3968
f 4126//3969 4046//3900 4122//3970
f 4127//3971 4122//3970 4123//3965
f 4128//3972 4123//3965 4124//3967
f 4129//3973 4124//3967 4125//3968
f 4125//3968 3784//3653 4129//3973
f 4130//3974 4056//3909 4126//3969
f 4131//3975 4126//3969 4127//3971
f 4132//3976 4127//3971 4128//3972
f 4133//3977 4128//3972 4129//3973
f 4129//3973 3802//3670 4133//3977
f 4134//3978 4066//3908 4130//3974
f 4135//3979 4130//3974 4131//3975
f 4136//3980 4131//3975 4132//3976
f 4137//3981 4132//3976 4133//3977
f 4133//3977 3819//3688 4137//3981
f 4138//3982 4076//3919 4134//3978
f 4139//3983 4134//3978 4135//3979
f 4140//3984 4135//3979 4136//3980
f 3837//3714 4136//3980 4137//3981
f 4137//3981 3838//3687 3837//3714
f 4138//3982 4097//3938 4086//3927
f 4142//3985 3861//3739 4141//3986
f 4142//3985 4138//3982 4139//3983
f 4143//3987 3862//3711 4142//3985
f 4143//3987 4139//3983 4140//3984
f 4143//3987 3837//3714 3863//3713
f 4144//3988 3696//3541 4110//3951
f 4144//3988 4097//3938 4141//3986
f 4144//3988 3861//3739 3887//3738
f 4145//3989 2105//2183 2224//2184
f 4146//3990 2224//2184 2225//2185
f 4147//3991 2225//2185 2226//2186
f 4148//1101 2226//2186 2227//2187
f 4149//2629 2227//2187 2228//2188
f 4150//3992 2228//2188 2229//2189
f 4151//1536 2229//2189 2230//1101
f 4152//2972 2230//1101 2231//2190
f 4153//2668 2231//2190 2232//1555
f 4154//3993 4145//3989 4146//3990
f 4155//1101 4146//3990 4147//3991
f 4156//1543 4147//3991 4148//1101
f 4157//3994 4148//1101 4149//2629
f 4158//627 4149//2629 4150//3992
f 4159//1114 4150//3992 4151//1536
f 4160//3992 4151//1536 4152//2972
f 4161//2629 4152//2972 4153//2668
f 4163//3995 4154//3993 4155//1101
f 4164//3996 4155//1101 4156//1543
f 4165//2679 4156//1543 4157//3994
f 4166//627 4157//3994 4158//627
f 4167//627 4158//627 4159//1114
f 4168//2950 4159//1114 4160//3992
f 4169//1115 4160//3992 4161//2629
f 4170//3997 4162//3998 4163//3995
f 4171//3999 4163//3995 4164//3996
f 4172//1869 4164//3996 4165//2679
f 4173//1544 4165//2679 4166//627
f 4174//1115 4166//627 4167//627
f 4175//2950 4167//627 4168//2950
f 4169//1115 4175//2950 4168//2950
f 4177//4000 4170//3997 4171//3999
f 4178//4001 4171//3999 4172//1869
f 4173//1544 4178//4001 4172//1869
f 4180//2978 4173//1544 4174//1115
f 4181//2950 4174//1115 4175//2950
f 4176//1526 4181//2950 4175//2950
f 4178//4001 4183//4002 4177//4000
f 4179//627 4184//4003 4178//4001
f 4180//2978 4185//1544 4179//627
f 4187//1533 4180//2978 4181//2950
f 4182//1547 4187//1533 4181//2950
f 4189//4004 4183//4002 4184//4003
f 4190//4005 4184//4003 4185//1544
f 4191//4006 4185//1544 4186//1541
f 4192//2683 4186//1541 4187//1533
f 4193//3994 4187//1533 4188//2963
f 4194//4007 4189//4004 4190//4005
f 4195//1545 4190//4005 4191//4006
f 4196//1547 4191//4006 4192//2683
f 4197//4008 4192//2683 4193//3994
f 2463//2423 4198//4009 2462//2421
f 2466//2427 4200//4010 2465//2426
f 2461//2420 4201//4011 2466//2427
f 2461//2420 4198//4009 4202//4012
f 4203//4013 4198//4009 4199//4014
f 4211//4015 4206//4016 4210//4017
f 4212//4018 4207//4019 4211//4015
f 2623//2588 4213//4020 4214//4021
f 2624//2589 4214//4021 4215//4022
f 2627//2592 4215//4022 4216//4023
f 2631//2596 4217//2602 2630//2595
f 2632//2597 4218//4024 2631//2596
f 2633//2598 4219//4025 2632//2597
f 2633//2598 4216//4023 4220//4026
f 2636//2601 4221//2604 2635//2600
f 4217//2602 4222//4027 2636//2601
f 4223//4028 4218//4024 4224//4029
f 4224//4029 4219//4025 4225//4030
f 4226//4031 4219//4025 4220//4026
f 2637//2603 4199//4014 2463//2423
f 4221//2604 4227//4032 2637//2603
f 4228//4033 4222//4027 4229//4034
f 4229//4034 4223//4028 4235//4035
f 4230//4036 4199//4014 4227//4032
f 4230//4036 4228//4033 4239//4037
f 4215//4022 4231//4038 4232//4039
f 4216//4023 4232//4039 4233//4040
f 4220//4026 4233//4040 4234//4041
f 4224//4029 4235//4035 4223//4028
f 4225//4030 4236//4042 4224//4029
f 4226//4031 4237//4043 4225//4030
f 4226//4031 4234//4041 4238//4044
f 4229//4034 4239//4037 4228//4033
f 4235//4035 4240//4045 4229//4034
f 4241//4046 4236//4042 4242//4047
f 4242//4047 4237//4043 4243//4048
f 4244//4049 4237//4043 4238//4044
f 4230//4036 4204//4050 4203//4013
f 4239//4037 4245//4051 4230//4036
f 4246//4052 4240//4045 4247//4053
f 4247//4053 4241//4046 4248//4054
f 4248//4054 4242//4047 4249//4055
f 4249//4055 4243//4048 4250//4056
f 4251//4057 4243//4048 4244//4049
f 4232//4039 4252//4058 4253//4059
f 4233//4040 4253//4059 4254//4060
f 4234//4041 4254//4060 4255//4061
f 4238//4044 4255//4061 4256//4062
f 4244//4049 4256//4062 4257//4063
f 4251//4057 4257//4063 4258//4064
f 4254//4060 4260//4065 4261//4066
f 4255//4061 4261//4066 4262//4067
f 4263//4068 4255//4061 4262//4067
f 4264//4069 4256//4062 4263//4068
f 4258//4064 4264//4069 4265//4070
f 4266//4071 4258//4064 4265//4070
f 4261//4066 4267//4072 4268//4073
f 4270//4074 4261//4066 4268//4073
f 4271//4075 4270//4074 4269//4076
f 4272//4077 4262//4067 4270//4074
f 4273//4078 4272//4077 4271//4075
f 4274//4079 4263//4068 4272//4077
f 4276//4080 4274//4079 4273//4078
f 4277//4081 4264//4069 4274//4079
f 4269//4076 4268//4073 4278//4082
f 4281//4083 4280//4084 4279//4085
f 4282//4086 4269//4076 4280//4084
f 4284//4087 4282//4086 4281//4083
f 4285//4088 4271//4075 4282//4086
f 4288//4089 4283//4090 4287//4091
f 4275//4092 4284//4087 4288//4089
f 4275//4092 4273//4078 4285//4088
f 4293//4093 4289//4094 4292//4095
f 4293//4093 4279//4085 4290//4096
f 4296//4097 4291//4098 4295//4099
f 4283//4090 4292//4095 4296//4097
f 4284//4087 4293//4093 4283//4090
f 4299//4100 4294//4101 4298//4102
f 4286//4103 4295//4099 4299//4100
f 4287//4091 4296//4097 4286//4103
f 4305//4104 4300//4105 4304//4106
f 4306//4107 4301//4108 4305//4104
f 4291//4098 4302//4109 4306//4107
f 4292//4095 4303//4110 4291//4098
f 4307//4111 4205//4112 4208//4113
f 4308//4114 4304//4106 4307//4111
f 4294//4101 4305//4104 4308//4114
f 4295//4099 4306//4107 4294//4101
f 4309//4115 4208//4113 4212//4018
f 4297//4116 4307//4111 4309//4115
f 4298//4102 4308//4114 4297//4116
f 4310//1534 2232//1555 2672//2628
f 4311//1533 2672//2628 2673//2629
f 4312//1546 2673//2629 2674//2630
f 2675//1110 4312//1546 2674//2630
f 4314//1115 2675//1110 2676//1870
f 4315//1544 4153//2668 4310//1534
f 4316//1554 4310//1534 4311//1533
f 4317//1116 4311//1533 4312//1546
f 4318//1542 4312//1546 4313//1542
f 4319//1530 4313//1542 4314//1115
f 4320//1884 4161//2629 4315//1544
f 4321//627 4315//1544 4316//1554
f 4322//1116 4316//1554 4317//1116
f 4323//1097 4317//1116 4318//1542
f 4319//1530 4323//1097 4318//1542
f 4325//1554 4169//1115 4320//1884
f 4326//627 4320//1884 4321//627
f 4327//2189 4321//627 4322//1116
f 4328//1118 4322//1116 4323//1097
f 4324//2953 4328//1118 4323//1097
f 4330//1884 4176//1526 4325//1554
f 4331//1884 4325//1554 4326//627
f 4332//1538 4326//627 4327//2189
f 4333//1116 4327//2189 4328//1118
f 4334//1545 4328//1118 4329//2670
f 4335//629 4182//1547 4330//1884
f 4336//2189 4330//1884 4331//1884
f 4337//1884 4331//1884 4332//1538
f 4338//4117 4332//1538 4333//1116
f 4339//4118 4333//1116 4334//1545
f 4340//1115 4188//2963 4335//629
f 4341//1528 4335//629 4336//2189
f 4342//4119 4336//2189 4337//1884
f 4343//4120 4337//1884 4338//4117
f 4344//4121 4338//4117 4339//4118
f 4345//4122 4193//3994 4340//1115
f 4346//4123 4340//1115 4341//1528
f 4347//4124 4341//1528 4342//4119
f 4348//4125 4342//4119 4343//4120
f 4404//4126 4343//4120 4344//4121
f 4349//2667 2676//1870 2740//2683
f 2742//2965 4349//2667 2740//2683
f 4351//1537 2742//2965 2743//1869
f 4352//1544 2743//1869 2744//1544
f 4353//1540 4314//1115 4349//2667
f 4350//4127 4353//1540 4349//2667
f 4355//4127 4350//4127 4351//1537
f 4356//1547 4351//1537 4352//1544
f 4357//4128 4319//1530 4353//1540
f 4358//1552 4353//1540 4354//1537
f 4359//2670 4354//1537 4355//4127
f 4356//1547 4359//2670 4355//4127
f 4361//4129 4324//2953 4357//4128
f 4362//4130 4357//4128 4358//1552
f 4363//4006 4358//1552 4359//2670
f 4364//4131 4359//2670 4360//3743
f 4365//4132 4329//2670 4361//4129
f 4366//4128 4361//4129 4362//4130
f 4367//4133 4362//4130 4363//4006
f 4368//4134 4363//4006 4364//4131
f 4369//4135 4334//1545 4365//4132
f 4370//4136 4365//4132 4366//4128
f 4371//4137 4366//4128 4367//4133
f 4372//4138 4367//4133 4368//4134
f 4376//4139 4339//4118 4369//4135
f 4379//4140 4369//4135 4370//4136
f 4384//4141 4377//4142 4383//4143
f 4371//4137 4379//4140 4370//4136
f 4389//4144 4380//4145 4388//4146
f 4390//4147 4381//4148 4389//4144
f 4391//4149 4382//4150 4390//4147
f 4392//4151 4383//4143 4391//4149
f 4393//4152 4371//4137 4372//4138
f 4393//4152 4386//4153 4385//4154
f 4394//4155 4387//4156 4386//4153
f 4396//4157 4387//4156 4395//4158
f 4397//4159 4388//4146 4396//4157
f 4398//4160 4389//4144 4397//4159
f 4399//4161 4390//4147 4398//4160
f 4374//4162 4398//4160 4373//4163
f 4400//4164 4391//4149 4399//4161
f 4375//4165 4399//4161 4374//4162
f 4409//4166 4401//4167 4408//4168
f 4410//4169 4402//4170 4409//4166
f 4411//4171 4344//4121 4376//4139
f 4414//4172 4405//4173 4413//4174
f 4415//4175 4406//4176 4414//4172
f 4416//4177 4407//4178 4415//4175
f 4417//4179 4408//4168 4416//4177
f 4418//4180 4409//4166 4417//4179
f 4378//4181 4417//4179 4377//4142
f 4419//4182 4376//4139 4379//4140
f 4419//4182 4412//4183 4411//4171
f 4420//4184 4413//4174 4412//4183
f 4422//4185 4413//4174 4421//4186
f 4423//4187 4414//4172 4422//4185
f 4381//4148 4422//4185 4380//4145
f 4424//4188 4415//4175 4423//4187
f 4382//4150 4423//4187 4381//4148
f 4377//4142 4416//4177 4424//4188
f 4383//4143 4424//4188 4382//4150
f 4425//4189 4379//4140 4385//4154
f 4425//4189 4420//4184 4419//4182
f 4386//4153 4425//4189 4385//4154
f 4426//4190 4421//4186 4420//4184
f 4387//4156 4426//4190 4386//4153
f 4380//4145 4421//4186 4427//4191
f 4388//4146 4427//4191 4387//4156
f 2819//2758 4428//4192 2818//2757
f 2464//2424 4429//4193 2819//2758
f 2464//2424 4200//4010 4430//4194
f 4431//4195 4200//4010 4201//4011
f 4432//4196 4201//4011 4202//4012
f 4432//4196 4203//4013 4204//4050
f 2817//2760 4433//4197 2821//2759
f 2817//2760 4428//4192 4434//4198
f 4435//4199 4428//4192 4429//4193
f 4436//4200 4429//4193 4430//4194
f 4436//4200 4431//4195 4454//4201
f 2820//2761 4437//4202 2822//2762
f 2820//2761 4433//4197 4438//4203
f 4439//4204 4433//4197 4434//4198
f 4439//4204 4435//4199 4440//4205
f 2824//2763 4437//4202 4444//4206
f 4444//4206 4438//4203 4445//4207
f 2825//2770 4444//4206 4445//4207
f 4445//4207 4439//4204 4446//4208
f 4446//4208 2825//2770 4445//4207
f 4446//4208 4440//4205 4447//4209
f 4449//4210 2827//2764 4448//4211
f 4449//4210 4442//4212 4450//4213
f 4450//4213 2828//2765 4449//4210
f 4450//4213 4443//4214 4451//4215
f 4451//4215 2829//2766 4450//4213
f 4452//4216 4446//4208 4447//4209
f 4452//4216 2833//2773 2826//2772
f 4453//4217 4447//4209 4448//4211
f 4453//4217 2834//2774 4452//4216
f 4453//4217 2827//2764 2835//2775
f 4455//4218 4431//4195 4432//4196
f 4204//4050 4455//4218 4432//4196
f 4436//4200 4457//4219 4435//4199
f 4454//4201 4458//4220 4436//4200
f 4459//4221 4455//4218 4460//4222
f 4460//4222 4456//4223 4461//4224
f 4440//4205 4457//4219 4462//4225
f 4463//4226 4457//4219 4458//4220
f 4463//4226 4459//4221 4464//4227
f 4464//4227 4460//4222 4465//4228
f 4465//4228 4441//4229 4464//4227
f 4465//4228 4461//4224 4466//4230
f 4466//4230 4442//4212 4465//4228
f 4467//4231 4440//4205 4462//4225
f 4467//4231 4463//4226 4468//4232
f 4448//4211 4467//4231 4468//4232
f 4468//4232 4464//4227 4441//4229
f 4449//4210 4468//4232 4441//4229
f 4475//4233 4470//4234 4474//4235
f 4482//4236 4477//4237 4481//4238
f 4483//4239 4478//4240 4482//4236
f 4487//4241 4480//4242 4486//4243
f 4488//4244 4481//4238 4487//4241
f 4489//4245 4482//4236 4488//4244
f 4493//4246 4484//4247 4492//4248
f 4494//4249 4485//4250 4493//4246
f 4495//4251 4486//4243 4494//4249
f 4496//4252 4487//4241 4495//4251
f 4470//4234 4488//4244 4496//4252
f 4471//4253 4489//4245 4470//4234
f 4498//4254 4490//4255 4497//4256
f 4499//4257 4491//4258 4498//4254
f 4500//4259 4492//4248 4499//4257
f 4501//4260 4493//4246 4500//4259
f 4502//4261 4494//4249 4501//4260
f 4502//4261 4472//4262 4473//4263
f 4503//4264 4495//4251 4502//4261
f 4503//4264 4473//4263 4474//4235
f 4503//4264 4470//4234 4496//4252
f 4509//4265 4504//4266 4508//4267
f 4512//4268 4506//4269 4511//4270
f 4513//4271 4507//4272 4512//4268
f 4514//4273 4508//4267 4513//4271
f 4518//4274 4510//4275 4517//4276
f 4519//4277 4511//4270 4518//4274
f 4520//4278 4512//4268 4519//4277
f 4520//4278 4477//4237 4478//4240
f 4476//4279 4513//4271 4520//4278
f 4479//4280 4520//4278 4478//4240
f 4523//4281 4515//4282 4522//4283
f 4524//4284 4516//4285 4523//4281
f 4525//4286 4517//4276 4524//4284
f 4480//4242 4518//4274 4525//4286
f 4480//4242 4477//4237 4519//4277
f 4526//4287 4378//4181 4384//4141
f 4527//4288 4521//4289 4526//4287
f 4528//4290 4522//4283 4527//4288
f 4529//4291 4523//4281 4528//4290
f 4485//4250 4528//4290 4484//4247
f 4530//4292 4524//4284 4529//4291
f 4530//4292 4485//4250 4486//4243
f 4530//4292 4480//4242 4525//4286
f 4531//4293 4384//4141 4392//4151
f 4532//4294 4526//4287 4531//4293
f 4491//4258 4531//4293 4490//4255
f 4484//4247 4527//4288 4532//4294
f 4492//4248 4532//4294 4491//4258
f 4490//4255 4392//4151 4400//4164
f 4497//4256 4400//4164 4375//4165
f 4536//4295 4209//4296 4535//4297
f 4537//4298 4210//4017 4536//4295
f 4538//4299 4211//4015 4537//4298
f 4505//4300 4537//4298 4504//4266
f 4542//4301 4533//4302 4541//4303
f 4543//4304 4534//4305 4542//4301
f 4544//4306 4535//4297 4543//4304
f 4544//4306 4506//4269 4507//4272
f 4504//4266 4536//4295 4544//4306
f 4508//4267 4544//4306 4507//4272
f 4546//4307 4539//4308 4545//4309
f 4547//4310 4540//4311 4546//4307
f 4548//4312 4541//4303 4547//4310
f 4510//4275 4542//4301 4548//4312
f 4510//4275 4506//4269 4543//4304
f 4549//4313 4403//4314 4410//4169
f 4550//4315 4545//4309 4549//4313
f 4551//4316 4546//4307 4550//4315
f 4516//4285 4550//4315 4515//4282
f 4552//4317 4547//4310 4551//4316
f 4552//4317 4516//4285 4517//4276
f 4552//4317 4510//4275 4548//4312
f 4553//4318 4410//4169 4418//4180
f 4521//4289 4418//4180 4378//4181
f 4515//4282 4549//4313 4553//4318
f 4522//4283 4553//4318 4521//4289
f 4556//4319 2971//2910 4555//4320
f 4557//4321 2972//2911 4556//4319
f 2975//2914 4558//4322 4559//4323
f 4560//4324 2975//2914 4559//4323
f 4561//4325 2976//2915 4560//4324
f 2978//2917 4561//4325 4562//4326
f 2979//2918 4562//4326 4554//4327
f 2979//2918 4555//4320 2971//2910
f 4563//4328 4443//4214 4558//4322
f 4563//4328 2830//2768 4451//4215
f 4563//4328 2974//2913 2980//2919
f 4456//4223 4245//4051 4564//4329
f 4564//4329 4246//4052 4565//4330
f 4565//4330 4247//4053 4566//4331
f 4566//4331 4248//4054 4567//4332
f 4568//4333 4250//4056 4569//4334
f 4569//4334 4251//4057 4570//4335
f 4461//4224 4564//4329 4572//4336
f 4572//4336 4565//4330 4573//4337
f 4573//4337 4566//4331 4574//4338
f 4574//4338 4567//4332 4575//4339
f 4575//4339 4568//4333 4576//4340
f 4576//4340 4569//4334 4577//4341
f 4577//4341 4554//4327 4576//4340
f 4578//4342 4569//4334 4570//4335
f 4578//4342 4555//4320 4577//4341
f 4578//4342 4571//4343 4579//4344
f 4579//4344 4556//4319 4578//4342
f 4466//4230 4572//4336 4580//4345
f 4580//4345 4443//4214 4466//4230
f 4580//4345 4573//4337 4581//4346
f 4581//4346 4558//4322 4580//4345
f 4581//4346 4574//4338 4582//4347
f 4582//4347 4559//4323 4581//4346
f 4582//4347 4575//4339 4583//4348
f 4583//4348 4560//4324 4582//4347
f 4584//4349 4575//4339 4576//4340
f 4584//4349 4561//4325 4583//4348
f 4584//4349 4554//4327 4562//4326
f 4585//4350 4557//4321 4579//4344
f 4259//4351 4251//4057 4258//4064
f 4592//4352 4570//4335 4259//4351
f 4593//4353 4592//4352 4591//4354
f 4594//4355 4571//4343 4592//4352
f 4595//4356 4594//4355 4593//4353
f 4596//4357 4579//4344 4594//4355
f 4597//4358 4596//4357 4595//4356
f 4586//4359 4596//4357 4598//4360
f 4600//4361 4598//4360 4597//4358
f 4601//4362 4586//4359 4598//4360
f 4602//4363 4600//4361 4599//4364
f 4603//4365 4601//4362 4600//4361
f 4604//4366 4587//4367 4601//4362
f 4606//4368 4602//4363 4605//4369
f 4606//4368 4604//4366 4603//4365
f 4607//4370 4588//4371 4604//4366
f 4610//4372 4605//4369 4609//4373
f 4610//4372 4607//4370 4606//4368
f 4611//4374 4589//4375 4607//4370
f 4613//4376 4266//4071 4265//4070
f 4591//4354 4259//4351 4266//4071
f 4614//4377 4613//4376 4612//4378
f 4615//4379 4591//4354 4613//4376
f 4617//4380 4615//4379 4614//4377
f 4618//4381 4593//4353 4615//4379
f 4620//4382 4616//4383 4619//4384
f 4620//4382 4618//4381 4617//4380
f 4621//4385 4595//4356 4618//4381
f 4624//4386 4619//4384 4623//4387
f 4599//4364 4620//4382 4624//4386
f 4599//4364 4597//4358 4621//4385
f 4626//4388 4622//4389 4625//4390
f 4627//4391 4623//4387 4626//4388
f 4602//4363 4624//4386 4627//4391
f 4630//4392 4625//4390 4629//4393
f 4631//4394 4626//4388 4630//4392
f 4605//4369 4627//4391 4631//4394
f 4634//4395 4628//4396 4633//4397
f 4635//4398 4629//4393 4634//4395
f 4608//4399 4630//4392 4635//4398
f 4609//4373 4631//4394 4608//4399
f 4636//4400 4276//4080 4275//4092
f 4637//4401 4277//4081 4276//4080
f 4612//4378 4265//4070 4277//4081
f 4640//4402 4636//4400 4639//4403
f 4640//4402 4612//4378 4637//4401
f 4643//4404 4638//4405 4642//4406
f 4616//4383 4639//4403 4643//4404
f 4617//4380 4640//4402 4616//4383
f 4646//4407 4641//4408 4645//4409
f 4647//4410 4642//4406 4646//4407
f 4619//4384 4643//4404 4647//4410
f 4650//4411 4644//4412 4649//4413
f 4651//4414 4645//4409 4650//4411
f 4622//4389 4646//4407 4651//4414
f 4623//4387 4647//4410 4622//4389
f 4653//4415 4648//4416 4652//4417
f 4654//4418 4649//4413 4653//4415
f 4655//4419 4650//4411 4654//4418
f 4625//4390 4651//4414 4655//4419
f 4656//4420 4469//4421 4471//4253
f 4657//4422 4652//4417 4656//4420
f 4658//4423 4653//4415 4657//4422
f 4628//4396 4654//4418 4658//4423
f 4629//4393 4655//4419 4628//4396
f 4659//4424 4471//4253 4475//4233
f 4660//4425 4656//4420 4659//4424
f 4632//4426 4657//4422 4660//4425
f 4633//4397 4658//4423 4632//4426
f 4663//4427 4286//4103 4662//4428
f 4664//4429 4287//4091 4663//4427
f 4636//4400 4288//4089 4664//4429
f 4667//4430 4661//4431 4666//4432
f 4668//4433 4662//4428 4667//4430
f 4638//4405 4663//4427 4668//4433
f 4639//4403 4664//4429 4638//4405
f 4670//4434 4665//4435 4669//4436
f 4671//4437 4666//4432 4670//4434
f 4641//4408 4667//4430 4671//4437
f 4642//4406 4668//4433 4641//4408
f 4672//4438 4476//4279 4479//4280
f 4673//4439 4669//4436 4672//4438
f 4644//4412 4670//4434 4673//4439
f 4645//4409 4671//4437 4644//4412
f 4674//4440 4479//4280 4483//4239
f 4648//4416 4672//4438 4674//4440
f 4649//4413 4673//4439 4648//4416
f 4469//4421 4483//4239 4489//4245
f 4652//4417 4674//4440 4469//4421
f 4676//4441 4297//4116 4675//4442
f 4661//4431 4298//4102 4676//4441
f 4662//4428 4299//4100 4661//4431
f 4677//4443 4505//4300 4509//4265
f 4677//4443 4676//4441 4675//4442
f 4666//4432 4676//4441 4665//4435
f 4678//4444 4509//4265 4514//4273
f 4678//4444 4476//4279 4669//4436
f 4678//4444 4665//4435 4677//4443
f 4679//4445 4212//4018 4538//4299
f 4679//4445 4505//4300 4675//4442
f 4679//4445 4297//4116 4309//4115
f 4680//4446 2973//2912 4557//4321
f 4681//4447 3004//2941 4680//4446
f 3006//2943 4681//4447 4682//4448
f 3007//2944 4682//4448 4683//4449
f 3008//2945 4683//4449 4684//4450
f 3009//2946 4684//4450 4685//4451
f 4686//4452 3009//2946 4685//4451
f 3011//3196 4686//4452 4687//4453
f 4688//4454 4680//4446 4585//4350
f 4586//4359 4688//4454 4585//4350
f 4682//4448 4688//4454 4689//4455
f 4587//4367 4689//4455 4586//4359
f 4683//4449 4689//4455 4690//4456
f 4588//4371 4690//4456 4587//4367
f 4684//4450 4690//4456 4691//4457
f 4589//4375 4691//4457 4588//4371
f 4685//4451 4691//4457 4692//4458
f 4590//4459 4692//4458 4589//4375
f 4686//4452 4692//4458 4693//4460
f 4694//4461 4686//4452 4693//4460
f 4695//2978 2744//1544 3075//2978
f 4696//2679 3075//2978 3076//1526
f 3077//2672 4696//2679 3076//1526
f 4698//626 3077//2672 3078//2979
f 4699//4462 3078//2979 3079//1097
f 4700//1554 3079//1097 3080//1554
f 4701//3213 3080//1554 3081//1116
f 4702//2978 3081//1116 3082//1115
f 4703//627 3082//1115 3083//2980
f 4704//4463 4352//1544 4695//2978
f 4705//1548 4695//2978 4696//2679
f 4706//4464 4696//2679 4697//4465
f 4707//3996 4697//4465 4698//626
f 4708//1111 4698//626 4699//4462
f 4709//1526 4699//4462 4700//1554
f 4710//1526 4700//1554 4701//3213
f 4711//4466 4701//3213 4702//2978
f 4712//4467 4702//2978 4703//627
f 4713//1538 4356//1547 4704//4463
f 4714//4468 4704//4463 4705//1548
f 4715//1117 4705//1548 4706//4464
f 4716//1539 4706//4464 4707//3996
f 4717//1551 4707//3996 4708//1111
f 4718//4469 4708//1111 4709//1526
f 4719//4470 4709//1526 4710//1526
f 4720//4471 4710//1526 4711//4466
f 4721//4472 4711//4466 4712//4467
f 4722//2671 4360//3743 4713//1538
f 4723//4473 4713//1538 4714//4468
f 4724//4474 4714//4468 4715//1117
f 4725//4475 4715//1117 4716//1539
f 4726//4476 4716//1539 4717//1551
f 4727//4477 4717//1551 4718//4469
f 4728//4478 4718//4469 4719//4470
f 4729//4479 4719//4470 4720//4471
f 4732//4480 4720//4471 4721//4472
f 4732//4480 4764//4481 4729//4479
f 4738//4482 4730//4483 4737//4484
f 4739//4485 4364//4131 4722//2671
f 4740//4486 4722//2671 4723//4473
f 4741//4487 4723//4473 4724//4474
f 4742//4488 4724//4474 4725//4475
f 4745//4489 4725//4475 4726//4476
f 4749//4490 4743//4491 4748//4492
f 4727//4477 4745//4489 4726//4476
f 4754//4493 4746//4494 4753//4495
f 4755//4496 4747//4497 4754//4493
f 4756//4498 4748//4492 4755//4496
f 4757//4499 4727//4477 4728//4478
f 4757//4499 4751//4500 4750//4501
f 4758//4502 4752//4503 4751//4500
f 4760//4504 4752//4503 4759//4505
f 4761//4506 4753//4495 4760//4504
f 4762//4507 4754//4493 4761//4506
f 4763//4508 4755//4496 4762//4507
f 4764//4481 4728//4478 4729//4479
f 4765//4509 4757//4499 4764//4481
f 4765//4509 4759//4505 4758//4502
f 4766//4510 4760//4504 4759//4505
f 4768//4511 4760//4504 4767//4512
f 4769//4513 4761//4506 4768//4511
f 4770//4514 4762//4507 4769//4513
f 4731//4515 4769//4513 4730//4483
f 4771//4516 4764//4481 4733//4517
f 4771//4516 4766//4510 4765//4509
f 4734//4518 4771//4516 4733//4517
f 4772//4519 4767//4512 4766//4510
f 4735//4520 4772//4519 4734//4518
f 4774//4521 4767//4512 4773//4522
f 4736//4523 4773//4522 4735//4520
f 4730//4483 4768//4511 4774//4521
f 4737//4484 4774//4521 4736//4523
f 4775//4524 4368//4134 4739//4485
f 4779//4525 4373//4163 4778//4526
f 4780//4527 4374//4162 4779//4525
f 4781//4528 4739//4485 4740//4486
f 4781//4528 4805//4529 4775//4524
f 4785//4530 4776//4531 4784//4532
f 4786//4533 4777//4534 4785//4530
f 4787//4535 4778//4526 4786//4533
f 4788//4536 4779//4525 4787//4535
f 4789//4537 4740//4486 4741//4487
f 4789//4537 4782//4538 4781//4528
f 4742//4488 4789//4537 4741//4487
f 4790//4539 4783//4540 4782//4538
f 4791//4541 4784//4532 4783//4540
f 4792//4542 4785//4530 4784//4532
f 4794//4543 4785//4530 4793//4544
f 4795//4545 4786//4533 4794//4543
f 4796//4546 4787//4535 4795//4545
f 4744//4547 4795//4545 4743//4491
f 4797//4548 4742//4488 4745//4489
f 4797//4548 4791//4541 4790//4539
f 4798//4549 4792//4542 4791//4541
f 4800//4550 4792//4542 4799//4551
f 4801//4552 4793//4544 4800//4550
f 4747//4497 4800//4550 4746//4494
f 4743//4491 4794//4543 4801//4552
f 4748//4492 4801//4552 4747//4497
f 4802//4553 4745//4489 4750//4501
f 4802//4553 4798//4549 4797//4548
f 4751//4500 4802//4553 4750//4501
f 4803//4554 4799//4551 4798//4549
f 4752//4503 4803//4554 4751//4500
f 4746//4494 4799//4551 4804//4555
f 4753//4495 4804//4555 4752//4503
f 4805//4529 4372//4138 4775//4524
f 4806//4556 4393//4152 4805//4529
f 4806//4556 4395//4158 4394//4155
f 4808//4557 4395//4158 4807//4558
f 4809//4559 4396//4157 4808//4557
f 4777//4534 4808//4557 4776//4531
f 4373//4163 4397//4159 4809//4559
f 4778//4526 4809//4559 4777//4534
f 4810//4560 4805//4529 4782//4538
f 4810//4560 4807//4558 4806//4556
f 4783//4540 4810//4560 4782//4538
f 4776//4531 4807//4558 4811//4561
f 4784//4532 4811//4561 4783//4540
f 4818//4562 4813//4563 4817//4564
f 4823//4565 4819//4566 4822//4567
f 4826//4568 4821//4569 4825//4570
f 4827//4571 4822//4567 4826//4568
f 4831//4572 4824//4573 4830//4574
f 4832//4575 4825//4570 4831//4572
f 4833//4576 4826//4568 4832//4575
f 4837//4577 4828//4578 4836//4579
f 4838//4580 4829//4581 4837//4577
f 4839//4582 4830//4574 4838//4580
f 4840//4583 4831//4572 4839//4582
f 4841//4584 4832//4575 4840//4583
f 4843//4585 4834//4586 4842//4587
f 4844//4588 4835//4589 4843//4585
f 4845//4590 4836//4579 4844//4588
f 4846//4591 4837//4577 4845//4590
f 4847//4592 4838//4580 4846//4591
f 4848//4593 4839//4582 4847//4592
f 4813//4563 4840//4583 4848//4593
f 4814//4594 4841//4584 4813//4563
f 4849//4595 4731//4515 4738//4482
f 4850//4596 4842//4587 4849//4595
f 4851//4597 4843//4585 4850//4596
f 4852//4598 4844//4588 4851//4597
f 4853//4599 4845//4590 4852//4598
f 4854//4600 4846//4591 4853//4599
f 4816//4601 4853//4599 4815//4602
f 4855//4603 4847//4592 4854//4600
f 4855//4603 4816//4601 4817//4564
f 4855//4603 4813//4563 4848//4593
f 4858//4604 4472//4262 4857//4605
f 4859//4606 4473//4263 4858//4604
f 4860//4607 4474//4235 4859//4606
f 4865//4608 4856//4609 4864//4610
f 4866//4611 4857//4605 4865//4608
f 4867//4612 4858//4604 4866//4611
f 4868//4613 4859//4606 4867//4612
f 4868//4613 4819//4566 4820//4614
f 4870//4615 4861//4616 4869//4617
f 4871//4618 4862//4619 4870//4615
f 4872//4620 4863//4621 4871//4618
f 4872//4620 4865//4608 4864//4610
f 4874//4622 4865//4608 4873//4623
f 4821//4569 4866//4611 4874//4622
f 4821//4569 4819//4566 4867//4612
f 4875//4624 4744//4547 4749//4490
f 4876//4625 4869//4617 4875//4624
f 4877//4626 4870//4615 4876//4625
f 4878//4627 4871//4618 4877//4626
f 4879//4628 4872//4620 4878//4627
f 4824//4573 4873//4623 4879//4628
f 4825//4570 4874//4622 4824//4573
f 4880//4629 4749//4490 4756//4498
f 4881//4630 4875//4624 4880//4629
f 4882//4631 4876//4625 4881//4630
f 4883//4632 4877//4626 4882//4631
f 4829//4581 4882//4631 4828//4578
f 4884//4633 4878//4627 4883//4632
f 4884//4633 4829//4581 4830//4574
f 4884//4633 4824//4573 4879//4628
f 4885//4634 4756//4498 4763//4508
f 4886//4635 4880//4629 4885//4634
f 4835//4589 4885//4634 4834//4586
f 4828//4578 4881//4630 4886//4635
f 4836//4579 4886//4635 4835//4589
f 4834//4586 4763//4508 4770//4514
f 4842//4587 4770//4514 4731//4515
f 4887//4636 4375//4165 4780//4527
f 4888//4637 4497//4256 4887//4636
f 4889//4638 4498//4254 4888//4637
f 4890//4639 4499//4257 4889//4638
f 4856//4609 4500//4259 4890//4639
f 4856//4609 4472//4262 4501//4260
f 4891//4640 4780//4527 4788//4536
f 4892//4641 4887//4636 4891//4640
f 4862//4619 4891//4640 4861//4616
f 4893//4642 4888//4637 4892//4641
f 4863//4621 4892//4641 4862//4619
f 4894//4643 4889//4638 4893//4642
f 4894//4643 4863//4621 4864//4610
f 4894//4643 4856//4609 4890//4639
f 4861//4616 4788//4536 4796//4546
f 4869//4617 4796//4546 4744//4547
f 4900//4644 4897//4645 4899//4646
f 4905//4647 4902//4648 4904//4649
f 4908//4650 4904//4649 4907//4651
f 4911//4652 4906//4653 4910//4654
f 4912//4655 4907//4651 4911//4652
f 4915//4656 4909//4657 4914//4658
f 4916//4659 4910//4654 4915//4656
f 4917//4660 4911//4652 4916//4659
f 4896//4661 4912//4655 4917//4660
f 4920//4662 4913//4663 4919//4664
f 4921//4665 4914//4658 4920//4662
f 4922//4666 4915//4656 4921//4665
f 4897//4645 4916//4659 4922//4666
f 4898//4667 4917//4660 4897//4645
f 4924//4668 4918//4669 4923//4670
f 4925//4671 4919//4664 4924//4668
f 4926//4672 4920//4662 4925//4671
f 4927//4673 4921//4665 4926//4672
f 4899//4646 4922//4666 4927//4673
f 4929//4674 4608//4399 4928//4675
f 4930//4676 4609//4373 4929//4674
f 4930//4676 4611//4374 4610//4372
f 4931//4677 4590//4459 4611//4374
f 4934//4678 4928//4675 4933//4679
f 4935//4680 4929//4674 4934//4678
f 4902//4648 4930//4676 4935//4680
f 4903//4681 4931//4677 4902//4648
f 4938//4682 4932//4683 4937//4684
f 4939//4685 4933//4679 4938//4682
f 4940//4686 4934//4678 4939//4685
f 4904//4649 4935//4680 4940//4686
f 4943//4687 4936//4688 4942//4689
f 4944//4690 4937//4684 4943//4687
f 4945//4691 4938//4682 4944//4690
f 4906//4653 4939//4685 4945//4691
f 4907//4651 4940//4686 4906//4653
f 4948//4692 4941//4693 4947//4694
f 4949//4695 4942//4689 4948//4692
f 4950//4696 4943//4687 4949//4695
f 4909//4657 4944//4690 4950//4696
f 4910//4654 4945//4691 4909//4657
f 4952//4697 4946//4698 4951//4699
f 4953//4700 4947//4694 4952//4697
f 4954//4701 4948//4692 4953//4700
f 4913//4663 4949//4695 4954//4701
f 4914//4658 4950//4696 4913//4663
f 4955//4702 4812//4703 4814//4594
f 4956//4704 4951//4699 4955//4702
f 4957//4705 4952//4697 4956//4704
f 4918//4669 4953//4700 4957//4705
f 4919//4664 4954//4701 4918//4669
f 4958//4706 4814//4594 4818//4562
f 4959//4707 4955//4702 4958//4706
f 4960//4708 4956//4704 4959//4707
f 4923//4670 4957//4705 4960//4708
f 4963//4709 4632//4426 4962//4710
f 4964//4711 4633//4397 4963//4709
f 4965//4712 4634//4395 4964//4711
f 4928//4675 4635//4398 4965//4712
f 4967//4713 4961//4714 4966//4715
f 4968//4716 4962//4710 4967//4713
f 4969//4717 4963//4709 4968//4716
f 4932//4683 4964//4711 4969//4717
f 4933//4679 4965//4712 4932//4683
f 4970//4718 4820//4614 4823//4565
f 4971//4719 4966//4715 4970//4718
f 4972//4720 4967//4713 4971//4719
f 4936//4688 4968//4716 4972//4720
f 4937//4684 4969//4717 4936//4688
f 4973//4721 4823//4565 4827//4571
f 4974//4722 4970//4718 4973//4721
f 4941//4693 4971//4719 4974//4722
f 4942//4689 4972//4720 4941//4693
f 4975//4723 4827//4571 4833//4576
f 4946//4698 4973//4721 4975//4723
f 4947//4694 4974//4722 4946//4698
f 4812//4703 4833//4576 4841//4584
f 4951//4699 4975//4723 4812//4703
f 4976//4724 4475//4233 4860//4607
f 4961//4714 4659//4424 4976//4724
f 4962//4710 4660//4425 4961//4714
f 4977//4725 4860//4607 4868//4613
f 4977//4725 4820//4614 4966//4715
f 4977//4725 4961//4714 4976//4724
f 4978//4726 3011//3196 4687//4453
f 4980//4727 3296//3197 4978//4726
f 4981//4728 4980//4727 4979//4729
f 4982//4730 3298//3199 4980//4727
f 4983//4731 4982//4730 4981//4728
f 4984//4732 3299//3200 4982//4730
f 4985//4733 4984//4732 4983//4731
f 4986//4734 3300//3201 4984//4732
f 4987//4735 4895//4736 4896//4661
f 4987//4735 4986//4734 4985//4733
f 4988//4737 3302//3203 4986//4734
f 4989//4738 4896//4661 4898//4667
f 4989//4738 4988//4737 4987//4735
f 3306//3210 3304//3205 4988//4737
f 4990//4739 4898//4667 4900//4644
f 4990//4739 3306//3210 4989//4738
f 4991//4740 4590//4459 4901//4741
f 4991//4740 4694//4461 4693//4460
f 4978//4726 4694//4461 4992//4742
f 4993//4743 4901//4741 4903//4681
f 4993//4743 4992//4742 4991//4740
f 4979//4729 4978//4726 4992//4742
f 4994//4744 4903//4681 4905//4647
f 4994//4744 4979//4729 4993//4743
f 4995//4745 4905//4647 4908//4650
f 4983//4731 4994//4744 4995//4745
f 4895//4736 4908//4650 4912//4655
f 4895//4736 4983//4731 4995//4745
f 4996//1869 3083//2980 3382//3261
f 4997//1111 3382//3261 3383//3262
f 4998//1106 3383//3262 3384//3263
f 4999//4746 3384//3263 3385//3264
f 5000//4747 3385//3264 3386//2628
f 5001//4748 3386//2628 3387//2672
f 5002//4749 3387//2672 3388//1119
f 5003//4750 3388//1119 3389//3265
f 5004//4751 3389//3265 3390//3267
f 5005//4752 3390//3267 3391//3268
f 5006//4753 4703//627 4996//1869
f 5007//4754 4996//1869 4997//1111
f 5008//4755 4997//1111 4998//1106
f 5009//4756 4998//1106 4999//4746
f 5010//4757 4999//4746 5000//4747
f 5011//4758 5000//4747 5001//4748
f 5012//4759 5001//4748 5002//4749
f 5013//4760 5002//4749 5003//4750
f 5015//4761 5003//4750 5004//4751
f 5020//4762 5004//4751 5005//4752
f 5020//4762 5016//4763 5015//4761
f 5022//4764 5016//4763 5021//4765
f 5023//4766 5017//4767 5022//4764
f 5024//4768 5018//4769 5023//4766
f 5025//4770 4712//4467 5006//4753
f 5026//4771 5006//4753 5007//4754
f 5027//4772 5007//4754 5008//4755
f 5029//4773 5008//4755 5009//4756
f 5034//4774 5009//4756 5010//4757
f 5034//4774 5069//4775 5029//4773
f 5037//4776 5030//4777 5036//4778
f 5038//4779 5031//4780 5037//4776
f 5039//4781 5032//4782 5038//4779
f 5040//4783 5010//4757 5011//4758
f 5041//4784 5034//4774 5040//4783
f 5041//4784 5036//4778 5035//4785
f 5042//4786 5037//4776 5036//4778
f 5044//4787 5037//4776 5043//4788
f 5045//4789 5038//4779 5044//4787
f 5046//4790 5011//4758 5012//4759
f 5046//4790 5041//4784 5040//4783
f 5013//4760 5046//4790 5012//4759
f 5048//4791 5041//4784 5047//4792
f 5048//4791 5043//4788 5042//4786
f 5050//4793 5043//4788 5049//4794
f 5051//4795 5044//4787 5050//4793
f 5052//4796 5013//4760 5015//4761
f 5052//4796 5048//4791 5047//4792
f 5016//4763 5052//4796 5015//4761
f 5053//4797 5049//4794 5048//4791
f 5017//4767 5053//4797 5016//4763
f 5055//4798 5049//4794 5054//4799
f 5018//4769 5054//4799 5017//4767
f 5014//4800 5050//4793 5055//4798
f 5019//4801 5055//4798 5018//4769
f 5056//4802 4721//4472 5025//4770
f 5056//4802 4733//4517 4732//4480
f 5026//4771 5056//4802 5025//4770
f 5057//4803 4734//4518 4733//4517
f 5058//4804 4735//4520 4734//4518
f 5060//4805 4735//4520 5059//4806
f 5061//4807 4736//4523 5060//4805
f 5062//4808 4737//4484 5061//4807
f 5063//4809 5026//4771 5027//4772
f 5063//4809 5058//4804 5057//4803
f 5064//4810 5059//4806 5058//4804
f 5065//4811 5060//4805 5059//4806
f 5067//4812 5060//4805 5066//4813
f 5068//4814 5061//4807 5067//4812
f 5069//4775 5027//4772 5029//4773
f 5069//4775 5064//4810 5063//4809
f 5070//4815 5065//4811 5064//4810
f 5072//4816 5065//4811 5071//4817
f 5031//4780 5071//4817 5030//4777
f 5073//4818 5066//4813 5072//4816
f 5032//4782 5072//4816 5031//4780
f 5028//4819 5067//4812 5073//4818
f 5033//4820 5073//4818 5032//4782
f 5074//4821 5069//4775 5035//4785
f 5074//4821 5071//4817 5070//4815
f 5036//4778 5074//4821 5035//4785
f 5083//4822 5078//4823 5082//4824
f 5087//4825 5080//4826 5086//4827
f 5088//4828 5081//4829 5087//4825
f 5088//4828 5083//4822 5082//4824
f 5093//4830 5084//4831 5092//4832
f 5094//4833 5085//4834 5093//4830
f 5095//4835 5086//4827 5094//4833
f 5096//4836 5087//4825 5095//4835
f 5097//4837 5088//4828 5096//4836
f 5098//4838 5014//4800 5019//4801
f 5099//4839 5090//4840 5098//4838
f 5100//4841 5091//4842 5099//4839
f 5101//4843 5092//4832 5100//4841
f 5102//4844 5093//4830 5101//4843
f 5103//4845 5094//4833 5102//4844
f 5104//4846 5095//4835 5103//4845
f 5105//4847 5096//4836 5104//4846
f 5106//4848 5019//4801 5024//4768
f 5107//4849 5098//4838 5106//4848
f 5108//4850 5099//4839 5107//4849
f 5109//4851 5100//4841 5108//4850
f 5110//4852 5101//4843 5109//4851
f 5111//4853 5102//4844 5110//4852
f 5112//4854 5103//4845 5111//4853
f 5113//4855 5104//4846 5112//4854
f 5076//4856 5112//4854 5075//4857
f 5117//4858 4815//4602 5116//4859
f 5118//4860 4816//4601 5117//4858
f 5118//4860 4818//4562 4817//4564
f 5123//4861 5114//4862 5122//4863
f 5124//4864 5115//4865 5123//4861
f 5125//4866 5116//4859 5124//4864
f 5126//4867 5117//4858 5125//4866
f 5126//4867 5119//4868 5118//4860
f 5128//4869 5028//4819 5033//4820
f 5129//4870 5120//4871 5128//4869
f 5130//4872 5121//4873 5129//4870
f 5131//4874 5122//4863 5130//4872
f 5132//4875 5123//4861 5131//4874
f 5133//4876 5124//4864 5132//4875
f 5134//4877 5125//4866 5133//4876
f 5078//4823 5126//4867 5134//4877
f 5078//4823 5077//4878 5127//4879
f 5135//4880 5033//4820 5039//4781
f 5136//4881 5128//4869 5135//4880
f 5137//4882 5129//4870 5136//4881
f 5138//4883 5130//4872 5137//4882
f 5139//4884 5131//4874 5138//4883
f 5140//4885 5132//4875 5139//4884
f 5081//4829 5139//4884 5080//4826
f 5141//4886 5133//4876 5140//4885
f 5141//4886 5081//4829 5082//4824
f 5141//4886 5078//4823 5134//4877
f 5142//4887 5039//4781 5045//4789
f 5143//4888 5135//4880 5142//4887
f 5144//4889 5136//4881 5143//4888
f 5145//4890 5137//4882 5144//4889
f 5085//4834 5144//4889 5084//4831
f 5080//4826 5138//4883 5145//4890
f 5086//4827 5145//4890 5085//4834
f 5146//4891 5045//4789 5051//4795
f 5090//4840 5051//4795 5014//4800
f 5147//4892 5142//4887 5146//4891
f 5091//4842 5146//4891 5090//4840
f 5084//4831 5143//4888 5147//4892
f 5092//4832 5147//4892 5091//4842
f 5148//4893 4738//4482 5062//4808
f 5149//4894 4849//4595 5148//4893
f 5150//4895 4850//4596 5149//4894
f 5151//4896 4851//4597 5150//4895
f 5115//4865 5150//4895 5114//4862
f 4815//4602 4852//4598 5151//4896
f 5116//4859 5151//4896 5115//4865
f 5152//4897 5062//4808 5068//4814
f 5120//4871 5068//4814 5028//4819
f 5153//4898 5148//4893 5152//4897
f 5121//4873 5152//4897 5120//4871
f 5114//4862 5149//4894 5153//4898
f 5122//4863 5153//4898 5121//4873
f 5156//4899 4899//4646 5155//4900
f 5159//4901 5154//4902 5158//4903
f 5160//4904 5155//4900 5159//4901
f 5162//4905 5157//4906 5161//4907
f 5163//4908 5158//4903 5162//4905
f 5164//4909 5159//4901 5163//4908
f 5167//4910 5161//4907 5166//4911
f 5168//4912 5162//4905 5167//4910
f 5169//4913 5163//4908 5168//4912
f 5172//4914 5165//4915 5171//4916
f 5173//4917 5166//4911 5172//4914
f 5174//4918 5167//4910 5173//4917
f 5175//4919 5168//4912 5174//4918
f 3432//3430 5169//4913 5175//4919
f 5178//4920 5170//4921 5177//4922
f 5179//4923 5171//4916 5178//4920
f 5180//4924 5172//4914 5179//4923
f 5181//4925 5173//4917 5180//4924
f 3433//3308 5174//4918 5181//4925
f 3434//3434 5175//4919 3433//3308
f 5184//4926 5176//4927 5183//4928
f 5185//4929 5177//4922 5184//4926
f 5186//4930 5178//4920 5185//4929
f 5187//4931 5179//4923 5186//4930
f 3435//3311 5180//4924 5187//4931
f 3436//3309 5181//4925 3435//3311
f 5189//4932 5182//4933 5188//4934
f 5190//4935 5183//4928 5189//4932
f 5191//4936 5184//4926 5190//4935
f 5192//4937 5185//4929 5191//4936
f 5193//4938 5186//4930 5192//4937
f 3438//3312 5187//4931 5193//4938
f 5196//4939 4923//4670 5195//4940
f 5197//4941 4924//4668 5196//4939
f 5198//4942 4925//4671 5197//4941
f 5154//4902 4926//4672 5198//4942
f 5155//4900 4927//4673 5154//4902
f 5201//4943 5194//4944 5200//4945
f 5202//4946 5195//4940 5201//4943
f 5203//4947 5196//4939 5202//4946
f 5157//4906 5197//4941 5203//4947
f 5158//4903 5198//4942 5157//4906
f 5204//4948 5077//4878 5079//4949
f 5205//4950 5199//4951 5204//4948
f 5205//4950 5201//4943 5200//4945
f 5207//4952 5201//4943 5206//4953
f 5208//4954 5202//4946 5207//4952
f 5161//4907 5203//4947 5208//4954
f 5209//4955 5079//4949 5083//4822
f 5210//4956 5204//4948 5209//4955
f 5211//4957 5205//4950 5210//4956
f 5212//4958 5206//4953 5211//4957
f 5165//4915 5207//4952 5212//4958
f 5166//4911 5208//4954 5165//4915
f 5213//4959 5083//4822 5089//4960
f 5214//4961 5209//4955 5213//4959
f 5215//4962 5210//4956 5214//4961
f 5170//4921 5211//4957 5215//4962
f 5171//4916 5212//4958 5170//4921
f 5216//4963 5089//4960 5097//4837
f 5217//4964 5213//4959 5216//4963
f 5176//4927 5214//4961 5217//4964
f 5177//4922 5215//4962 5176//4927
f 5218//4965 5097//4837 5105//4847
f 5182//4933 5216//4963 5218//4965
f 5183//4928 5217//4964 5182//4933
f 5219//4966 5105//4847 5113//4855
f 5219//4966 5076//4856 5188//4934
f 5219//4966 5182//4933 5218//4965
f 5220//4967 4818//4562 5119//4868
f 5221//4968 4958//4706 5220//4967
f 5194//4944 4959//4707 5221//4968
f 5195//4940 4960//4708 5194//4944
f 5222//4969 5119//4868 5127//4879
f 5222//4969 5077//4878 5199//4951
f 5223//4970 5220//4967 5222//4969
f 5223//4970 5199//4951 5200//4945
f 5223//4970 5194//4944 5221//4968
f 5224//4971 4900//4644 5156//4899
f 3544//3416 4990//4739 5224//4971
f 5225//4972 5156//4899 5160//4904
f 3547//3419 5224//4971 5225//4972
f 5226//4973 5160//4904 5164//4909
f 3550//3423 5225//4972 5226//4973
f 3431//3429 5164//4909 5169//4913
f 3553//3426 5226//4973 3431//3429
f 5227//4974 3391//3268 3629//3479
f 5228//4975 3629//3479 3630//3480
f 5230//4976 3630//3480 3631//3481
f 5230//4976 5258//4977 5228//4975
f 5235//4978 3631//3481 3632//3482
f 5236//4979 5230//4976 5235//4978
f 5236//4979 5232//4980 5231//4981
f 5237//4982 5233//4983 5232//4980
f 5239//4984 5233//4983 5238//4985
f 5240//4986 3632//3482 3633//3483
f 5240//4986 5236//4979 5235//4978
f 3634//3484 5240//4986 3633//3483
f 5242//4987 5236//4979 5241//4988
f 5242//4987 5238//4985 5237//4982
f 5243//4989 5239//4984 5238//4985
f 5245//4990 3634//3484 3635//3485
f 5245//4990 5242//4987 5241//4988
f 5246//4991 5243//4989 5242//4987
f 5247//4992 5244//4993 5243//4989
f 5249//4994 3635//3485 3636//3488
f 5249//4994 5246//4991 5245//4990
f 3637//3487 5249//4994 3636//3488
f 5250//4995 5247//4992 5246//4991
f 3638//3490 5250//4995 3637//3487
f 5251//4996 5248//4997 5247//4992
f 3639//3511 5251//4996 3638//3490
f 5253//4998 5005//4752 5227//4974
f 5254//4999 5020//4762 5253//4998
f 5254//4999 5022//4764 5021//4765
f 5255//5000 5023//4766 5022//4764
f 5257//5001 5023//4766 5256//5002
f 5258//4977 5227//4974 5228//4975
f 5258//4977 5254//4999 5253//4998
f 5259//5003 5255//5000 5254//4999
f 5260//5004 5256//5002 5255//5000
f 5261//5005 5257//5001 5256//5002
f 5263//5006 5258//4977 5231//4981
f 5263//5006 5260//5004 5259//5003
f 5232//4980 5263//5006 5231//4981
f 5264//5007 5261//5005 5260//5004
f 5233//4983 5264//5007 5232//4980
f 5229//5008 5261//5005 5265//5009
f 5234//5010 5265//5009 5233//4983
f 5270//5011 5075//4857 5269//5012
f 5275//5013 5266//5014 5274//5015
f 5276//5016 5267//5017 5275//5013
f 5277//5018 5268//5019 5276//5016
f 5278//5020 5269//5012 5277//5018
f 5279//5021 5229//5008 5234//5010
f 5280//5022 5271//5023 5279//5021
f 5281//5024 5272//5025 5280//5022
f 5282//5026 5273//5027 5281//5024
f 5283//5028 5274//5015 5282//5026
f 5284//5029 5275//5013 5283//5028
f 5285//5030 5276//5016 5284//5029
f 5286//5031 5277//5018 5285//5030
f 5287//5032 5234//5010 5239//4984
f 5288//5033 5279//5021 5287//5032
f 5289//5034 5280//5022 5288//5033
f 5290//5035 5281//5024 5289//5034
f 5291//5036 5282//5026 5290//5035
f 5291//5036 5284//5029 5283//5028
f 5293//5037 5284//5029 5292//5038
f 5294//5039 5285//5030 5293//5037
f 5244//4993 5287//5032 5239//4984
f 5296//5040 5287//5032 5295//5041
f 5297//5042 5288//5033 5296//5040
f 5298//5043 5289//5034 5297//5042
f 5299//5044 5290//5035 5298//5043
f 5300//5045 5291//5036 5299//5044
f 5301//5046 5292//5038 5300//5045
f 5302//5047 5293//5037 5301//5046
f 3645//3573 5301//5046 3644//3494
f 5248//4997 5295//5041 5244//4993
f 5304//5048 5295//5041 5303//5049
f 3647//3500 5303//5049 3646//3497
f 5305//5050 5296//5040 5304//5048
f 3648//3502 5304//5048 3647//3500
f 5306//5051 5297//5042 5305//5050
f 3649//3504 5305//5050 3648//3502
f 5307//5052 5298//5043 5306//5051
f 3650//3506 5306//5051 3649//3504
f 5308//5053 5299//5044 5307//5052
f 3651//3508 5307//5052 3650//3506
f 3644//3494 5300//5045 5308//5053
f 3652//3495 5308//5053 3651//3508
f 3646//3497 5248//4997 5252//5054
f 3654//3498 5252//5054 3639//3511
f 5309//5055 5024//4768 5257//5001
f 5310//5056 5106//4848 5309//5055
f 5311//5057 5107//4849 5310//5056
f 5312//5058 5108//4850 5311//5057
f 5313//5059 5109//4851 5312//5058
f 5267//5017 5312//5058 5266//5014
f 5314//5060 5110//4852 5313//5059
f 5268//5019 5313//5059 5267//5017
f 5075//4857 5111//4853 5314//5060
f 5269//5012 5314//5060 5268//5019
f 5315//5061 5257//5001 5262//5062
f 5271//5023 5262//5062 5229//5008
f 5316//5063 5309//5055 5315//5061
f 5272//5025 5315//5061 5271//5023
f 5317//5064 5310//5056 5316//5063
f 5273//5027 5316//5063 5272//5025
f 5266//5014 5311//5057 5317//5064
f 5274//5015 5317//5064 5273//5027
f 5318//5065 5076//4856 5270//5011
f 5318//5065 5189//4932 5188//4934
f 5319//5066 5190//4935 5189//4932
f 5321//5067 5190//4935 5320//5068
f 5322//5069 5191//4936 5321//5067
f 3697//3546 5192//4937 5322//5069
f 3698//3543 5193//4938 3697//3546
f 5323//5070 5270//5011 5278//5020
f 5323//5070 5319//5066 5318//5065
f 5325//5071 5319//5066 5324//5072
f 5326//5073 5320//5068 5325//5071
f 3701//3551 5321//5067 5326//5073
f 3702//3547 5322//5069 3701//3551
f 5327//5074 5278//5020 5286//5031
f 5328//5075 5323//5070 5327//5074
f 5329//5076 5324//5072 5328//5075
f 3706//3557 5325//5071 5329//5076
f 3707//3552 5326//5073 3706//3557
f 5330//5077 5286//5031 5294//5039
f 5331//5078 5327//5074 5330//5077
f 3712//3565 5328//5075 5331//5078
f 3713//3558 5329//5076 3712//3565
f 5332//5079 5294//5039 5302//5047
f 3719//3575 5302//5047 3645//3573
f 5333//5080 5330//5077 5332//5079
f 5333//5080 3719//3575 3720//3566
f 5333//5080 3712//3565 5331//5078
f 5334//2956 4194//4007 4195//1545
f 5335//5081 4195//1545 4196//1547
f 5336//5082 4196//1547 4197//4008
f 5337//5083 5334//2956 5335//5081
f 5338//5084 5335//5081 5336//5082
f 5339//5085 5337//5083 5338//5084
f 5349//5086 5341//5087 5348//5088
f 5350//5089 5342//5090 5349//5086
f 5345//5091 5352//5092 5344//5093
f 5346//5094 5353//5095 5345//5091
f 5347//5096 5354//5097 5346//5094
f 5348//5088 5355//5098 5347//5096
f 5364//5099 5356//5100 5363//5101
f 5365//5102 5357//5103 5364//5099
f 5366//5104 5358//5105 5365//5102
f 5366//5104 4206//4016 4207//4019
f 4205//4112 5359//5106 5366//5104
f 4208//4113 5366//5104 4207//4019
f 5369//5107 5361//5108 5368//5109
f 5370//5110 5362//5111 5369//5107
f 5371//5112 5363//5101 5370//5110
f 4209//4296 5364//5099 5371//5112
f 4209//4296 4206//4016 5365//5102
f 5362//5111 5373//5113 5361//5108
f 5363//5101 5374//5114 5362//5111
f 5375//5115 5343//5116 5350//5089
f 5367//5117 5350//5089 5340//5118
f 5361//5108 5372//5119 5375//5115
f 5368//5109 5375//5115 5367//5117
f 4304//4106 5360//5120 4205//4112
f 5376//5121 4197//4008 4345//4122
f 5377//5122 4345//4122 4346//4123
f 5378//5123 4346//4123 4347//4124
f 5379//5124 4347//4124 4348//4125
f 5380//5125 5336//5082 5376//5121
f 5381//5126 5376//5121 5377//5122
f 5382//5127 5338//5084 5380//5125
f 5391//5128 5383//5129 5390//5130
f 5392//5131 5384//5132 5391//5128
f 5393//5133 5385//5134 5392//5131
f 5394//5135 5377//5122 5378//5123
f 5396//5136 5387//5137 5395//5138
f 5397//5139 5388//5140 5396//5136
f 5398//5141 5389//5142 5397//5139
f 5399//5143 5390//5130 5398//5141
f 5400//5144 5391//5128 5399//5143
f 4402//4170 5399//5143 4401//4167
f 5401//5145 5392//5131 5400//5144
f 4403//4314 5400//5144 4402//4170
f 5379//5124 5394//5135 5378//5123
f 4404//4126 5379//5124 4348//4125
f 5402//5146 5395//5138 5394//5135
f 5403//5147 5396//5136 5395//5138
f 5405//5148 5396//5136 5404//5149
f 4406//4176 5404//5149 4405//4173
f 5406//5150 5397//5139 5405//5148
f 4407//4178 5405//5148 4406//4176
f 4401//4167 5398//5141 5406//5150
f 4408//4168 5406//5150 4407//4178
f 5407//5151 4404//4126 4411//4171
f 5407//5151 5403//5147 5402//5146
f 4412//4183 5407//5151 4411//4171
f 5408//5152 5404//5149 5403//5147
f 4413//4174 5408//5152 4412//4183
f 5411//5153 5344//5093 5410//5154
f 5412//5155 5345//5091 5411//5153
f 5413//5156 5346//5094 5412//5155
f 5414//5157 5347//5096 5413//5156
f 5384//5132 5413//5156 5383//5129
f 5415//5158 5348//5088 5414//5157
f 5385//5134 5414//5157 5384//5132
f 5340//5118 5349//5086 5415//5158
f 5386//5159 5415//5158 5385//5134
f 5381//5126 5409//5160 5380//5125
f 5416//5161 5410//5154 5409//5160
f 5418//5162 5410//5154 5417//5163
f 5388//5140 5417//5163 5387//5137
f 5419//5164 5411//5153 5418//5162
f 5389//5142 5418//5162 5388//5140
f 5383//5129 5412//5155 5419//5164
f 5390//5130 5419//5164 5389//5142
f 5420//5165 5381//5126 5394//5135
f 5420//5165 5417//5163 5416//5161
f 5395//5138 5420//5165 5394//5135
f 5382//5127 5351//5166 5339//5085
f 5409//5160 5382//5127 5380//5125
f 5421//5167 5352//5092 5351//5166
f 5410//5154 5421//5167 5409//5160
f 5422//5168 5340//5118 5386//5159
f 5423//5169 5367//5117 5422//5168
f 5424//5170 5368//5109 5423//5169
f 5425//5171 5369//5107 5424//5170
f 4534//4305 5424//5170 4533//4302
f 5426//5172 5370//5110 5425//5171
f 5426//5172 4534//4305 4535//4297
f 5426//5172 4209//4296 5371//5112
f 5427//5173 5386//5159 5393//5133
f 5428//5174 5422//5168 5427//5173
f 4540//4311 5427//5173 4539//4308
f 4533//4302 5423//5169 5428//5174
f 4541//4303 5428//5174 4540//4311
f 4539//4308 5393//5133 5401//5145
f 4545//4309 5401//5145 4403//4314
f 1611//1594 1625//1608 1612//1595
f 858//856 862//1280 863//862
f 4567//4332 4249//4055 4568//4333
f 3672//3522 1644//1626 3671//3520
f 8//1 7//82 1//2
f 8//1 2//3 3//4
f 17//6 16//12 12//7
f 18//9 17//6 13//8
f 19//11 15//1503 16//12
f 21//14 20//13 16//12
f 22//15 21//14 17//6
f 23//16 19//11 20//13
f 24//17 20//13 21//14
f 25//18 21//14 22//15
f 35//20 34//27 30//21
f 40//23 39//35 32//24
f 41//26 40//23 33//25
f 42//28 41//26 34//27
f 45//29 44//43 36//30
f 46//32 45//29 37//31
f 47//34 46//32 38//33
f 48//36 47//34 39//35
f 49//37 48//36 40//23
f 50//38 49//37 41//26
f 51//39 14//10 11//40
f 52//42 51//39 43//41
f 53//44 52//42 44//43
f 54//45 53//44 45//29
f 55//46 54//45 46//32
f 56//47 55//46 47//34
f 57//48 56//47 48//36
f 58//49 57//48 49//37
f 59//50 18//9 14//10
f 60//51 59//50 51//39
f 61//52 60//51 52//42
f 62//53 61//52 53//44
f 62//53 54//45 55//46
f 63//54 55//46 56//47
f 65//56 64//55 56//47
f 66//57 65//56 57//48
f 67//58 22//15 18//9
f 67//58 59//50 60//51
f 68//59 60//51 61//52
f 69//60 61//52 62//53
f 71//62 70//61 62//53
f 72//63 71//62 63//54
f 73//64 72//63 64//55
f 74//65 73//64 65//56
f 26//19 22//15 67//58
f 75//66 67//58 68//59
f 76//67 68//59 69//60
f 78//69 77//68 69//60
f 79//70 78//69 70//61
f 80//71 79//70 71//62
f 81//72 80//71 72//63
f 28//73 27//177 80//71
f 82//74 81//72 73//64
f 29//75 28//73 81//72
f 88//76 87//88 4//77
f 89//79 88//76 5//78
f 90//81 89//79 6//80
f 91//83 90//81 7//82
f 91//83 8//1 9//5
f 92//84 9//5 10//85
f 94//87 35//20 31//22
f 95//89 94//87 87//88
f 96//90 95//89 88//76
f 97//91 96//90 89//79
f 98//92 97//91 90//81
f 98//92 91//83 92//84
f 99//93 92//84 93//86
f 101//95 42//28 35//20
f 102//96 101//95 94//87
f 103//97 102//96 95//89
f 104//98 103//97 96//90
f 105//99 104//98 97//91
f 105//99 98//92 99//93
f 106//100 99//93 100//94
f 107//101 100//94 1591//102
f 109//104 50//38 42//28
f 110//105 109//104 101//95
f 111//106 110//105 102//96
f 112//107 111//106 103//97
f 113//108 112//107 104//98
f 114//109 113//108 105//99
f 114//109 106//100 107//101
f 115//110 107//101 108//103
f 117//112 58//49 50//38
f 118//113 117//112 109//104
f 119//114 118//113 110//105
f 120//115 119//114 111//106
f 121//116 120//115 112//107
f 122//117 121//116 113//108
f 123//118 122//117 114//109
f 123//118 115//110 116//111
f 125//120 66//57 58//49
f 126//121 125//120 117//112
f 127//122 126//121 118//113
f 128//123 127//122 119//114
f 129//124 128//123 120//115
f 130//125 129//124 121//116
f 131//126 130//125 122//117
f 131//126 123//118 124//119
f 133//128 74//65 66//57
f 133//128 125//120 126//121
f 134//129 126//121 127//122
f 136//131 135//130 127//122
f 137//132 136//131 128//123
f 138//133 137//132 129//124
f 139//134 138//133 130//125
f 140//135 139//134 131//126
f 141//136 82//74 74//65
f 83//137 29//75 82//74
f 141//136 133//128 134//129
f 84//139 83//137 141//136
f 142//138 134//129 135//130
f 85//141 84//139 142//138
f 143//140 135//130 136//131
f 86//143 85//141 143//140
f 145//144 144//142 136//131
f 146//145 145//144 137//132
f 147//146 146//145 138//133
f 148//147 147//146 139//134
f 124//119 116//111 1594//148
f 132//127 124//119 149//149
f 150//150 149//149 1670//151
f 140//135 132//127 150//150
f 152//153 150//150 151//152
f 153//154 151//152 1676//155
f 155//157 148//147 140//135
f 156//158 155//157 152//153
f 157//159 156//158 153//154
f 157//159 154//156 1681//160
f 159//162 23//16 24//17
f 160//163 24//17 25//18
f 161//164 25//18 26//19
f 163//166 159//162 160//163
f 165//168 164//167 160//163
f 166//169 165//168 161//164
f 168//170 167//1846 163//166
f 169//171 168//170 164//167
f 170//172 169//171 165//168
f 171//173 168//170 169//171
f 172//174 169//171 170//172
f 177//176 176//183 27//177
f 178//178 177//176 28//73
f 180//179 179//195 174//180
f 181//182 180//179 175//181
f 187//184 181//182 176//183
f 162//165 26//19 75//66
f 183//186 182//185 75//66
f 184//187 183//186 76//67
f 184//187 77//68 78//69
f 186//189 185//188 78//69
f 186//189 175//181 174//180
f 27//177 186//189 79//70
f 176//183 175//181 186//189
f 188//190 187//184 177//176
f 189//191 166//169 162//165
f 190//192 189//191 182//185
f 191//193 190//192 183//186
f 192//194 191//193 184//187
f 179//195 192//194 185//188
f 193//196 192//194 179//195
f 194//197 193//196 180//179
f 195//198 194//197 181//182
f 195//198 187//184 188//190
f 197//200 170//172 166//169
f 198//201 197//200 189//191
f 199//202 198//201 190//192
f 200//203 199//202 191//193
f 200//203 192//194 193//196
f 202//205 201//204 193//196
f 203//206 202//205 194//197
f 204//207 203//206 195//198
f 173//175 170//172 197//200
f 205//208 197//200 198//201
f 206//210 178//178 29//75
f 207//211 206//210 83//137
f 208//212 207//211 84//139
f 209//213 208//212 85//141
f 210//214 188//190 178//178
f 211//215 210//214 206//210
f 208//212 212//216 211//215
f 209//213 213//217 212//216
f 209//213 86//143 144//142
f 213//217 144//142 145//144
f 214//218 145//144 146//145
f 215//219 146//145 147//146
f 217//221 216//220 147//146
f 218//222 196//199 188//190
f 219//223 218//222 210//214
f 220//224 219//223 211//215
f 221//225 220//224 212//216
f 221//225 213//217 214//218
f 222//227 217//221 148//147
f 1685//228 222//227 155//157
f 237//229 236//267 229//230
f 238//232 237//229 230//231
f 239//234 238//232 231//233
f 240//236 239//234 232//235
f 241//238 240//236 233//237
f 250//240 249//253 242//241
f 253//243 252//256 244//244
f 254//246 253//243 245//245
f 255//248 254//246 246//247
f 256//250 255//248 247//249
f 257//252 256//250 248//251
f 257//252 249//253 250//240
f 259//255 251//293 252//256
f 260//257 252//256 253//243
f 262//259 261//258 253//243
f 262//259 230//231 229//230
f 263//260 262//259 254//246
f 263//260 231//233 230//231
f 264//261 263//260 255//248
f 232//235 231//233 263//260
f 265//262 264//261 256//250
f 233//237 232//235 264//261
f 266//263 265//262 257//252
f 234//239 233//237 265//262
f 267//264 259//255 260//257
f 235//266 268//265 260//257
f 235//266 261//258 229//230
f 278//268 277//283 269//269
f 279//271 278//268 270//270
f 280//273 279//271 271//272
f 282//275 281//2653 273//276
f 283//278 282//275 274//277
f 284//280 283//278 275//279
f 285//282 284//280 276//281
f 286//284 285//282 277//283
f 287//285 286//284 278//268
f 288//286 287//285 279//271
f 243//242 242//241 287//285
f 289//287 281//2653 282//275
f 291//289 290//288 282//275
f 291//289 245//245 244//244
f 292//290 291//289 283//278
f 246//247 245//245 291//289
f 293//291 292//290 284//280
f 247//249 246//247 292//290
f 294//292 293//291 285//282
f 248//251 247//249 293//291
f 242//241 294//292 286//284
f 249//253 248//251 294//292
f 251//293 295//2656 289//287
f 251//293 290//288 244//244
f 296//294 295//2656 251//293
f 297//295 296//294 259//255
f 306//296 305//328 298//297
f 307//299 306//296 299//298
f 317//301 316//316 308//302
f 318//304 317//301 309//303
f 320//306 319//320 311//307
f 321//309 320//306 312//308
f 322//311 321//309 313//310
f 323//313 322//311 314//312
f 324//315 323//313 315//314
f 325//317 324//315 316//316
f 299//298 298//297 324//315
f 326//318 325//317 317//301
f 300//300 299//298 325//317
f 327//319 241//238 234//239
f 327//319 319//320 320//306
f 329//322 328//321 320//306
f 302//323 301//694 328//321
f 330//324 329//322 321//309
f 303//325 302//323 329//322
f 331//326 330//324 322//311
f 304//327 303//325 330//324
f 298//297 331//326 323//313
f 305//328 304//327 331//326
f 340//329 332//383 333//330
f 341//331 333//330 334//332
f 343//334 250//240 243//242
f 344//336 343//334 335//335
f 345//338 344//336 336//337
f 346//340 345//338 337//339
f 347//342 346//340 338//341
f 347//342 339//343 340//329
f 348//344 340//329 341//331
f 309//303 308//302 348//344
f 349//345 341//331 342//333
f 310//305 309//303 349//345
f 351//347 258//254 250//240
f 352//348 351//347 343//334
f 312//308 311//307 351//347
f 353//349 352//348 344//336
f 313//310 312//308 352//348
f 354//350 353//349 345//338
f 314//312 313//310 353//349
f 355//351 354//350 346//340
f 315//314 314//312 354//350
f 355//351 347//342 348//344
f 316//316 315//314 355//351
f 311//307 266//263 258//254
f 319//320 234//239 266//263
f 363//352 362//365 223//353
f 364//355 363//352 224//354
f 367//357 366//371 358//358
f 368//360 367//357 359//359
f 369//362 368//360 360//361
f 370//364 369//362 361//363
f 371//366 370//364 362//365
f 372//367 371//366 363//352
f 373//368 280//273 272//274
f 374//370 373//368 365//369
f 375//372 374//370 366//371
f 376//373 375//372 367//357
f 377//374 376//373 368//360
f 378//375 377//374 369//362
f 379//376 378//375 370//364
f 333//330 332//383 378//375
f 380//377 379//376 371//366
f 380//377 334//332 333//330
f 381//378 288//286 280//273
f 335//335 243//242 288//286
f 382//379 381//378 373//368
f 336//337 335//335 381//378
f 383//380 382//379 374//370
f 337//339 336//337 382//379
f 384//381 383//380 375//372
f 338//341 337//339 383//380
f 385//382 384//381 376//373
f 339//343 338//341 384//381
f 332//383 385//382 377//374
f 332//383 340//329 339//343
f 387//384 386//742 356//385
f 396//387 395//419 388//388
f 396//387 389//389 390//390
f 397//391 390//390 391//392
f 407//394 406//407 399//395
f 407//394 400//396 401//397
f 408//398 401//397 402//399
f 412//401 411//414 403//402
f 413//404 412//401 404//403
f 414//406 413//404 405//405
f 415//408 414//406 406//407
f 389//389 388//388 414//406
f 415//408 407//394 408//398
f 416//409 390//390 389//389
f 417//410 416//409 408//398
f 417//410 391//392 390//390
f 418//411 307//299 300//300
f 419//413 418//411 410//412
f 420//415 419//413 411//414
f 393//416 392//785 419//413
f 421//417 420//415 412//401
f 394//418 393//416 420//415
f 388//388 421//417 413//404
f 395//419 394//418 421//417
f 430//420 422//455 423//421
f 431//422 423//421 424//423
f 432//424 400//396 399//395
f 432//424 424//423 425//425
f 433//426 401//397 400//396
f 433//426 425//425 426//427
f 402//399 401//397 433//426
f 435//429 318//304 310//305
f 436//431 435//429 427//430
f 437//433 436//431 428//432
f 404//403 403//402 436//431
f 438//435 437//433 429//434
f 405//405 404//403 437//433
f 438//435 430//420 431//422
f 406//407 405//405 438//435
f 439//436 409//400 402//399
f 440//437 326//318 318//304
f 410//412 300//300 326//318
f 403//402 440//437 435//429
f 411//414 410//412 440//437
f 450//438 442//442 441//439
f 451//441 443//444 442//442
f 452//443 444//476 443//444
f 342//333 334//332 453//445
f 460//446 453//445 454//447
f 461//448 454//447 455//449
f 462//450 455//449 456//451
f 463//452 456//451 457//453
f 464//454 423//421 422//455
f 464//454 457//453 458//456
f 465//457 424//423 423//421
f 465//457 458//456 459//458
f 466//459 425//425 424//423
f 426//427 425//425 466//459
f 350//346 342//333 460//446
f 427//430 310//305 350//346
f 468//461 460//446 461//448
f 428//432 427//430 468//461
f 469//462 461//448 462//450
f 429//434 428//432 469//462
f 470//463 462//450 463//452
f 422//455 430//420 429//434
f 472//464 434//428 426//427
f 476//465 477//467 472//464
f 477//467 439//436 434//428
f 482//468 474//472 473//469
f 482//468 483//473 475//471
f 483//473 482//468 441//439
f 483//473 484//474 476//465
f 484//474 483//473 442//442
f 484//474 485//475 477//467
f 485//475 484//474 443//444
f 485//475 444//476 439//436
f 487//477 479//483 478//478
f 487//477 486//479 445//480
f 487//477 488//484 480//482
f 488//484 487//477 446//481
f 488//484 489//486 481//470
f 489//486 488//484 447//485
f 489//486 441//439 482//468
f 441//439 489//486 448//487
f 490//488 364//355 225//356
f 490//488 226//489 227//490
f 491//491 227//490 228//492
f 494//494 372//367 364//355
f 494//494 490//488 491//491
f 495//495 491//491 492//493
f 496//496 492//493 493//497
f 380//377 372//367 494//494
f 500//499 453//445 334//332
f 500//499 494//494 495//495
f 501//500 454//447 453//445
f 501//500 495//495 496//496
f 502//501 455//449 454//447
f 502//501 496//496 497//498
f 503//502 456//451 455//449
f 503//502 497//498 498//503
f 504//504 457//453 456//451
f 504//504 498//503 499//505
f 505//506 458//456 457//453
f 506//507 459//458 458//456
f 459//458 506//507 507//508
f 467//460 466//459 459//458
f 512//510 511//514 471//466
f 512//510 472//464 467//460
f 515//511 514//519 473//469
f 516//512 510//515 509//513
f 516//512 515//511 474//472
f 516//512 471//466 511//514
f 471//466 516//512 475//471
f 518//516 517//521 478//478
f 519//517 518//516 479//483
f 513//518 519//517 480//482
f 513//518 481//470 473//469
f 520//520 387//384 357//386
f 520//520 486//479 478//478
f 417//410 409//400 522//522
f 391//392 417//410 523//523
f 521//525 398//393 391//392
f 522//522 409//400 439//436
f 444//476 526//527 525//526
f 526//527 523//523 522//522
f 452//443 527//528 526//527
f 527//528 524//524 523//523
f 534//529 533//561 528//530
f 542//532 541//543 535//533
f 543//535 542//532 536//534
f 546//537 545//547 538//538
f 547//540 546//537 539//539
f 548//542 547//540 540//541
f 549//544 548//542 541//543
f 550//545 549//544 542//532
f 551//546 544//589 545//547
f 553//549 552//548 545//547
f 554//550 553//549 546//537
f 555//551 554//550 547//540
f 556//552 555//551 548//542
f 557//553 556//552 549//544
f 529//531 528//530 556//552
f 558//554 551//546 552//548
f 559//555 552//548 553//549
f 561//557 560//556 553//549
f 561//557 531//1047 530//558
f 562//559 561//557 554//550
f 532//560 531//1047 561//557
f 528//530 562//559 555//551
f 533//561 532//560 562//559
f 571//562 570//575 563//563
f 572//565 571//562 564//564
f 574//567 573//606 566//568
f 575//570 574//567 567//569
f 576//572 575//570 568//571
f 577//574 576//572 569//573
f 578//576 577//574 570//575
f 579//577 578//576 571//562
f 580//578 573//606 574//567
f 582//580 581//579 574//567
f 583//581 582//580 575//570
f 584//582 583//581 576//572
f 585//583 584//582 577//574
f 536//534 535//533 584//582
f 586//584 585//583 578//576
f 537//536 536//534 585//583
f 587//585 580//578 581//579
f 589//587 588//586 581//579
f 589//587 539//539 538//538
f 590//588 589//587 582//580
f 540//541 539//539 589//587
f 535//533 590//588 583//581
f 541//543 540//541 590//588
f 544//589 591//610 587//585
f 544//589 588//586 538//538
f 592//590 591//610 544//589
f 593//591 592//590 551//546
f 596//592 595//599 235//266
f 597//593 596//592 236//267
f 598//594 597//593 237//229
f 599//595 598//594 238//232
f 600//596 599//595 239//234
f 564//564 563//563 599//595
f 601//597 600//596 240//236
f 565//566 564//564 600//596
f 602//598 594//614 595//599
f 604//601 603//600 595//599
f 604//601 567//569 566//568
f 605//602 604//601 596//592
f 568//571 567//569 604//601
f 606//603 605//602 597//593
f 569//573 568//571 605//602
f 563//563 606//603 598//594
f 570//575 569//573 606//603
f 607//604 602//598 603//600
f 608//605 603//600 566//568
f 609//607 608//605 573//606
f 610//608 609//607 580//578
f 611//609 610//608 587//585
f 612//611 611//609 591//610
f 613//612 612//611 592//590
f 614//613 267//264 268//265
f 595//599 594//614 268//265
f 615//615 614//613 594//614
f 607//604 616//623 615//615
f 617//616 616//623 607//604
f 609//607 618//625 617//616
f 619//617 618//625 609//607
f 620//618 619//617 610//608
f 621//619 620//618 611//609
f 622//620 621//619 612//611
f 623//621 297//295 267//264
f 624//622 623//621 614//613
f 616//623 625//2951 624//622
f 626//624 625//2951 616//623
f 618//625 627//2952 626//624
f 628//626 627//2952 618//625
f 629//627 628//626 619//617
f 630//628 629//627 620//618
f 631//629 630//628 621//619
f 639//630 638//641 632//631
f 640//633 639//630 633//632
f 644//635 643//649 635//636
f 645//638 644//635 636//637
f 646//640 645//638 637//639
f 647//642 646//640 638//641
f 648//643 647//642 639//630
f 649//644 534//529 529//531
f 650//646 649//644 641//645
f 651//648 650//646 642//647
f 652//650 651//648 643//649
f 653//651 652//650 644//635
f 654//652 653//651 645//638
f 655//653 654//652 646//640
f 656//654 655//653 647//642
f 663//655 662//664 657//656
f 668//658 667//672 659//659
f 669//661 668//658 660//660
f 670//663 669//661 661//662
f 671//665 670//663 662//664
f 673//666 672//678 664//667
f 674//669 673//666 665//668
f 675//671 674//669 666//670
f 676//673 675//671 667//672
f 677//674 676//673 668//658
f 678//675 677//674 669//661
f 679//676 678//675 670//663
f 680//677 543//535 537//536
f 681//679 680//677 672//678
f 682//680 681//679 673//666
f 683//681 682//680 674//669
f 684//682 683//681 675//671
f 685//683 684//682 676//673
f 686//684 685//683 677//674
f 633//632 632//631 685//683
f 687//685 686//684 678//675
f 634//634 633//632 686//684
f 688//686 550//545 543//535
f 689//687 688//686 680//677
f 690//688 689//687 681//679
f 691//689 690//688 682//680
f 636//637 635//636 690//688
f 692//690 691//689 683//681
f 637//639 636//637 691//689
f 632//631 692//690 684//682
f 638//641 637//639 692//690
f 693//691 557//553 550//545
f 641//645 529//531 557//553
f 694//692 693//691 688//686
f 642//647 641//645 693//691
f 635//636 694//692 689//687
f 643//649 642//647 694//692
f 697//693 696//703 301//694
f 698//695 697//693 302//323
f 699//696 698//695 303//325
f 700//697 699//696 304//327
f 701//698 700//697 305//328
f 702//699 701//698 306//296
f 658//657 657//656 701//698
f 703//700 572//565 565//566
f 704//702 703//700 695//701
f 705//704 704//702 696//703
f 706//705 705//704 697//693
f 707//706 706//705 698//695
f 660//660 659//659 706//705
f 708//707 707//706 699//696
f 661//662 660//660 707//706
f 657//656 708//707 700//697
f 662//664 661//662 708//707
f 709//708 579//577 572//565
f 710//709 709//708 703//700
f 665//668 664//667 709//708
f 711//710 710//709 704//702
f 666//670 665//668 710//709
f 659//659 711//710 705//704
f 667//672 666//670 711//710
f 664//667 586//584 579//577
f 672//678 537//536 586//584
f 715//711 601//597 241//238
f 695//701 565//566 601//597
f 301//694 715//711 327//319
f 696//703 695//701 715//711
f 720//712 717//726 716//713
f 722//715 719//714 718//716
f 722//715 723//730 720//712
f 724//718 734//731 722//715
f 726//719 713//723 712//720
f 727//722 714//861 713//723
f 730//724 357//386 356//385
f 730//724 729//725 716//713
f 728//727 731//729 718//716
f 728//727 719//714 716//713
f 733//728 721//717 718//716
f 723//730 722//715 734//731
f 737//733 733//728 732//734
f 737//733 724//718 721//717
f 738//736 734//731 724//718
f 739//737 735//732 734//731
f 740//738 749//748 738//736
f 742//739 727//722 726//719
f 744//741 743//743 728//727
f 744//741 729//725 356//385
f 731//729 728//727 743//743
f 733//728 747//746 746//745
f 747//746 733//728 731//729
f 748//747 736//735 732//734
f 739//737 738//736 749//748
f 751//750 752//751 736//735
f 740//738 737//733 736//735
f 753//752 749//748 740//738
f 754//753 750//749 749//748
f 742//739 741//740 755//754
f 762//756 640//633 634//634
f 763//758 762//756 757//757
f 764//760 763//758 758//759
f 764//760 759//761 760//762
f 765//763 760//762 761//764
f 769//766 648//643 640//633
f 770//767 769//766 762//756
f 771//768 770//767 763//758
f 771//768 764//760 765//763
f 772//769 765//763 766//765
f 773//770 766//765 767//771
f 774//772 767//771 768//773
f 777//775 656//654 648//643
f 778//776 777//775 769//766
f 779//777 778//776 770//767
f 779//777 771//768 772//769
f 780//778 772//769 773//770
f 781//779 773//770 774//772
f 782//780 774//772 775//774
f 783//781 775//774 776//782
f 787//784 786//794 392//785
f 788//786 787//784 393//416
f 789//787 788//786 394//418
f 790//788 789//787 395//419
f 790//788 396//387 397//391
f 791//789 397//391 398//393
f 793//791 663//655 658//657
f 794//793 793//791 785//792
f 795//795 794//793 786//794
f 796//796 795//795 787//784
f 797//797 796//796 788//786
f 798//798 797//797 789//787
f 798//798 790//788 791//789
f 799//799 791//789 792//790
f 801//801 671//665 663//655
f 802//802 801//801 793//791
f 803//803 802//802 794//793
f 804//804 803//803 795//795
f 805//805 804//804 796//796
f 806//806 805//805 797//797
f 807//807 806//806 798//798
f 807//807 799//799 800//800
f 809//809 679//676 671//665
f 810//810 809//809 801//801
f 811//811 810//810 802//802
f 811//811 803//803 804//804
f 812//812 804//804 805//805
f 813//813 805//805 806//806
f 814//814 806//806 807//807
f 815//815 807//807 808//808
f 817//817 687//685 679//676
f 757//757 634//634 687//685
f 818//818 817//817 809//809
f 758//759 757//757 817//817
f 819//819 818//818 810//810
f 759//761 758//759 818//818
f 819//819 811//811 812//812
f 820//820 760//762 759//761
f 820//820 812//812 813//813
f 821//821 761//764 760//762
f 821//821 813//813 814//814
f 822//822 814//814 815//815
f 823//823 815//815 816//816
f 761//764 821//821 822//822
f 828//825 767//771 766//765
f 828//825 822//822 823//823
f 829//826 768//773 767//771
f 829//826 823//823 824//824
f 831//828 832//831 826//829
f 832//831 833//858 827//832
f 768//773 829//826 830//827
f 834//833 776//782 775//774
f 835//834 702//699 307//299
f 785//792 658//657 702//699
f 392//785 835//834 418//411
f 786//794 785//792 835//834
f 842//835 843//838 838//836
f 843//838 844//890 839//839
f 848//840 841//843 840//841
f 848//840 849//844 842//835
f 849//844 850//846 843//838
f 891//845 844//890 843//838
f 853//847 846//850 845//848
f 853//847 852//849 825//830
f 853//847 854//851 847//842
f 854//851 853//847 826//829
f 854//851 855//852 848//840
f 855//852 856//853 849//844
f 856//853 895//895 850//846
f 713//723 857//855 851//854
f 857//855 858//856 852//849
f 858//856 831//828 825//830
f 859//857 832//831 831//828
f 833//858 832//831 859//857
f 833//858 860//859 854//851
f 860//859 861//860 855//852
f 861//860 898//897 856//853
f 714//861 862//1280 857//855
f 863//862 864//864 859//857
f 865//863 860//859 859//857
f 866//865 861//860 860//859
f 867//866 868//867 446//481
f 868//867 869//869 447//485
f 870//868 448//487 447//485
f 871//870 449//440 448//487
f 872//871 450//438 449//440
f 873//872 451//441 450//438
f 873//872 874//984 452//443
f 875//873 867//866 717//726
f 876//874 868//867 867//866
f 905//875 869//869 868//867
f 906//876 877//878 871//870
f 878//877 872//871 871//870
f 879//879 873//872 872//871
f 880//880 874//984 873//872
f 723//730 907//906 875//873
f 882//881 883//883 878//877
f 884//882 879//879 878//877
f 838//836 884//882 883//883
f 884//882 836//971 880//880
f 839//839 836//971 884//882
f 887//884 882//881 881//885
f 887//884 886//886 840//841
f 887//884 837//837 883//883
f 837//837 887//884 841//843
f 890//887 889//893 845//848
f 885//888 890//887 846//850
f 885//888 847//842 840//841
f 891//845 892//896 888//889
f 893//891 725//721 712//720
f 894//892 893//891 851//854
f 894//892 852//849 845//848
f 896//894 891//845 850//846
f 896//894 897//920 892//896
f 898//897 899//899 895//895
f 922//898 896//894 895//895
f 864//864 863//862 900//900
f 865//863 864//864 901//901
f 866//865 865//863 902//902
f 866//865 903//903 898//897
f 904//904 899//899 898//897
f 445//480 486//479 357//386
f 445//480 730//724 717//726
f 906//876 870//868 869//869
f 908//905 876//874 875//873
f 909//907 905//875 876//874
f 910//908 906//876 905//875
f 911//909 877//878 906//876
f 907//906 723//730 735//732
f 913//911 908//905 907//906
f 914//912 909//907 908//905
f 915//913 910//908 909//907
f 881//885 911//909 910//908
f 882//881 877//878 911//909
f 930//914 912//910 735//732
f 917//915 916//917 885//888
f 917//915 886//886 881//885
f 919//916 918//919 889//893
f 890//887 885//888 916//917
f 921//918 920//922 893//891
f 894//892 889//893 918//919
f 897//920 896//894 922//898
f 725//721 924//923 741//740
f 725//721 893//891 920//922
f 922//898 899//899 925//924
f 926//925 942//945 923//921
f 928//926 903//903 902//902
f 904//904 903//903 928//926
f 904//904 929//928 925//924
f 931//929 913//911 912//910
f 932//930 914//912 913//911
f 933//931 915//913 914//912
f 934//932 930//914 739//737
f 935//933 931//929 930//914
f 935//933 936//935 932//930
f 937//934 933//931 932//930
f 937//934 936//935 916//917
f 917//915 915//913 933//931
f 3116//936 934//932 750//749
f 939//937 938//939 918//919
f 939//937 919//916 916//917
f 921//918 941//940 940//938
f 921//918 918//919 938//939
f 924//923 943//941 755//754
f 924//923 920//922 940//938
f 944//942 943//941 940//938
f 926//925 925//924 945//943
f 942//945 926//925 946//944
f 948//947 756//755 755//754
f 948//947 943//941 944//942
f 951//949 928//926 927//927
f 952//951 929//928 928//926
f 929//928 952//951 945//943
f 792//790 398//393 521//525
f 800//800 792//790 954//952
f 808//808 800//800 955//953
f 957//954 955//953 956//955
f 816//816 808//808 957//954
f 959//957 957//954 958//956
f 824//824 816//816 959//957
f 961//959 959//957 960//958
f 830//827 824//824 961//959
f 963//961 961//959 962//960
f 834//833 830//827 963//961
f 965//963 963//961 964//962
f 776//782 834//833 965//963
f 967//965 953//1391 784//783
f 967//965 965//963 966//964
f 969//967 954//952 521//525
f 970//968 955//953 954//952
f 971//969 956//955 955//953
f 972//970 970//968 836//971
f 972//970 973//972 971//969
f 958//956 956//955 971//969
f 974//973 972//970 839//839
f 974//973 975//974 973//972
f 960//958 958//956 973//972
f 977//975 962//960 960//958
f 977//975 975//974 976//976
f 964//962 962//960 977//975
f 979//978 977//975 978//977
f 966//964 964//962 979//978
f 981//980 979//978 980//979
f 968//966 966//964 981//980
f 984//983 983//982 981//980
f 874//984 985//985 527//528
f 985//985 969//967 524//524
f 986//986 985//985 874//984
f 986//986 880//880 836//971
f 986//986 970//968 969//967
f 974//973 844//890 888//889
f 988//988 975//974 974//973
f 976//976 975//974 988//988
f 990//990 987//987 888//889
f 990//990 991//991 988//988
f 991//991 992//992 989//989
f 978//977 976//976 989//989
f 897//920 996//996 990//990
f 980//979 978//977 992//992
f 982//981 980//979 993//993
f 995//995 984//983 982//981
f 991//991 990//990 996//996
f 998//998 992//992 991//991
f 996//996 897//920 923//921
f 999//999 1000//1000 997//997
f 1000//1000 1001//1001 998//998
f 993//993 992//992 998//998
f 994//994 993//993 1001//1001
f 1004//1003 995//995 994//994
f 1004//1003 1002//1002 1003//1004
f 999//999 923//921 942//945
f 1000//1000 999//999 1006//1006
f 1008//1008 1001//1001 1000//1000
f 947//946 3235//3135 1006//1006
f 1002//1002 1001//1001 1008//1008
f 1003//1004 1002//1002 1009//1009
f 1005//1005 1003//1004 1010//1010
f 1018//1012 1017//1045 1012//1013
f 1019//1015 1018//1012 1013//1014
f 1026//1017 1025//1026 1020//1018
f 1027//1020 1026//1017 1021//1019
f 1030//1022 1029//1030 1023//1023
f 1031//1025 1030//1022 1024//1024
f 1032//1027 1031//1025 1025//1026
f 1033//1028 1032//1027 1026//1017
f 1034//1029 1028//1066 1029//1030
f 1036//1032 1035//1031 1029//1030
f 1037//1033 1036//1032 1030//1022
f 1038//1034 1037//1033 1031//1025
f 1039//1035 1038//1034 1032//1027
f 1040//1036 1034//1029 1035//1031
f 1042//1038 1041//1037 1035//1031
f 1043//1039 1042//1038 1036//1032
f 1044//1040 1043//1039 1037//1033
f 1013//1014 1012//1013 1043//1039
f 1045//1041 1044//1040 1038//1034
f 1014//1016 1013//1014 1044//1040
f 1047//1042 1046//1044 1041//1037
f 1047//1042 1016//1478 1015//1043
f 1012//1013 1047//1042 1042//1038
f 1017//1045 1016//1478 1047//1042
f 1050//1046 1049//1052 530//558
f 1051//1048 1050//1046 531//1047
f 1052//1049 1051//1048 532//560
f 1053//1050 1052//1049 533//561
f 1054//1051 1048//1072 1049//1052
f 1056//1054 1055//1053 1049//1052
f 1057//1055 1056//1054 1050//1046
f 1058//1056 1057//1055 1051//1048
f 1059//1057 1058//1056 1052//1049
f 1061//1058 1060//1074 1054//1051
f 1062//1059 1061//1058 1055//1053
f 1063//1060 1062//1059 1056//1054
f 1064//1061 1063//1060 1057//1055
f 1021//1019 1020//1018 1063//1060
f 1065//1062 1064//1061 1058//1056
f 1022//1021 1021//1019 1064//1061
f 1066//1063 1060//1074 1061//1058
f 1068//1065 1067//1064 1061//1058
f 1068//1065 1024//1024 1023//1023
f 1020//1018 1068//1065 1062//1059
f 1025//1026 1024//1024 1068//1065
f 1028//1066 1069//1077 1066//1063
f 1028//1066 1067//1064 1023//1023
f 1070//1067 1069//1077 1028//1066
f 1071//1068 1070//1067 1034//1029
f 1072//1069 1071//1068 1040//1036
f 1046//1044 1073//1070 1040//1036
f 1075//1071 1074//1082 558//554
f 1048//1072 1075//1071 559//555
f 1048//1072 560//556 530//558
f 1054//1051 1076//1085 1075//1071
f 1077//1073 1076//1085 1054//1051
f 1078//1075 1077//1073 1060//1074
f 1079//1076 1078//1075 1066//1063
f 1080//1078 1079//1076 1069//1077
f 1071//1068 1081//1079 1080//1078
f 1072//1069 1082//1091 1081//1079
f 1083//1080 1082//1091 1072//1069
f 1084//1081 593//591 558//554
f 1085//1083 1084//1081 1074//1082
f 1076//1085 1086//1084 1074//1082
f 1087//1086 1086//1084 1076//1085
f 1088//1087 1087//1086 1077//1073
f 1089//1088 1088//1087 1078//1075
f 1090//1089 1089//1088 1079//1076
f 1091//1090 1090//1089 1080//1078
f 1082//1091 1092//1099 1091//1090
f 1093//1092 1092//1099 1082//1091
f 1084//1081 1094//1093 613//612
f 1085//1083 1095//1102 1094//1093
f 1096//1094 1095//1102 1085//1083
f 1087//1086 1097//1095 1096//1094
f 1088//1087 1098//1104 1097//1095
f 1099//1096 1098//1104 1088//1087
f 1100//1097 1099//1096 1089//1088
f 1101//1098 1100//1097 1090//1089
f 1092//1099 1102//1109 1101//1098
f 1103//1100 1102//1109 1092//1099
f 1104//1101 622//620 613//612
f 1095//1102 1105//1111 1104//1101
f 1106//1103 1105//1111 1095//1102
f 1097//1095 1107//1105 1106//1103
f 1098//1104 1108//1113 1107//1105
f 1109//1106 1108//1113 1098//1104
f 1110//1107 1109//1106 1099//1096
f 1111//1108 1110//1107 1100//1097
f 1102//1109 1112//1119 1111//1108
f 1113//1110 1112//1119 1102//1109
f 1114//1097 631//629 622//620
f 1105//1111 1115//2667 1114//1097
f 1116//1112 1115//2667 1105//1111
f 1107//1105 1117//1114 1116//1112
f 1108//1113 1118//1543 1117//1114
f 1119//1115 1118//1543 1108//1113
f 1120//1116 1119//1115 1109//1106
f 1121//1117 1120//1116 1110//1107
f 1122//1118 1121//1117 1111//1108
f 1113//1110 1123//627 1122//1118
f 1133//1120 1132//1133 1125//1121
f 1134//1123 1133//1120 1126//1122
f 1135//1125 1134//1123 1127//1124
f 1138//1127 1137//1140 1129//1128
f 1139//1130 1138//1127 1130//1129
f 1140//1132 1139//1130 1131//1131
f 1141//1134 1140//1132 1132//1133
f 1142//1135 1141//1134 1133//1120
f 1143//1136 1142//1135 1134//1123
f 1144//1137 1019//1015 1014//1016
f 1145//1139 1144//1137 1136//1138
f 1146//1141 1145//1139 1137//1140
f 1147//1142 1146//1141 1138//1127
f 1148//1143 1147//1142 1139//1130
f 1149//1144 1148//1143 1140//1132
f 1150//1145 1149//1144 1141//1134
f 1151//1146 1150//1145 1142//1135
f 1160//1147 1159//1160 1152//1148
f 1163//1150 1162//1165 1154//1151
f 1164//1153 1163//1150 1155//1152
f 1165//1155 1164//1153 1156//1154
f 1166//1157 1165//1155 1157//1156
f 1167//1159 1166//1157 1158//1158
f 1167//1159 1159//1160 1160//1147
f 1169//1162 1027//1020 1022//1021
f 1170//1164 1169//1162 1161//1163
f 1171//1166 1170//1164 1162//1165
f 1172//1167 1171//1166 1163//1150
f 1173//1168 1172//1167 1164//1153
f 1174//1169 1173//1168 1165//1155
f 1175//1170 1174//1169 1166//1157
f 1176//1171 1175//1170 1167//1159
f 1177//1172 1033//1028 1027//1020
f 1178//1173 1177//1172 1169//1162
f 1179//1174 1178//1173 1170//1164
f 1180//1175 1179//1174 1171//1166
f 1181//1176 1180//1175 1172//1167
f 1182//1177 1181//1176 1173//1168
f 1126//1122 1125//1121 1181//1176
f 1183//1178 1182//1177 1174//1169
f 1127//1124 1126//1122 1182//1177
f 1124//1179 1183//1178 1175//1170
f 1128//1126 1127//1124 1183//1178
f 1184//1180 1039//1035 1033//1028
f 1185//1181 1184//1180 1177//1172
f 1186//1182 1185//1181 1178//1173
f 1130//1129 1129//1128 1185//1181
f 1187//1183 1186//1182 1179//1174
f 1131//1131 1130//1129 1186//1182
f 1125//1121 1187//1183 1180//1175
f 1132//1133 1131//1131 1187//1183
f 1188//1184 1045//1041 1039//1035
f 1136//1138 1014//1016 1045//1041
f 1129//1128 1188//1184 1184//1180
f 1137//1140 1136//1138 1188//1184
f 1189//1185 1053//1050 534//529
f 1190//1186 1189//1185 649//644
f 1191//1187 1190//1186 650//646
f 1192//1188 1191//1187 651//648
f 1193//1189 1192//1188 652//650
f 1194//1190 1193//1189 653//651
f 1195//1191 1194//1190 654//652
f 1196//1192 1195//1191 655//653
f 1153//1149 1152//1148 1195//1191
f 1197//1193 1059//1057 1053//1050
f 1198//1194 1197//1193 1189//1185
f 1199//1195 1198//1194 1190//1186
f 1155//1152 1154//1151 1198//1194
f 1200//1196 1199//1195 1191//1187
f 1156//1154 1155//1152 1199//1195
f 1201//1197 1200//1196 1192//1188
f 1157//1156 1156//1154 1200//1196
f 1202//1198 1201//1197 1193//1189
f 1158//1158 1157//1156 1201//1197
f 1152//1148 1202//1198 1194//1190
f 1159//1160 1158//1158 1202//1198
f 1203//1199 1065//1062 1059//1057
f 1161//1163 1022//1021 1065//1062
f 1154//1151 1203//1199 1197//1193
f 1162//1165 1161//1163 1203//1199
f 1204//1200 714//861 727//722
f 1205//1201 727//722 742//739
f 1216//1203 1215//1219 1207//1204
f 1217//1206 1216//1203 1208//1205
f 1217//1206 1209//1207 1210//1208
f 1219//1210 1128//1126 1124//1179
f 1220//1212 1219//1210 1211//1211
f 1221//1214 1220//1212 1212//1213
f 1222//1216 1221//1214 1213//1215
f 1223//1218 1222//1216 1214//1217
f 1224//1220 1223//1218 1215//1219
f 1225//1221 1224//1220 1216//1203
f 1226//1222 1225//1221 1217//1206
f 1227//1223 1135//1125 1128//1126
f 1228//1224 1227//1223 1219//1210
f 1229//1225 1228//1224 1220//1212
f 1230//1226 1229//1225 1221//1214
f 1231//1227 1230//1226 1222//1216
f 1232//1228 1231//1227 1223//1218
f 1233//1229 1232//1228 1224//1220
f 1234//1230 1233//1229 1225//1221
f 1235//1231 1143//1136 1135//1125
f 1236//1232 1235//1231 1227//1223
f 1237//1233 1236//1232 1228//1224
f 1238//1234 1237//1233 1229//1225
f 1239//1235 1238//1234 1230//1226
f 2//3 1//2 1238//1234
f 1239//1235 1231//1227 1232//1228
f 1240//1236 3//4 2//3
f 1240//1236 1232//1228 1233//1229
f 1242//1238 1241//1237 1233//1229
f 1243//1239 1151//1146 1143//1136
f 1244//1240 1243//1239 1235//1231
f 5//78 4//77 1243//1239
f 1245//1241 1244//1240 1236//1232
f 6//80 5//78 1244//1240
f 1//2 1245//1241 1237//1233
f 7//82 6//80 1245//1241
f 3//4 1240//1236 1241//1237
f 10//85 9//5 3//4
f 1247//1243 1246//1242 1241//1237
f 1255//1244 1160//1147 1153//1149
f 1255//1244 1248//1245 1249//1246
f 1256//1247 1249//1246 1250//1248
f 1257//1249 1250//1248 1251//1250
f 1258//1251 1251//1250 1252//1252
f 1259//1253 1252//1252 1253//1254
f 1260//1255 1253//1254 1254//1256
f 1263//1258 1168//1161 1160//1147
f 1263//1258 1255//1244 1256//1247
f 1264//1259 1256//1247 1257//1249
f 1265//1260 1257//1249 1258//1251
f 1266//1261 1258//1251 1259//1253
f 1267//1262 1259//1253 1260//1255
f 1268//1263 1208//1205 1207//1204
f 1268//1263 1260//1255 1261//1257
f 1269//1264 1209//1207 1208//1205
f 1269//1264 1261//1257 1262//1265
f 1270//1266 1210//1208 1209//1207
f 1271//1267 1176//1171 1168//1161
f 1211//1211 1124//1179 1176//1171
f 1272//1268 1271//1267 1263//1258
f 1212//1213 1211//1211 1271//1267
f 1273//1269 1272//1268 1264//1259
f 1213//1215 1212//1213 1272//1268
f 1274//1270 1273//1269 1265//1260
f 1214//1217 1213//1215 1273//1269
f 1274//1270 1266//1261 1267//1262
f 1215//1219 1214//1217 1274//1270
f 1275//1271 1196//1192 656//654
f 1248//1245 1153//1149 1196//1192
f 1276//1272 1275//1271 777//775
f 1276//1272 1249//1246 1248//1245
f 1276//1272 778//776 779//777
f 1277//1273 1250//1248 1249//1246
f 1277//1273 779//777 780//778
f 1278//1274 1251//1250 1250//1248
f 1278//1274 780//778 781//779
f 1279//1275 1252//1252 1251//1250
f 1279//1275 781//779 782//780
f 1280//1276 1253//1254 1252//1252
f 1280//1276 782//780 783//781
f 1281//1277 1254//1256 1253//1254
f 1281//1277 783//781 784//783
f 1254//1256 1281//1277 1282//1278
f 1283//1279 1262//1265 1261//1257
f 1204//1200 1287//1281 862//1280
f 1287//1281 900//900 863//862
f 1293//1282 1290//1286 1289//1283
f 1293//1282 1285//1425 1284//1285
f 1295//1287 1292//1284 1291//1288
f 1295//1287 1296//1291 1293//1282
f 1286//1290 1285//1425 1293//1282
f 1297//1292 1298//1293 1295//1287
f 1298//1293 1299//1309 1296//1291
f 1300//1294 1287//1281 1204//1200
f 1301//1295 900//900 1287//1281
f 1302//1296 901//901 900//900
f 1303//1297 902//902 901//901
f 1306//1298 1305//1302 1289//1283
f 1306//1298 1290//1286 1288//1299
f 1308//1301 1307//1304 1291//1288
f 1308//1301 1292//1284 1289//1283
f 1310//1303 1294//1289 1291//1288
f 1311//1305 1312//1307 1310//1303
f 1312//1307 1297//1292 1294//1289
f 1313//1308 1298//1293 1297//1292
f 1299//1309 1298//1293 1313//1308
f 1316//1311 1317//1312 1312//1307
f 1317//1312 1318//1313 1313//1308
f 1318//1313 1332//1330 1314//1310
f 1206//1202 742//739 756//755
f 1300//1294 1205//1201 1206//1202
f 1320//1315 1301//1295 1300//1294
f 1302//1296 1301//1295 1320//1315
f 1303//1297 1302//1296 1321//1316
f 1303//1297 1322//1317 927//927
f 1325//1318 1324//1322 1305//1302
f 1325//1318 1306//1298 1304//1300
f 1308//1301 1327//1321 1326//1320
f 1327//1321 1308//1301 1305//1302
f 1329//1323 1328//1325 1309//1306
f 1329//1323 1310//1303 1307//1304
f 1331//1324 1311//1305 1309//1306
f 1330//1326 1333//1346 1315//1327
f 1330//1326 1316//1311 1311//1305
f 1318//1313 1317//1312 1334//1328
f 1332//1330 1318//1313 1335//1329
f 1337//1332 1319//1314 756//755
f 1337//1332 948//947 949//948
f 1320//1315 1319//1314 1337//1332
f 1338//1333 949//948 3127//1334
f 1321//1316 1320//1315 1338//1333
f 1340//1336 1322//1317 1321//1316
f 1322//1317 1340//1336 950//950
f 1325//1318 1343//1338 1342//1337
f 1343//1338 1325//1318 1323//1319
f 1327//1321 1345//1341 1344//1340
f 1345//1341 1327//1321 1324//1322
f 1329//1323 1347//1343 1346//1342
f 1347//1343 1329//1323 1326//1320
f 1331//1324 1349//1345 1348//1344
f 1349//1345 1331//1324 1328//1325
f 1333//1346 1330//1326 1348//1344
f 1336//1331 1335//1329 1351//1348
f 1218//1209 1210//1208 1353//1350
f 1226//1222 1218//1209 1354//1351
f 1357//1352 1354//1351 1355//1353
f 1358//1354 1355//1353 1356//1355
f 1361//1357 1234//1230 1226//1222
f 1361//1357 1357//1352 1358//1354
f 1362//1358 1358//1354 1359//1356
f 1363//1359 1359//1356 1360//1360
f 1365//1362 1242//1238 1234//1230
f 1365//1362 1361//1357 1362//1358
f 1366//1363 1362//1358 1363//1359
f 1367//1364 1363//1359 1364//1361
f 1247//1243 1242//1238 1365//1362
f 1369//1366 1365//1362 1366//1363
f 1370//1367 1366//1363 1367//1364
f 1371//1368 1367//1364 1368//1365
f 1372//1369 1368//1365 1389//1370
f 1270//1266 1262//1265 1374//1372
f 1377//1373 1353//1350 1210//1208
f 1377//1373 1374//1372 1375//1374
f 1378//1375 1375//1374 1376//1376
f 1353//1350 1377//1373 1378//1375
f 1381//1378 1355//1353 1354//1351
f 1381//1378 1378//1375 1379//1377
f 1382//1379 1356//1355 1355//1353
f 1382//1379 1379//1377 1380//1380
f 1356//1355 1382//1379 1383//1381
f 1360//1360 1359//1356 1356//1355
f 1385//1382 1383//1381 1384//1383
f 1387//1385 1364//1361 1360//1360
f 1387//1385 1385//1382 1386//1384
f 1368//1365 1364//1361 1387//1385
f 1389//1370 1387//1385 1388//1386
f 1373//1371 1389//1370 1390//1387
f 1392//1388 1390//1387 1391//1389
f 1282//1278 784//783 953//1391
f 1283//1279 1282//1278 1394//1392
f 1397//1393 1374//1372 1262//1265
f 1397//1393 1394//1392 1395//1394
f 1398//1395 1375//1374 1374//1372
f 1398//1395 1395//1394 1396//1396
f 1376//1376 1375//1374 1398//1395
f 1400//1398 1379//1377 1376//1376
f 1380//1380 1379//1377 1400//1398
f 1402//1400 1383//1381 1380//1380
f 1384//1383 1383//1381 1402//1400
f 1404//1402 1405//1403 1403//1401
f 1405//1403 1386//1384 1384//1383
f 1406//1404 1407//1405 1405//1403
f 1407//1405 1388//1386 1386//1384
f 1408//1406 1409//1407 1407//1405
f 1409//1407 1390//1387 1388//1386
f 1410//1408 1391//1389 1390//1387
f 1412//1409 1413//1410 1409//1407
f 1413//1410 1414//1411 1410//1408
f 1393//1390 1391//1389 1410//1408
f 953//1391 967//965 968//966
f 1415//1412 1395//1394 1394//1392
f 1415//1412 968//966 983//982
f 1396//1396 1395//1394 1415//1412
f 1418//1414 1399//1397 1396//1396
f 1420//1415 1421//1417 1418//1414
f 1421//1417 1400//1398 1399//1397
f 1422//1418 1401//1399 1400//1398
f 1424//1419 1420//1415 1419//1420
f 1424//1419 1425//1422 1421//1417
f 1425//1422 1426//1423 1422//1418
f 1426//1423 1402//1400 1401//1399
f 1427//1424 1423//1421 1284//1285
f 1427//1424 1428//1426 1424//1419
f 1428//1426 1429//1427 1425//1422
f 1429//1427 1430//1428 1426//1423
f 1430//1428 1404//1402 1402//1400
f 1286//1290 1431//1429 1427//1424
f 1431//1429 1432//1431 1428//1426
f 1433//1430 1429//1427 1428//1426
f 1433//1430 1434//1432 1430//1428
f 1434//1432 1406//1404 1404//1402
f 1435//1433 1436//1435 1433//1430
f 1437//1434 1434//1432 1433//1430
f 1437//1434 1408//1406 1406//1404
f 1439//1436 1436//1435 1435//1433
f 1439//1436 1411//1438 1437//1434
f 1411//1438 1412//1409 1408//1406
f 1440//1439 1416//1413 983//982
f 1443//1440 1442//1442 1417//1416
f 1443//1440 1418//1414 1416//1413
f 1441//1441 1444//1443 1419//1420
f 1441//1441 1420//1415 1417//1416
f 1288//1299 1290//1286 1284//1285
f 1288//1299 1423//1421 1419//1420
f 1445//1444 1431//1429 1286//1290
f 1446//1445 1432//1431 1431//1429
f 1299//1309 1447//1446 1445//1444
f 1447//1446 1448//1447 1446//1445
f 1435//1433 1432//1431 1446//1445
f 1450//1448 1438//1437 1435//1433
f 1451//1449 1440//1439 984//983
f 1442//1442 1453//1451 1452//1450
f 1443//1440 1454//1452 1453//1451
f 1454//1452 1443//1440 1440//1439
f 1444//1443 1455//1453 1304//1300
f 1455//1453 1444//1443 1441//1441
f 1447//1446 1299//1309 1314//1310
f 1457//1455 1448//1447 1447//1446
f 1459//1456 1458//1468 1449//1457
f 1450//1448 1448//1447 1457//1455
f 1460//1458 1451//1449 995//995
f 1460//1458 1004//1003 1005//1005
f 1453//1451 1462//1461 1461//1460
f 1454//1452 1463//1462 1462//1461
f 1463//1462 1454//1452 1451//1449
f 1455//1453 1464//1463 1323//1319
f 1464//1463 1455//1453 1452//1450
f 1456//1454 1314//1310 1332//1330
f 1466//1465 1457//1455 1456//1454
f 1336//1331 1467//1466 1465//1464
f 1467//1466 1469//1467 1466//1465
f 1469//1467 1468//1796 1458//1468
f 1459//1456 1457//1455 1466//1465
f 1470//1459 1005//1005 1011//1011
f 1463//1462 1473//1471 1472//1470
f 1463//1462 1460//1458 1470//1459
f 1474//1472 1473//1471 1470//1459
f 1464//1463 1475//1473 1341//1339
f 1461//1460 1476//1474 1475//1473
f 1476//1474 1461//1460 1462//1461
f 1467//1466 1336//1331 1352//1349
f 1478//1476 1469//1467 1467//1466
f 1480//1477 1479//1483 1015//1043
f 1481//1479 1480//1477 1016//1478
f 1482//1480 1481//1479 1017//1045
f 1483//1481 1482//1480 1018//1012
f 1485//1482 1484//1508 1479//1483
f 1485//1482 1480//1477 1481//1479
f 1486//1484 1481//1479 1482//1480
f 1487//1485 1482//1480 1483//1481
f 1489//1487 1484//1508 1485//1482
f 1490//1488 1485//1482 1486//1484
f 1491//1489 1486//1484 1487//1485
f 1493//1491 1492//1490 1487//1485
f 1494//1492 1489//1487 1490//1488
f 1495//1493 1490//1488 1491//1489
f 1497//1495 1496//1494 1491//1489
f 1498//1496 1497//1495 1492//1490
f 1499//1497 1494//1492 1495//1493
f 1500//1498 1495//1493 1496//1494
f 1502//1500 1501//1499 1496//1494
f 1502//1500 13//8 12//7
f 11//40 1502//1500 1497//1495
f 14//10 13//8 1502//1500
f 1503//1501 1499//1497 1500//1498
f 15//1503 1504//1502 1500//1498
f 15//1503 1501//1499 12//7
f 1505//1504 1504//1502 15//1503
f 1506//1505 1505//1504 19//11
f 1507//1506 1046//1044 1015//1043
f 1508//1507 1507//1506 1479//1483
f 1509//1509 1508//1507 1484//1508
f 1510//1510 1509//1509 1489//1487
f 1511//1511 1510//1510 1494//1492
f 1503//1501 1512//1518 1511//1511
f 1513//1512 1512//1518 1503//1501
f 1505//1504 1514//1513 1513//1512
f 1506//1505 1515//1521 1514//1513
f 1507//1506 1516//1522 1073//1070
f 1517//1514 1516//1522 1507//1506
f 1518//1515 1517//1514 1508//1507
f 1519//1516 1518//1515 1509//1509
f 1520//1517 1519//1516 1510//1510
f 1512//1518 1521//1527 1520//1517
f 1522//1519 1521//1527 1512//1518
f 1514//1513 1523//1529 1522//1519
f 1524//1520 1523//1529 1514//1513
f 1516//1522 1525//1523 1083//1080
f 1517//1514 1526//1531 1525//1523
f 1527//1524 1526//1531 1517//1514
f 1528//1525 1527//1524 1518//1515
f 1529//1526 1528//1525 1519//1516
f 1521//1527 1530//1528 1529//1526
f 1522//1519 1531//1530 1530//1528
f 1523//1529 1532//1536 1531//1530
f 1533//1112 1532//1536 1523//1529
f 1525//1523 1534//1528 1093//1092
f 1526//1531 1535//1105 1534//1528
f 1536//1532 1535//1105 1526//1531
f 1537//1533 1536//1532 1527//1524
f 1538//1534 1537//1533 1528//1525
f 1530//1528 1539//1535 1538//1534
f 1531//1530 1540//627 1539//1535
f 1532//1536 1541//1537 1540//627
f 1533//1112 1542//1544 1541//1537
f 1534//1528 1543//1538 1103//1100
f 1535//1105 1544//1545 1543//1538
f 1545//1539 1544//1545 1535//1105
f 1546//1540 1545//1539 1536//1532
f 1547//1541 1546//1540 1537//1533
f 1548//1542 1547//1541 1538//1534
f 1540//627 1549//1543 1548//1542
f 1541//1537 1550//1115 1549//1543
f 1542//1544 1551//1551 1550//1115
f 1543//1538 1552//1546 1113//1110
f 1544//1545 1553//1552 1552//1546
f 1554//1547 1553//1552 1544//1545
f 1555//1548 1554//1547 1545//1539
f 1556//1549 1555//1548 1546//1540
f 1557//1545 1556//1549 1547//1541
f 1549//1543 1558//1554 1557//1545
f 1559//1550 1558//1554 1549//1543
f 1551//1551 1560//1551 1559//1550
f 1552//1546 1561//1553 1123//627
f 1553//1552 1562//3441 1561//1553
f 1563//1554 1562//3441 1553//1552
f 1564//1555 1563//1554 1554//1547
f 1565//1549 1564//1555 1555//1548
f 1566//629 1565//1549 1556//1549
f 1558//1554 1567//1549 1566//629
f 1568//1556 1567//1549 1558//1554
f 1569//1544 1568//1556 1559//1550
f 1570//1557 1483//1481 1019//1015
f 1571//1558 1570//1557 1144//1137
f 1572//1559 1571//1558 1145//1139
f 1573//1560 1572//1559 1146//1141
f 1574//1561 1573//1560 1147//1142
f 1575//1562 1574//1561 1148//1143
f 1576//1563 1575//1562 1149//1144
f 1577//1564 1576//1563 1150//1145
f 31//22 30//21 1576//1563
f 1578//1565 1488//1486 1483//1481
f 1579//1566 1578//1565 1570//1557
f 1580//1567 1579//1566 1571//1558
f 1581//1568 1580//1567 1572//1559
f 1582//1569 1581//1568 1573//1560
f 1583//1570 1582//1569 1574//1561
f 33//25 32//24 1582//1569
f 30//21 1583//1570 1575//1562
f 34//27 33//25 1583//1570
f 1584//1571 1493//1491 1488//1486
f 1585//1572 1584//1571 1578//1565
f 1586//1573 1585//1572 1579//1566
f 37//31 36//30 1585//1572
f 1587//1574 1586//1573 1580//1567
f 38//33 37//31 1586//1573
f 32//24 1587//1574 1581//1568
f 39//35 38//33 1587//1574
f 1588//1575 1498//1496 1493//1491
f 43//41 11//40 1498//1496
f 36//30 1588//1575 1584//1571
f 44//43 43//41 1588//1575
f 4//77 1577//1564 1151//1146
f 87//88 31//22 1577//1564
f 1589//1576 93//86 10//85
f 1589//1576 1246//1242 1247//1243
f 100//94 93//86 1589//1576
f 1591//102 1589//1576 1590//1577
f 108//103 1591//102 1592//1578
f 116//111 108//103 1593//1579
f 1602//1580 1599//1584 1598//1581
f 1602//1580 1603//1585 1600//1583
f 1603//1585 1596//1700 1595//1586
f 1604//1587 1605//1588 1602//1580
f 1605//1588 1606//1597 1603//1585
f 1610//1589 1609//1593 1598//1581
f 1607//1590 1610//1589 1599//1584
f 1607//1590 1600//1583 1597//1591
f 1601//1582 1598//1581 1609//1593
f 1612//1595 1604//1587 1601//1582
f 1613//1596 1605//1588 1604//1587
f 1606//1597 1605//1588 1613//1596
f 1615//1599 1616//1600 1613//1596
f 1616//1600 1617//1762 1614//1598
f 1618//1601 1619//1602 1316//1311
f 1619//1602 1334//1328 1317//1312
f 1608//1592 1621//1795 1620//1603
f 1623//1604 1622//1606 1609//1593
f 1610//1589 1607//1590 1620//1603
f 1624//1605 1611//1594 1609//1593
f 1628//1607 1615//1599 1612//1595
f 1628//1607 1625//1608 1626//1609
f 1616//1600 1615//1599 1628//1607
f 1629//1610 1626//1609 1627//1611
f 1630//1612 1617//1762 1616//1600
f 1618//1601 1315//1327 1333//1346
f 1632//1614 1619//1602 1618//1601
f 1334//1328 1619//1602 1632//1614
f 1633//1615 1351//1348 1335//1329
f 1620//1603 1636//1618 1635//1616
f 1620//1603 1621//1795 1634//1617
f 1622//1606 1638//1620 1637//1619
f 1622//1606 1623//1604 1635//1616
f 1639//1621 1638//1620 1635//1616
f 1640//1622 1625//1608 1624//1605
f 1641//1623 1640//1622 1637//1619
f 1626//1609 1625//1608 1640//1622
f 1641//1623 1638//1620 1639//1621
f 1642//1624 1627//1611 1626//1609
f 1631//1613 1333//1346 1350//1347
f 1644//1626 1632//1614 1631//1613
f 1645//1627 1633//1615 1632//1614
f 1351//1348 1633//1615 1645//1627
f 1646//1628 3405//3320 1352//1349
f 1639//1621 1636//1618 1647//1629
f 1649//1631 1642//1624 1639//1621
f 1590//1577 1247//1243 1369//1366
f 1650//1632 1369//1366 1370//1367
f 1651//1633 1370//1367 1371//1368
f 1652//1634 1371//1368 1372//1369
f 1653//1635 1372//1369 1373//1371
f 1592//1578 1590//1577 1650//1632
f 1655//1637 1650//1632 1651//1633
f 1656//1638 1651//1633 1652//1634
f 1657//1639 1652//1634 1653//1635
f 1658//1640 1653//1635 1654//1636
f 1659//1641 1654//1636 1690//1642
f 1593//1579 1592//1578 1655//1637
f 1660//1644 1655//1637 1656//1638
f 1661//1645 1656//1638 1657//1639
f 1663//1647 1662//1646 1657//1639
f 1664//1648 1663//1647 1658//1640
f 1594//148 1593//1579 1660//1644
f 1665//1649 1660//1644 1661//1645
f 1666//1650 1661//1645 1662//1646
f 1667//1651 1662//1646 1663//1647
f 1668//1652 1663//1647 1664//1648
f 149//149 1594//148 1665//1649
f 1670//151 1665//1649 1666//1650
f 1671//1654 1666//1650 1667//1651
f 1672//1655 1667//1651 1668//1652
f 1673//1656 1668//1652 1669//1653
f 1674//1657 1669//1653 1699//1658
f 151//152 1670//151 1671//1654
f 1676//155 1671//1654 1672//1655
f 1677//1660 1672//1655 1673//1656
f 1679//1662 1678//1661 1673//1656
f 1679//1662 1674//1657 1675//1659
f 154//156 1676//155 1677//1660
f 1681//160 1677//1660 1678//1661
f 1683//1665 1682//1664 1678//1661
f 1684//1666 1683//1665 1679//1662
f 157//159 1686//1667 1685//228
f 158//161 1687//1668 1686//1667
f 158//161 1681//160 1682//1664
f 1688//1669 1687//1668 1682//1664
f 1689//1670 1688//1669 1683//1665
f 1654//1636 1373//1371 1392//1388
f 1690//1642 1392//1388 1393//1390
f 1694//1672 1693//1643 1690//1642
f 1694//1672 1691//1671 1692//1673
f 1664//1648 1659//1641 1693//1643
f 1696//1675 1693//1643 1694//1672
f 1697//1676 1694//1672 1695//1674
f 1669//1653 1664//1648 1696//1675
f 1699//1658 1696//1675 1697//1676
f 1700//1678 1697//1676 1698//1677
f 1675//1659 1699//1658 1700//1678
f 1702//1680 1700//1678 1701//1679
f 1680//1663 1675//1659 1702//1680
f 1704//1682 1702//1680 1703//1681
f 1684//1666 1680//1663 1704//1682
f 1707//1685 1706//1684 1704//1682
f 1688//1669 1709//1687 1708//1686
f 1689//1670 1710//1688 1709//1687
f 1689//1670 1684//1666 1706//1684
f 1711//1689 1710//1688 1706//1684
f 1713//1690 1714//1691 1412//1409
f 1714//1691 1715//1692 1413//1410
f 1715//1692 1716//1693 1414//1411
f 1716//1693 1691//1671 1393//1390
f 1692//1673 1691//1671 1716//1693
f 1719//1695 1721//1697 1713//1690
f 1721//1697 1722//1698 1714//1691
f 1722//1698 1742//1720 1715//1692
f 1695//1674 1692//1673 1717//1694
f 1596//1700 1724//1702 1718//1701
f 1724//1702 1725//1731 1720//1703
f 1698//1677 1695//1674 1723//1699
f 1701//1679 1698//1677 1726//1704
f 1729//1706 1703//1681 1701//1679
f 1729//1706 1727//1705 1728//1707
f 1731//1709 1705//1683 1703//1681
f 1731//1709 1729//1706 1730//1708
f 1707//1685 1705//1683 1731//1709
f 1734//1712 1733//1711 1731//1709
f 1709//1687 1736//1714 1735//1713
f 1710//1688 1737//1715 1736//1714
f 1711//1689 1738//1716 1737//1715
f 1711//1689 1707//1685 1733//1711
f 1739//1717 1738//1716 1733//1711
f 1712//1696 1439//1436 1438//1437
f 1713//1690 1411//1438 1439//1436
f 1743//1719 1716//1693 1715//1692
f 1717//1694 1716//1693 1743//1719
f 1745//1722 1740//1723 1597//1591
f 1745//1722 1600//1583 1595//1586
f 1745//1722 1746//1724 1741//1718
f 1746//1724 1745//1722 1718//1701
f 1746//1724 1719//1695 1712//1696
f 1747//1725 1721//1697 1719//1695
f 1748//1726 1722//1698 1721//1697
f 1742//1720 1722//1698 1748//1726
f 1749//1727 1750//1728 1743//1719
f 1750//1728 1751//1729 1744//1721
f 1723//1699 1717//1694 1744//1721
f 1752//1730 1724//1702 1596//1700
f 1725//1731 1724//1702 1752//1730
f 1725//1731 1753//1732 1746//1724
f 1753//1732 1754//1733 1747//1725
f 1754//1733 1755//1734 1748//1726
f 1755//1734 1756//1735 1749//1727
f 1756//1735 1771//1750 1750//1728
f 1726//1704 1723//1699 1751//1729
f 1606//1597 1758//1738 1752//1730
f 1759//1737 1753//1732 1752//1730
f 1759//1737 1773//1751 1754//1733
f 1760//1739 1727//1705 1726//1704
f 1728//1707 1727//1705 1760//1739
f 1762//1741 1730//1708 1728//1707
f 1763//1742 1732//1710 1730//1708
f 1734//1712 1732//1710 1763//1742
f 1736//1714 1766//1745 1765//1744
f 1737//1715 1767//1767 1766//1745
f 1768//1746 1767//1767 1737//1715
f 1739//1717 1769//1747 1768//1746
f 1739//1717 1734//1712 1764//1743
f 1770//1748 1608//1592 1597//1591
f 1449//1457 1770//1748 1740//1723
f 1449//1457 1741//1718 1438//1437
f 1772//1749 1751//1729 1750//1728
f 1755//1734 1754//1733 1773//1751
f 1756//1735 1755//1734 1774//1752
f 1771//1750 1756//1735 1775//1753
f 1776//1754 1777//1755 1772//1749
f 1757//1736 1751//1729 1772//1749
f 1758//1738 1606//1597 1614//1598
f 1759//1737 1758//1738 1778//1756
f 1773//1751 1759//1737 1779//1757
f 1780//1758 1781//1759 1774//1752
f 1781//1759 1793//1773 1775//1753
f 1782//1760 1760//1739 1757//1736
f 1761//1740 1760//1739 1782//1760
f 1617//1762 1796//1776 1778//1756
f 1784//1763 1762//1741 1761//1740
f 1785//1764 1763//1742 1762//1741
f 1764//1743 1763//1742 1785//1764
f 1766//1745 1788//1768 1787//1766
f 1767//1767 1789//1769 1788//1768
f 1768//1746 1790//1770 1789//1769
f 1769//1747 1791//1771 1790//1770
f 1791//1771 1769//1747 1764//1743
f 1792//1772 1621//1795 1608//1592
f 1770//1748 1449//1457 1458//1468
f 1776//1754 1775//1753 1793//1773
f 1795//1775 1777//1755 1776//1754
f 1779//1757 1778//1756 1796//1776
f 1780//1758 1779//1757 1797//1777
f 1781//1759 1780//1758 1798//1778
f 1793//1773 1781//1759 1799//1779
f 1801//1781 1794//1774 1793//1773
f 1782//1760 1777//1755 1795//1775
f 1783//1761 1782//1760 1802//1782
f 1804//1784 1796//1776 1617//1762
f 1805//1785 1797//1777 1796//1776
f 1784//1763 1783//1761 1803//1783
f 1785//1764 1784//1763 1806//1786
f 1786//1765 1785//1764 1807//1787
f 1788//1768 1810//1790 1809//1789
f 1789//1769 1811//1791 1810//1790
f 1790//1770 1812//1792 1811//1791
f 1791//1771 1813//1793 1812//1792
f 1813//1793 1791//1771 1786//1765
f 1814//1794 1634//1617 1621//1795
f 1792//1772 1458//1468 1468//1796
f 1795//1775 1794//1774 1815//1797
f 1819//1799 1798//1778 1797//1777
f 1820//1801 1799//1779 1798//1778
f 1800//1780 1799//1779 1820//1801
f 1801//1781 1800//1780 1821//1802
f 1801//1781 1822//1803 1815//1797
f 1802//1782 1795//1775 1816//1798
f 1803//1783 1802//1782 1823//1804
f 1627//1611 1642//1624 1817//1806
f 1825//1807 1804//1784 1630//1612
f 1826//1808 1825//1807 1817//1806
f 1826//1808 1805//1785 1804//1784
f 1805//1785 1826//1808 1818//1800
f 1806//1786 1803//1783 1824//1805
f 1807//1787 1806//1786 1827//1809
f 1808//1788 1807//1787 1828//1810
f 1831//1812 1830//1839 1809//1789
f 1811//1791 1832//1813 1831//1812
f 1812//1792 1833//1814 1832//1813
f 1813//1793 1834//1815 1833//1814
f 1813//1793 1808//1788 1829//1811
f 1468//1796 1836//1817 1835//1816
f 1468//1796 1469//1467 1478//1476
f 1634//1617 1837//1818 1647//1629
f 1634//1617 1814//1794 1835//1816
f 1837//1818 1835//1816 1836//1817
f 1648//1630 1647//1629 1837//1818
f 1839//1820 1837//1818 1838//1819
f 1845//1822 1816//1798 1815//1797
f 1649//1631 1648//1630 1839//1820
f 1817//1806 1642//1624 1649//1631
f 1846//1824 1839//1820 1840//1821
f 1847//1825 1818//1800 1817//1806
f 1847//1825 1840//1821 1841//1826
f 1848//1827 1819//1799 1818//1800
f 1848//1827 1841//1826 1842//1828
f 1849//1829 1820//1801 1819//1799
f 1849//1829 1842//1828 1843//1830
f 1850//1831 1821//1802 1820//1801
f 1850//1831 1843//1830 1844//1823
f 1851//1832 1822//1803 1821//1802
f 1851//1832 1844//1823 1815//1797
f 1852//1833 1823//1804 1816//1798
f 1824//1805 1823//1804 1852//1833
f 1827//1809 1824//1805 1853//1834
f 1828//1810 1827//1809 1854//1835
f 1829//1811 1828//1810 1855//1836
f 1858//1838 1857//2073 1830//1839
f 1859//1840 1858//1838 1831//1812
f 1860//1841 1859//1840 1832//1813
f 1834//1815 1861//1842 1860//1841
f 1834//1815 1829//1811 1856//1837
f 1862//1843 1506//1505 23//16
f 1863//1844 1862//1843 159//162
f 1864//1845 1863//1844 163//166
f 1865//1847 1864//1845 167//1846
f 171//173 1866//1848 167//1846
f 1867//1849 1866//1848 171//173
f 1868//1850 1867//1849 172//174
f 1869//1851 1515//1521 1506//1505
f 1870//1852 1869//1851 1862//1843
f 1864//1845 1871//1853 1870//1852
f 1865//1847 1872//1858 1871//1853
f 1873//1854 1872//1858 1865//1847
f 1867//1849 1874//1855 1873//1854
f 1868//1850 1875//1861 1874//1855
f 1876//1856 1524//1520 1515//1521
f 1877//1857 1876//1856 1869//1851
f 1871//1853 1878//1859 1877//1857
f 1872//1858 1879//1864 1878//1859
f 1880//1860 1879//1864 1872//1858
f 1874//1855 1881//1862 1880//1860
f 1875//1861 1882//1868 1881//1862
f 1883//1863 1533//1112 1524//1520
f 1884//1537 1883//1863 1876//1856
f 1878//1859 1885//1865 1884//1537
f 1879//1864 1886//1871 1885//1865
f 1887//1866 1886//1871 1879//1864
f 1881//1862 1888//1874 1887//1866
f 1889//1867 1888//1874 1881//1862
f 1890//1869 1542//1544 1533//1112
f 1891//1870 1890//1869 1883//1863
f 1885//1865 1892//1872 1891//1870
f 1886//1871 1893//1873 1892//1872
f 1887//1866 1894//1875 1893//1873
f 1888//1874 1895//1881 1894//1875
f 1896//1876 1895//1881 1888//1874
f 1897//1877 1551//1551 1542//1544
f 1898//1878 1897//1877 1890//1869
f 1892//1872 1899//1879 1898//1878
f 1893//1873 1900//1880 1899//1879
f 1894//1875 1901//1882 1900//1880
f 1895//1881 1902//1887 1901//1882
f 1903//1883 1902//1887 1895//1881
f 1897//1877 1904//1870 1560//1551
f 1905//1884 1904//1870 1897//1877
f 1899//1879 1906//1885 1905//1884
f 1900//1880 1907//1886 1906//1885
f 1901//1882 1908//1888 1907//1886
f 1902//1887 1909//1893 1908//1888
f 1910//1889 1909//1893 1902//1887
f 1904//1870 1911//1870 1569//1544
f 1912//1890 1911//1870 1904//1870
f 1906//1885 1913//1891 1912//1890
f 1907//1886 1914//1892 1913//1891
f 1908//1888 1915//1894 1914//1892
f 1909//1893 1916//3746 1915//1894
f 1917//1895 1916//3746 1909//1893
f 199//202 1920//1904 1919//209
f 1921//1896 1920//1904 199//202
f 1922//1897 1921//1896 200//203
f 1923//1898 1922//1897 201//204
f 203//206 1924//1899 1923//1898
f 204//207 1925//1901 1924//1899
f 204//207 196//199 1918//1900
f 205//208 1926//1902 1868//1850
f 1919//209 1927//1911 1926//1902
f 1928//1903 1927//1911 1919//209
f 1921//1896 1931//1906 1930//1905
f 1922//1897 1932//1916 1931//1906
f 1933//1907 1932//1916 1922//1897
f 1924//1899 1934//1908 1933//1907
f 1925//1901 1935//1909 1934//1908
f 1935//1909 1925//1901 1918//1900
f 1926//1902 1936//1912 1875//1861
f 1927//1911 1937//1913 1936//1912
f 1928//1903 1938//1914 1937//1913
f 1928//1903 1920//1904 1930//1905
f 1931//1906 1940//1917 1939//1915
f 1932//1916 1941//1924 1940//1917
f 1942//1918 1941//1924 1932//1916
f 1934//1908 1943//1919 1942//1918
f 1935//1909 1944//1928 1943//1919
f 1936//1912 1945//1920 1882//1868
f 1937//1913 1946//1921 1945//1920
f 1938//1914 1947//1922 1946//1921
f 1938//1914 1930//1905 1939//1915
f 1940//1917 1949//1925 1948//1923
f 1941//1924 1950//1930 1949//1925
f 1951//1926 1950//1930 1941//1924
f 1952//1927 1951//1926 1942//1918
f 1944//1928 1953//1936 1952//1927
f 1954//1929 1889//1867 1882//1868
f 1946//1921 1955//1930 1954//1929
f 1947//1922 1956//1931 1955//1930
f 1956//1931 1947//1922 1939//1915
f 1949//1925 1958//1933 1957//1932
f 1950//1930 1959//1934 1958//1933
f 1951//1926 1960//1935 1959//1934
f 1961//1935 1960//1935 1951//1926
f 1953//1936 1962//1943 1961//1935
f 1963//1937 1896//1876 1889//1867
f 1955//1930 1964//1938 1963//1937
f 1956//1931 1965//1939 1964//1938
f 1965//1939 1956//1931 1948//1923
f 1958//1933 1967//1941 1966//1940
f 1959//1934 1968//1948 1967//1941
f 1969//1942 1968//1948 1959//1934
f 1970//1935 1969//1942 1960//1935
f 1962//1943 1971//1951 1970//1935
f 1972//1944 1903//1883 1896//1876
f 1964//1938 1973//1945 1972//1944
f 1965//1939 1974//1946 1973//1945
f 1974//1946 1965//1939 1957//1932
f 1967//1941 1976//1949 1975//1947
f 1968//1948 1977//1956 1976//1949
f 1978//1926 1977//1956 1968//1948
f 1979//1950 1978//1926 1969//1942
f 1971//1951 1980//1960 1979//1950
f 1981//1952 1910//1889 1903//1883
f 1973//1945 1982//1953 1981//1952
f 1974//1946 1983//1954 1982//1953
f 1983//1954 1974//1946 1966//1940
f 1976//1949 1985//1957 1984//1955
f 1977//1956 1986//1919 1985//1957
f 1987//1958 1986//1919 1977//1956
f 1988//1959 1987//1958 1978//1926
f 1980//1960 1989//2039 1988//1959
f 1990//1961 1917//1895 1910//1889
f 1982//1953 1991//1962 1990//1961
f 1983//1954 1992//1963 1991//1962
f 1992//1963 1983//1954 1975//1947
f 215//219 1994//1970 1993//226
f 1995//1964 1994//1970 215//219
f 217//221 1996//1972 1995//1964
f 218//222 1997//1965 1918//1900
f 219//223 1998//1966 1997//1965
f 220//224 1999//1967 1998//1966
f 221//225 2000//1968 1999//1967
f 1993//226 2001//1977 2000//1968
f 2002//1969 2001//1977 1993//226
f 1995//1964 2004//1973 2003//1971
f 1996//1972 2005//1982 2004//1973
f 1997//1965 2006//1974 1929//1910
f 1998//1966 2007//1975 2006//1974
f 1999//1967 2008//1976 2007//1975
f 2000//1968 2009//1978 2008//1976
f 2001//1977 2010//1979 2009//1978
f 2002//1969 2011//1980 2010//1979
f 2002//1969 1994//1970 2003//1971
f 2004//1973 2013//1983 2012//1981
f 2005//1982 2014//1992 2013//1983
f 2007//1975 2016//1985 2015//1984
f 2008//1976 2017//1986 2016//1985
f 2009//1978 2018//1987 2017//1986
f 2010//1979 2019//1988 2018//1987
f 2011//1980 2020//1989 2019//1988
f 2011//1980 2003//1971 2012//1981
f 1929//1910 2021//1990 1944//1928
f 2021//1990 1929//1910 2006//1974
f 2013//1983 2023//1993 2022//1991
f 2014//1992 2024//2002 2023//1993
f 2016//1985 2026//1995 2025//1994
f 2017//1986 2027//1996 2026//1995
f 2018//1987 2028//1997 2027//1996
f 2019//1988 2029//1998 2028//1997
f 2020//1989 2030//1999 2029//1998
f 2020//1989 2012//1981 2022//1991
f 2021//1990 2031//2000 1953//1936
f 2031//2000 2021//1990 2015//1984
f 2023//1993 2033//2003 2032//2001
f 2024//2002 2034//2012 2033//2003
f 2026//1995 2036//2005 2035//2004
f 2027//1996 2037//2006 2036//2005
f 2028//1997 2038//2016 2037//2006
f 2039//2007 2038//2016 2028//1997
f 2040//2008 2039//2007 2029//1998
f 2030//1999 2022//1991 2032//2001
f 2031//2000 2041//2009 1962//1943
f 2041//2009 2031//2000 2025//1994
f 2043//2010 2042//2019 2032//2001
f 2044//2011 2043//2010 2033//2003
f 2036//2005 2046//2014 2045//2013
f 2037//2006 2047//2024 2046//2014
f 2048//2015 2047//2024 2037//2006
f 2049//2017 2048//2015 2038//2016
f 2050//2018 2049//2017 2039//2007
f 2040//2008 2032//2001 2042//2019
f 2041//2009 2051//2020 1971//1951
f 2051//2020 2041//2009 2035//2004
f 2043//2010 2053//2029 2052//2021
f 2054//2022 2053//2029 2043//2010
f 2046//2014 2056//2025 2055//2023
f 2047//2024 2057//2033 2056//2025
f 2058//2026 2057//2033 2047//2024
f 2049//2017 2059//2037 2058//2026
f 2060//2027 2059//2037 2049//2017
f 2050//2018 2042//2019 2052//2021
f 2051//2020 2061//2028 1980//1960
f 2061//2028 2051//2020 2045//2013
f 2053//2029 2063//2031 2062//2030
f 2054//2022 2064//2069 2063//2031
f 2056//2025 2066//2034 2065//2032
f 2057//2033 2067//2035 2066//2034
f 2058//2026 2068//3893 2067//2035
f 2069//2036 2068//3893 2058//2026
f 2060//2027 2070//2038 2069//2036
f 2060//2027 2052//2021 2062//2030
f 2061//2028 2071//2040 1989//2039
f 2071//2040 2061//2028 2055//2023
f 222//227 2072//2041 1996//1972
f 1685//228 2073//2042 2072//2041
f 2073//2042 1685//228 1686//1667
f 2075//2044 2074//2043 1686//1667
f 2072//2041 2076//2045 2005//1982
f 2073//2042 2077//2046 2076//2045
f 2074//2043 2078//2047 2077//2046
f 2075//2044 2079//2048 2078//2047
f 2075//2044 1687//1668 1708//1686
f 2076//2045 2080//2049 2014//1992
f 2077//2046 2081//2050 2080//2049
f 2078//2047 2082//2051 2081//2050
f 2079//2048 2083//2052 2082//2051
f 2083//2052 2079//2048 1708//1686
f 2080//2049 2084//2053 2024//2002
f 2081//2050 2085//2054 2084//2053
f 2082//2051 2086//2055 2085//2054
f 2083//2052 2087//2056 2086//2055
f 2087//2056 2083//2052 1735//1713
f 2084//2053 2088//2057 2034//2012
f 2085//2054 2089//2058 2088//2057
f 2086//2055 2090//2059 2089//2058
f 2087//2056 2091//2060 2090//2059
f 2091//2060 2087//2056 1765//1744
f 2088//2057 2092//2061 2044//2011
f 2089//2058 2093//2062 2092//2061
f 2090//2059 2094//2067 2093//2062
f 2095//2063 2094//2067 2090//2059
f 2091//2060 1787//1766 1809//1789
f 2096//2064 2054//2022 2044//2011
f 2097//2065 2096//2064 2092//2061
f 2098//2066 2097//2065 2093//2062
f 2099//2068 2098//2066 2094//2067
f 2095//2063 1809//1789 1830//1839
f 2096//2064 2100//2070 2064//2069
f 2097//2065 2101//3966 2100//2070
f 2102//2071 2101//3966 2097//2065
f 2103//2072 2102//2071 2098//2066
f 2099//2068 1830//1839 1857//2073
f 2115//2074 2114//2090 2109//2075
f 2116//2077 2115//2074 2110//2076
f 2110//2076 2109//2075 2121//2079
f 2111//2078 2110//2076 2122//2080
f 2125//2082 2124//2094 2117//2083
f 2126//2085 2125//2082 2118//2084
f 2127//2087 2126//2085 2119//2086
f 2113//2089 2112//2278 2126//2085
f 2109//2075 2127//2087 2120//2088
f 2114//2090 2113//2089 2127//2087
f 2128//2091 2123//2294 2104//2092
f 2124//2094 2123//2294 2128//2091
f 2136//2095 2135//2106 2129//2096
f 2136//2095 2130//2097 2131//2098
f 2141//2100 2140//2126 2132//2101
f 2142//2103 2141//2100 2133//2102
f 2143//2105 2142//2103 2134//2104
f 2144//2107 2143//2105 2135//2106
f 2144//2107 2136//2095 2137//2099
f 2130//2097 2129//2096 2151//2109
f 2153//2111 2131//2098 2130//2097
f 2154//2112 2111//2078 2108//2081
f 2155//2114 2154//2112 2146//2113
f 2156//2116 2155//2114 2147//2115
f 2157//2118 2156//2116 2148//2117
f 2133//2102 2132//2101 2156//2116
f 2158//2120 2157//2118 2149//2119
f 2134//2104 2133//2102 2157//2118
f 2129//2096 2158//2120 2150//2121
f 2135//2106 2134//2104 2158//2120
f 2159//2122 2116//2077 2111//2078
f 2138//2123 2107//2281 2116//2077
f 2160//2124 2159//2122 2154//2112
f 2139//2125 2138//2123 2159//2122
f 2132//2101 2160//2124 2155//2114
f 2140//2126 2139//2125 2160//2124
f 2145//2108 2137//2099 2161//2127
f 2163//2128 2161//2127 2162//2129
f 2131//2098 2153//2111 2167//2131
f 2171//2132 2161//2127 2137//2099
f 2171//2132 2167//2131 2168//2133
f 2172//2134 2162//2129 2161//2127
f 2172//2134 2168//2133 2169//2135
f 2173//2136 2169//2135 2170//2137
f 2162//2129 2172//2134 2173//2136
f 2176//2139 2165//2141 2164//2130
f 2176//2139 2173//2136 2174//2138
f 2177//2140 2166//2541 2165//2141
f 2177//2140 2174//2138 2175//2142
f 2180//2144 2175//2142 2174//2138
f 2175//2142 2180//2144 2181//2145
f 2179//2147 2178//2143 2175//2142
f 2183//2585 2182//2146 2181//2145
f 2191//2149 2190//2160 2186//2150
f 2192//2152 2191//2149 2187//2151
f 2196//2154 2194//2168 2195//2155
f 2198//2157 2196//2154 2197//2156
f 2199//2158 2197//2156 2189//2159
f 2200//2161 2198//2157 2199//2158
f 2191//2149 2201//2162 2199//2158
f 2202//2163 2201//2162 2191//2149
f 2205//2164 2203//2176 2204//2165
f 2207//2167 2205//2164 2206//2166
f 2194//2168 2206//2166 2193//2169
f 2208//2170 2207//2167 2194//2168
f 2209//2171 2208//2170 2196//2154
f 2200//2161 2210//2182 2209//2171
f 2211//2172 2210//2182 2200//2161
f 2202//2163 2212//1543 2211//2172
f 2216//2173 2215//2177 2213//2174
f 2216//2173 2204//2165 2203//2176
f 2217//2178 2215//2177 2203//2176
f 2218//2179 2217//2178 2205//2164
f 2219//2180 2218//2179 2207//2167
f 2220//2181 2219//2180 2208//2170
f 2221//1535 2220//2181 2209//2171
f 2222//1537 2221//1535 2210//2182
f 2212//1543 2223//2191 2222//1537
f 2105//2183 2214//2175 2213//2174
f 2105//2183 2106//2093 2104//2092
f 2225//2185 2224//2184 2213//2174
f 2226//2186 2225//2185 2215//2177
f 2227//2187 2226//2186 2217//2178
f 2228//2188 2227//2187 2218//2179
f 2229//2189 2228//2188 2219//2180
f 2230//1101 2229//2189 2220//2181
f 2231//2190 2230//1101 2221//1535
f 2232//1555 2231//2190 2222//1537
f 2246//2192 2245//2207 2237//2193
f 2247//2195 2246//2192 2238//2194
f 2248//2197 2247//2195 2239//2196
f 2250//2199 2249//2235 2241//2200
f 2251//2202 2250//2199 2242//2201
f 2252//2204 2251//2202 2243//2203
f 2253//2206 2252//2204 2244//2205
f 2254//2208 2253//2206 2245//2207
f 2234//2209 2233//2632 2253//2206
f 2255//2210 2254//2208 2246//2192
f 2235//2211 2234//2209 2254//2208
f 2256//2212 2255//2210 2247//2195
f 2236//2213 2235//2211 2255//2210
f 2264//2214 2263//2225 2257//2215
f 2268//2217 2267//2232 2259//2218
f 2269//2220 2268//2217 2260//2219
f 2270//2222 2269//2220 2261//2221
f 2238//2194 2237//2193 2269//2220
f 2271//2224 2270//2222 2262//2223
f 2239//2196 2238//2194 2270//2222
f 2272//2226 2271//2224 2263//2225
f 2240//2198 2239//2196 2271//2224
f 2273//2227 2187//2151 2186//2150
f 2274//2229 2273//2227 2265//2228
f 2274//2229 2242//2201 2241//2200
f 2275//2231 2274//2229 2266//2230
f 2243//2203 2242//2201 2274//2229
f 2276//2233 2275//2231 2267//2232
f 2244//2205 2243//2203 2275//2231
f 2237//2193 2276//2233 2268//2217
f 2245//2207 2244//2205 2276//2233
f 2185//2234 2188//2153 2187//2151
f 2185//2234 2273//2227 2241//2200
f 2287//2236 2286//2251 2278//2237
f 2288//2239 2287//2236 2279//2238
f 2289//2241 2288//2239 2280//2240
f 2258//2216 2257//2215 2288//2239
f 2291//2243 2290//2254 2282//2244
f 2292//2246 2291//2243 2283//2245
f 2293//2248 2292//2246 2284//2247
f 2260//2219 2259//2218 2292//2246
f 2294//2250 2293//2248 2285//2249
f 2261//2221 2260//2219 2293//2248
f 2295//2252 2294//2250 2286//2251
f 2262//2223 2261//2221 2294//2250
f 2257//2215 2295//2252 2287//2236
f 2263//2225 2262//2223 2295//2252
f 2296//2253 2190//2160 2189//2159
f 2296//2253 2265//2228 2186//2150
f 2297//2255 2296//2253 2290//2254
f 2266//2230 2265//2228 2296//2253
f 2259//2218 2297//2255 2291//2243
f 2267//2232 2266//2230 2297//2255
f 2305//2256 2304//2267 2298//2257
f 2306//2259 2305//2256 2299//2258
f 2310//2261 2309//2275 2301//2262
f 2311//2264 2310//2261 2302//2263
f 2312//2266 2311//2264 2303//2265
f 2279//2238 2278//2237 2311//2264
f 2313//2268 2312//2266 2304//2267
f 2280//2240 2279//2238 2312//2266
f 2277//2269 2313//2268 2305//2256
f 2281//2242 2280//2240 2313//2268
f 2314//2270 2195//2155 2193//2169
f 2315//2272 2314//2270 2307//2271
f 2315//2272 2283//2245 2282//2244
f 2316//2274 2315//2272 2308//2273
f 2284//2247 2283//2245 2315//2272
f 2317//2276 2316//2274 2309//2275
f 2285//2249 2284//2247 2316//2274
f 2278//2237 2317//2276 2310//2261
f 2286//2251 2285//2249 2317//2276
f 2189//2159 2197//2156 2195//2155
f 2189//2159 2314//2270 2282//2244
f 2322//2277 2321//2288 2112//2278
f 2323//2279 2322//2277 2113//2089
f 2324//2280 2323//2279 2114//2090
f 2299//2258 2298//2257 2323//2279
f 2107//2281 2324//2280 2115//2074
f 2300//2260 2299//2258 2324//2280
f 2326//2282 2325//2291 2318//2283
f 2327//2285 2326//2282 2319//2284
f 2328//2287 2327//2285 2320//2286
f 2302//2263 2301//2262 2327//2285
f 2329//2289 2328//2287 2321//2288
f 2303//2265 2302//2263 2328//2287
f 2298//2257 2329//2289 2322//2277
f 2304//2267 2303//2265 2329//2289
f 2330//2290 2206//2166 2204//2165
f 2330//2290 2307//2271 2193//2169
f 2331//2292 2330//2290 2325//2291
f 2308//2273 2307//2271 2330//2290
f 2301//2262 2331//2292 2326//2282
f 2309//2275 2308//2273 2331//2292
f 2332//2293 2214//2175 2104//2092
f 2333//2295 2332//2293 2123//2294
f 2319//2284 2318//2283 2332//2293
f 2334//2296 2333//2295 2124//2094
f 2320//2286 2319//2284 2333//2295
f 2112//2278 2334//2296 2125//2082
f 2321//2288 2320//2286 2334//2296
f 2216//2173 2214//2175 2332//2293
f 2325//2291 2204//2165 2216//2173
f 2345//2297 2344//2312 2336//2298
f 2346//2300 2345//2297 2337//2299
f 2347//2302 2346//2300 2338//2301
f 2348//2304 2347//2302 2339//2303
f 2350//2306 2349//2340 2341//2307
f 2351//2309 2350//2306 2342//2308
f 2352//2311 2351//2309 2343//2310
f 2353//2313 2352//2311 2344//2312
f 2354//2314 2353//2313 2345//2297
f 2355//2315 2354//2314 2346//2300
f 224//354 223//353 2354//2314
f 2356//2316 2355//2315 2347//2302
f 225//356 224//354 2355//2315
f 2366//2317 2365//2332 2357//2318
f 2367//2320 2366//2317 2358//2319
f 2368//2322 2367//2320 2359//2321
f 2370//2324 2369//2337 2361//2325
f 2371//2327 2370//2324 2362//2326
f 2372//2329 2371//2327 2363//2328
f 2373//2331 2372//2329 2364//2330
f 2337//2299 2336//2298 2372//2329
f 2374//2333 2373//2331 2365//2332
f 2338//2301 2337//2299 2373//2331
f 2375//2334 2374//2333 2366//2317
f 2339//2303 2338//2301 2374//2333
f 2335//2335 2375//2334 2367//2320
f 2340//2305 2339//2303 2375//2334
f 2376//2336 2248//2197 2240//2198
f 2377//2338 2376//2336 2369//2337
f 2342//2308 2341//2307 2376//2336
f 2378//2339 2377//2338 2370//2324
f 2343//2310 2342//2308 2377//2338
f 2336//2298 2378//2339 2371//2327
f 2344//2312 2343//2310 2378//2339
f 2341//2307 2256//2212 2248//2197
f 2349//2340 2236//2213 2256//2212
f 2388//2341 2387//2357 2379//2342
f 2389//2344 2388//2341 2380//2343
f 2389//2344 2381//2345 2382//2346
f 2391//2348 2390//2347 2382//2346
f 2358//2319 2357//2318 2390//2347
f 2392//2350 2391//2348 2383//2349
f 2359//2321 2358//2319 2391//2348
f 2393//2352 2392//2350 2384//2351
f 2360//2323 2359//2321 2392//2350
f 2394//2354 2264//2214 2258//2216
f 2395//2356 2394//2354 2386//2355
f 2362//2326 2361//2325 2394//2354
f 2396//2358 2395//2356 2387//2357
f 2363//2328 2362//2326 2395//2356
f 2397//2359 2396//2358 2388//2341
f 2364//2330 2363//2328 2396//2358
f 2357//2318 2397//2359 2389//2344
f 2365//2332 2364//2330 2397//2359
f 2361//2325 2272//2226 2264//2214
f 2369//2337 2240//2198 2272//2226
f 2407//2360 2406//2376 2398//2361
f 2408//2363 2407//2360 2399//2362
f 2408//2363 2400//2364 2401//2365
f 2409//2366 2401//2365 2402//2367
f 2411//2369 2281//2242 2277//2269
f 2412//2371 2411//2369 2403//2370
f 2413//2373 2412//2371 2404//2372
f 2380//2343 2379//2342 2412//2371
f 2414//2375 2413//2373 2405//2374
f 2381//2345 2380//2343 2413//2373
f 2415//2377 2414//2375 2406//2376
f 2382//2346 2381//2345 2414//2375
f 2416//2378 2415//2377 2407//2360
f 2383//2349 2382//2346 2415//2377
f 2417//2379 2416//2378 2408//2363
f 2384//2351 2383//2349 2416//2378
f 2417//2379 2409//2366 2410//2368
f 2385//2353 2384//2351 2417//2379
f 2419//2381 2289//2241 2281//2242
f 2386//2355 2258//2216 2289//2241
f 2379//2342 2419//2381 2411//2369
f 2387//2357 2386//2355 2419//2381
f 2425//2382 2422//2397 2421//2383
f 2426//2385 2300//2260 2107//2281
f 2427//2386 2426//2385 2138//2123
f 2428//2387 2427//2386 2139//2125
f 2429//2388 2428//2387 2140//2126
f 2430//2389 2429//2388 2141//2100
f 2399//2362 2398//2361 2429//2388
f 2431//2390 2430//2389 2142//2103
f 2400//2364 2399//2362 2430//2389
f 2432//2391 2431//2390 2143//2105
f 2401//2365 2400//2364 2431//2390
f 2432//2391 2144//2107 2145//2108
f 2433//2392 2402//2367 2401//2365
f 2434//2393 2306//2259 2300//2260
f 2403//2370 2277//2269 2306//2259
f 2435//2394 2434//2393 2426//2385
f 2404//2372 2403//2370 2434//2393
f 2436//2395 2435//2394 2427//2386
f 2405//2374 2404//2372 2435//2394
f 2398//2361 2436//2395 2428//2387
f 2406//2376 2405//2374 2436//2395
f 2437//2396 2440//2402 2421//2383
f 2437//2396 2422//2397 2420//2398
f 2439//2400 2443//2410 2423//2401
f 2439//2400 2424//2384 2421//2383
f 2438//2399 2445//2411 2444//2403
f 2440//2402 2448//2405 2447//2404
f 2448//2405 2440//2402 2437//2396
f 2451//2406 2450//2416 2441//2407
f 2446//2409 2451//2406 2442//2408
f 2446//2409 2443//2410 2439//2400
f 2445//2411 2453//2582 2452//2412
f 2447//2404 2455//2414 2454//2413
f 2448//2405 2456//2415 2455//2414
f 2456//2415 2448//2405 2444//2403
f 2450//2416 2458//2425 2457//2417
f 2459//2419 2458//2425 2450//2416
f 2451//2406 2446//2409 2454//2413
f 2456//2415 2462//2421 2461//2420
f 2452//2412 2463//2423 2462//2421
f 2452//2412 2453//2582 2460//2422
f 2459//2419 2465//2426 2464//2424
f 2454//2413 2466//2427 2465//2426
f 2466//2427 2454//2413 2455//2414
f 2472//2428 2340//2305 2335//2335
f 2473//2430 2472//2428 2467//2429
f 2474//2432 2473//2430 2468//2431
f 2474//2432 2469//2433 2470//2434
f 2476//2436 2475//2435 2470//2434
f 2478//2438 2348//2304 2340//2305
f 2479//2439 2478//2438 2472//2428
f 2479//2439 2473//2430 2474//2432
f 2481//2441 2480//2440 2474//2432
f 2481//2441 2475//2435 2476//2436
f 2482//2442 2476//2436 2477//2443
f 2484//2445 2356//2316 2348//2304
f 226//489 225//356 2356//2316
f 2484//2445 2478//2438 2479//2439
f 2485//2446 227//490 226//489
f 2485//2446 2479//2439 2480//2440
f 2486//2447 228//492 227//490
f 2486//2447 2480//2440 2481//2441
f 2487//2448 2481//2441 2482//2442
f 2488//2449 2482//2442 2483//2444
f 2496//2451 2368//2322 2360//2323
f 2467//2429 2335//2335 2368//2322
f 2497//2453 2496//2451 2490//2452
f 2468//2431 2467//2429 2496//2451
f 2497//2453 2491//2454 2492//2455
f 2498//2456 2469//2433 2468//2431
f 2498//2456 2492//2455 2493//2457
f 2499//2458 2470//2434 2469//2433
f 2499//2458 2493//2457 2494//2459
f 2500//2460 2471//2437 2470//2434
f 2500//2460 2494//2459 2495//2461
f 2471//2437 2500//2460 2501//2462
f 2477//2443 2476//2436 2471//2437
f 2504//2464 2483//2444 2477//2443
f 2504//2464 2502//2463 2503//2465
f 2489//2450 2483//2444 2504//2464
f 2506//2467 2504//2464 2505//2466
f 2393//2352 2385//2353 2509//2469
f 2490//2452 2360//2323 2393//2352
f 2514//2470 2509//2469 2510//2471
f 2515//2472 2491//2454 2490//2452
f 2515//2472 2510//2471 2511//2473
f 2516//2474 2492//2455 2491//2454
f 2516//2474 2511//2473 2512//2475
f 2517//2476 2493//2457 2492//2455
f 2518//2477 2517//2476 2512//2475
f 2518//2477 2494//2459 2493//2457
f 2519//2479 2495//2461 2494//2459
f 2522//2480 2501//2462 2495//2461
f 2525//2481 2526//2484 2521//2482
f 2526//2484 2527//2485 2522//2480
f 2527//2485 2502//2463 2501//2462
f 2528//2486 2503//2465 2502//2463
f 2531//2487 2524//2490 2523//2488
f 2531//2487 2532//2491 2525//2481
f 2532//2491 2533//2492 2526//2484
f 2533//2492 2534//2493 2527//2485
f 2534//2493 2535//2494 2528//2486
f 2535//2494 2505//2466 2503//2465
f 2536//2495 2537//2497 2530//2489
f 2537//2497 2538//2498 2531//2487
f 2538//2498 2539//2499 2532//2491
f 2539//2499 2540//2500 2533//2492
f 2540//2500 2541//2501 2534//2493
f 2541//2501 2542//2502 2535//2494
f 2542//2502 2507//2468 2505//2466
f 2508//2503 2507//2468 2542//2502
f 2410//2368 2402//2367 2544//2505
f 2546//2506 2544//2505 2545//2507
f 2418//2380 2410//2368 2546//2506
f 2551//2509 2509//2469 2385//2353
f 2551//2509 2546//2506 2547//2508
f 2552//2510 2510//2471 2509//2469
f 2552//2510 2547//2508 2548//2511
f 2553//2512 2511//2473 2510//2471
f 2553//2512 2548//2511 2549//2513
f 2554//2514 2512//2475 2511//2473
f 2555//2515 2554//2514 2549//2513
f 2555//2515 2513//2478 2512//2475
f 2513//2478 2555//2515 2556//2517
f 2519//2479 2518//2477 2513//2478
f 2563//2519 2558//2523 2557//2520
f 2563//2519 2562//2521 2520//2483
f 2564//2522 2559//2518 2558//2523
f 2564//2522 2563//2519 2521//2482
f 2564//2522 2522//2480 2519//2479
f 2567//2524 2561//2527 2560//2525
f 2567//2524 2566//2526 2523//2488
f 2520//2483 2562//2521 2561//2527
f 2520//2483 2567//2524 2524//2490
f 2568//2528 2565//2529 2420//2398
f 2529//2496 2566//2526 2565//2529
f 2529//2496 2530//2489 2523//2488
f 2425//2382 2569//2530 2568//2528
f 2536//2495 2529//2496 2568//2528
f 2570//2531 2537//2497 2536//2495
f 2538//2498 2537//2497 2570//2531
f 2539//2499 2538//2498 2571//2532
f 2540//2500 2539//2499 2572//2533
f 2541//2501 2540//2500 2573//2534
f 2575//2536 2542//2502 2541//2501
f 2543//2504 2542//2502 2575//2536
f 2433//2392 2145//2108 2163//2128
f 2577//2538 2544//2505 2402//2367
f 2577//2538 2163//2128 2164//2130
f 2578//2539 2545//2507 2544//2505
f 2578//2539 2164//2130 2165//2141
f 2579//2540 2165//2141 2166//2541
f 2545//2507 2578//2539 2579//2540
f 2582//2543 2548//2511 2547//2508
f 2582//2543 2579//2540 2580//2542
f 2583//2544 2549//2513 2548//2511
f 2583//2544 2580//2542 2581//2545
f 2584//2546 2550//2516 2549//2513
f 2550//2516 2584//2546 2585//2547
f 2556//2517 2555//2515 2550//2516
f 2589//2549 2588//2553 2557//2520
f 2590//2550 2589//2549 2558//2523
f 2590//2550 2559//2518 2556//2517
f 2593//2551 2592//2556 2560//2525
f 2587//2552 2593//2551 2561//2527
f 2587//2552 2562//2521 2557//2520
f 2594//2554 2438//2399 2420//2398
f 2591//2555 2594//2554 2565//2529
f 2591//2555 2566//2526 2560//2525
f 2166//2541 2177//2140 2178//2143
f 2595//2557 2581//2545 2580//2542
f 2595//2557 2178//2143 2179//2147
f 2581//2545 2595//2557 2596//2558
f 2585//2547 2584//2546 2581//2545
f 2598//2560 2586//2548 2585//2547
f 2588//2553 2600//2562 2599//2561
f 2589//2549 2601//2563 2600//2562
f 2590//2550 2602//2564 2601//2563
f 2602//2564 2590//2550 2586//2548
f 2592//2556 2604//2566 2603//2565
f 2593//2551 2605//2567 2604//2566
f 2605//2567 2593//2551 2587//2552
f 2606//2568 2445//2411 2438//2399
f 2594//2554 2591//2555 2603//2565
f 2607//2569 2596//2558 2179//2147
f 2608//2570 2597//2559 2596//2558
f 2598//2560 2597//2559 2608//2570
f 2610//2572 2609//2571 2608//2570
f 2601//2563 2612//2575 2611//2574
f 2602//2564 2613//2576 2612//2575
f 2602//2564 2598//2560 2609//2571
f 2614//2577 2613//2576 2609//2571
f 2604//2566 2616//2579 2615//2578
f 2605//2567 2617//2580 2616//2579
f 2599//2561 2618//2581 2617//2580
f 2618//2581 2599//2561 2600//2562
f 2606//2568 2619//2583 2453//2582
f 2619//2583 2606//2568 2603//2565
f 2620//2584 2607//2569 2182//2146
f 2620//2584 2183//2585 2184//2586
f 2622//2573 2608//2570 2607//2569
f 2622//2573 2620//2584 2621//2587
f 2610//2572 2622//2573 2623//2588
f 2613//2576 2626//2591 2625//2590
f 2614//2577 2627//2592 2626//2591
f 2614//2577 2610//2572 2624//2589
f 2617//2580 2629//2594 2628//2593
f 2618//2581 2630//2595 2629//2594
f 2611//2574 2631//2596 2630//2595
f 2611//2574 2612//2575 2625//2590
f 2632//2597 2631//2596 2625//2590
f 2633//2598 2632//2597 2626//2591
f 2619//2583 2634//2599 2460//2422
f 2615//2578 2635//2600 2634//2599
f 2615//2578 2616//2579 2628//2593
f 2636//2601 2635//2600 2628//2593
f 2636//2601 2629//2594 2630//2595
f 2637//2603 2463//2423 2460//2422
f 4221//2604 2637//2603 2634//2599
f 2644//2605 2643//2614 2638//2606
f 2645//2608 2644//2605 2639//2607
f 2641//2610 2646//2618 2645//2608
f 2647//2611 2188//2153 2185//2234
f 2648//2613 2647//2611 2642//2612
f 2649//2615 2648//2613 2643//2614
f 2650//2616 2649//2615 2644//2605
f 2651//2617 2650//2616 2645//2608
f 2652//2619 2192//2152 2188//2153
f 2653//2620 2652//2619 2647//2611
f 2654//2621 2653//2620 2648//2613
f 2655//1101 2654//2621 2649//2615
f 2656//2622 2655//1101 2650//2616
f 2657//2623 2202//2163 2192//2152
f 2658//1117 2657//2623 2652//2619
f 2659//1535 2658//1117 2653//2620
f 2660//2624 2659//1535 2654//2621
f 2661//2625 2660//2624 2655//1101
f 2662//2626 2212//1543 2202//2163
f 2663//1549 2662//2626 2657//2623
f 2664//1545 2663//1549 2658//1117
f 2665//1533 2664//1545 2659//1535
f 2666//2627 2665//1533 2660//2624
f 2667//2626 2223//2191 2212//1543
f 2668//1870 2667//2626 2662//2626
f 2669//1116 2668//1870 2663//1549
f 2670//1551 2669//1116 2664//1545
f 2671//1106 2670//1551 2665//1533
f 2672//2628 2232//1555 2223//2191
f 2673//2629 2672//2628 2667//2626
f 2674//2630 2673//2629 2668//1870
f 2670//1551 2675//1110 2674//2630
f 2676//1870 2675//1110 2670//1551
f 2682//2631 2681//2643 2233//2632
f 2683//2633 2682//2631 2234//2209
f 2684//2634 2683//2633 2235//2211
f 2686//2635 2685//2647 2677//2636
f 2687//2638 2686//2635 2678//2637
f 2688//2640 2687//2638 2679//2639
f 2689//2642 2688//2640 2680//2641
f 2690//2644 2689//2642 2681//2643
f 270//270 269//269 2689//2642
f 2691//2645 2690//2644 2682//2631
f 271//272 270//270 2690//2644
f 2692//2646 2691//2645 2683//2633
f 272//274 271//272 2691//2645
f 2639//2607 2638//2606 2685//2647
f 2694//2649 2693//2648 2685//2647
f 2694//2649 274//277 273//276
f 2695//2650 2694//2649 2686//2635
f 275//279 274//277 2694//2649
f 2696//2651 2695//2650 2687//2638
f 276//281 275//279 2695//2650
f 269//269 2696//2651 2688//2640
f 277//283 276//281 2696//2651
f 2640//2609 2639//2607 2693//2648
f 2697//2652 2693//2648 273//276
f 2641//2610 2640//2609 2697//2652
f 2698//2654 2697//2652 281//2653
f 2699//2655 2698//2654 289//287
f 2700//2657 2699//2655 295//2656
f 2701//2658 2700//2657 296//294
f 2642//2612 2185//2234 2249//2235
f 2703//2660 2702//2659 2249//2235
f 2703//2660 2678//2637 2677//2636
f 2704//2661 2703//2660 2250//2199
f 2679//2639 2678//2637 2703//2660
f 2705//2662 2704//2661 2251//2202
f 2680//2641 2679//2639 2704//2661
f 2233//2632 2705//2662 2252//2204
f 2681//2643 2680//2641 2705//2662
f 2643//2614 2642//2612 2702//2659
f 2638//2606 2702//2659 2677//2636
f 2706//2663 2646//2618 2641//2610
f 2699//2655 2707//2666 2706//2663
f 2708//2664 2707//2666 2699//2655
f 2709//1543 2708//2664 2700//2657
f 2710//2665 2651//2617 2646//2618
f 2707//2666 2711//1555 2710//2665
f 2712//1549 2711//1555 2707//2666
f 2713//2667 2712//1549 2708//2664
f 2714//2668 2656//2622 2651//2617
f 2711//1555 2715//1116 2714//2668
f 2716//2669 2715//1116 2711//1555
f 2717//2629 2716//2669 2712//1549
f 2718//2670 2661//2625 2656//2622
f 2719//2671 2718//2670 2714//2668
f 2720//1878 2719//2671 2715//1116
f 2721//2672 2720//1878 2716//2669
f 2725//2669 2666//2627 2661//2625
f 2727//1106 2725//2669 2718//2670
f 2728//1110 2727//1106 2719//2671
f 2721//2672 2729//2680 2728//1110
f 2731//2673 2723//2724 2722//2674
f 2724//2676 2723//2724 2731//2673
f 2733//1545 2671//1106 2666//2627
f 2734//2678 2726//2738 2724//2676
f 2727//1106 2735//1870 2733//1545
f 2736//2679 2735//1870 2727//1106
f 2737//1554 2736//2679 2728//1110
f 2732//2677 2731//2673 2738//2681
f 2740//2683 2676//1870 2671//1106
f 2734//2678 2732//2677 2739//2682
f 2735//1870 2742//2965 2740//2683
f 2743//1869 2742//2965 2735//1870
f 2744//1544 2743//1869 2736//2679
f 2745//2685 2684//2634 2236//2213
f 2746//2686 2745//2685 2349//2340
f 2747//2687 2746//2686 2350//2306
f 359//359 358//358 2746//2686
f 2748//2688 2747//2687 2351//2309
f 360//361 359//359 2747//2687
f 2749//2689 2748//2688 2352//2311
f 361//363 360//361 2748//2688
f 223//353 2749//2689 2353//2313
f 362//365 361//363 2749//2689
f 2750//2690 2692//2646 2684//2634
f 365//369 272//274 2692//2646
f 358//358 2750//2690 2745//2685
f 366//371 365//369 2750//2690
f 2752//2691 2751//2983 386//742
f 2756//2692 2424//2384 2423//2401
f 2756//2692 2757//2698 2425//2382
f 2758//2694 2759//2696 2755//2693
f 2759//2696 2760//2697 2756//2692
f 2760//2697 2761//2707 2757//2698
f 2764//2699 2442//2408 2441//2407
f 2754//2695 2443//2410 2442//2408
f 2754//2695 2755//2693 2423//2401
f 2767//2701 2763//2700 2762//2702
f 2767//2701 2768//2704 2764//2699
f 2758//2694 2754//2695 2764//2699
f 2769//2705 2759//2696 2758//2694
f 2760//2697 2759//2696 2769//2705
f 2761//2707 2760//2697 2770//2706
f 2774//2709 2766//2703 2765//2710
f 2774//2709 2775//2712 2767//2701
f 2775//2712 2776//2713 2768//2704
f 2776//2713 2777//2714 2769//2705
f 2777//2714 2778//2715 2770//2706
f 2778//2715 2779//2730 2771//2708
f 2780//2716 2781//2718 2773//2711
f 2781//2718 2782//2719 2774//2709
f 2782//2719 2783//2720 2775//2712
f 2783//2720 2789//2727 2776//2713
f 2449//2418 2785//2722 2762//2702
f 2449//2418 2763//2700 2441//2407
f 2784//2721 2787//2726 2765//2710
f 2784//2721 2766//2703 2762//2702
f 2788//2723 2786//2725 2722//2674
f 2772//2717 2787//2726 2786//2725
f 2772//2717 2773//2711 2765//2710
f 2777//2714 2776//2713 2789//2727
f 2778//2715 2777//2714 2790//2728
f 2779//2730 2778//2715 2791//2729
f 2724//2676 2793//2732 2788//2723
f 2780//2716 2772//2717 2788//2723
f 2794//2733 2781//2718 2780//2716
f 2782//2719 2781//2718 2794//2733
f 2783//2720 2782//2719 2795//2734
f 2789//2727 2783//2720 2796//2735
f 2797//2736 2798//2737 2790//2728
f 2798//2737 2805//2745 2791//2729
f 2726//2738 2799//2739 2793//2732
f 2799//2739 2800//2740 2794//2733
f 2800//2740 2807//2747 2795//2734
f 2785//2722 2802//2742 2801//2741
f 2802//2742 2785//2722 2449//2418
f 2803//2743 2730//2675 2722//2674
f 2804//2744 2803//2743 2786//2725
f 2804//2744 2787//2726 2784//2721
f 2792//2731 2791//2729 2805//2745
f 2796//2735 2795//2734 2807//2747
f 2797//2736 2796//2735 2808//2748
f 2798//2737 2797//2736 2809//2749
f 2805//2745 2798//2737 2810//2750
f 2811//2751 2823//2767 2806//2746
f 2812//2752 2799//2739 2726//2738
f 2800//2740 2799//2739 2812//2752
f 2807//2747 2800//2740 2813//2753
f 2815//2755 2808//2748 2807//2747
f 2816//2756 2809//2749 2808//2748
f 2818//2757 2817//2760 2801//2741
f 2457//2417 2819//2758 2818//2757
f 2819//2758 2457//2417 2458//2425
f 2821//2759 2820//2761 2803//2743
f 2821//2759 2804//2744 2801//2741
f 2730//2675 2822//2762 2738//2681
f 2730//2675 2803//2743 2820//2761
f 2824//2763 2739//2682 2738//2681
f 2810//2750 2809//2749 2827//2764
f 2811//2751 2810//2750 2828//2765
f 2823//2767 2811//2751 2829//2766
f 2741//2684 2739//2682 2824//2763
f 2812//2752 2734//2678 2741//2684
f 2831//2769 2824//2763 2825//2770
f 2832//2771 2813//2753 2812//2752
f 2832//2771 2825//2770 2826//2772
f 2833//2773 2814//2754 2813//2753
f 2815//2755 2814//2754 2833//2773
f 2816//2756 2815//2755 2834//2774
f 2816//2756 2835//2775 2827//2764
f 228//492 2486//2447 2487//2448
f 2836//2776 493//497 492//493
f 2836//2776 2487//2448 2488//2449
f 2837//2777 2488//2449 2489//2450
f 493//497 2836//2776 2837//2777
f 2839//2779 498//503 497//498
f 2839//2779 2837//2777 2838//2778
f 2840//2780 499//505 498//503
f 2840//2780 2838//2778 2856//2781
f 499//505 2840//2780 2841//2782
f 2842//2783 506//507 505//506
f 2842//2783 2841//2782 2859//2784
f 507//508 506//507 2842//2783
f 2844//2786 508//509 507//508
f 2846//2787 2845//2792 509//513
f 2847//2788 2846//2787 510//515
f 512//510 2848//2789 2847//2788
f 2848//2789 512//510 508//509
f 514//519 2850//2805 2849//2790
f 2851//2791 2850//2805 514//519
f 2851//2791 515//511 509//513
f 2853//2793 2852//2796 517//521
f 2854//2794 2853//2793 518//516
f 519//517 513//518 2849//2790
f 2855//2795 2752//2691 387//384
f 520//520 517//521 2852//2796
f 2838//2778 2489//2450 2506//2467
f 2857//2797 2856//2781 2506//2467
f 2857//2797 2507//2468 2508//2503
f 2841//2782 2856//2781 2857//2797
f 2860//2799 2859//2784 2857//2797
f 2861//2800 2843//2785 2859//2784
f 2862//2801 2844//2786 2843//2785
f 2847//2788 2864//2803 2863//2802
f 2848//2789 2865//2804 2864//2803
f 2865//2804 2848//2789 2844//2786
f 2850//2805 2867//2807 2866//2806
f 2851//2791 2868//2808 2867//2807
f 2845//2792 2869//2809 2868//2808
f 2869//2809 2845//2792 2846//2787
f 2871//2810 2870//2813 2852//2796
f 2872//2811 2871//2810 2853//2793
f 2872//2811 2854//2794 2849//2790
f 2873//2812 2753//2994 2752//2691
f 2855//2795 2852//2796 2870//2813
f 2874//2814 2858//2798 2508//2503
f 2875//2815 2860//2799 2858//2798
f 2876//2816 2861//2800 2860//2799
f 2877//2817 2862//2801 2861//2800
f 2864//2803 2879//2819 2878//2818
f 2865//2804 2880//2820 2879//2819
f 2865//2804 2862//2801 2877//2817
f 2868//2808 2882//2822 2881//2821
f 2869//2809 2883//2823 2882//2822
f 2883//2823 2869//2809 2863//2802
f 2872//2811 2885//2825 2884//2824
f 2866//2806 2886//2826 2885//2825
f 2886//2826 2866//2806 2867//2807
f 2888//2827 2887//3051 2873//2812
f 2870//2813 2871//2810 2884//2824
f 2757//2698 2889//2828 2569//2530
f 2889//2828 2890//2829 2570//2531
f 2890//2829 2891//2830 2571//2532
f 2891//2830 2892//2831 2572//2533
f 2892//2831 2893//2832 2573//2534
f 2893//2832 2894//2833 2574//2535
f 2894//2833 2895//2834 2575//2536
f 2895//2834 2896//2835 2576//2537
f 2874//2814 2543//2504 2576//2537
f 2761//2707 2897//2836 2889//2828
f 2897//2836 2898//2837 2890//2829
f 2898//2837 2910//2849 2891//2830
f 2899//2838 2875//2815 2874//2814
f 2987//2839 2876//2816 2875//2815
f 2901//2840 2900//2844 2879//2819
f 2883//2823 2903//2842 2902//2841
f 2878//2818 2904//2843 2903//2842
f 2904//2843 2878//2818 2879//2819
f 2886//2826 2906//2846 2905//2845
f 2881//2821 2907//2847 2906//2846
f 2907//2847 2881//2821 2882//2822
f 2909//2848 2908//3069 2888//2827
f 2884//2824 2885//2825 2905//2845
f 2892//2831 2891//2830 2910//2849
f 2893//2832 2892//2831 2911//2850
f 2894//2833 2893//2832 2912//2851
f 2895//2834 2894//2833 2913//2852
f 2915//2854 2896//2835 2895//2834
f 2897//2836 2761//2707 2771//2708
f 2898//2837 2897//2836 2916//2855
f 2910//2849 2898//2837 2917//2856
f 2918//2857 2919//2858 2911//2850
f 2919//2858 2920//2859 2912//2851
f 2920//2859 2931//2869 2913//2852
f 2899//2838 2896//2835 2915//2854
f 2779//2730 2934//2872 2916//2855
f 2904//2843 2924//2862 2923//2861
f 2900//2844 2925//2863 2924//2862
f 2925//2863 2900//2844 2901//2840
f 2907//2847 2927//2866 2926//2865
f 2902//2841 2928//2867 2927//2866
f 2928//2867 2902//2841 2903//2842
f 2930//2868 2929//3090 2909//2848
f 2930//2868 2905//2845 2906//2846
f 2914//2853 2913//2852 2931//2869
f 2933//2871 2915//2854 2914//2853
f 2917//2856 2916//2855 2934//2872
f 2918//2857 2917//2856 2935//2873
f 2919//2858 2918//2857 2936//2874
f 2920//2859 2919//2858 2937//2875
f 2931//2869 2920//2859 2938//2876
f 2939//2877 2940//2878 2932//2870
f 2940//2878 2941//2879 2933//2871
f 2921//2860 2915//2854 2933//2871
f 2934//2872 2779//2730 2792//2731
f 2942//2880 2943//2881 2935//2873
f 2943//2881 2944//2882 2936//2874
f 2944//2882 2953//2891 2937//2875
f 2947//2883 2946//2887 2923//2861
f 2925//2863 2948//2884 2947//2883
f 2948//2884 2925//2863 2922//2864
f 2950//2886 2949//2889 2927//2866
f 2950//2886 2928//2867 2923//2861
f 2926//2865 2952//2890 2951//2888
f 2926//2865 2927//2866 2949//2889
f 2938//2876 2937//2875 2953//2891
f 2939//2877 2938//2876 2954//2892
f 2956//2894 2940//2878 2939//2877
f 2957//2895 2941//2879 2940//2878
f 2942//2880 2792//2731 2806//2746
f 2943//2881 2942//2880 2958//2896
f 2944//2882 2943//2881 2959//2897
f 2953//2891 2944//2882 2960//2898
f 2961//2899 2970//2909 2954//2892
f 2948//2884 2963//2904 2962//2900
f 2946//2887 2965//2902 2964//2901
f 2946//2887 2947//2883 2962//2900
f 2966//2903 2965//2902 2962//2900
f 2949//2889 2968//2906 2967//2905
f 2949//2889 2950//2886 2964//2901
f 2969//2907 2968//2906 2964//2901
f 2969//2907 2965//2902 2966//2903
f 2955//2893 2954//2892 2970//2909
f 2972//2911 2956//2894 2955//2893
f 2973//2912 2957//2895 2956//2894
f 2958//2896 2806//2746 2823//2767
f 2959//2897 2958//2896 2974//2913
f 2960//2898 2959//2897 2975//2914
f 2961//2899 2960//2898 2976//2915
f 2970//2909 2961//2899 2977//2916
f 2979//2918 2971//2910 2970//2909
f 2980//2919 2974//2913 2823//2767
f 2982//2908 2966//2903 2981//2920
f 2877//2817 2876//2816 2984//2922
f 2986//2924 2880//2820 2877//2817
f 2984//2922 2876//2816 2987//2839
f 2989//2926 2985//2923 2984//2922
f 2986//2924 2990//2927 2901//2840
f 2986//2924 2985//2923 2989//2926
f 2991//2928 2987//2839 2899//2838
f 2988//2925 2987//2839 2991//2928
f 2989//2926 2988//2925 2992//2929
f 2990//2927 2994//2931 2922//2864
f 2990//2927 2989//2926 2993//2930
f 2995//2932 2991//2928 2921//2860
f 2992//2929 2991//2928 2995//2932
f 2993//2930 2992//2929 2996//2933
f 2998//2935 2945//2885 2922//2864
f 2994//2931 2993//2930 2997//2934
f 2995//2932 2941//2879 2957//2895
f 2996//2933 2995//2932 2999//2936
f 2997//2934 2996//2933 3000//2937
f 2998//2935 2997//2934 3001//2938
f 2945//2885 3003//2940 2963//2904
f 2945//2885 2998//2935 3002//2939
f 2981//2920 2966//2903 2963//2904
f 2999//2936 2957//2895 2973//2912
f 3000//2937 2999//2936 3004//2941
f 3001//2938 3000//2937 3005//2942
f 3002//2939 3001//2938 3006//2943
f 3003//2940 3002//2939 3007//2944
f 2981//2920 3003//2940 3008//2945
f 2983//2921 2981//2920 3009//2946
f 3012//2948 2701//2658 297//295
f 3013//2949 3012//2948 623//621
f 3014//2950 3013//2949 624//622
f 3015//1533 3014//2950 625//2951
f 627//2952 3016//2683 3015//1533
f 3017//2950 3016//2683 627//2952
f 3018//1110 3017//2950 628//626
f 3019//1543 3018//1110 629//627
f 3020//2953 3019//1543 630//628
f 3021//2954 2709//1543 2701//2658
f 3022//2955 3021//2954 3012//2948
f 3023//2956 3022//2955 3013//2949
f 3024//2957 3023//2956 3014//2950
f 3016//2683 3025//2961 3024//2957
f 3026//2958 3025//2961 3016//2683
f 3027//2954 3026//2958 3017//2950
f 3028//2679 3027//2954 3018//1110
f 3029//1543 3028//2679 3019//1543
f 3030//1552 2713//2667 2709//1543
f 3031//1114 3030//1552 3021//2954
f 3032//2959 3031//1114 3022//2955
f 3024//2957 3033//2966 3032//2959
f 3034//2960 3033//2966 3024//2957
f 3035//1536 3034//2960 3025//2961
f 3036//2962 3035//1536 3026//2958
f 3028//2679 3037//2963 3036//2962
f 3029//1543 3038//626 3037//2963
f 3039//2964 2717//2629 2713//2667
f 3040//1526 3039//2964 3030//1552
f 3041//2965 3040//1526 3031//1114
f 3042//1538 3041//2965 3032//2959
f 3034//2960 3043//2970 3042//1538
f 3044//2967 3043//2970 3034//2960
f 3045//2968 3044//2967 3035//1536
f 3037//2963 3046//1536 3045//2968
f 3038//626 3047//2971 3046//1536
f 3048//1103 2721//2672 2717//2629
f 3040//1526 3049//1115 3048//1103
f 3050//2969 3049//1115 3040//1526
f 3051//2679 3050//2969 3041//2965
f 3043//2970 3052//2679 3051//2679
f 3053//1106 3052//2679 3043//2970
f 3045//2968 3054//1551 3053//1106
f 3046//1536 3055//1870 3054//1551
f 3047//2971 3056//2975 3055//1870
f 3048//1103 3057//2950 2729//2680
f 3049//1115 3058//1115 3057//2950
f 3059//2972 3058//1115 3049//1115
f 3060//2973 3059//2972 3050//2969
f 3052//2679 3061//2679 3060//2973
f 3062//1870 3061//2679 3052//2679
f 3063//627 3062//1870 3053//1106
f 3055//1870 3064//627 3063//627
f 3065//2974 3064//627 3055//1870
f 3066//1870 2737//1554 2729//2680
f 3067//2950 3066//1870 3057//2950
f 3059//2972 3068//1555 3067//2950
f 3069//2976 3068//1555 3059//2972
f 3061//2679 3070//1112 3069//2976
f 3071//1884 3070//1112 3061//2679
f 3072//1884 3071//1884 3062//1870
f 3073//1528 3072//1884 3063//627
f 3074//2977 3073//1528 3064//627
f 3075//2978 2744//1544 2737//1554
f 3076//1526 3075//2978 3066//1870
f 3068//1555 3077//2672 3076//1526
f 3078//2979 3077//2672 3068//1555
f 3070//1112 3079//1097 3078//2979
f 3080//1554 3079//1097 3070//1112
f 3081//1116 3080//1554 3071//1884
f 3082//1115 3081//1116 3072//1884
f 3083//2980 3082//1115 3073//1528
f 744//741 3085//2982 3084//2981
f 3085//2982 744//741 386//742
f 745//744 743//743 3084//2981
f 747//746 3088//2986 3087//2985
f 747//746 745//744 3086//2984
f 748//747 746//745 3087//2985
f 3090//2988 3089//2987 3087//2985
f 3091//2989 751//750 748//747
f 3091//2989 3089//2987 3090//2988
f 3092//2990 752//751 751//750
f 3093//2991 753//752 752//751
f 3094//2992 754//753 753//752
f 3096//2993 3095//2996 3085//2982
f 2751//2983 2752//2691 2753//2994
f 3084//2981 3098//2997 3097//2995
f 3084//2981 3085//2982 3095//2996
f 3088//2986 3086//2984 3097//2995
f 3100//2999 3099//2998 3097//2995
f 3090//2988 3088//2986 3099//2998
f 3101//3000 3099//2998 3100//2999
f 3104//3002 3092//2990 3090//2988
f 3104//3002 3101//3000 3102//3001
f 3093//2991 3092//2990 3104//3002
f 3105//3003 3102//3001 3103//3004
f 3106//3005 3094//2992 3093//2991
f 3095//2996 3109//3008 3108//3006
f 3095//2996 3096//2993 3107//3007
f 3100//2999 3098//2997 3108//3006
f 3111//3010 3110//3009 3108//3006
f 3112//3011 3102//3001 3100//2999
f 3112//3011 3110//3009 3111//3010
f 3103//3004 3102//3001 3112//3011
f 3111//3010 3109//3008 3114//3013
f 3117//3015 935//933 934//932
f 3118//3016 936//935 935//933
f 3119//3017 3116//936 754//753
f 3134//3018 3117//3015 3116//936
f 939//937 936//935 3118//3016
f 938//939 3122//3021 3121//3020
f 938//939 939//937 3120//3019
f 944//942 941//940 3121//3020
f 3124//3023 3123//3022 3121//3020
f 947//946 946//944 3125//3024
f 949//948 944//942 3123//3022
f 3127//1334 3123//3022 3124//3023
f 3130//3027 951//949 950//950
f 3131//3029 952//951 951//949
f 3132//3030 945//943 952//951
f 3132//3030 3125//3024 946//944
f 3135//3031 3118//3016 3117//3015
f 3106//3005 3103//3004 3133//3032
f 3136//3033 3119//3017 3094//2992
f 3134//3018 3119//3017 3136//3033
f 3137//3034 3138//3035 3135//3031
f 3120//3019 3118//3016 3135//3031
f 3140//3036 3122//3021 3120//3019
f 3140//3036 3138//3035 3139//3037
f 3124//3023 3122//3021 3140//3036
f 3142//3039 3140//3036 3141//3038
f 3147//3041 3126//3025 3125//3024
f 3148//3043 3128//3026 3124//3023
f 3148//3043 3142//3039 3143//3040
f 3149//3044 3129//3028 3128//3026
f 3149//3044 3143//3040 3144//3045
f 3150//3046 3130//3027 3129//3028
f 3150//3046 3144//3045 3145//3047
f 3151//3048 3131//3029 3130//3027
f 3152//3049 3151//3048 3145//3047
f 3152//3049 3132//3030 3131//3029
f 3152//3049 3146//3042 3125//3024
f 3153//3050 3107//3007 3096//2993
f 3153//3050 2753//2994 2873//2812
f 3113//3012 3111//3010 3115//3014
f 3154//3052 3133//3032 3103//3004
f 3133//3032 3154//3052 3155//3053
f 3158//3054 3137//3034 3136//3033
f 3158//3054 3155//3053 3156//3055
f 3159//3056 3138//3035 3137//3034
f 3159//3056 3156//3055 3157//3057
f 3139//3037 3138//3035 3159//3056
f 3162//3059 3141//3038 3139//3037
f 3162//3059 3160//3058 3161//3060
f 3165//3062 3143//3040 3141//3038
f 3165//3062 3162//3059 3163//3061
f 3144//3045 3143//3040 3165//3062
f 3166//3063 3163//3061 3164//3064
f 3167//3065 3145//3047 3144//3045
f 3168//3066 3146//3042 3145//3047
f 3169//3067 3147//3041 3146//3042
f 2887//3051 3171//3070 3170//3068
f 2887//3051 2888//2827 2908//3069
f 3107//3007 3172//3071 3114//3013
f 3107//3007 3153//3050 3170//3068
f 3173//3072 3172//3071 3170//3068
f 3174//3073 3115//3014 3114//3013
f 3174//3073 3172//3071 3173//3072
f 3176//3075 3154//3052 3115//3014
f 3176//3075 3174//3073 3175//3074
f 3155//3053 3154//3052 3176//3075
f 3177//3076 3175//3074 3193//3077
f 3156//3055 3155//3053 3177//3076
f 3179//3079 3157//3057 3156//3055
f 3181//3080 3157//3057 3179//3079
f 3161//3060 3160//3058 3157//3057
f 3161//3060 3181//3080 3182//3082
f 3184//3083 3164//3064 3163//3061
f 3184//3083 3182//3082 3183//3084
f 3164//3064 3184//3083 3185//3085
f 3187//3086 3168//3066 3167//3065
f 3187//3086 3185//3085 3186//3087
f 3188//3088 3169//3067 3168//3066
f 2908//3069 3190//3091 3189//3089
f 2908//3069 2909//2848 2929//3090
f 3173//3072 3171//3070 3189//3089
f 3192//3093 3191//3092 3189//3089
f 3175//3074 3173//3072 3191//3092
f 3193//3077 3191//3092 3192//3093
f 3194//3094 3192//3093 3209//3095
f 3196//3097 3178//3078 3193//3077
f 3196//3097 3194//3094 3195//3096
f 3179//3079 3178//3078 3196//3097
f 3197//3098 3195//3096 3212//3099
f 3180//3081 3179//3079 3197//3098
f 3180//3081 3198//3100 3199//3101
f 3202//3102 3182//3082 3181//3080
f 3202//3102 3199//3101 3200//3103
f 3203//3104 3183//3084 3182//3082
f 3203//3104 3200//3103 3201//3105
f 3183//3084 3203//3104 3204//3106
f 3205//3107 3186//3087 3185//3085
f 2929//3090 3207//3109 3206//3108
f 2929//3090 2930//2868 2951//2888
f 3208//3110 3207//3109 2951//2888
f 3192//3093 3190//3091 3206//3108
f 3210//3111 3209//3095 3206//3108
f 3210//3111 3207//3109 3208//3110
f 3195//3096 3209//3095 3210//3111
f 3212//3099 3210//3111 3211//3112
f 3213//3113 3211//3112 3224//3114
f 3217//3116 3198//3100 3212//3099
f 3217//3116 3213//3113 3214//3115
f 3199//3101 3198//3100 3217//3116
f 3218//3117 3214//3115 3215//3118
f 3219//3119 3200//3103 3199//3101
f 3219//3119 3215//3118 3216//3120
f 3220//3121 3201//3105 3200//3103
f 3208//3110 2952//2890 2967//2905
f 3222//3123 3221//3122 2967//2905
f 3222//3123 2968//2906 2969//2907
f 3211//3112 3208//3110 3221//3122
f 3225//3125 3224//3114 3221//3122
f 3225//3125 3222//3123 3223//3124
f 3228//3127 3214//3115 3224//3114
f 3228//3127 3225//3125 3226//3126
f 3215//3118 3214//3115 3228//3127
f 3229//3128 3226//3126 3227//3129
f 3230//3130 3216//3120 3215//3118
f 3231//3131 3223//3124 2969//2907
f 3231//3131 2982//2908 2983//2921
f 3233//3133 3226//3126 3223//3124
f 3233//3133 3231//3131 3232//3132
f 3227//3129 3226//3126 3233//3133
f 1007//1007 1006//1006 3235//3135
f 1008//1008 1007//1007 3236//3136
f 3235//3135 947//946 3126//3025
f 3238//3138 3242//3142 3236//3136
f 1009//1009 1008//1008 3237//3137
f 1010//1010 1009//1009 3239//3139
f 1011//1011 1010//1010 3240//3140
f 3237//3137 3236//3136 3242//3142
f 3244//3144 3238//3138 3126//3025
f 3242//3142 3238//3138 3244//3144
f 3245//3145 3246//3146 3243//3143
f 3239//3139 3237//3137 3243//3143
f 3240//3140 3239//3139 3246//3146
f 3241//3141 3240//3140 3247//3147
f 3252//3149 3244//3144 3147//3041
f 3253//3150 3245//3145 3244//3144
f 3253//3150 3249//3157 3250//3151
f 3254//3152 3246//3146 3245//3145
f 3254//3152 3250//3151 3251//3153
f 3247//3147 3246//3146 3254//3152
f 3256//3155 3248//3148 3247//3147
f 3259//3156 3250//3151 3249//3157
f 3260//3159 3251//3153 3250//3151
f 3188//3088 3186//3087 3257//3160
f 3261//3161 3252//3149 3169//3067
f 3261//3161 3257//3160 3258//3158
f 3249//3157 3253//3150 3252//3149
f 3262//3162 3255//3154 3251//3153
f 3256//3155 3255//3154 3262//3162
f 3205//3107 3204//3106 3264//3164
f 3267//3165 3257//3160 3186//3087
f 3267//3165 3264//3164 3265//3166
f 3268//3167 3258//3158 3257//3160
f 3268//3167 3265//3166 3266//3168
f 3269//3169 3259//3156 3258//3158
f 3270//3170 3260//3159 3259//3156
f 3271//3171 3262//3162 3260//3159
f 3272//3172 3263//3163 3262//3162
f 3201//3105 3220//3121 3273//3173
f 3276//3174 3264//3164 3204//3106
f 3276//3174 3273//3173 3274//3175
f 3277//3176 3265//3166 3264//3164
f 3277//3176 3274//3175 3275//3177
f 3266//3168 3265//3166 3277//3176
f 3279//3179 3269//3169 3266//3168
f 3280//3180 3270//3170 3269//3169
f 3281//3181 3282//3182 3280//3180
f 3271//3171 3270//3170 3280//3180
f 3283//3183 3284//3184 3282//3182
f 3284//3184 3272//3172 3271//3171
f 3230//3130 3227//3129 3285//3185
f 3216//3120 3230//3130 3286//3186
f 3288//3187 3273//3173 3220//3121
f 3288//3187 3286//3186 3287//3188
f 3274//3175 3273//3173 3288//3187
f 3290//3190 3275//3177 3274//3175
f 3291//3191 3278//3178 3275//3177
f 3292//3192 3279//3179 3278//3178
f 3281//3181 3279//3179 3292//3192
f 3294//3194 3283//3183 3281//3181
f 3232//3132 2983//2921 3010//2947
f 3295//3195 3010//2947 3011//3196
f 3234//3134 3232//3132 3295//3195
f 3297//3198 3285//3185 3227//3129
f 3297//3198 3295//3195 3296//3197
f 3285//3185 3297//3198 3298//3199
f 3287//3188 3286//3186 3285//3185
f 3300//3201 3289//3189 3287//3188
f 3301//3202 3290//3190 3289//3189
f 3302//3203 3303//3204 3301//3202
f 3303//3204 3291//3191 3290//3190
f 3304//3205 3305//3206 3303//3204
f 3305//3206 3292//3192 3291//3191
f 3307//3207 3308//3208 3305//3206
f 3308//3208 3293//3193 3292//3192
f 3309//3209 3310//3211 3307//3207
f 3310//3211 3311//3212 3308//3208
f 3311//3212 3294//3194 3293//3193
f 3312//1096 3020//2953 631//629
f 1115//2667 3313//3214 3312//1096
f 3314//2670 3313//3214 1115//2667
f 1117//1114 3315//3215 3314//2670
f 3316//2189 3315//3215 1117//1114
f 3317//1106 3316//2189 1118//1543
f 3318//2629 3317//1106 1119//1115
f 3319//2954 3318//2629 1120//1116
f 3320//3213 3319//2954 1121//1117
f 3321//1884 3320//3213 1122//1118
f 3312//1096 3322//1098 3029//1543
f 3313//3214 3323//1550 3322//1098
f 3314//2670 3324//1115 3323//1550
f 3315//3215 3325//2622 3324//1115
f 3316//2189 3326//1099 3325//2622
f 3327//3216 3326//1099 3316//2189
f 3328//3217 3327//3216 3317//1106
f 3329//3218 3328//3217 3318//2629
f 3330//2670 3329//3218 3319//2954
f 3331//1554 3330//2670 3320//3213
f 3322//1098 3332//3219 3038//626
f 3323//1550 3333//3220 3332//3219
f 3324//1115 3334//3221 3333//3220
f 3325//2622 3335//3222 3334//3221
f 3326//1099 3336//3230 3335//3222
f 3337//3223 3336//3230 3326//1099
f 3338//3224 3337//3223 3327//3216
f 3339//3225 3338//3224 3328//3217
f 3340//3226 3339//3225 3329//3218
f 3341//1544 3340//3226 3330//2670
f 3332//3219 3342//3227 3047//2971
f 3333//3220 3343//3228 3342//3227
f 3334//3221 3344//3229 3343//3228
f 3335//3222 3345//3231 3344//3229
f 3336//3230 3346//3239 3345//3231
f 3347//3232 3346//3239 3336//3230
f 3348//3233 3347//3232 3337//3223
f 3349//3234 3348//3233 3338//3224
f 3350//3235 3349//3234 3339//3225
f 3351//2668 3350//3235 3340//3226
f 3342//3227 3352//3236 3056//2975
f 3343//3228 3353//3237 3352//3236
f 3344//3229 3354//3238 3353//3237
f 3345//3231 3355//3240 3354//3238
f 3346//3239 3356//3248 3355//3240
f 3357//3241 3356//3248 3346//3239
f 3348//3233 3358//3242 3357//3241
f 3349//3234 3359//3243 3358//3242
f 3350//3235 3360//3252 3359//3243
f 3361//1546 3360//3252 3350//3235
f 3362//3244 3065//2974 3056//2975
f 3363//3245 3362//3244 3352//3236
f 3364//3246 3363//3245 3353//3237
f 3365//3247 3364//3246 3354//3238
f 3356//3248 3366//3249 3365//3247
f 3357//3241 3367//3250 3366//3249
f 3358//3242 3368//3251 3367//3250
f 3359//3243 3369//3253 3368//3251
f 3360//3252 3370//3260 3369//3253
f 3371//1547 3370//3260 3360//3252
f 3372//3254 3074//2977 3065//2974
f 3373//3255 3372//3254 3362//3244
f 3374//3256 3373//3255 3363//3245
f 3375//3257 3374//3256 3364//3246
f 3366//3249 3376//3258 3375//3257
f 3367//3250 3377//3259 3376//3258
f 3368//3251 3378//628 3377//3259
f 3369//3253 3379//3266 3378//628
f 3380//2683 3379//3266 3369//3253
f 3381//1538 3380//2683 3370//3260
f 3382//3261 3083//2980 3074//2977
f 3383//3262 3382//3261 3372//3254
f 3384//3263 3383//3262 3373//3255
f 3385//3264 3384//3263 3374//3256
f 3386//2628 3385//3264 3375//3257
f 3387//2672 3386//2628 3376//3258
f 3388//1119 3387//2672 3377//3259
f 3389//3265 3388//1119 3378//628
f 3390//3267 3389//3265 3379//3266
f 3391//3268 3390//3267 3380//2683
f 3392//3269 1339//1335 3127//1334
f 3392//3269 3128//3026 3129//3028
f 3393//3270 1340//1336 1339//1335
f 3393//3270 3129//3028 950//950
f 1343//1338 3396//3272 3395//3271
f 3396//3272 1343//1338 1341//1339
f 1345//1341 3398//3275 3397//3274
f 3398//3275 1345//1341 1342//1337
f 1347//1343 3400//3277 3399//3276
f 3400//3277 1347//1343 1344//1340
f 1349//1345 3402//3279 3401//3278
f 1349//1345 1346//1342 3399//3276
f 1350//1347 1348//1344 3401//3278
f 3404//3281 3403//3280 3401//3278
f 3408//3282 3407//3286 3397//3274
f 3395//3271 3409//3284 3408//3282
f 3395//3271 3396//3272 3406//3283
f 3400//3277 3411//3287 3410//3285
f 3400//3277 3397//3274 3407//3286
f 3402//3279 3399//3276 3410//3285
f 3413//3289 3412//3288 3410//3285
f 3404//3281 3402//3279 3412//3288
f 3414//3290 3412//3288 3413//3289
f 3409//3284 3418//3294 3417//3292
f 3409//3284 3406//3283 3416//3293
f 3407//3286 3420//3296 3419//3295
f 3407//3286 3408//3282 3417//3292
f 3421//3297 3420//3296 3417//3292
f 3413//3289 3411//3287 3419//3295
f 3423//3299 3422//3298 3419//3295
f 3423//3299 3420//3296 3421//3297
f 3415//3291 3413//3289 3422//3298
f 3425//3301 3422//3298 3423//3299
f 3426//3302 3423//3299 3424//3300
f 3429//3304 3424//3300 3421//3297
f 3430//3306 3427//3303 3424//3300
f 3437//3307 3434//3434 3433//3308
f 3439//3310 3436//3309 3435//3311
f 3440//3313 3437//3307 3436//3309
f 1471//1469 1011//1011 3241//3141
f 3443//3315 3442//3319 1472//1470
f 1474//1472 3444//3316 3443//3315
f 1474//1472 1471//1469 3441//3314
f 1475//1473 3445//3317 3394//3273
f 1476//1474 3446//3318 3445//3317
f 3446//3318 1476//1474 1472//1470
f 1477//1475 1352//1349 3405//3320
f 1478//1476 1477//1475 3447//3321
f 3441//3314 3241//3141 3248//3148
f 3444//3316 3451//3325 3450//3324
f 3444//3316 3441//3314 3449//3323
f 3446//3318 3453//3327 3452//3326
f 3442//3319 3454//3328 3453//3327
f 3454//3328 3442//3319 3443//3315
f 3394//3273 3455//3329 3406//3283
f 3455//3329 3394//3273 3445//3317
f 3448//3322 3447//3321 3456//3330
f 3449//3323 3248//3148 3256//3155
f 3451//3325 3449//3323 3458//3332
f 3461//3334 3460//3337 3453//3327
f 3450//3324 3462//3335 3461//3334
f 3450//3324 3451//3325 3459//3333
f 3455//3329 3463//3336 3416//3293
f 3452//3326 3464//3338 3463//3336
f 3452//3326 3453//3327 3460//3337
f 3465//3339 3418//3294 3416//3293
f 3479//3340 3465//3339 3463//3336
f 3421//3297 3418//3294 3465//3339
f 3457//3331 3456//3330 3466//3341
f 3458//3332 3256//3155 3263//3163
f 3459//3333 3458//3332 3472//3343
f 3462//3335 3475//3346 3474//3345
f 3462//3335 3459//3333 3473//3344
f 3460//3337 3477//3348 3476//3347
f 3460//3337 3461//3334 3474//3345
f 3478//3349 3477//3348 3474//3345
f 3479//3340 3464//3338 3476//3347
f 3481//3351 3480//3350 3476//3347
f 3481//3351 3477//3348 3478//3349
f 3482//3353 3428//3305 3465//3339
f 3482//3353 3479//3340 3480//3350
f 3503//3355 3483//3354 3480//3350
f 3429//3304 3428//3305 3482//3353
f 3484//3356 3482//3353 3483//3354
f 3430//3306 3429//3304 3484//3356
f 3489//3358 3466//3341 3427//3303
f 3489//3358 3484//3356 3485//3357
f 3467//3342 3466//3341 3489//3358
f 3490//3359 3485//3357 3486//3360
f 3468//3362 3467//3342 3490//3359
f 3491//3361 3486//3360 3487//3363
f 3492//3364 3469//3639 3468//3362
f 3492//3364 3487//3363 3488//3365
f 3470//3367 3469//3639 3492//3364
f 3494//3368 3471//3642 3470//3367
f 3495//3369 3472//3343 3263//3163
f 3496//3370 3473//3344 3472//3343
f 3497//3371 3475//3346 3473//3344
f 3478//3349 3475//3346 3497//3371
f 3501//3373 3500//3352 3478//3349
f 3501//3373 3498//3372 3499//3374
f 3503//3355 3481//3351 3500//3352
f 3504//3376 3500//3352 3501//3373
f 3505//3377 3501//3373 3502//3375
f 3507//3379 3485//3357 3483//3354
f 3507//3379 3503//3355 3504//3376
f 3486//3360 3485//3357 3507//3379
f 3508//3380 3504//3376 3505//3377
f 3509//3381 3487//3363 3486//3360
f 3509//3381 3505//3377 3506//3378
f 3510//3382 3488//3365 3487//3363
f 3511//3383 3493//3366 3488//3365
f 3512//3384 3494//3368 3493//3366
f 3513//3385 3514//3386 3284//3184
f 3514//3386 3495//3369 3272//3172
f 3515//3387 3516//3388 3514//3386
f 3496//3370 3495//3369 3514//3386
f 3518//3389 3516//3388 3515//3387
f 3518//3389 3497//3371 3496//3370
f 3519//3391 3498//3372 3497//3371
f 3499//3374 3498//3372 3519//3391
f 3502//3375 3499//3374 3520//3392
f 3506//3378 3502//3375 3521//3393
f 3525//3395 3523//3394 3522//3396
f 3525//3395 3510//3382 3506//3378
f 3526//3398 3527//3399 3525//3395
f 3527//3399 3511//3383 3510//3382
f 3528//3400 3513//3385 3283//3183
f 3529//3401 3515//3387 3513//3385
f 3530//3402 3517//3390 3515//3387
f 3531//3403 3532//3404 3517//3390
f 3532//3404 3519//3391 3518//3389
f 3533//3405 3534//3406 3532//3404
f 3520//3392 3519//3391 3532//3404
f 3535//3407 3521//3393 3520//3392
f 3537//3408 3534//3406 3533//3405
f 3537//3408 3522//3396 3535//3407
f 3523//3394 3521//3393 3535//3407
f 3540//3410 3537//3408 3536//3409
f 3540//3410 3524//3397 3522//3396
f 3542//3412 3539//3411 3538//3413
f 3543//3415 3540//3410 3539//3411
f 3543//3415 3526//3398 3524//3397
f 3544//3416 3545//3417 3310//3211
f 3545//3417 3546//3418 3311//3212
f 3546//3418 3528//3400 3294//3194
f 3547//3419 3548//3420 3545//3417
f 3548//3420 3549//3421 3546//3418
f 3549//3421 3529//3401 3528//3400
f 3551//3422 3548//3420 3547//3419
f 3551//3422 3552//3424 3549//3421
f 3552//3424 3530//3402 3529//3401
f 3554//3425 3551//3422 3550//3423
f 3554//3425 3555//3427 3552//3424
f 3555//3427 3531//3403 3530//3402
f 3556//3428 3553//3426 3431//3429
f 3556//3428 3557//3431 3554//3425
f 3557//3431 3558//3432 3555//3427
f 3558//3432 3533//3405 3531//3403
f 3559//3433 3556//3428 3432//3430
f 3559//3433 3560//3435 3557//3431
f 3560//3435 3561//3436 3558//3432
f 3561//3436 3536//3409 3533//3405
f 3562//3437 3559//3433 3434//3434
f 3563//3438 3560//3435 3559//3433
f 3538//3413 3561//3436 3560//3435
f 3539//3411 3536//3409 3561//3436
f 3564//3439 3562//3437 3437//3307
f 3565//3440 3563//3438 3562//3437
f 3541//3414 3538//3413 3563//3438
f 3566//1554 3321//1884 1123//627
f 1562//3441 3567//3442 3566//1554
f 1563//1554 3568//3446 3567//3442
f 3569//3443 3568//3446 1563//1554
f 3570//3444 3569//3443 1564//1555
f 3571//2626 3570//3444 1565//1549
f 3572//1528 3571//2626 1566//629
f 3573//1537 3572//1528 1567//1549
f 3574//1535 3573//1537 1568//1556
f 3575//1544 3331//1554 3321//1884
f 3567//3442 3576//3451 3575//1544
f 3577//3445 3576//3451 3567//3442
f 3578//3447 3577//3445 3568//3446
f 3579//3448 3578//3447 3569//3443
f 3580//3449 3579//3448 3570//3444
f 3581//1544 3580//3449 3571//2626
f 3582//1870 3581//1544 3572//1528
f 3583//1554 3582//1870 3573//1537
f 3584//3450 3341//1544 3331//1554
f 3576//3451 3585//3452 3584//3450
f 3577//3445 3586//3453 3585//3452
f 3578//3447 3587//3454 3586//3453
f 3579//3448 3588//3455 3587//3454
f 3580//3449 3589//1116 3588//3455
f 3581//1544 3590//1544 3589//1116
f 3582//1870 3591//2950 3590//1544
f 3592//1544 3591//2950 3582//1870
f 3593//3456 3351//2668 3341//1544
f 3594//3457 3593//3456 3584//3450
f 3595//3458 3594//3457 3585//3452
f 3587//3454 3596//3459 3595//3458
f 3588//3455 3597//1890 3596//3459
f 3589//1116 3598//1533 3597//1890
f 3599//1543 3598//1533 3589//1116
f 3600//2962 3599//1543 3590//1544
f 3601//1110 3600//2962 3591//2950
f 3602//1538 3361//1546 3351//2668
f 3603//3460 3602//1538 3593//3456
f 3604//3461 3603//3460 3594//3457
f 3596//3459 3605//627 3604//3461
f 3606//2629 3605//627 3596//3459
f 3607//2956 3606//2629 3597//1890
f 3608//1537 3607//2956 3598//1533
f 3609//627 3608//1537 3599//1543
f 3610//3462 3609//627 3600//2962
f 3611//3463 3371//1547 3361//1546
f 3612//3464 3611//3463 3602//1538
f 3613//3465 3612//3464 3603//3460
f 3614//1877 3613//3465 3604//3461
f 3615//3466 3614//1877 3605//627
f 3616//3467 3615//3466 3606//2629
f 3617//3468 3616//3467 3607//2956
f 3618//3469 3617//3468 3608//1537
f 3619//3470 3618//3469 3609//627
f 3620//1869 3381//1538 3371//1547
f 3621//3471 3620//1869 3611//3463
f 3622//3472 3621//3471 3612//3464
f 3623//3473 3622//3472 3613//3465
f 3624//3474 3623//3473 3614//1877
f 3625//3475 3624//3474 3615//3466
f 3626//3476 3625//3475 3616//3467
f 3627//3477 3626//3476 3617//3468
f 3628//3478 3627//3477 3618//3469
f 3629//3479 3391//3268 3381//1538
f 3630//3480 3629//3479 3620//1869
f 3631//3481 3630//3480 3621//3471
f 3632//3482 3631//3481 3622//3472
f 3633//3483 3632//3482 3623//3473
f 3634//3484 3633//3483 3624//3474
f 3635//3485 3634//3484 3625//3475
f 3627//3477 3636//3488 3635//3485
f 3640//3486 3636//3488 3627//3477
f 3640//3486 3641//3489 3637//3487
f 3641//3489 3642//3492 3638//3490
f 3643//3491 3639//3511 3638//3490
f 3653//3493 3645//3573 3644//3494
f 3655//3496 3647//3500 3646//3497
f 3656//3499 3648//3502 3647//3500
f 3657//3501 3649//3504 3648//3502
f 3658//3503 3650//3506 3649//3504
f 3659//3505 3651//3508 3650//3506
f 3660//3507 3652//3495 3651//3508
f 3661//3509 3653//3493 3652//3495
f 3662//3510 3654//3498 3639//3511
f 3663//3512 3655//3496 3654//3498
f 3664//3513 3656//3499 3655//3496
f 3665//3514 3657//3501 3656//3499
f 3666//3515 3658//3503 3657//3501
f 3667//3516 3659//3505 3658//3503
f 3668//3517 3660//3507 3659//3505
f 3669//3518 3661//3509 3660//3507
f 3670//3519 1643//1625 1350//1347
f 3670//3519 3403//3280 3404//3281
f 1644//1626 1643//1625 3670//3519
f 3673//3521 1646//1628 1645//1627
f 3674//3523 3405//3320 1646//1628
f 3675//3524 3671//3520 3404//3281
f 3675//3524 3414//3290 3415//3291
f 3672//3522 3671//3520 3675//3524
f 3676//3525 3415//3291 3425//3301
f 3677//3526 3673//3521 3672//3522
f 3678//3527 3674//3523 3673//3521
f 3679//3528 3677//3526 3425//3301
f 3679//3528 3426//3302 3427//3303
f 3678//3527 3677//3526 3679//3528
f 3687//3530 3684//3571 3683//3531
f 3690//3533 3686//3532 3685//3534
f 3691//3536 3687//3530 3686//3532
f 3694//3537 3689//3535 3688//3538
f 3695//3540 3690//3533 3689//3535
f 3696//3541 3691//3536 3690//3533
f 3699//3542 3439//3310 3438//3312
f 3700//3544 3440//3313 3439//3310
f 3703//3545 3698//3543 3697//3546
f 3704//3548 3699//3542 3698//3543
f 3705//3549 3700//3544 3699//3542
f 3708//3550 3702//3547 3701//3551
f 3709//3553 3703//3545 3702//3547
f 3710//3554 3704//3548 3703//3545
f 3711//3555 3705//3549 3704//3548
f 3714//3556 3707//3552 3706//3557
f 3715//3559 3708//3550 3707//3552
f 3716//3560 3709//3553 3708//3550
f 3717//3561 3710//3554 3709//3553
f 3718//3562 3711//3555 3710//3554
f 3682//3563 3681//3728 3711//3555
f 3721//3564 3713//3558 3712//3565
f 3722//3567 3714//3556 3713//3558
f 3723//3568 3715//3559 3714//3556
f 3724//3569 3716//3560 3715//3559
f 3725//3570 3717//3561 3716//3560
f 3683//3531 3718//3562 3717//3561
f 3684//3571 3682//3563 3718//3562
f 3726//3572 3719//3575 3645//3573
f 3727//3574 3720//3566 3719//3575
f 3727//3574 3728//3577 3721//3564
f 3729//3576 3722//3567 3721//3564
f 3730//3578 3723//3568 3722//3567
f 3731//3579 3724//3569 3723//3568
f 3685//3534 3725//3570 3724//3569
f 3686//3532 3683//3531 3725//3570
f 3732//3580 3726//3572 3653//3493
f 3733//3581 3727//3574 3726//3572
f 3734//3582 3728//3577 3727//3574
f 3735//3583 3729//3576 3728//3577
f 3736//3584 3730//3578 3729//3576
f 3688//3538 3731//3579 3730//3578
f 3689//3535 3685//3534 3731//3579
f 3737//3585 3732//3580 3661//3509
f 3738//3586 3733//3581 3732//3580
f 3739//3587 3734//3582 3733//3581
f 3740//3588 3735//3583 3734//3582
f 3692//3589 3736//3584 3735//3583
f 3693//3539 3688//3538 3736//3584
f 3741//3590 3447//3321 3405//3320
f 1836//1817 1478//1476 3448//3322
f 1838//1819 1836//1817 3742//3591
f 3744//3592 3742//3591 3743//3593
f 3748//3595 1840//1821 1838//1819
f 3748//3595 3744//3592 3745//3594
f 1841//1826 1840//1821 3748//3595
f 3749//3596 3745//3594 3746//3597
f 3750//3598 1842//1828 1841//1826
f 3750//3598 3746//3597 3747//3599
f 3751//3600 1843//1830 1842//1828
f 3752//3601 1844//1823 1843//1830
f 3753//3602 1845//1822 1844//1823
f 3754//3603 1852//1833 1845//1822
f 3755//3604 1853//1834 1852//1833
f 1854//1835 1853//1834 3755//3604
f 1855//1836 1854//1835 3756//3605
f 3758//3607 1856//1837 1855//1836
f 3760//3608 3759//3632 1857//2073
f 3761//3609 3760//3608 1858//1838
f 3762//3610 3761//3609 1859//1840
f 1861//1842 3763//3611 3762//3610
f 1861//1842 1856//1837 3758//3607
f 3741//3590 3674//3523 3678//3527
f 3741//3590 3764//3612 3456//3330
f 3742//3591 3448//3322 3457//3331
f 3743//3593 3742//3591 3765//3613
f 3770//3615 3743//3593 3766//3614
f 3770//3615 3746//3597 3745//3594
f 3770//3615 3767//3616 3768//3617
f 3771//3618 3747//3599 3746//3597
f 3771//3618 3768//3617 3769//3619
f 3774//3621 3747//3599 3771//3618
f 3774//3621 3752//3601 3751//3600
f 3774//3621 3772//3620 3773//3622
f 3775//3623 3753//3602 3752//3601
f 3776//3624 3754//3603 3753//3602
f 3777//3625 3755//3604 3754//3603
f 3778//3626 3779//3627 3777//3625
f 3756//3605 3755//3604 3777//3625
f 3780//3628 3781//3629 3779//3627
f 3757//3606 3756//3605 3779//3627
f 3783//3630 3758//3607 3757//3606
f 3785//3631 3784//3653 3759//3632
f 3786//3633 3785//3631 3760//3608
f 3787//3634 3786//3633 3761//3609
f 3782//3635 3787//3634 3762//3610
f 3763//3611 3758//3607 3783//3630
f 3680//3529 3427//3303 3466//3341
f 3788//3636 3764//3612 3678//3527
f 3788//3636 3466//3341 3456//3330
f 3789//3637 3765//3613 3457//3331
f 3789//3637 3467//3342 3468//3362
f 3766//3614 3765//3613 3789//3637
f 3790//3638 3468//3362 3469//3639
f 3767//3616 3766//3614 3790//3638
f 3791//3640 3469//3639 3470//3367
f 3768//3617 3767//3616 3791//3640
f 3792//3641 3470//3367 3471//3642
f 3769//3619 3768//3617 3792//3641
f 3794//3644 3772//3620 3769//3619
f 3795//3645 3773//3622 3772//3620
f 3796//3646 3775//3623 3773//3622
f 3797//3647 3776//3624 3775//3623
f 3778//3626 3776//3624 3797//3647
f 3780//3628 3778//3626 3798//3648
f 3801//3650 3780//3628 3799//3649
f 3801//3650 3800//3651 3782//3635
f 3801//3650 3783//3630 3781//3629
f 3803//3652 3802//3670 3784//3653
f 3804//3654 3803//3652 3785//3631
f 3805//3655 3804//3654 3786//3633
f 3805//3655 3787//3634 3782//3635
f 3806//3656 3793//3643 3471//3642
f 3794//3644 3793//3643 3806//3656
f 3808//3658 3795//3645 3794//3644
f 3809//3659 3810//3660 3808//3658
f 3810//3660 3796//3646 3795//3645
f 3811//3661 3812//3662 3810//3660
f 3812//3662 3797//3647 3796//3646
f 3813//3663 3814//3664 3812//3662
f 3814//3664 3798//3648 3797//3647
f 3815//3665 3816//3666 3814//3664
f 3816//3666 3799//3649 3798//3648
f 3818//3667 3816//3666 3815//3665
f 3818//3667 3800//3651 3799//3649
f 3820//3669 3819//3688 3802//3670
f 3804//3654 3821//3672 3820//3669
f 3822//3671 3818//3667 3817//3668
f 3822//3671 3821//3672 3804//3654
f 3805//3655 3800//3651 3818//3667
f 3823//3673 3824//3674 3512//3384
f 3824//3674 3806//3656 3494//3368
f 3825//3675 3826//3676 3824//3674
f 3826//3676 3807//3657 3806//3656
f 3827//3677 3828//3678 3826//3676
f 3828//3678 3809//3659 3807//3657
f 3829//3679 3830//3680 3828//3678
f 3830//3680 3811//3661 3809//3659
f 3831//3681 3832//3682 3830//3680
f 3832//3682 3813//3663 3811//3661
f 3833//3683 3834//3684 3832//3682
f 3834//3684 3815//3665 3813//3663
f 3836//3685 3834//3684 3833//3683
f 3836//3685 3817//3668 3815//3665
f 3820//3669 3839//3690 3838//3687
f 3840//3689 3836//3685 3835//3686
f 3840//3689 3839//3690 3820//3669
f 3840//3689 3821//3672 3817//3668
f 3841//3691 3842//3692 3527//3399
f 3823//3673 3511//3383 3527//3399
f 3843//3693 3844//3694 3842//3692
f 3844//3694 3825//3675 3823//3673
f 3845//3695 3846//3696 3844//3694
f 3846//3696 3827//3677 3825//3675
f 3848//3697 3849//3698 3846//3696
f 3849//3698 3829//3679 3827//3677
f 3851//3699 3848//3697 3847//3700
f 3851//3699 3852//3702 3849//3698
f 3852//3702 3831//3681 3829//3679
f 3855//3703 3851//3699 3850//3701
f 3855//3703 3856//3705 3852//3702
f 3856//3705 3833//3683 3831//3681
f 3858//3706 3854//3704 3853//3707
f 3859//3709 3855//3703 3854//3704
f 3860//3710 3856//3705 3855//3703
f 3860//3710 3835//3686 3833//3683
f 3862//3711 3863//3713 3858//3706
f 3864//3712 3859//3709 3858//3706
f 3864//3712 3863//3713 3837//3714
f 3865//3715 3860//3710 3859//3709
f 3865//3715 3864//3712 3838//3687
f 3865//3715 3839//3690 3835//3686
f 3867//3716 3542//3412 3541//3414
f 3868//3718 3543//3415 3542//3412
f 3868//3718 3841//3691 3526//3398
f 3871//3719 3867//3716 3866//3717
f 3872//3721 3868//3718 3867//3716
f 3843//3693 3841//3691 3868//3718
f 3874//3722 3870//3720 3869//3723
f 3875//3725 3871//3719 3870//3720
f 3876//3726 3872//3721 3871//3719
f 3845//3695 3843//3693 3872//3721
f 3877//3727 3873//3724 3681//3728
f 3878//3729 3874//3722 3873//3724
f 3879//3730 3875//3725 3874//3722
f 3847//3700 3876//3726 3875//3725
f 3848//3697 3845//3695 3876//3726
f 3880//3731 3877//3727 3682//3563
f 3881//3732 3878//3729 3877//3727
f 3882//3733 3879//3730 3878//3729
f 3850//3701 3847//3700 3879//3730
f 3883//3734 3880//3731 3684//3571
f 3884//3735 3881//3732 3880//3731
f 3853//3707 3882//3733 3881//3732
f 3854//3704 3850//3701 3882//3733
f 3885//3736 3883//3734 3687//3530
f 3886//3737 3884//3735 3883//3734
f 3857//3708 3853//3707 3884//3735
f 3887//3738 3885//3736 3691//3536
f 3861//3739 3886//3737 3885//3736
f 3862//3711 3857//3708 3886//3737
f 3888//3740 3564//3439 3440//3313
f 3889//3741 3565//3440 3564//3439
f 3866//3717 3541//3414 3565//3440
f 3890//3742 3888//3740 3700//3544
f 3869//3723 3889//3741 3888//3740
f 3870//3720 3866//3717 3889//3741
f 3681//3728 3890//3742 3705//3549
f 3873//3724 3869//3723 3890//3742
f 3891//2683 3574//1535 1569//1544
f 1912//1890 3892//3743 3891//2683
f 1913//1891 3893//3744 3892//3743
f 1914//1892 3894//3745 3893//3744
f 1915//1894 3895//3747 3894//3745
f 1916//3746 3896//3752 3895//3747
f 3897//3748 3896//3752 1916//3746
f 3898//1097 3583//1554 3574//1535
f 3892//3743 3899//3749 3898//1097
f 3893//3744 3900//3750 3899//3749
f 3894//3745 3901//3751 3900//3750
f 3895//3747 3902//3753 3901//3751
f 3896//3752 3903//3757 3902//3753
f 3904//3754 3903//3757 3896//3752
f 3905//2629 3592//1544 3583//1554
f 3899//3749 3906//3749 3905//2629
f 3900//3750 3907//3755 3906//3749
f 3901//3751 3908//3756 3907//3755
f 3902//3753 3909//3758 3908//3756
f 3903//3757 3910//3762 3909//3758
f 3911//3759 3910//3762 3903//3757
f 3912//2672 3601//1110 3592//1544
f 3906//3749 3913//3765 3912//2672
f 3914//3760 3913//3765 3906//3749
f 3908//3756 3915//3761 3914//3760
f 3909//3758 3916//3763 3915//3761
f 3910//3762 3917//3769 3916//3763
f 3918//3764 3917//3769 3910//3762
f 3919//1115 3610//3462 3601//1110
f 3920//2625 3919//1115 3912//2672
f 3921//3766 3920//2625 3913//3765
f 3915//3761 3922//3767 3921//3766
f 3916//3763 3923//3775 3922//3767
f 3924//3768 3923//3775 3916//3763
f 3925//3770 3924//3768 3917//3769
f 3926//3771 3619//3470 3610//3462
f 3927//3772 3926//3771 3919//1115
f 3928//3773 3927//3772 3920//2625
f 3929//3774 3928//3773 3921//3766
f 3923//3775 3930//3784 3929//3774
f 3931//3776 3930//3784 3923//3775
f 3932//3777 3931//3776 3924//3768
f 3933//3778 3628//3478 3619//3470
f 3934//3779 3933//3778 3926//3771
f 3935//3780 3934//3779 3927//3772
f 3935//3780 3936//3783 3947//3781
f 3939//3782 3935//3780 3928//3773
f 3939//3782 3940//3785 3936//3783
f 3930//3784 3940//3785 3939//3782
f 3940//3785 3941//3787 3937//3786
f 3941//3787 3940//3785 3930//3784
f 3942//3788 3938//3798 3937//3786
f 3942//3788 3941//3787 3931//3776
f 3943//3789 3640//3486 3628//3478
f 3943//3789 3944//3790 3641//3489
f 3944//3790 3945//3791 3642//3492
f 3945//3791 3946//3794 3643//3491
f 3947//3781 3943//3789 3933//3778
f 3947//3781 3948//3792 3944//3790
f 3948//3792 3949//3793 3945//3791
f 3949//3793 3950//3797 3946//3794
f 3951//3795 3948//3792 3947//3781
f 3951//3795 3952//3796 3949//3793
f 3937//3786 3952//3796 3951//3795
f 3952//3796 3953//3884 3950//3797
f 3938//3798 3953//3884 3952//3796
f 1985//1957 3955//3800 3954//3799
f 1986//1919 3956//3807 3955//3800
f 3957//3801 3956//3807 1986//1919
f 3958//3802 3957//3801 1987//1958
f 3959//3803 3958//3802 1988//1959
f 1990//1961 3960//3804 3897//3748
f 1991//1962 3961//3805 3960//3804
f 1992//1963 3962//3806 3961//3805
f 3962//3806 1992//1963 1984//1955
f 3956//3807 3964//3809 3963//3808
f 3957//3801 3965//3816 3964//3809
f 3966//3810 3965//3816 3957//3801
f 3967//3811 3966//3810 3958//3802
f 3968//3812 3904//3754 3897//3748
f 3969//3813 3968//3812 3960//3804
f 3962//3806 3970//3814 3969//3813
f 3954//3799 3971//3815 3970//3814
f 3971//3815 3954//3799 3955//3800
f 3964//3809 3973//3817 3972//1920
f 3965//3816 3974//3825 3973//3817
f 3975//3818 3974//3825 3965//3816
f 3976//3819 3975//3818 3966//3810
f 3977//3820 3911//3759 3904//3754
f 3978//3821 3977//3820 3968//3812
f 3970//3814 3979//3822 3978//3821
f 3971//3815 3980//3823 3979//3822
f 3980//3823 3971//3815 3963//3808
f 3973//3817 3982//3826 3981//3824
f 3974//3825 3983//3834 3982//3826
f 3984//3827 3983//3834 3974//3825
f 3985//3828 3984//3827 3975//3818
f 3986//3829 3918//3764 3911//3759
f 3987//3830 3986//3829 3977//3820
f 3979//3822 3988//3831 3987//3830
f 3980//3823 3989//3832 3988//3831
f 3989//3832 3980//3823 3972//1920
f 3982//3826 3991//3835 3990//3833
f 3983//3834 3992//3844 3991//3835
f 3993//3836 3992//3844 3983//3834
f 3994//3837 3993//3836 3984//3827
f 3995//3838 3925//3770 3918//3764
f 3987//3830 3996//3839 3995//3838
f 3988//3831 3997//3840 3996//3839
f 3989//3832 3998//3841 3997//3840
f 3998//3841 3989//3832 3981//3824
f 4000//3842 3999//3851 3990//3833
f 4001//3843 4000//3842 3991//3835
f 4002//3845 4001//3843 3992//3844
f 4003//3846 4002//3845 3993//3836
f 4004//3847 3932//3777 3925//3770
f 4005//3848 4004//3847 3995//3838
f 4006//3849 4005//3848 3996//3839
f 4007//3850 4006//3849 3997//3840
f 4007//3850 3998//3841 3990//3833
f 4015//3852 4014//3865 3999//3851
f 4016//3853 4015//3852 4000//3842
f 4017//3854 4009//3857 4008//3855
f 4017//3854 4016//3853 4001//3843
f 4018//3856 4010//3882 4009//3857
f 4018//3856 4017//3854 4002//3845
f 4019//3858 4011//3860 3938//3798
f 4019//3858 3942//3788 3932//3777
f 4020//3859 4012//3862 4011//3860
f 4020//3859 4019//3858 4004//3847
f 4021//3861 4013//3864 4012//3862
f 4021//3861 4020//3859 4005//3848
f 4022//3863 4014//3865 4013//3864
f 4022//3863 4021//3861 4006//3849
f 4022//3863 4007//3850 3999//3851
f 4023//3866 3662//3510 3643//3491
f 4024//3867 3663//3512 3662//3510
f 4025//3868 3664//3513 3663//3512
f 4026//3869 3665//3514 3664//3513
f 4027//3870 3666//3515 3665//3514
f 4028//3871 3667//3516 3666//3515
f 4029//3872 3668//3517 3667//3516
f 4030//3873 3669//3518 3668//3517
f 4031//3874 4023//3866 3946//3794
f 4032//3875 4024//3867 4023//3866
f 4033//3876 4025//3868 4024//3867
f 4034//3877 4026//3869 4025//3868
f 4035//3878 4027//3870 4026//3869
f 4036//3879 4028//3871 4027//3870
f 4037//3880 4029//3872 4028//3871
f 4009//3857 4037//3880 4036//3879
f 4038//3881 4030//3873 4029//3872
f 4010//3882 4038//3881 4037//3880
f 4039//3883 4031//3874 3950//3797
f 4011//3860 4039//3883 3953//3884
f 4040//3885 4032//3875 4031//3874
f 4012//3862 4040//3885 4039//3883
f 4041//3886 4033//3876 4032//3875
f 4013//3864 4041//3886 4040//3885
f 4042//3887 4034//3877 4033//3876
f 4042//3887 4041//3886 4013//3864
f 4043//3888 4035//3878 4034//3877
f 4015//3852 4043//3888 4042//3887
f 4008//3855 4036//3879 4035//3878
f 4016//3853 4008//3855 4043//3888
f 2063//2031 4045//3890 4044//3889
f 2064//2069 4046//3900 4045//3890
f 2066//2034 4048//3892 4047//3891
f 2067//2035 4049//3894 4048//3892
f 2068//3893 4050//3895 4049//3894
f 2069//2036 4051//3896 4050//3895
f 2070//2038 4052//3897 4051//3896
f 4052//3897 2070//2038 2062//2030
f 2071//2040 4053//3898 3959//3803
f 4053//3898 2071//2040 2065//2032
f 4045//3890 4055//3901 4054//3899
f 4046//3900 4056//3909 4055//3901
f 4048//3892 4058//3903 4057//3902
f 4049//3894 4059//3912 4058//3903
f 4060//3904 4059//3912 4049//3894
f 4061//2035 4060//3904 4050//3895
f 4052//3897 4062//3905 4061//2035
f 4062//3905 4052//3897 4044//3889
f 4053//3898 4063//3906 3967//3811
f 4063//3906 4053//3898 4047//3891
f 4055//3901 4065//3918 4064//3907
f 4066//3908 4065//3918 4055//3901
f 4058//3903 4068//3920 4067//3910
f 4069//3911 4068//3920 4058//3903
f 4070//3913 4069//3911 4059//3912
f 4061//2035 4071//3914 4070//3913
f 4062//3905 4072//3915 4071//3914
f 4072//3915 4062//3905 4054//3899
f 4063//3906 4073//3916 3976//3819
f 4073//3916 4063//3906 4057//3902
f 4075//3917 4074//3924 4064//3907
f 4076//3919 4075//3917 4065//3918
f 4068//3920 4078//3929 4077//3921
f 4079//3922 4078//3929 4068//3920
f 4070//3913 4080//2033 4079//3922
f 4081//3921 4080//2033 4070//3913
f 4082//3923 4081//3921 4071//3914
f 4072//3915 4064//3907 4074//3924
f 4073//3916 4083//3925 3985//3828
f 4083//3925 4073//3916 4067//3910
f 4085//3926 4084//3934 4074//3924
f 4086//3927 4085//3926 4075//3917
f 4088//3928 4087//3936 4077//3921
f 4089//3930 4088//3928 4078//3929
f 4090//3931 4089//3930 4079//3922
f 4091//3932 4090//3931 4080//2033
f 4092//3933 4091//3932 4081//3921
f 4082//3923 4074//3924 4084//3934
f 4093//3935 3994//3837 3985//3828
f 4083//3925 4077//3921 4087//3936
f 4096//3937 4095//3944 4084//3934
f 4097//3938 4096//3937 4085//3926
f 4099//3939 4098//3946 4087//3936
f 4100//3940 4099//3939 4088//3928
f 4101//3941 4100//3940 4089//3930
f 4102//3942 4101//3941 4090//3931
f 4094//3943 4102//3942 4091//3932
f 4092//3933 4084//3934 4095//3944
f 4103//3945 4003//3846 3994//3837
f 4103//3945 4093//3935 4087//3936
f 4107//3947 3693//3539 3692//3589
f 4108//3949 3694//3537 3693//3539
f 4108//3949 4107//3947 4094//3943
f 4109//3950 3695//3540 3694//3537
f 4109//3950 4108//3949 4095//3944
f 4110//3951 3696//3541 3695//3540
f 4110//3951 4109//3950 4096//3937
f 4112//3952 4111//3959 4098//3946
f 4113//3953 4105//3956 4104//3954
f 4113//3953 4112//3952 4099//3939
f 4114//3955 4106//3948 4105//3956
f 4114//3955 4113//3953 4100//3940
f 4115//3957 4107//3947 4106//3948
f 4115//3957 4114//3955 4101//3941
f 4115//3957 4102//3942 4094//3943
f 4116//3958 4111//3959 4010//3882
f 4116//3958 4018//3856 4003//3846
f 4116//3958 4103//3945 4098//3946
f 4117//3960 3737//3585 3669//3518
f 4118//3961 3738//3586 3737//3585
f 4119//3962 3739//3587 3738//3586
f 4105//3956 4119//3962 4118//3961
f 4120//3963 3740//3588 3739//3587
f 4120//3963 4119//3962 4105//3956
f 4120//3963 4106//3948 3692//3589
f 4121//3964 4117//3960 4030//3873
f 4121//3964 4038//3881 4010//3882
f 4104//3954 4118//3961 4117//3960
f 4112//3952 4104//3954 4121//3964
f 2100//2070 4122//3970 4046//3900
f 4123//3965 4122//3970 2100//2070
f 4124//3967 4123//3965 2101//3966
f 4125//3968 4124//3967 2102//2071
f 2103//2072 1857//2073 3759//3632
f 4126//3969 4056//3909 4046//3900
f 4127//3971 4126//3969 4122//3970
f 4128//3972 4127//3971 4123//3965
f 4129//3973 4128//3972 4124//3967
f 4125//3968 3759//3632 3784//3653
f 4130//3974 4066//3908 4056//3909
f 4131//3975 4130//3974 4126//3969
f 4132//3976 4131//3975 4127//3971
f 4133//3977 4132//3976 4128//3972
f 4129//3973 3784//3653 3802//3670
f 4134//3978 4076//3919 4066//3908
f 4135//3979 4134//3978 4130//3974
f 4136//3980 4135//3979 4131//3975
f 4137//3981 4136//3980 4132//3976
f 4133//3977 3802//3670 3819//3688
f 4138//3982 4086//3927 4076//3919
f 4139//3983 4138//3982 4134//3978
f 4140//3984 4139//3983 4135//3979
f 3837//3714 4140//3984 4136//3980
f 4137//3981 3819//3688 3838//3687
f 4138//3982 4141//3986 4097//3938
f 4142//3985 3862//3711 3861//3739
f 4142//3985 4141//3986 4138//3982
f 4143//3987 3863//3713 3862//3711
f 4143//3987 4142//3985 4139//3983
f 4143//3987 4140//3984 3837//3714
f 4144//3988 3887//3738 3696//3541
f 4144//3988 4110//3951 4097//3938
f 4144//3988 4141//3986 3861//3739
f 4146//3990 4145//3989 2224//2184
f 4147//3991 4146//3990 2225//2185
f 4148//1101 4147//3991 2226//2186
f 4149//2629 4148//1101 2227//2187
f 4150//3992 4149//2629 2228//2188
f 4151//1536 4150//3992 2229//2189
f 4152//2972 4151//1536 2230//1101
f 4153//2668 4152//2972 2231//2190
f 4155//1101 4154//3993 4146//3990
f 4156//1543 4155//1101 4147//3991
f 4157//3994 4156//1543 4148//1101
f 4158//627 4157//3994 4149//2629
f 4159//1114 4158//627 4150//3992
f 4160//3992 4159//1114 4151//1536
f 4161//2629 4160//3992 4152//2972
f 4163//3995 4162//3998 4154//3993
f 4164//3996 4163//3995 4155//1101
f 4165//2679 4164//3996 4156//1543
f 4166//627 4165//2679 4157//3994
f 4167//627 4166//627 4158//627
f 4168//2950 4167//627 4159//1114
f 4169//1115 4168//2950 4160//3992
f 4171//3999 4170//3997 4163//3995
f 4172//1869 4171//3999 4164//3996
f 4173//1544 4172//1869 4165//2679
f 4174//1115 4173//1544 4166//627
f 4175//2950 4174//1115 4167//627
f 4169//1115 4176//1526 4175//2950
f 4178//4001 4177//4000 4171//3999
f 4173//1544 4179//627 4178//4001
f 4180//2978 4179//627 4173//1544
f 4181//2950 4180//2978 4174//1115
f 4176//1526 4182//1547 4181//2950
f 4178//4001 4184//4003 4183//4002
f 4179//627 4185//1544 4184//4003
f 4180//2978 4186//1541 4185//1544
f 4187//1533 4186//1541 4180//2978
f 4182//1547 4188//2963 4187//1533
f 4190//4005 4189//4004 4184//4003
f 4191//4006 4190//4005 4185//1544
f 4192//2683 4191//4006 4186//1541
f 4193//3994 4192//2683 4187//1533
f 4195//1545 4194//4007 4190//4005
f 4196//1547 4195//1545 4191//4006
f 4197//4008 4196//1547 4192//2683
f 2463//2423 4199//4014 4198//4009
f 2466//2427 4201//4011 4200//4010
f 2461//2420 4202//4012 4201//4011
f 2461//2420 2462//2421 4198//4009
f 4203//4013 4202//4012 4198//4009
f 4211//4015 4207//4019 4206//4016
f 4212//4018 4208//4113 4207//4019
f 4213//4020 2621//2587 2184//2586
f 2623//2588 2621//2587 4213//4020
f 2624//2589 2623//2588 4214//4021
f 2627//2592 2624//2589 4215//4022
f 2631//2596 4218//4024 4217//2602
f 2632//2597 4219//4025 4218//4024
f 2633//2598 4220//4026 4219//4025
f 2633//2598 2627//2592 4216//4023
f 2636//2601 4222//4027 4221//2604
f 4217//2602 4223//4028 4222//4027
f 4223//4028 4217//2602 4218//4024
f 4224//4029 4218//4024 4219//4025
f 4226//4031 4225//4030 4219//4025
f 2637//2603 4227//4032 4199//4014
f 4221//2604 4228//4033 4227//4032
f 4228//4033 4221//2604 4222//4027
f 4229//4034 4222//4027 4223//4028
f 4230//4036 4203//4013 4199//4014
f 4230//4036 4227//4032 4228//4033
f 4215//4022 4214//4021 4231//4038
f 4216//4023 4215//4022 4232//4039
f 4220//4026 4216//4023 4233//4040
f 4224//4029 4236//4042 4235//4035
f 4225//4030 4237//4043 4236//4042
f 4226//4031 4238//4044 4237//4043
f 4226//4031 4220//4026 4234//4041
f 4229//4034 4240//4045 4239//4037
f 4235//4035 4241//4046 4240//4045
f 4241//4046 4235//4035 4236//4042
f 4242//4047 4236//4042 4237//4043
f 4244//4049 4243//4048 4237//4043
f 4230//4036 4245//4051 4204//4050
f 4239//4037 4246//4052 4245//4051
f 4246//4052 4239//4037 4240//4045
f 4247//4053 4240//4045 4241//4046
f 4248//4054 4241//4046 4242//4047
f 4249//4055 4242//4047 4243//4048
f 4251//4057 4250//4056 4243//4048
f 4232//4039 4231//4038 4252//4058
f 4233//4040 4232//4039 4253//4059
f 4234//4041 4233//4040 4254//4060
f 4238//4044 4234//4041 4255//4061
f 4244//4049 4238//4044 4256//4062
f 4251//4057 4244//4049 4257//4063
f 4260//4065 4253//4059 4252//4058
f 4254//4060 4253//4059 4260//4065
f 4255//4061 4254//4060 4261//4066
f 4263//4068 4256//4062 4255//4061
f 4264//4069 4257//4063 4256//4062
f 4258//4064 4257//4063 4264//4069
f 4266//4071 4259//4351 4258//4064
f 4261//4066 4260//4065 4267//4072
f 4270//4074 4262//4067 4261//4066
f 4271//4075 4272//4077 4270//4074
f 4272//4077 4263//4068 4262//4067
f 4273//4078 4274//4079 4272//4077
f 4274//4079 4264//4069 4263//4068
f 4276//4080 4277//4081 4274//4079
f 4277//4081 4265//4070 4264//4069
f 4278//4082 4268//4073 4267//4072
f 4280//4084 4269//4076 4278//4082
f 4269//4076 4270//4074 4268//4073
f 4281//4083 4282//4086 4280//4084
f 4282//4086 4271//4075 4269//4076
f 4284//4087 4285//4088 4282//4086
f 4285//4088 4273//4078 4271//4075
f 4288//4089 4284//4087 4283//4090
f 4275//4092 4285//4088 4284//4087
f 4275//4092 4276//4080 4273//4078
f 4293//4093 4290//4096 4289//4094
f 4293//4093 4281//4083 4279//4085
f 4296//4097 4292//4095 4291//4098
f 4283//4090 4293//4093 4292//4095
f 4284//4087 4281//4083 4293//4093
f 4299//4100 4295//4099 4294//4101
f 4286//4103 4296//4097 4295//4099
f 4287//4091 4283//4090 4296//4097
f 4305//4104 4301//4108 4300//4105
f 4306//4107 4302//4109 4301//4108
f 4291//4098 4303//4110 4302//4109
f 4292//4095 4289//4094 4303//4110
f 4307//4111 4304//4106 4205//4112
f 4308//4114 4305//4104 4304//4106
f 4294//4101 4306//4107 4305//4104
f 4295//4099 4291//4098 4306//4107
f 4309//4115 4307//4111 4208//4113
f 4297//4116 4308//4114 4307//4111
f 4298//4102 4294//4101 4308//4114
f 4310//1534 4153//2668 2232//1555
f 4311//1533 4310//1534 2672//2628
f 4312//1546 4311//1533 2673//2629
f 2675//1110 4313//1542 4312//1546
f 4314//1115 4313//1542 2675//1110
f 4315//1544 4161//2629 4153//2668
f 4316//1554 4315//1544 4310//1534
f 4317//1116 4316//1554 4311//1533
f 4318//1542 4317//1116 4312//1546
f 4319//1530 4318//1542 4313//1542
f 4320//1884 4169//1115 4161//2629
f 4321//627 4320//1884 4315//1544
f 4322//1116 4321//627 4316//1554
f 4323//1097 4322//1116 4317//1116
f 4319//1530 4324//2953 4323//1097
f 4325//1554 4176//1526 4169//1115
f 4326//627 4325//1554 4320//1884
f 4327//2189 4326//627 4321//627
f 4328//1118 4327//2189 4322//1116
f 4324//2953 4329//2670 4328//1118
f 4330//1884 4182//1547 4176//1526
f 4331//1884 4330//1884 4325//1554
f 4332//1538 4331//1884 4326//627
f 4333//1116 4332//1538 4327//2189
f 4334//1545 4333//1116 4328//1118
f 4335//629 4188//2963 4182//1547
f 4336//2189 4335//629 4330//1884
f 4337//1884 4336//2189 4331//1884
f 4338//4117 4337//1884 4332//1538
f 4339//4118 4338//4117 4333//1116
f 4340//1115 4193//3994 4188//2963
f 4341//1528 4340//1115 4335//629
f 4342//4119 4341//1528 4336//2189
f 4343//4120 4342//4119 4337//1884
f 4344//4121 4343//4120 4338//4117
f 4345//4122 4197//4008 4193//3994
f 4346//4123 4345//4122 4340//1115
f 4347//4124 4346//4123 4341//1528
f 4348//4125 4347//4124 4342//4119
f 4404//4126 4348//4125 4343//4120
f 4349//2667 4314//1115 2676//1870
f 2742//2965 4350//4127 4349//2667
f 4351//1537 4350//4127 2742//2965
f 4352//1544 4351//1537 2743//1869
f 4353//1540 4319//1530 4314//1115
f 4350//4127 4354//1537 4353//1540
f 4355//4127 4354//1537 4350//4127
f 4356//1547 4355//4127 4351//1537
f 4357//4128 4324//2953 4319//1530
f 4358//1552 4357//4128 4353//1540
f 4359//2670 4358//1552 4354//1537
f 4356//1547 4360//3743 4359//2670
f 4361//4129 4329//2670 4324//2953
f 4362//4130 4361//4129 4357//4128
f 4363//4006 4362//4130 4358//1552
f 4364//4131 4363//4006 4359//2670
f 4365//4132 4334//1545 4329//2670
f 4366//4128 4365//4132 4361//4129
f 4367//4133 4366//4128 4362//4130
f 4368//4134 4367//4133 4363//4006
f 4369//4135 4339//4118 4334//1545
f 4370//4136 4369//4135 4365//4132
f 4371//4137 4370//4136 4366//4128
f 4372//4138 4371//4137 4367//4133
f 4376//4139 4344//4121 4339//4118
f 4379//4140 4376//4139 4369//4135
f 4384//4141 4378//4181 4377//4142
f 4371//4137 4385//4154 4379//4140
f 4389//4144 4381//4148 4380//4145
f 4390//4147 4382//4150 4381//4148
f 4391//4149 4383//4143 4382//4150
f 4392//4151 4384//4141 4383//4143
f 4393//4152 4385//4154 4371//4137
f 4393//4152 4394//4155 4386//4153
f 4394//4155 4395//4158 4387//4156
f 4396//4157 4388//4146 4387//4156
f 4397//4159 4389//4144 4388//4146
f 4398//4160 4390//4147 4389//4144
f 4399//4161 4391//4149 4390//4147
f 4374//4162 4399//4161 4398//4160
f 4400//4164 4392//4151 4391//4149
f 4375//4165 4400//4164 4399//4161
f 4409//4166 4402//4170 4401//4167
f 4410//4169 4403//4314 4402//4170
f 4411//4171 4404//4126 4344//4121
f 4414//4172 4406//4176 4405//4173
f 4415//4175 4407//4178 4406//4176
f 4416//4177 4408//4168 4407//4178
f 4417//4179 4409//4166 4408//4168
f 4418//4180 4410//4169 4409//4166
f 4378//4181 4418//4180 4417//4179
f 4419//4182 4411//4171 4376//4139
f 4419//4182 4420//4184 4412//4183
f 4420//4184 4421//4186 4413//4174
f 4422//4185 4414//4172 4413//4174
f 4423//4187 4415//4175 4414//4172
f 4381//4148 4423//4187 4422//4185
f 4424//4188 4416//4177 4415//4175
f 4382//4150 4424//4188 4423//4187
f 4377//4142 4417//4179 4416//4177
f 4383//4143 4377//4142 4424//4188
f 4425//4189 4419//4182 4379//4140
f 4425//4189 4426//4190 4420//4184
f 4386//4153 4426//4190 4425//4189
f 4426//4190 4427//4191 4421//4186
f 4387//4156 4427//4191 4426//4190
f 4380//4145 4422//4185 4421//4186
f 4388//4146 4380//4145 4427//4191
f 2819//2758 4429//4193 4428//4192
f 2464//2424 4430//4194 4429//4193
f 2464//2424 2465//2426 4200//4010
f 4431//4195 4430//4194 4200//4010
f 4432//4196 4431//4195 4201//4011
f 4432//4196 4202//4012 4203//4013
f 2817//2760 4434//4198 4433//4197
f 2817//2760 2818//2757 4428//4192
f 4435//4199 4434//4198 4428//4192
f 4436//4200 4435//4199 4429//4193
f 4436//4200 4430//4194 4431//4195
f 2820//2761 4438//4203 4437//4202
f 2820//2761 2821//2759 4433//4197
f 4439//4204 4438//4203 4433//4197
f 4439//4204 4434//4198 4435//4199
f 2824//2763 2822//2762 4437//4202
f 4444//4206 4437//4202 4438//4203
f 2825//2770 2824//2763 4444//4206
f 4445//4207 4438//4203 4439//4204
f 4446//4208 2826//2772 2825//2770
f 4446//4208 4439//4204 4440//4205
f 4449//4210 2828//2765 2827//2764
f 4449//4210 4441//4229 4442//4212
f 4450//4213 2829//2766 2828//2765
f 4450//4213 4442//4212 4443//4214
f 4451//4215 2830//2768 2829//2766
f 4452//4216 2826//2772 4446//4208
f 4452//4216 2834//2774 2833//2773
f 4453//4217 4452//4216 4447//4209
f 4453//4217 2835//2775 2834//2774
f 4453//4217 4448//4211 2827//2764
f 4455//4218 4454//4201 4431//4195
f 4204//4050 4456//4223 4455//4218
f 4436//4200 4458//4220 4457//4219
f 4454//4201 4459//4221 4458//4220
f 4459//4221 4454//4201 4455//4218
f 4460//4222 4455//4218 4456//4223
f 4440//4205 4435//4199 4457//4219
f 4463//4226 4462//4225 4457//4219
f 4463//4226 4458//4220 4459//4221
f 4464//4227 4459//4221 4460//4222
f 4465//4228 4442//4212 4441//4229
f 4465//4228 4460//4222 4461//4224
f 4466//4230 4443//4214 4442//4212
f 4467//4231 4447//4209 4440//4205
f 4467//4231 4462//4225 4463//4226
f 4448//4211 4447//4209 4467//4231
f 4468//4232 4463//4226 4464//4227
f 4449//4210 4448//4211 4468//4232
f 4475//4233 4471//4253 4470//4234
f 4482//4236 4478//4240 4477//4237
f 4483//4239 4479//4280 4478//4240
f 4487//4241 4481//4238 4480//4242
f 4488//4244 4482//4236 4481//4238
f 4489//4245 4483//4239 4482//4236
f 4493//4246 4485//4250 4484//4247
f 4494//4249 4486//4243 4485//4250
f 4495//4251 4487//4241 4486//4243
f 4496//4252 4488//4244 4487//4241
f 4470//4234 4489//4245 4488//4244
f 4471//4253 4469//4421 4489//4245
f 4498//4254 4491//4258 4490//4255
f 4499//4257 4492//4248 4491//4258
f 4500//4259 4493//4246 4492//4248
f 4501//4260 4494//4249 4493//4246
f 4502//4261 4495//4251 4494//4249
f 4502//4261 4501//4260 4472//4262
f 4503//4264 4496//4252 4495//4251
f 4503//4264 4502//4261 4473//4263
f 4503//4264 4474//4235 4470//4234
f 4509//4265 4505//4300 4504//4266
f 4512//4268 4507//4272 4506//4269
f 4513//4271 4508//4267 4507//4272
f 4514//4273 4509//4265 4508//4267
f 4518//4274 4511//4270 4510//4275
f 4519//4277 4512//4268 4511//4270
f 4520//4278 4513//4271 4512//4268
f 4520//4278 4519//4277 4477//4237
f 4476//4279 4514//4273 4513//4271
f 4479//4280 4476//4279 4520//4278
f 4523//4281 4516//4285 4515//4282
f 4524//4284 4517//4276 4516//4285
f 4525//4286 4518//4274 4517//4276
f 4480//4242 4519//4277 4518//4274
f 4480//4242 4481//4238 4477//4237
f 4526//4287 4521//4289 4378//4181
f 4527//4288 4522//4283 4521//4289
f 4528//4290 4523//4281 4522//4283
f 4529//4291 4524//4284 4523//4281
f 4485//4250 4529//4291 4528//4290
f 4530//4292 4525//4286 4524//4284
f 4530//4292 4529//4291 4485//4250
f 4530//4292 4486//4243 4480//4242
f 4531//4293 4526//4287 4384//4141
f 4532//4294 4527//4288 4526//4287
f 4491//4258 4532//4294 4531//4293
f 4484//4247 4528//4290 4527//4288
f 4492//4248 4484//4247 4532//4294
f 4490//4255 4531//4293 4392//4151
f 4497//4256 4490//4255 4400//4164
f 4536//4295 4210//4017 4209//4296
f 4537//4298 4211//4015 4210//4017
f 4538//4299 4212//4018 4211//4015
f 4505//4300 4538//4299 4537//4298
f 4542//4301 4534//4305 4533//4302
f 4543//4304 4535//4297 4534//4305
f 4544//4306 4536//4295 4535//4297
f 4544//4306 4543//4304 4506//4269
f 4504//4266 4537//4298 4536//4295
f 4508//4267 4504//4266 4544//4306
f 4546//4307 4540//4311 4539//4308
f 4547//4310 4541//4303 4540//4311
f 4548//4312 4542//4301 4541//4303
f 4510//4275 4543//4304 4542//4301
f 4510//4275 4511//4270 4506//4269
f 4549//4313 4545//4309 4403//4314
f 4550//4315 4546//4307 4545//4309
f 4551//4316 4547//4310 4546//4307
f 4516//4285 4551//4316 4550//4315
f 4552//4317 4548//4312 4547//4310
f 4552//4317 4551//4316 4516//4285
f 4552//4317 4517//4276 4510//4275
f 4553//4318 4549//4313 4410//4169
f 4521//4289 4553//4318 4418//4180
f 4515//4282 4550//4315 4549//4313
f 4522//4283 4515//4282 4553//4318
f 4556//4319 2972//2911 2971//2910
f 4557//4321 2973//2912 2972//2911
f 2975//2914 2974//2913 4558//4322
f 4560//4324 2976//2915 2975//2914
f 4561//4325 2977//2916 2976//2915
f 2978//2917 2977//2916 4561//4325
f 2979//2918 2978//2917 4562//4326
f 2979//2918 4554//4327 4555//4320
f 4563//4328 4451//4215 4443//4214
f 4563//4328 2980//2919 2830//2768
f 4563//4328 4558//4322 2974//2913
f 4456//4223 4204//4050 4245//4051
f 4564//4329 4245//4051 4246//4052
f 4565//4330 4246//4052 4247//4053
f 4566//4331 4247//4053 4248//4054
f 4568//4333 4249//4055 4250//4056
f 4569//4334 4250//4056 4251//4057
f 4461//4224 4456//4223 4564//4329
f 4572//4336 4564//4329 4565//4330
f 4573//4337 4565//4330 4566//4331
f 4574//4338 4566//4331 4567//4332
f 4575//4339 4567//4332 4568//4333
f 4576//4340 4568//4333 4569//4334
f 4577//4341 4555//4320 4554//4327
f 4578//4342 4577//4341 4569//4334
f 4578//4342 4556//4319 4555//4320
f 4578//4342 4570//4335 4571//4343
f 4579//4344 4557//4321 4556//4319
f 4466//4230 4461//4224 4572//4336
f 4580//4345 4558//4322 4443//4214
f 4580//4345 4572//4336 4573//4337
f 4581//4346 4559//4323 4558//4322
f 4581//4346 4573//4337 4574//4338
f 4582//4347 4560//4324 4559//4323
f 4582//4347 4574//4338 4575//4339
f 4583//4348 4561//4325 4560//4324
f 4584//4349 4583//4348 4575//4339
f 4584//4349 4562//4326 4561//4325
f 4584//4349 4576//4340 4554//4327
f 4585//4350 4680//4446 4557//4321
f 4259//4351 4570//4335 4251//4057
f 4592//4352 4571//4343 4570//4335
f 4593//4353 4594//4355 4592//4352
f 4594//4355 4579//4344 4571//4343
f 4595//4356 4596//4357 4594//4355
f 4596//4357 4585//4350 4579//4344
f 4597//4358 4598//4360 4596//4357
f 4586//4359 4585//4350 4596//4357
f 4600//4361 4601//4362 4598//4360
f 4601//4362 4587//4367 4586//4359
f 4602//4363 4603//4365 4600//4361
f 4603//4365 4604//4366 4601//4362
f 4604//4366 4588//4371 4587//4367
f 4606//4368 4603//4365 4602//4363
f 4606//4368 4607//4370 4604//4366
f 4607//4370 4589//4375 4588//4371
f 4610//4372 4606//4368 4605//4369
f 4610//4372 4611//4374 4607//4370
f 4611//4374 4590//4459 4589//4375
f 4613//4376 4591//4354 4266//4071
f 4591//4354 4592//4352 4259//4351
f 4614//4377 4615//4379 4613//4376
f 4615//4379 4593//4353 4591//4354
f 4617//4380 4618//4381 4615//4379
f 4618//4381 4595//4356 4593//4353
f 4620//4382 4617//4380 4616//4383
f 4620//4382 4621//4385 4618//4381
f 4621//4385 4597//4358 4595//4356
f 4624//4386 4620//4382 4619//4384
f 4599//4364 4621//4385 4620//4382
f 4599//4364 4600//4361 4597//4358
f 4626//4388 4623//4387 4622//4389
f 4627//4391 4624//4386 4623//4387
f 4602//4363 4599//4364 4624//4386
f 4630//4392 4626//4388 4625//4390
f 4631//4394 4627//4391 4626//4388
f 4605//4369 4602//4363 4627//4391
f 4634//4395 4629//4393 4628//4396
f 4635//4398 4630//4392 4629//4393
f 4608//4399 4631//4394 4630//4392
f 4609//4373 4605//4369 4631//4394
f 4636//4400 4637//4401 4276//4080
f 4637//4401 4612//4378 4277//4081
f 4612//4378 4613//4376 4265//4070
f 4640//4402 4637//4401 4636//4400
f 4640//4402 4614//4377 4612//4378
f 4643//4404 4639//4403 4638//4405
f 4616//4383 4640//4402 4639//4403
f 4617//4380 4614//4377 4640//4402
f 4646//4407 4642//4406 4641//4408
f 4647//4410 4643//4404 4642//4406
f 4619//4384 4616//4383 4643//4404
f 4650//4411 4645//4409 4644//4412
f 4651//4414 4646//4407 4645//4409
f 4622//4389 4647//4410 4646//4407
f 4623//4387 4619//4384 4647//4410
f 4653//4415 4649//4413 4648//4416
f 4654//4418 4650//4411 4649//4413
f 4655//4419 4651//4414 4650//4411
f 4625//4390 4622//4389 4651//4414
f 4656//4420 4652//4417 4469//4421
f 4657//4422 4653//4415 4652//4417
f 4658//4423 4654//4418 4653//4415
f 4628//4396 4655//4419 4654//4418
f 4629//4393 4625//4390 4655//4419
f 4659//4424 4656//4420 4471//4253
f 4660//4425 4657//4422 4656//4420
f 4632//4426 4658//4423 4657//4422
f 4633//4397 4628//4396 4658//4423
f 4663//4427 4287//4091 4286//4103
f 4664//4429 4288//4089 4287//4091
f 4636//4400 4275//4092 4288//4089
f 4667//4430 4662//4428 4661//4431
f 4668//4433 4663//4427 4662//4428
f 4638//4405 4664//4429 4663//4427
f 4639//4403 4636//4400 4664//4429
f 4670//4434 4666//4432 4665//4435
f 4671//4437 4667//4430 4666//4432
f 4641//4408 4668//4433 4667//4430
f 4642//4406 4638//4405 4668//4433
f 4672//4438 4669//4436 4476//4279
f 4673//4439 4670//4434 4669//4436
f 4644//4412 4671//4437 4670//4434
f 4645//4409 4641//4408 4671//4437
f 4674//4440 4672//4438 4479//4280
f 4648//4416 4673//4439 4672//4438
f 4649//4413 4644//4412 4673//4439
f 4469//4421 4674//4440 4483//4239
f 4652//4417 4648//4416 4674//4440
f 4676//4441 4298//4102 4297//4116
f 4661//4431 4299//4100 4298//4102
f 4662//4428 4286//4103 4299//4100
f 4677//4443 4675//4442 4505//4300
f 4677//4443 4665//4435 4676//4441
f 4666//4432 4661//4431 4676//4441
f 4678//4444 4677//4443 4509//4265
f 4678//4444 4514//4273 4476//4279
f 4678//4444 4669//4436 4665//4435
f 4679//4445 4309//4115 4212//4018
f 4679//4445 4538//4299 4505//4300
f 4679//4445 4675//4442 4297//4116
f 4680//4446 3004//2941 2973//2912
f 4681//4447 3005//2942 3004//2941
f 3006//2943 3005//2942 4681//4447
f 3007//2944 3006//2943 4682//4448
f 3008//2945 3007//2944 4683//4449
f 3009//2946 3008//2945 4684//4450
f 4686//4452 3010//2947 3009//2946
f 3011//3196 3010//2947 4686//4452
f 4688//4454 4681//4447 4680//4446
f 4586//4359 4689//4455 4688//4454
f 4682//4448 4681//4447 4688//4454
f 4587//4367 4690//4456 4689//4455
f 4683//4449 4682//4448 4689//4455
f 4588//4371 4691//4457 4690//4456
f 4684//4450 4683//4449 4690//4456
f 4589//4375 4692//4458 4691//4457
f 4685//4451 4684//4450 4691//4457
f 4590//4459 4693//4460 4692//4458
f 4686//4452 4685//4451 4692//4458
f 4694//4461 4687//4453 4686//4452
f 4695//2978 4352//1544 2744//1544
f 4696//2679 4695//2978 3075//2978
f 3077//2672 4697//4465 4696//2679
f 4698//626 4697//4465 3077//2672
f 4699//4462 4698//626 3078//2979
f 4700//1554 4699//4462 3079//1097
f 4701//3213 4700//1554 3080//1554
f 4702//2978 4701//3213 3081//1116
f 4703//627 4702//2978 3082//1115
f 4704//4463 4356//1547 4352//1544
f 4705//1548 4704//4463 4695//2978
f 4706//4464 4705//1548 4696//2679
f 4707//3996 4706//4464 4697//4465
f 4708//1111 4707//3996 4698//626
f 4709//1526 4708//1111 4699//4462
f 4710//1526 4709//1526 4700//1554
f 4711//4466 4710//1526 4701//3213
f 4712//4467 4711//4466 4702//2978
f 4713//1538 4360//3743 4356//1547
f 4714//4468 4713//1538 4704//4463
f 4715//1117 4714//4468 4705//1548
f 4716//1539 4715//1117 4706//4464
f 4717//1551 4716//1539 4707//3996
f 4718//4469 4717//1551 4708//1111
f 4719//4470 4718//4469 4709//1526
f 4720//4471 4719//4470 4710//1526
f 4721//4472 4720//4471 4711//4466
f 4722//2671 4364//4131 4360//3743
f 4723//4473 4722//2671 4713//1538
f 4724//4474 4723//4473 4714//4468
f 4725//4475 4724//4474 4715//1117
f 4726//4476 4725//4475 4716//1539
f 4727//4477 4726//4476 4717//1551
f 4728//4478 4727//4477 4718//4469
f 4729//4479 4728//4478 4719//4470
f 4732//4480 4729//4479 4720//4471
f 4732//4480 4733//4517 4764//4481
f 4738//4482 4731//4515 4730//4483
f 4739//4485 4368//4134 4364//4131
f 4740//4486 4739//4485 4722//2671
f 4741//4487 4740//4486 4723//4473
f 4742//4488 4741//4487 4724//4474
f 4745//4489 4742//4488 4725//4475
f 4749//4490 4744//4547 4743//4491
f 4727//4477 4750//4501 4745//4489
f 4754//4493 4747//4497 4746//4494
f 4755//4496 4748//4492 4747//4497
f 4756//4498 4749//4490 4748//4492
f 4757//4499 4750//4501 4727//4477
f 4757//4499 4758//4502 4751//4500
f 4758//4502 4759//4505 4752//4503
f 4760//4504 4753//4495 4752//4503
f 4761//4506 4754//4493 4753//4495
f 4762//4507 4755//4496 4754//4493
f 4763//4508 4756//4498 4755//4496
f 4764//4481 4757//4499 4728//4478
f 4765//4509 4758//4502 4757//4499
f 4765//4509 4766//4510 4759//4505
f 4766//4510 4767//4512 4760//4504
f 4768//4511 4761//4506 4760//4504
f 4769//4513 4762//4507 4761//4506
f 4770//4514 4763//4508 4762//4507
f 4731//4515 4770//4514 4769//4513
f 4771//4516 4765//4509 4764//4481
f 4771//4516 4772//4519 4766//4510
f 4734//4518 4772//4519 4771//4516
f 4772//4519 4773//4522 4767//4512
f 4735//4520 4773//4522 4772//4519
f 4774//4521 4768//4511 4767//4512
f 4736//4523 4774//4521 4773//4522
f 4730//4483 4769//4513 4768//4511
f 4737//4484 4730//4483 4774//4521
f 4775//4524 4372//4138 4368//4134
f 4779//4525 4374//4162 4373//4163
f 4780//4527 4375//4165 4374//4162
f 4781//4528 4775//4524 4739//4485
f 4781//4528 4782//4538 4805//4529
f 4785//4530 4777//4534 4776//4531
f 4786//4533 4778//4526 4777//4534
f 4787//4535 4779//4525 4778//4526
f 4788//4536 4780//4527 4779//4525
f 4789//4537 4781//4528 4740//4486
f 4789//4537 4790//4539 4782//4538
f 4742//4488 4790//4539 4789//4537
f 4790//4539 4791//4541 4783//4540
f 4791//4541 4792//4542 4784//4532
f 4792//4542 4793//4544 4785//4530
f 4794//4543 4786//4533 4785//4530
f 4795//4545 4787//4535 4786//4533
f 4796//4546 4788//4536 4787//4535
f 4744//4547 4796//4546 4795//4545
f 4797//4548 4790//4539 4742//4488
f 4797//4548 4798//4549 4791//4541
f 4798//4549 4799//4551 4792//4542
f 4800//4550 4793//4544 4792//4542
f 4801//4552 4794//4543 4793//4544
f 4747//4497 4801//4552 4800//4550
f 4743//4491 4795//4545 4794//4543
f 4748//4492 4743//4491 4801//4552
f 4802//4553 4797//4548 4745//4489
f 4802//4553 4803//4554 4798//4549
f 4751//4500 4803//4554 4802//4553
f 4803//4554 4804//4555 4799//4551
f 4752//4503 4804//4555 4803//4554
f 4746//4494 4800//4550 4799//4551
f 4753//4495 4746//4494 4804//4555
f 4805//4529 4393//4152 4372//4138
f 4806//4556 4394//4155 4393//4152
f 4806//4556 4807//4558 4395//4158
f 4808//4557 4396//4157 4395//4158
f 4809//4559 4397//4159 4396//4157
f 4777//4534 4809//4559 4808//4557
f 4373//4163 4398//4160 4397//4159
f 4778//4526 4373//4163 4809//4559
f 4810//4560 4806//4556 4805//4529
f 4810//4560 4811//4561 4807//4558
f 4783//4540 4811//4561 4810//4560
f 4776//4531 4808//4557 4807//4558
f 4784//4532 4776//4531 4811//4561
f 4818//4562 4814//4594 4813//4563
f 4823//4565 4820//4614 4819//4566
f 4826//4568 4822//4567 4821//4569
f 4827//4571 4823//4565 4822//4567
f 4831//4572 4825//4570 4824//4573
f 4832//4575 4826//4568 4825//4570
f 4833//4576 4827//4571 4826//4568
f 4837//4577 4829//4581 4828//4578
f 4838//4580 4830//4574 4829//4581
f 4839//4582 4831//4572 4830//4574
f 4840//4583 4832//4575 4831//4572
f 4841//4584 4833//4576 4832//4575
f 4843//4585 4835//4589 4834//4586
f 4844//4588 4836//4579 4835//4589
f 4845//4590 4837//4577 4836//4579
f 4846//4591 4838//4580 4837//4577
f 4847//4592 4839//4582 4838//4580
f 4848//4593 4840//4583 4839//4582
f 4813//4563 4841//4584 4840//4583
f 4814//4594 4812//4703 4841//4584
f 4849//4595 4842//4587 4731//4515
f 4850//4596 4843//4585 4842//4587
f 4851//4597 4844//4588 4843//4585
f 4852//4598 4845//4590 4844//4588
f 4853//4599 4846//4591 4845//4590
f 4854//4600 4847//4592 4846//4591
f 4816//4601 4854//4600 4853//4599
f 4855//4603 4848//4593 4847//4592
f 4855//4603 4854//4600 4816//4601
f 4855//4603 4817//4564 4813//4563
f 4858//4604 4473//4263 4472//4262
f 4859//4606 4474//4235 4473//4263
f 4860//4607 4475//4233 4474//4235
f 4865//4608 4857//4605 4856//4609
f 4866//4611 4858//4604 4857//4605
f 4867//4612 4859//4606 4858//4604
f 4868//4613 4860//4607 4859//4606
f 4868//4613 4867//4612 4819//4566
f 4870//4615 4862//4619 4861//4616
f 4871//4618 4863//4621 4862//4619
f 4872//4620 4864//4610 4863//4621
f 4872//4620 4873//4623 4865//4608
f 4874//4622 4866//4611 4865//4608
f 4821//4569 4867//4612 4866//4611
f 4821//4569 4822//4567 4819//4566
f 4875//4624 4869//4617 4744//4547
f 4876//4625 4870//4615 4869//4617
f 4877//4626 4871//4618 4870//4615
f 4878//4627 4872//4620 4871//4618
f 4879//4628 4873//4623 4872//4620
f 4824//4573 4874//4622 4873//4623
f 4825//4570 4821//4569 4874//4622
f 4880//4629 4875//4624 4749//4490
f 4881//4630 4876//4625 4875//4624
f 4882//4631 4877//4626 4876//4625
f 4883//4632 4878//4627 4877//4626
f 4829//4581 4883//4632 4882//4631
f 4884//4633 4879//4628 4878//4627
f 4884//4633 4883//4632 4829//4581
f 4884//4633 4830//4574 4824//4573
f 4885//4634 4880//4629 4756//4498
f 4886//4635 4881//4630 4880//4629
f 4835//4589 4886//4635 4885//4634
f 4828//4578 4882//4631 4881//4630
f 4836//4579 4828//4578 4886//4635
f 4834//4586 4885//4634 4763//4508
f 4842//4587 4834//4586 4770//4514
f 4887//4636 4497//4256 4375//4165
f 4888//4637 4498//4254 4497//4256
f 4889//4638 4499//4257 4498//4254
f 4890//4639 4500//4259 4499//4257
f 4856//4609 4501//4260 4500//4259
f 4856//4609 4857//4605 4472//4262
f 4891//4640 4887//4636 4780//4527
f 4892//4641 4888//4637 4887//4636
f 4862//4619 4892//4641 4891//4640
f 4893//4642 4889//4638 4888//4637
f 4863//4621 4893//4642 4892//4641
f 4894//4643 4890//4639 4889//4638
f 4894//4643 4893//4642 4863//4621
f 4894//4643 4864//4610 4856//4609
f 4861//4616 4891//4640 4788//4536
f 4869//4617 4861//4616 4796//4546
f 4900//4644 4898//4667 4897//4645
f 4905//4647 4903//4681 4902//4648
f 4908//4650 4905//4647 4904//4649
f 4911//4652 4907//4651 4906//4653
f 4912//4655 4908//4650 4907//4651
f 4915//4656 4910//4654 4909//4657
f 4916//4659 4911//4652 4910//4654
f 4917//4660 4912//4655 4911//4652
f 4896//4661 4895//4736 4912//4655
f 4920//4662 4914//4658 4913//4663
f 4921//4665 4915//4656 4914//4658
f 4922//4666 4916//4659 4915//4656
f 4897//4645 4917//4660 4916//4659
f 4898//4667 4896//4661 4917//4660
f 4924//4668 4919//4664 4918//4669
f 4925//4671 4920//4662 4919//4664
f 4926//4672 4921//4665 4920//4662
f 4927//4673 4922//4666 4921//4665
f 4899//4646 4897//4645 4922//4666
f 4929//4674 4609//4373 4608//4399
f 4930//4676 4610//4372 4609//4373
f 4930//4676 4931//4677 4611//4374
f 4931//4677 4901//4741 4590//4459
f 4934//4678 4929//4674 4928//4675
f 4935//4680 4930//4676 4929//4674
f 4902//4648 4931//4677 4930//4676
f 4903//4681 4901//4741 4931//4677
f 4938//4682 4933//4679 4932//4683
f 4939//4685 4934//4678 4933//4679
f 4940//4686 4935//4680 4934//4678
f 4904//4649 4902//4648 4935//4680
f 4943//4687 4937//4684 4936//4688
f 4944//4690 4938//4682 4937//4684
f 4945//4691 4939//4685 4938//4682
f 4906//4653 4940//4686 4939//4685
f 4907//4651 4904//4649 4940//4686
f 4948//4692 4942//4689 4941//4693
f 4949//4695 4943//4687 4942//4689
f 4950//4696 4944//4690 4943//4687
f 4909//4657 4945//4691 4944//4690
f 4910//4654 4906//4653 4945//4691
f 4952//4697 4947//4694 4946//4698
f 4953//4700 4948//4692 4947//4694
f 4954//4701 4949//4695 4948//4692
f 4913//4663 4950//4696 4949//4695
f 4914//4658 4909//4657 4950//4696
f 4955//4702 4951//4699 4812//4703
f 4956//4704 4952//4697 4951//4699
f 4957//4705 4953//4700 4952//4697
f 4918//4669 4954//4701 4953//4700
f 4919//4664 4913//4663 4954//4701
f 4958//4706 4955//4702 4814//4594
f 4959//4707 4956//4704 4955//4702
f 4960//4708 4957//4705 4956//4704
f 4923//4670 4918//4669 4957//4705
f 4963//4709 4633//4397 4632//4426
f 4964//4711 4634//4395 4633//4397
f 4965//4712 4635//4398 4634//4395
f 4928//4675 4608//4399 4635//4398
f 4967//4713 4962//4710 4961//4714
f 4968//4716 4963//4709 4962//4710
f 4969//4717 4964//4711 4963//4709
f 4932//4683 4965//4712 4964//4711
f 4933//4679 4928//4675 4965//4712
f 4970//4718 4966//4715 4820//4614
f 4971//4719 4967//4713 4966//4715
f 4972//4720 4968//4716 4967//4713
f 4936//4688 4969//4717 4968//4716
f 4937//4684 4932//4683 4969//4717
f 4973//4721 4970//4718 4823//4565
f 4974//4722 4971//4719 4970//4718
f 4941//4693 4972//4720 4971//4719
f 4942//4689 4936//4688 4972//4720
f 4975//4723 4973//4721 4827//4571
f 4946//4698 4974//4722 4973//4721
f 4947//4694 4941//4693 4974//4722
f 4812//4703 4975//4723 4833//4576
f 4951//4699 4946//4698 4975//4723
f 4976//4724 4659//4424 4475//4233
f 4961//4714 4660//4425 4659//4424
f 4962//4710 4632//4426 4660//4425
f 4977//4725 4976//4724 4860//4607
f 4977//4725 4868//4613 4820//4614
f 4977//4725 4966//4715 4961//4714
f 4978//4726 3296//3197 3011//3196
f 4980//4727 3298//3199 3296//3197
f 4981//4728 4982//4730 4980//4727
f 4982//4730 3299//3200 3298//3199
f 4983//4731 4984//4732 4982//4730
f 4984//4732 3300//3201 3299//3200
f 4985//4733 4986//4734 4984//4732
f 4986//4734 3302//3203 3300//3201
f 4987//4735 4985//4733 4895//4736
f 4987//4735 4988//4737 4986//4734
f 4988//4737 3304//3205 3302//3203
f 4989//4738 4987//4735 4896//4661
f 4989//4738 3306//3210 4988//4737
f 3306//3210 3307//3207 3304//3205
f 4990//4739 4989//4738 4898//4667
f 4990//4739 3309//3209 3306//3210
f 4991//4740 4693//4460 4590//4459
f 4991//4740 4992//4742 4694//4461
f 4978//4726 4687//4453 4694//4461
f 4993//4743 4991//4740 4901//4741
f 4993//4743 4979//4729 4992//4742
f 4979//4729 4980//4727 4978//4726
f 4994//4744 4993//4743 4903//4681
f 4994//4744 4981//4728 4979//4729
f 4995//4745 4994//4744 4905//4647
f 4983//4731 4981//4728 4994//4744
f 4895//4736 4995//4745 4908//4650
f 4895//4736 4985//4733 4983//4731
f 4996//1869 4703//627 3083//2980
f 4997//1111 4996//1869 3382//3261
f 4998//1106 4997//1111 3383//3262
f 4999//4746 4998//1106 3384//3263
f 5000//4747 4999//4746 3385//3264
f 5001//4748 5000//4747 3386//2628
f 5002//4749 5001//4748 3387//2672
f 5003//4750 5002//4749 3388//1119
f 5004//4751 5003//4750 3389//3265
f 5005//4752 5004//4751 3390//3267
f 5006//4753 4712//4467 4703//627
f 5007//4754 5006//4753 4996//1869
f 5008//4755 5007//4754 4997//1111
f 5009//4756 5008//4755 4998//1106
f 5010//4757 5009//4756 4999//4746
f 5011//4758 5010//4757 5000//4747
f 5012//4759 5011//4758 5001//4748
f 5013//4760 5012//4759 5002//4749
f 5015//4761 5013//4760 5003//4750
f 5020//4762 5015//4761 5004//4751
f 5020//4762 5021//4765 5016//4763
f 5022//4764 5017//4767 5016//4763
f 5023//4766 5018//4769 5017//4767
f 5024//4768 5019//4801 5018//4769
f 5025//4770 4721//4472 4712//4467
f 5026//4771 5025//4770 5006//4753
f 5027//4772 5026//4771 5007//4754
f 5029//4773 5027//4772 5008//4755
f 5034//4774 5029//4773 5009//4756
f 5034//4774 5035//4785 5069//4775
f 5037//4776 5031//4780 5030//4777
f 5038//4779 5032//4782 5031//4780
f 5039//4781 5033//4820 5032//4782
f 5040//4783 5034//4774 5010//4757
f 5041//4784 5035//4785 5034//4774
f 5041//4784 5042//4786 5036//4778
f 5042//4786 5043//4788 5037//4776
f 5044//4787 5038//4779 5037//4776
f 5045//4789 5039//4781 5038//4779
f 5046//4790 5040//4783 5011//4758
f 5046//4790 5047//4792 5041//4784
f 5013//4760 5047//4792 5046//4790
f 5048//4791 5042//4786 5041//4784
f 5048//4791 5049//4794 5043//4788
f 5050//4793 5044//4787 5043//4788
f 5051//4795 5045//4789 5044//4787
f 5052//4796 5047//4792 5013//4760
f 5052//4796 5053//4797 5048//4791
f 5016//4763 5053//4797 5052//4796
f 5053//4797 5054//4799 5049//4794
f 5017//4767 5054//4799 5053//4797
f 5055//4798 5050//4793 5049//4794
f 5018//4769 5055//4798 5054//4799
f 5014//4800 5051//4795 5050//4793
f 5019//4801 5014//4800 5055//4798
f 5056//4802 4732//4480 4721//4472
f 5056//4802 5057//4803 4733//4517
f 5026//4771 5057//4803 5056//4802
f 5057//4803 5058//4804 4734//4518
f 5058//4804 5059//4806 4735//4520
f 5060//4805 4736//4523 4735//4520
f 5061//4807 4737//4484 4736//4523
f 5062//4808 4738//4482 4737//4484
f 5063//4809 5057//4803 5026//4771
f 5063//4809 5064//4810 5058//4804
f 5064//4810 5065//4811 5059//4806
f 5065//4811 5066//4813 5060//4805
f 5067//4812 5061//4807 5060//4805
f 5068//4814 5062//4808 5061//4807
f 5069//4775 5063//4809 5027//4772
f 5069//4775 5070//4815 5064//4810
f 5070//4815 5071//4817 5065//4811
f 5072//4816 5066//4813 5065//4811
f 5031//4780 5072//4816 5071//4817
f 5073//4818 5067//4812 5066//4813
f 5032//4782 5073//4818 5072//4816
f 5028//4819 5068//4814 5067//4812
f 5033//4820 5028//4819 5073//4818
f 5074//4821 5070//4815 5069//4775
f 5074//4821 5030//4777 5071//4817
f 5036//4778 5030//4777 5074//4821
f 5083//4822 5079//4949 5078//4823
f 5087//4825 5081//4829 5080//4826
f 5088//4828 5082//4824 5081//4829
f 5088//4828 5089//4960 5083//4822
f 5093//4830 5085//4834 5084//4831
f 5094//4833 5086//4827 5085//4834
f 5095//4835 5087//4825 5086//4827
f 5096//4836 5088//4828 5087//4825
f 5097//4837 5089//4960 5088//4828
f 5098//4838 5090//4840 5014//4800
f 5099//4839 5091//4842 5090//4840
f 5100//4841 5092//4832 5091//4842
f 5101//4843 5093//4830 5092//4832
f 5102//4844 5094//4833 5093//4830
f 5103//4845 5095//4835 5094//4833
f 5104//4846 5096//4836 5095//4835
f 5105//4847 5097//4837 5096//4836
f 5106//4848 5098//4838 5019//4801
f 5107//4849 5099//4839 5098//4838
f 5108//4850 5100//4841 5099//4839
f 5109//4851 5101//4843 5100//4841
f 5110//4852 5102//4844 5101//4843
f 5111//4853 5103//4845 5102//4844
f 5112//4854 5104//4846 5103//4845
f 5113//4855 5105//4847 5104//4846
f 5076//4856 5113//4855 5112//4854
f 5117//4858 4816//4601 4815//4602
f 5118//4860 4817//4564 4816//4601
f 5118//4860 5119//4868 4818//4562
f 5123//4861 5115//4865 5114//4862
f 5124//4864 5116//4859 5115//4865
f 5125//4866 5117//4858 5116//4859
f 5126//4867 5118//4860 5117//4858
f 5126//4867 5127//4879 5119//4868
f 5128//4869 5120//4871 5028//4819
f 5129//4870 5121//4873 5120//4871
f 5130//4872 5122//4863 5121//4873
f 5131//4874 5123//4861 5122//4863
f 5132//4875 5124//4864 5123//4861
f 5133//4876 5125//4866 5124//4864
f 5134//4877 5126//4867 5125//4866
f 5078//4823 5127//4879 5126//4867
f 5078//4823 5079//4949 5077//4878
f 5135//4880 5128//4869 5033//4820
f 5136//4881 5129//4870 5128//4869
f 5137//4882 5130//4872 5129//4870
f 5138//4883 5131//4874 5130//4872
f 5139//4884 5132//4875 5131//4874
f 5140//4885 5133//4876 5132//4875
f 5081//4829 5140//4885 5139//4884
f 5141//4886 5134//4877 5133//4876
f 5141//4886 5140//4885 5081//4829
f 5141//4886 5082//4824 5078//4823
f 5142//4887 5135//4880 5039//4781
f 5143//4888 5136//4881 5135//4880
f 5144//4889 5137//4882 5136//4881
f 5145//4890 5138//4883 5137//4882
f 5085//4834 5145//4890 5144//4889
f 5080//4826 5139//4884 5138//4883
f 5086//4827 5080//4826 5145//4890
f 5146//4891 5142//4887 5045//4789
f 5090//4840 5146//4891 5051//4795
f 5147//4892 5143//4888 5142//4887
f 5091//4842 5147//4892 5146//4891
f 5084//4831 5144//4889 5143//4888
f 5092//4832 5084//4831 5147//4892
f 5148//4893 4849//4595 4738//4482
f 5149//4894 4850//4596 4849//4595
f 5150//4895 4851//4597 4850//4596
f 5151//4896 4852//4598 4851//4597
f 5115//4865 5151//4896 5150//4895
f 4815//4602 4853//4599 4852//4598
f 5116//4859 4815//4602 5151//4896
f 5152//4897 5148//4893 5062//4808
f 5120//4871 5152//4897 5068//4814
f 5153//4898 5149//4894 5148//4893
f 5121//4873 5153//4898 5152//4897
f 5114//4862 5150//4895 5149//4894
f 5122//4863 5114//4862 5153//4898
f 5156//4899 4900//4644 4899//4646
f 5159//4901 5155//4900 5154//4902
f 5160//4904 5156//4899 5155//4900
f 5162//4905 5158//4903 5157//4906
f 5163//4908 5159//4901 5158//4903
f 5164//4909 5160//4904 5159//4901
f 5167//4910 5162//4905 5161//4907
f 5168//4912 5163//4908 5162//4905
f 5169//4913 5164//4909 5163//4908
f 5172//4914 5166//4911 5165//4915
f 5173//4917 5167//4910 5166//4911
f 5174//4918 5168//4912 5167//4910
f 5175//4919 5169//4913 5168//4912
f 3432//3430 3431//3429 5169//4913
f 5178//4920 5171//4916 5170//4921
f 5179//4923 5172//4914 5171//4916
f 5180//4924 5173//4917 5172//4914
f 5181//4925 5174//4918 5173//4917
f 3433//3308 5175//4919 5174//4918
f 3434//3434 3432//3430 5175//4919
f 5184//4926 5177//4922 5176//4927
f 5185//4929 5178//4920 5177//4922
f 5186//4930 5179//4923 5178//4920
f 5187//4931 5180//4924 5179//4923
f 3435//3311 5181//4925 5180//4924
f 3436//3309 3433//3308 5181//4925
f 5189//4932 5183//4928 5182//4933
f 5190//4935 5184//4926 5183//4928
f 5191//4936 5185//4929 5184//4926
f 5192//4937 5186//4930 5185//4929
f 5193//4938 5187//4931 5186//4930
f 3438//3312 3435//3311 5187//4931
f 5196//4939 4924//4668 4923//4670
f 5197//4941 4925//4671 4924//4668
f 5198//4942 4926//4672 4925//4671
f 5154//4902 4927//4673 4926//4672
f 5155//4900 4899//4646 4927//4673
f 5201//4943 5195//4940 5194//4944
f 5202//4946 5196//4939 5195//4940
f 5203//4947 5197//4941 5196//4939
f 5157//4906 5198//4942 5197//4941
f 5158//4903 5154//4902 5198//4942
f 5204//4948 5199//4951 5077//4878
f 5205//4950 5200//4945 5199//4951
f 5205//4950 5206//4953 5201//4943
f 5207//4952 5202//4946 5201//4943
f 5208//4954 5203//4947 5202//4946
f 5161//4907 5157//4906 5203//4947
f 5209//4955 5204//4948 5079//4949
f 5210//4956 5205//4950 5204//4948
f 5211//4957 5206//4953 5205//4950
f 5212//4958 5207//4952 5206//4953
f 5165//4915 5208//4954 5207//4952
f 5166//4911 5161//4907 5208//4954
f 5213//4959 5209//4955 5083//4822
f 5214//4961 5210//4956 5209//4955
f 5215//4962 5211//4957 5210//4956
f 5170//4921 5212//4958 5211//4957
f 5171//4916 5165//4915 5212//4958
f 5216//4963 5213//4959 5089//4960
f 5217//4964 5214//4961 5213//4959
f 5176//4927 5215//4962 5214//4961
f 5177//4922 5170//4921 5215//4962
f 5218//4965 5216//4963 5097//4837
f 5182//4933 5217//4964 5216//4963
f 5183//4928 5176//4927 5217//4964
f 5219//4966 5218//4965 5105//4847
f 5219//4966 5113//4855 5076//4856
f 5219//4966 5188//4934 5182//4933
f 5220//4967 4958//4706 4818//4562
f 5221//4968 4959//4707 4958//4706
f 5194//4944 4960//4708 4959//4707
f 5195//4940 4923//4670 4960//4708
f 5222//4969 5220//4967 5119//4868
f 5222//4969 5127//4879 5077//4878
f 5223//4970 5221//4968 5220//4967
f 5223//4970 5222//4969 5199//4951
f 5223//4970 5200//4945 5194//4944
f 5224//4971 4990//4739 4900//4644
f 3544//3416 3309//3209 4990//4739
f 5225//4972 5224//4971 5156//4899
f 3547//3419 3544//3416 5224//4971
f 5226//4973 5225//4972 5160//4904
f 3550//3423 3547//3419 5225//4972
f 3431//3429 5226//4973 5164//4909
f 3553//3426 3550//3423 5226//4973
f 5227//4974 5005//4752 3391//3268
f 5228//4975 5227//4974 3629//3479
f 5230//4976 5228//4975 3630//3480
f 5230//4976 5231//4981 5258//4977
f 5235//4978 5230//4976 3631//3481
f 5236//4979 5231//4981 5230//4976
f 5236//4979 5237//4982 5232//4980
f 5237//4982 5238//4985 5233//4983
f 5239//4984 5234//5010 5233//4983
f 5240//4986 5235//4978 3632//3482
f 5240//4986 5241//4988 5236//4979
f 3634//3484 5241//4988 5240//4986
f 5242//4987 5237//4982 5236//4979
f 5242//4987 5243//4989 5238//4985
f 5243//4989 5244//4993 5239//4984
f 5245//4990 5241//4988 3634//3484
f 5245//4990 5246//4991 5242//4987
f 5246//4991 5247//4992 5243//4989
f 5247//4992 5248//4997 5244//4993
f 5249//4994 5245//4990 3635//3485
f 5249//4994 5250//4995 5246//4991
f 3637//3487 5250//4995 5249//4994
f 5250//4995 5251//4996 5247//4992
f 3638//3490 5251//4996 5250//4995
f 5251//4996 5252//5054 5248//4997
f 3639//3511 5252//5054 5251//4996
f 5253//4998 5020//4762 5005//4752
f 5254//4999 5021//4765 5020//4762
f 5254//4999 5255//5000 5022//4764
f 5255//5000 5256//5002 5023//4766
f 5257//5001 5024//4768 5023//4766
f 5258//4977 5253//4998 5227//4974
f 5258//4977 5259//5003 5254//4999
f 5259//5003 5260//5004 5255//5000
f 5260//5004 5261//5005 5256//5002
f 5261//5005 5262//5062 5257//5001
f 5263//5006 5259//5003 5258//4977
f 5263//5006 5264//5007 5260//5004
f 5232//4980 5264//5007 5263//5006
f 5264//5007 5265//5009 5261//5005
f 5233//4983 5265//5009 5264//5007
f 5229//5008 5262//5062 5261//5005
f 5234//5010 5229//5008 5265//5009
f 5270//5011 5076//4856 5075//4857
f 5275//5013 5267//5017 5266//5014
f 5276//5016 5268//5019 5267//5017
f 5277//5018 5269//5012 5268//5019
f 5278//5020 5270//5011 5269//5012
f 5279//5021 5271//5023 5229//5008
f 5280//5022 5272//5025 5271//5023
f 5281//5024 5273//5027 5272//5025
f 5282//5026 5274//5015 5273//5027
f 5283//5028 5275//5013 5274//5015
f 5284//5029 5276//5016 5275//5013
f 5285//5030 5277//5018 5276//5016
f 5286//5031 5278//5020 5277//5018
f 5287//5032 5279//5021 5234//5010
f 5288//5033 5280//5022 5279//5021
f 5289//5034 5281//5024 5280//5022
f 5290//5035 5282//5026 5281//5024
f 5291//5036 5283//5028 5282//5026
f 5291//5036 5292//5038 5284//5029
f 5293//5037 5285//5030 5284//5029
f 5294//5039 5286//5031 5285//5030
f 5244//4993 5295//5041 5287//5032
f 5296//5040 5288//5033 5287//5032
f 5297//5042 5289//5034 5288//5033
f 5298//5043 5290//5035 5289//5034
f 5299//5044 5291//5036 5290//5035
f 5300//5045 5292//5038 5291//5036
f 5301//5046 5293//5037 5292//5038
f 5302//5047 5294//5039 5293//5037
f 3645//3573 5302//5047 5301//5046
f 5248//4997 5303//5049 5295//5041
f 5304//5048 5296//5040 5295//5041
f 3647//3500 5304//5048 5303//5049
f 5305//5050 5297//5042 5296//5040
f 3648//3502 5305//5050 5304//5048
f 5306//5051 5298//5043 5297//5042
f 3649//3504 5306//5051 5305//5050
f 5307//5052 5299//5044 5298//5043
f 3650//3506 5307//5052 5306//5051
f 5308//5053 5300//5045 5299//5044
f 3651//3508 5308//5053 5307//5052
f 3644//3494 5301//5046 5300//5045
f 3652//3495 3644//3494 5308//5053
f 3646//3497 5303//5049 5248//4997
f 3654//3498 3646//3497 5252//5054
f 5309//5055 5106//4848 5024//4768
f 5310//5056 5107//4849 5106//4848
f 5311//5057 5108//4850 5107//4849
f 5312//5058 5109//4851 5108//4850
f 5313//5059 5110//4852 5109//4851
f 5267//5017 5313//5059 5312//5058
f 5314//5060 5111//4853 5110//4852
f 5268//5019 5314//5060 5313//5059
f 5075//4857 5112//4854 5111//4853
f 5269//5012 5075//4857 5314//5060
f 5315//5061 5309//5055 5257//5001
f 5271//5023 5315//5061 5262//5062
f 5316//5063 5310//5056 5309//5055
f 5272//5025 5316//5063 5315//5061
f 5317//5064 5311//5057 5310//5056
f 5273//5027 5317//5064 5316//5063
f 5266//5014 5312//5058 5311//5057
f 5274//5015 5266//5014 5317//5064
f 5318//5065 5188//4934 5076//4856
f 5318//5065 5319//5066 5189//4932
f 5319//5066 5320//5068 5190//4935
f 5321//5067 5191//4936 5190//4935
f 5322//5069 5192//4937 5191//4936
f 3697//3546 5193//4938 5192//4937
f 3698//3543 3438//3312 5193//4938
f 5323//5070 5318//5065 5270//5011
f 5323//5070 5324//5072 5319//5066
f 5325//5071 5320//5068 5319//5066
f 5326//5073 5321//5067 5320//5068
f 3701//3551 5322//5069 5321//5067
f 3702//3547 3697//3546 5322//5069
f 5327//5074 5323//5070 5278//5020
f 5328//5075 5324//5072 5323//5070
f 5329//5076 5325//5071 5324//5072
f 3706//3557 5326//5073 5325//5071
f 3707//3552 3701//3551 5326//5073
f 5330//5077 5327//5074 5286//5031
f 5331//5078 5328//5075 5327//5074
f 3712//3565 5329//5076 5328//5075
f 3713//3558 3706//3557 5329//5076
f 5332//5079 5330//5077 5294//5039
f 3719//3575 5332//5079 5302//5047
f 5333//5080 5331//5078 5330//5077
f 5333//5080 5332//5079 3719//3575
f 5333//5080 3720//3566 3712//3565
f 5335//5081 5334//2956 4195//1545
f 5336//5082 5335//5081 4196//1547
f 5338//5084 5337//5083 5335//5081
f 5349//5086 5342//5090 5341//5087
f 5350//5089 5343//5116 5342//5090
f 5345//5091 5353//5095 5352//5092
f 5346//5094 5354//5097 5353//5095
f 5347//5096 5355//5098 5354//5097
f 5348//5088 5341//5087 5355//5098
f 5364//5099 5357//5103 5356//5100
f 5365//5102 5358//5105 5357//5103
f 5366//5104 5359//5106 5358//5105
f 5366//5104 5365//5102 4206//4016
f 4205//4112 5360//5120 5359//5106
f 4208//4113 4205//4112 5366//5104
f 5369//5107 5362//5111 5361//5108
f 5370//5110 5363//5101 5362//5111
f 5371//5112 5364//5099 5363//5101
f 4209//4296 5365//5102 5364//5099
f 4209//4296 4210//4017 4206//4016
f 5362//5111 5374//5114 5373//5113
f 5363//5101 5356//5100 5374//5114
f 5375//5115 5372//5119 5343//5116
f 5367//5117 5375//5115 5350//5089
f 5361//5108 5373//5113 5372//5119
f 5368//5109 5361//5108 5375//5115
f 4304//4106 4300//4105 5360//5120
f 5376//5121 5336//5082 4197//4008
f 5377//5122 5376//5121 4345//4122
f 5378//5123 5377//5122 4346//4123
f 5379//5124 5378//5123 4347//4124
f 5380//5125 5338//5084 5336//5082
f 5381//5126 5380//5125 5376//5121
f 5382//5127 5339//5085 5338//5084
f 5391//5128 5384//5132 5383//5129
f 5392//5131 5385//5134 5384//5132
f 5393//5133 5386//5159 5385//5134
f 5394//5135 5381//5126 5377//5122
f 5396//5136 5388//5140 5387//5137
f 5397//5139 5389//5142 5388//5140
f 5398//5141 5390//5130 5389//5142
f 5399//5143 5391//5128 5390//5130
f 5400//5144 5392//5131 5391//5128
f 4402//4170 5400//5144 5399//5143
f 5401//5145 5393//5133 5392//5131
f 4403//4314 5401//5145 5400//5144
f 5379//5124 5402//5146 5394//5135
f 4404//4126 5402//5146 5379//5124
f 5402//5146 5403//5147 5395//5138
f 5403//5147 5404//5149 5396//5136
f 5405//5148 5397//5139 5396//5136
f 4406//4176 5405//5148 5404//5149
f 5406//5150 5398//5141 5397//5139
f 4407//4178 5406//5150 5405//5148
f 4401//4167 5399//5143 5398//5141
f 4408//4168 4401//4167 5406//5150
f 5407//5151 5402//5146 4404//4126
f 5407//5151 5408//5152 5403//5147
f 4412//4183 5408//5152 5407//5151
f 5408//5152 4405//4173 5404//5149
f 4413//4174 4405//4173 5408//5152
f 5411//5153 5345//5091 5344//5093
f 5412//5155 5346//5094 5345//5091
f 5413//5156 5347//5096 5346//5094
f 5414//5157 5348//5088 5347//5096
f 5384//5132 5414//5157 5413//5156
f 5415//5158 5349//5086 5348//5088
f 5385//5134 5415//5158 5414//5157
f 5340//5118 5350//5089 5349//5086
f 5386//5159 5340//5118 5415//5158
f 5381//5126 5416//5161 5409//5160
f 5416//5161 5417//5163 5410//5154
f 5418//5162 5411//5153 5410//5154
f 5388//5140 5418//5162 5417//5163
f 5419//5164 5412//5155 5411//5153
f 5389//5142 5419//5164 5418//5162
f 5383//5129 5413//5156 5412//5155
f 5390//5130 5383//5129 5419//5164
f 5420//5165 5416//5161 5381//5126
f 5420//5165 5387//5137 5417//5163
f 5395//5138 5387//5137 5420//5165
f 5382//5127 5421//5167 5351//5166
f 5409//5160 5421//5167 5382//5127
f 5421//5167 5344//5093 5352//5092
f 5410//5154 5344//5093 5421//5167
f 5422//5168 5367//5117 5340//5118
f 5423//5169 5368//5109 5367//5117
f 5424//5170 5369//5107 5368//5109
f 5425//5171 5370//5110 5369//5107
f 4534//4305 5425//5171 5424//5170
f 5426//5172 5371//5112 5370//5110
f 5426//5172 5425//5171 4534//4305
f 5426//5172 4535//4297 4209//4296
f 5427//5173 5422//5168 5386//5159
f 5428//5174 5423//5169 5422//5168
f 4540//4311 5428//5174 5427//5173
f 4533//4302 5424//5170 5423//5169
f 4541//4303 4533//4302 5428//5174
f 4539//4308 5427//5173 5393//5133
f 4545//4309 4539//4308 5401//5145
f 1611//1594 1624//1605 1625//1608
f 858//856 857//855 862//1280
f 4567//4332 4248//4054 4249//4055
f 3672//3522 1645//1627 1644//1626
s 0
f 4162//5175 4145//5175 4154//5175
f 4280//5176 4290//5176 4279//5176
