# Blender 4.3.2
# www.blender.org
mtllib Bone_Collision2.mtl
o Bone_Collision2
v -0.016038 -0.010717 0.033432
v -0.015848 -0.010550 0.033805
v -0.015948 -0.010133 0.033689
v -0.015852 -0.009500 0.033774
v -0.016084 -0.004160 0.034271
v -0.016106 -0.004385 0.033827
v -0.015846 -0.004266 0.034891
v -0.015954 -0.004234 0.034663
v -0.015878 -0.004693 0.034586
v -0.015904 -0.004803 0.034401
v -0.015996 -0.004635 0.034262
v -0.016037 -0.004667 0.033841
v -0.016125 -0.003704 0.034248
v -0.016094 -0.003429 0.034353
v -0.016166 -0.003287 0.034012
v -0.016166 -0.002890 0.033853
v -0.016077 -0.002542 0.034083
v -0.016180 -0.003782 0.033834
v -0.016134 -0.002565 0.033741
v -0.016194 -0.003271 0.033558
v -0.015972 -0.003869 0.034709
v -0.015936 -0.003490 0.034777
v -0.015924 -0.002902 0.034707
v -0.015856 -0.002520 0.034770
v -0.015944 -0.002233 0.034319
v -0.016034 -0.002689 0.034346
v -0.015946 -0.001995 0.034019
v -0.016083 -0.002292 0.033565
v -0.015858 -0.001630 0.033739
v -0.016067 -0.014016 0.031766
v -0.016153 -0.013553 0.031853
v -0.015940 -0.013831 0.032114
v -0.016499 -0.011136 0.032190
v -0.016354 -0.012312 0.032059
v -0.016391 -0.012039 0.032098
v -0.016101 -0.011742 0.032874
v -0.016248 -0.011187 0.032788
v -0.016272 -0.012889 0.031963
v -0.015850 -0.011467 0.033490
v -0.015934 -0.012481 0.032856
v -0.016567 -0.010284 0.032274
v -0.016583 -0.009925 0.032291
v -0.016585 -0.009559 0.032288
v -0.016397 -0.009915 0.032769
v -0.016534 -0.010741 0.032233
v -0.016137 -0.010132 0.033343
v -0.016189 -0.009700 0.033217
v -0.016253 -0.010570 0.033011
v -0.016322 -0.010322 0.032916
v -0.016571 -0.009217 0.032268
v -0.016332 -0.008697 0.032583
v -0.016544 -0.008894 0.032235
v -0.016457 -0.008300 0.032143
v -0.016392 -0.008023 0.032080
v -0.016304 -0.007683 0.031982
v -0.016058 -0.008798 0.033141
v -0.016317 -0.009263 0.032840
v -0.016088 -0.008379 0.032845
v -0.016121 -0.007870 0.032416
v -0.016075 -0.009243 0.033309
v -0.015786 -0.008229 0.033220
v -0.015845 -0.008016 0.032959
v -0.016084 -0.007588 0.032232
v -0.016144 -0.007239 0.031821
v -0.016130 -0.004185 0.033466
v -0.015915 -0.004874 0.033449
v -0.016045 -0.004545 0.033453
v -0.016087 -0.004260 0.033281
v -0.015855 -0.004668 0.033030
v -0.015983 -0.004390 0.033072
v -0.016017 -0.004127 0.032989
v -0.016175 -0.003714 0.033402
v -0.016170 -0.002792 0.033525
v -0.016175 -0.003223 0.033349
v -0.016124 -0.002633 0.033276
v -0.016105 -0.003735 0.033049
v -0.016117 -0.003515 0.033051
v -0.016119 -0.002868 0.033132
v -0.016031 -0.002203 0.033192
v -0.016074 -0.003112 0.032962
v -0.016014 -0.002625 0.032736
v -0.016009 -0.002260 0.032848
v -0.015911 -0.003799 0.032658
v -0.015936 -0.003513 0.032638
v -0.015960 -0.003102 0.032692
v -0.015952 -0.002170 0.032582
v -0.015890 -0.002646 0.032469
v -0.015882 -0.002287 0.032403
v -0.015960 -0.001919 0.032944
v -0.015890 -0.001619 0.033288
v -0.015916 -0.001839 0.032564
v -0.015929 -0.014767 0.031626
v -0.015978 -0.014531 0.031655
v -0.016022 -0.014294 0.031697
v -0.015937 -0.006805 0.031606
v -0.014402 -0.011292 0.035400
v -0.014251 -0.011858 0.035404
v -0.014613 -0.010238 0.035349
v -0.014202 -0.010572 0.035797
v -0.014176 -0.010130 0.035873
v -0.014193 -0.009678 0.035852
v -0.014073 -0.010886 0.035907
v -0.014180 -0.008460 0.035534
v -0.014255 -0.009215 0.035711
v -0.014164 -0.008778 0.035703
v -0.014046 -0.008047 0.035408
v -0.014461 -0.005935 0.035310
v -0.015444 -0.004304 0.035433
v -0.015183 -0.004235 0.035690
v -0.015171 -0.004865 0.035477
v -0.015341 -0.004605 0.035442
v -0.015019 -0.004059 0.035843
v -0.015063 -0.004561 0.035694
v -0.014813 -0.004652 0.035821
v -0.014890 -0.005069 0.035603
v -0.014752 -0.005590 0.035423
v -0.014617 -0.004263 0.036013
v -0.014549 -0.004864 0.035870
v -0.014554 -0.005523 0.035556
v -0.014313 -0.004546 0.036049
v -0.014325 -0.004025 0.036149
v -0.014226 -0.004882 0.035959
v -0.014246 -0.005690 0.035552
v -0.015553 -0.003738 0.035387
v -0.015522 -0.002793 0.035331
v -0.015363 -0.003828 0.035586
v -0.015174 -0.002728 0.035656
v -0.015329 -0.002784 0.035529
v -0.015129 -0.003697 0.035780
v -0.014864 -0.002700 0.035873
v -0.014821 -0.003901 0.035963
v -0.014779 -0.003504 0.035985
v -0.014571 -0.002750 0.036044
v -0.014695 -0.002228 0.035883
v -0.014481 -0.003390 0.036136
v -0.014135 -0.002295 0.036169
v -0.014110 -0.003274 0.036279
v -0.014113 -0.002722 0.036249
v -0.015287 -0.001937 0.035357
v -0.015117 -0.002065 0.035549
v -0.014869 -0.001103 0.035453
v -0.014744 -0.001451 0.035655
v -0.014449 -0.000806 0.035683
v -0.014620 -0.000548 0.035483
v -0.014367 -0.001415 0.035861
v -0.014356 -0.000456 0.035615
v -0.014063 -0.001535 0.036012
v -0.014133 -0.000885 0.035857
v -0.013900 -0.000610 0.035894
v -0.014564 -0.000072 0.035278
v -0.014388 -0.000017 0.035351
v -0.013830 -0.000232 0.035707
v -0.014825 -0.013703 0.033963
v -0.015078 -0.013421 0.033761
v -0.014978 -0.012839 0.034171
v -0.014613 -0.014942 0.033623
v -0.014478 -0.013080 0.034674
v -0.014398 -0.013769 0.034458
v -0.014186 -0.014703 0.034268
v -0.015744 -0.011072 0.033820
v -0.015625 -0.011945 0.033653
v -0.015485 -0.011584 0.034018
v -0.015103 -0.011638 0.034492
v -0.015360 -0.012585 0.033761
v -0.015016 -0.011267 0.034712
v -0.014948 -0.012087 0.034518
v -0.015691 -0.010351 0.034072
v -0.015835 -0.009927 0.033870
v -0.015520 -0.010861 0.034214
v -0.015449 -0.010571 0.034364
v -0.015320 -0.010369 0.034547
v -0.015538 -0.009907 0.034286
v -0.015539 -0.009604 0.034245
v -0.015129 -0.010785 0.034704
v -0.015139 -0.009925 0.034765
v -0.014540 -0.009678 0.035432
v -0.015074 -0.009576 0.034812
v -0.014431 -0.010789 0.035484
v -0.015746 -0.009040 0.033775
v -0.015444 -0.009262 0.034288
v -0.015695 -0.008711 0.033687
v -0.015475 -0.008035 0.033505
v -0.015294 -0.008803 0.034309
v -0.015569 -0.008486 0.033737
v -0.015155 -0.008249 0.034138
v -0.015054 -0.009278 0.034782
v -0.015211 -0.007955 0.033787
v -0.014997 -0.007816 0.033898
v -0.014844 -0.008810 0.034887
v -0.014889 -0.008484 0.034661
v -0.014544 -0.007821 0.034453
v -0.014140 -0.008217 0.035426
v -0.014385 -0.008026 0.034933
v -0.014354 -0.007835 0.034722
v -0.014054 -0.007864 0.035208
v -0.015422 -0.005826 0.034400
v -0.015521 -0.005793 0.034165
v -0.015538 -0.005835 0.033929
v -0.015568 -0.005789 0.033743
v -0.015279 -0.005826 0.034694
v -0.015132 -0.006219 0.034394
v -0.015213 -0.006192 0.034203
v -0.015187 -0.006284 0.033957
v -0.015344 -0.006073 0.033831
v -0.015337 -0.006083 0.033630
v -0.015048 -0.005960 0.034872
v -0.015032 -0.006257 0.034530
v -0.015049 -0.006386 0.034180
v -0.015009 -0.006712 0.033945
v -0.014932 -0.007582 0.033737
v -0.014981 -0.007156 0.033576
v -0.015161 -0.006509 0.033722
v -0.014893 -0.005841 0.035128
v -0.014868 -0.006223 0.034790
v -0.014811 -0.006448 0.034523
v -0.014875 -0.006471 0.034396
v -0.014801 -0.007576 0.033944
v -0.014783 -0.007020 0.034158
v -0.014821 -0.007295 0.033903
v -0.014920 -0.007378 0.033643
v -0.014668 -0.006097 0.035075
v -0.014620 -0.006444 0.034735
v -0.014624 -0.006736 0.034525
v -0.014473 -0.007586 0.034349
v -0.014657 -0.007318 0.034177
v -0.014432 -0.006410 0.034892
v -0.014462 -0.006758 0.034648
v -0.014243 -0.007576 0.034602
v -0.014416 -0.007333 0.034451
v -0.014214 -0.006180 0.035179
v -0.014257 -0.006394 0.034990
v -0.014112 -0.007591 0.034740
v -0.014191 -0.007356 0.034639
v -0.014294 -0.006912 0.034704
v -0.014219 -0.006673 0.034836
v -0.015611 -0.004442 0.035197
v -0.015667 -0.004027 0.035223
v -0.015720 -0.004650 0.034932
v -0.015554 -0.005087 0.034905
v -0.015646 -0.005432 0.034410
v -0.015779 -0.005281 0.034179
v -0.015797 -0.005304 0.033963
v -0.015783 -0.005352 0.033721
v -0.015413 -0.004875 0.035239
v -0.015333 -0.005539 0.034904
v -0.015562 -0.005438 0.034594
v -0.015110 -0.005416 0.035257
v -0.015734 -0.003636 0.035150
v -0.015735 -0.002820 0.035067
v -0.015820 -0.003848 0.035016
v -0.015695 -0.002596 0.035079
v -0.015595 -0.001793 0.034889
v -0.015713 -0.001922 0.034726
v -0.015683 -0.001375 0.034236
v -0.015874 -0.001617 0.033509
v -0.015721 -0.001150 0.033377
v -0.015498 -0.001837 0.035063
v -0.015634 -0.001550 0.034619
v -0.015291 -0.000688 0.034699
v -0.015413 -0.000719 0.034369
v -0.015474 -0.000729 0.034101
v -0.015153 -0.000886 0.035063
v -0.015466 -0.000531 0.033549
v -0.014897 -0.000717 0.035283
v -0.015127 -0.000366 0.034746
v -0.015227 -0.000332 0.034422
v -0.015220 -0.000131 0.033995
v -0.015033 -0.000012 0.034496
v -0.015104 0.000156 0.033852
v -0.014809 -0.000193 0.035111
v -0.014770 0.000144 0.034885
v -0.014739 0.000436 0.034536
v -0.014784 0.000459 0.034276
v -0.014979 0.000346 0.033800
v -0.014810 0.000474 0.033944
v -0.014852 0.000459 0.033674
v -0.014599 0.000249 0.035008
v -0.014581 0.000513 0.034737
v -0.014475 0.000661 0.034601
v -0.014503 0.000667 0.034407
v -0.014649 0.000587 0.034170
v -0.014679 0.000533 0.033752
v -0.014419 0.000260 0.035129
v -0.014410 0.000608 0.034810
v -0.014425 0.000712 0.034190
v -0.014476 0.000654 0.033992
v -0.014395 0.000601 0.033867
v -0.014075 0.000242 0.035290
v -0.014128 0.000482 0.035022
v -0.014234 0.000669 0.034805
v -0.014197 0.000813 0.034564
v -0.014191 0.000858 0.034396
v -0.014087 0.000890 0.034259
v -0.014226 0.000705 0.034000
v -0.014201 0.000437 0.033721
v -0.014922 -0.018476 0.031858
v -0.014787 -0.018900 0.031767
v -0.014577 -0.018818 0.032146
v -0.014484 -0.019110 0.032036
v -0.014467 -0.018476 0.032483
v -0.014392 -0.019278 0.031937
v -0.013812 -0.018410 0.033355
v -0.014229 -0.018990 0.032504
v -0.014085 -0.019187 0.032532
v -0.014059 -0.019342 0.032374
v -0.014191 -0.019345 0.032175
v -0.014198 -0.019427 0.031871
v -0.015442 -0.017041 0.031692
v -0.014745 -0.016404 0.032856
v -0.014606 -0.017325 0.032762
v -0.015198 -0.016460 0.032194
v -0.014607 -0.018012 0.032499
v -0.014078 -0.017260 0.033488
v -0.015664 -0.015035 0.031974
v -0.015550 -0.014695 0.032337
v -0.015407 -0.015858 0.032073
v -0.015302 -0.014692 0.032749
v -0.015331 -0.015446 0.032338
v -0.015003 -0.014886 0.033103
v -0.014838 -0.015702 0.032971
v -0.014504 -0.015549 0.033494
v -0.014416 -0.016279 0.033348
v -0.015681 -0.013457 0.032797
v -0.015405 -0.013291 0.033348
v -0.015728 -0.012639 0.033152
v -0.015786 -0.007787 0.032845
v -0.015472 -0.007795 0.033272
v -0.015789 -0.007575 0.032641
v -0.015786 -0.007337 0.032403
v -0.015551 -0.007225 0.032551
v -0.015842 -0.007037 0.031994
v -0.015832 -0.006651 0.031532
v -0.015452 -0.007541 0.033025
v -0.015459 -0.005760 0.033209
v -0.015497 -0.006907 0.032205
v -0.015138 -0.007590 0.033452
v -0.015244 -0.006383 0.033512
v -0.015159 -0.007192 0.032905
v -0.015261 -0.006390 0.033130
v -0.015371 -0.005975 0.033164
v -0.015176 -0.007047 0.032680
v -0.015171 -0.006655 0.032832
v -0.015386 -0.005766 0.032932
v -0.015238 -0.006072 0.032613
v -0.015327 -0.006848 0.032264
v -0.015383 -0.006654 0.031945
v -0.014987 -0.007366 0.033438
v -0.015092 -0.007375 0.033289
v -0.015066 -0.007119 0.033282
v -0.015141 -0.006794 0.033272
v -0.015093 -0.007150 0.033072
v -0.015126 -0.006902 0.033062
v -0.015134 -0.006926 0.032822
v -0.015108 -0.006869 0.032606
v -0.015135 -0.006646 0.032624
v -0.015160 -0.006840 0.032445
v -0.015110 -0.006710 0.032362
v -0.015096 -0.006439 0.032400
v -0.015195 -0.005895 0.032433
v -0.015090 -0.006516 0.031945
v -0.014938 -0.006358 0.032053
v -0.014991 -0.006167 0.032139
v -0.015079 -0.005838 0.032211
v -0.014942 -0.006420 0.031894
v -0.015628 -0.005657 0.033554
v -0.015779 -0.005274 0.033404
v -0.015651 -0.005464 0.033227
v -0.015729 -0.005193 0.033118
v -0.015630 -0.005168 0.032871
v -0.015870 -0.004284 0.032820
v -0.015727 -0.004469 0.032723
v -0.015412 -0.005584 0.032847
v -0.015411 -0.005293 0.032628
v -0.015527 -0.004954 0.032619
v -0.015443 -0.004230 0.032287
v -0.015240 -0.005527 0.032441
v -0.015193 -0.005201 0.032308
v -0.015355 -0.005022 0.032431
v -0.015223 -0.004949 0.032279
v -0.015344 -0.004158 0.032164
v -0.015148 -0.004311 0.032029
v -0.014911 -0.005885 0.032007
v -0.014960 -0.004957 0.032038
v -0.014870 -0.004620 0.031912
v -0.014774 -0.004383 0.031769
v -0.015852 -0.003085 0.032492
v -0.015762 -0.003696 0.032428
v -0.015739 -0.003044 0.032324
v -0.015711 -0.002157 0.032101
v -0.015527 -0.003678 0.032202
v -0.015609 -0.002902 0.032132
v -0.015553 -0.002435 0.031950
v -0.015421 -0.003182 0.032027
v -0.015192 -0.003624 0.031932
v -0.015362 -0.002824 0.031835
v -0.015162 -0.003117 0.031773
v -0.015699 -0.000982 0.032878
v -0.015827 -0.001386 0.032659
v -0.015810 -0.001937 0.032256
v -0.015843 -0.001672 0.032413
v -0.015749 -0.001358 0.032341
v -0.015741 -0.001646 0.032198
v -0.015629 -0.001838 0.031997
v -0.015531 -0.000515 0.032831
v -0.015528 -0.000537 0.032616
v -0.015483 -0.000563 0.032405
v -0.015460 -0.000727 0.032203
v -0.015458 -0.001264 0.031881
v -0.015445 -0.001041 0.031965
v -0.015322 -0.000596 0.032148
v -0.015341 -0.000842 0.031960
v -0.015131 -0.000485 0.032172
v -0.015104 -0.000931 0.031720
v -0.014925 -0.000687 0.031988
v -0.014863 -0.000481 0.032257
v -0.014535 -0.000875 0.032029
v -0.014507 -0.000689 0.032183
v -0.014345 -0.001017 0.031948
v -0.014359 -0.000749 0.032134
v -0.015405 -0.000258 0.033118
v -0.015274 -0.000019 0.033343
v -0.015307 -0.000052 0.033046
v -0.015398 -0.000229 0.032838
v -0.015351 -0.000237 0.032625
v -0.015305 -0.000331 0.032428
v -0.015272 -0.000438 0.032268
v -0.015150 0.000175 0.033401
v -0.015080 0.000242 0.033208
v -0.015206 0.000069 0.032936
v -0.015069 0.000161 0.032895
v -0.015084 0.000013 0.032683
v -0.015119 -0.000227 0.032439
v -0.014971 0.000379 0.033516
v -0.014879 0.000387 0.033319
v -0.014898 0.000301 0.033084
v -0.014888 0.000210 0.032871
v -0.014857 -0.000084 0.032515
v -0.014928 -0.000264 0.032404
v -0.014670 0.000482 0.033553
v -0.014685 0.000362 0.033257
v -0.014691 0.000188 0.032828
v -0.014489 0.000335 0.033391
v -0.014467 0.000453 0.033592
v -0.014472 0.000126 0.032847
v -0.014462 -0.000091 0.032548
v -0.014440 0.000017 0.032672
v -0.014493 -0.000338 0.032380
v -0.014271 0.000327 0.033570
v -0.014102 0.000010 0.033155
v -0.014132 0.000096 0.033315
v -0.014076 -0.000077 0.032979
v -0.014037 -0.000433 0.032268
v -0.014047 -0.000326 0.032381
v -0.014100 -0.000536 0.032186
v -0.015447 -0.018438 0.031147
v -0.015361 -0.018659 0.031113
v -0.015004 -0.018788 0.031535
v -0.015178 -0.018924 0.031140
v -0.014819 -0.019138 0.031375
v -0.015026 -0.019078 0.031143
v -0.014904 -0.019178 0.031089
v -0.014662 -0.019119 0.031722
v -0.014686 -0.019224 0.031418
v -0.014562 -0.019303 0.031400
v -0.014630 -0.019345 0.030973
v -0.014757 -0.019273 0.031051
v -0.014432 -0.019316 0.031727
v -0.014412 -0.019376 0.031397
v -0.014454 -0.019377 0.030835
v -0.014227 -0.019433 0.031400
v -0.014154 -0.019427 0.031072
v -0.014235 -0.019371 0.030603
v -0.015703 -0.016744 0.031391
v -0.015527 -0.018072 0.031215
v -0.015639 -0.017296 0.031328
v -0.015568 -0.017851 0.031249
v -0.015743 -0.016283 0.031441
v -0.015797 -0.015746 0.031484
v -0.015853 -0.015249 0.031548
v -0.015747 -0.006553 0.031472
v -0.015579 -0.006379 0.031361
v -0.015372 -0.006225 0.031285
v -0.015165 -0.006426 0.031740
v -0.015133 -0.006069 0.031195
v -0.014809 -0.006268 0.031735
v -0.014760 -0.006017 0.031858
v -0.014907 -0.006194 0.031509
v -0.014696 -0.005844 0.030993
v -0.014685 -0.006213 0.031701
v -0.014644 -0.006030 0.031727
v -0.014633 -0.006147 0.031498
v -0.014688 -0.005938 0.031159
v -0.014427 -0.006034 0.031592
v -0.014501 -0.006024 0.031350
v -0.014745 -0.004891 0.031851
v -0.014599 -0.005779 0.031722
v -0.014346 -0.004887 0.031577
v -0.014333 -0.004615 0.031534
v -0.014349 -0.005826 0.031573
v -0.014134 -0.005535 0.031437
v -0.014392 -0.004243 0.031445
v -0.014389 -0.006010 0.031264
v -0.014369 -0.005785 0.030965
v -0.014276 -0.005651 0.030745
v -0.014106 -0.005905 0.031354
v -0.013795 -0.004617 0.031189
v -0.014018 -0.004171 0.031183
v -0.014217 -0.005853 0.031047
v -0.014858 -0.003918 0.031744
v -0.015134 -0.002845 0.031623
v -0.015058 -0.002347 0.031419
v -0.014843 -0.003033 0.031465
v -0.014743 -0.003372 0.031464
v -0.014988 -0.002749 0.031431
v -0.014798 -0.002840 0.031344
v -0.014801 -0.002566 0.031248
v -0.014403 -0.003915 0.031386
v -0.014351 -0.003415 0.031189
v -0.014523 -0.003170 0.031253
v -0.014332 -0.003049 0.031128
v -0.014349 -0.002698 0.031013
v -0.014072 -0.003710 0.031116
v -0.014112 -0.002940 0.030939
v -0.015355 -0.001998 0.031674
v -0.015171 -0.001769 0.031459
v -0.015320 -0.001434 0.031663
v -0.015230 -0.001061 0.031711
v -0.014892 -0.000983 0.031643
v -0.014860 -0.001098 0.031506
v -0.014718 -0.001067 0.031572
v -0.014727 -0.000963 0.031809
v -0.014427 -0.001105 0.031741
v -0.014406 -0.001228 0.031314
v -0.014122 -0.001252 0.031631
v -0.014204 -0.001244 0.031326
v -0.012290 -0.006348 0.038940
v -0.012347 -0.005859 0.038920
v -0.012369 -0.005215 0.038896
v -0.012279 -0.004468 0.039118
v -0.012328 -0.003364 0.039020
v -0.012309 -0.003023 0.038946
v -0.012460 -0.013128 0.037213
v -0.012778 -0.011244 0.037619
v -0.012439 -0.011334 0.038015
v -0.012589 -0.012050 0.037554
v -0.012166 -0.011584 0.038243
v -0.013101 -0.010438 0.037366
v -0.013142 -0.009487 0.037299
v -0.013069 -0.011007 0.037290
v -0.013136 -0.009928 0.037344
v -0.012663 -0.009833 0.037992
v -0.012792 -0.009494 0.037791
v -0.012742 -0.010589 0.037825
v -0.012512 -0.010123 0.038189
v -0.012470 -0.009452 0.038272
v -0.012205 -0.009876 0.038641
v -0.012219 -0.009439 0.038664
v -0.012287 -0.010806 0.038347
v -0.012308 -0.010414 0.038409
v -0.012785 -0.008997 0.037706
v -0.012653 -0.008681 0.037785
v -0.012675 -0.008358 0.037582
v -0.012672 -0.007928 0.037248
v -0.012577 -0.008989 0.038026
v -0.012390 -0.008043 0.037734
v -0.012385 -0.007830 0.037514
v -0.012094 -0.008970 0.038827
v -0.012387 -0.008466 0.038104
v -0.012345 -0.008223 0.037976
v -0.012283 -0.008024 0.037881
v -0.012279 -0.007810 0.037661
v -0.012495 -0.005857 0.038426
v -0.012500 -0.005877 0.038198
v -0.012540 -0.007575 0.037055
v -0.012252 -0.006580 0.038859
v -0.012365 -0.006406 0.038678
v -0.012466 -0.005824 0.038599
v -0.012287 -0.006731 0.038445
v -0.012420 -0.006309 0.038456
v -0.012256 -0.007015 0.038237
v -0.012313 -0.006649 0.038207
v -0.012435 -0.006218 0.038250
v -0.012272 -0.006995 0.038032
v -0.012344 -0.006334 0.037981
v -0.012473 -0.005889 0.038030
v -0.012269 -0.006933 0.037861
v -0.012283 -0.006284 0.037715
v -0.012264 -0.007612 0.037414
v -0.012295 -0.005974 0.037643
v -0.012293 -0.007485 0.037212
v -0.012474 -0.005307 0.038644
v -0.012532 -0.004572 0.038592
v -0.012571 -0.004744 0.038420
v -0.012585 -0.003742 0.038429
v -0.012589 -0.004938 0.038204
v -0.012618 -0.004041 0.038232
v -0.012581 -0.005008 0.037995
v -0.012622 -0.003983 0.038019
v -0.012557 -0.004971 0.037801
v -0.012595 -0.003501 0.037784
v -0.012500 -0.004869 0.037600
v -0.012554 -0.003560 0.037625
v -0.012439 -0.004551 0.038828
v -0.012457 -0.005578 0.037784
v -0.012273 -0.005818 0.037534
v -0.012438 -0.005236 0.037586
v -0.012356 -0.004954 0.037370
v -0.012382 -0.003975 0.037318
v -0.012485 -0.003531 0.038727
v -0.012482 -0.003159 0.038639
v -0.012563 -0.003126 0.038300
v -0.012462 -0.002597 0.038250
v -0.012600 -0.003393 0.038224
v -0.012600 -0.003270 0.038012
v -0.012492 -0.002680 0.037640
v -0.012527 -0.003104 0.037568
v -0.012510 -0.003415 0.037476
v -0.012330 -0.002741 0.038753
v -0.012443 -0.002745 0.038469
v -0.012267 -0.001979 0.038320
v -0.012456 -0.002413 0.038006
v -0.012399 -0.002105 0.037817
v -0.012415 -0.003393 0.037266
v -0.012435 -0.002774 0.037351
v -0.012355 -0.002191 0.037285
v -0.012293 -0.001740 0.038027
v -0.012208 -0.001237 0.037745
v -0.012339 -0.001759 0.037562
v -0.012327 -0.001746 0.037380
v -0.012293 -0.016368 0.035833
v -0.013023 -0.014987 0.035513
v -0.012398 -0.015101 0.036270
v -0.013623 -0.013481 0.035501
v -0.013003 -0.013232 0.036427
v -0.013311 -0.013420 0.035923
v -0.013946 -0.011675 0.035843
v -0.013989 -0.012445 0.035501
v -0.013962 -0.013007 0.035307
v -0.013669 -0.011261 0.036345
v -0.013499 -0.011807 0.036391
v -0.013448 -0.012494 0.036175
v -0.013022 -0.011621 0.037150
v -0.012825 -0.012371 0.037091
v -0.013852 -0.009801 0.036305
v -0.013741 -0.009462 0.036433
v -0.013739 -0.010788 0.036373
v -0.013767 -0.010252 0.036418
v -0.013665 -0.008693 0.036327
v -0.013649 -0.007832 0.035761
v -0.013671 -0.009014 0.036434
v -0.013563 -0.008466 0.036357
v -0.013460 -0.008244 0.036368
v -0.013067 -0.007687 0.036459
v -0.013495 -0.008009 0.036142
v -0.013898 -0.005947 0.035413
v -0.013401 -0.007607 0.035863
v -0.013577 -0.007521 0.035440
v -0.013263 -0.007430 0.035820
v -0.013375 -0.005677 0.035491
v -0.012874 -0.007325 0.036286
v -0.013097 -0.007269 0.035799
v -0.013179 -0.007230 0.035530
v -0.012660 -0.006962 0.035898
v -0.012762 -0.006952 0.035590
v -0.012460 -0.007206 0.036666
v -0.012667 -0.007065 0.036140
v -0.012357 -0.007024 0.036490
v -0.012216 -0.006807 0.036253
v -0.012038 -0.006513 0.035616
v -0.014030 -0.004820 0.036015
v -0.013834 -0.004019 0.036239
v -0.014020 -0.005620 0.035625
v -0.013799 -0.004744 0.036042
v -0.013806 -0.005611 0.035631
v -0.013579 -0.003989 0.036240
v -0.013567 -0.004693 0.036031
v -0.013580 -0.005711 0.035540
v -0.013353 -0.004470 0.036059
v -0.013376 -0.003931 0.036216
v -0.013360 -0.004866 0.035888
v -0.013140 -0.004337 0.036026
v -0.013114 -0.004064 0.036102
v -0.013146 -0.004839 0.035798
v -0.013151 -0.005531 0.035456
v -0.012868 -0.004162 0.035935
v -0.012957 -0.004745 0.035725
v -0.012956 -0.005322 0.035437
v -0.012685 -0.004655 0.035535
v -0.012569 -0.003988 0.035780
v -0.012757 -0.005175 0.035344
v -0.012299 -0.004344 0.035311
v -0.013846 -0.002892 0.036332
v -0.013841 -0.002499 0.036311
v -0.014014 -0.003829 0.036245
v -0.013694 -0.003332 0.036325
v -0.013562 -0.002882 0.036366
v -0.013454 -0.002560 0.036395
v -0.013350 -0.003314 0.036306
v -0.013347 -0.002884 0.036376
v -0.013340 -0.002238 0.036431
v -0.013141 -0.003498 0.036231
v -0.013110 -0.002909 0.036360
v -0.013139 -0.002541 0.036442
v -0.012890 -0.003047 0.036286
v -0.012930 -0.002492 0.036449
v -0.012891 -0.003574 0.036125
v -0.012734 -0.003684 0.036008
v -0.012673 -0.002968 0.036243
v -0.012676 -0.002544 0.036387
v -0.012341 -0.002721 0.037141
v -0.012217 -0.002942 0.036919
v -0.012476 -0.002775 0.036238
v -0.012387 -0.002510 0.036287
v -0.012434 -0.003263 0.036013
v -0.012365 -0.003650 0.035774
v -0.013736 -0.002170 0.036310
v -0.013901 -0.001771 0.036153
v -0.013746 -0.001276 0.036078
v -0.013787 -0.000833 0.036001
v -0.013462 -0.001881 0.036376
v -0.013594 -0.001758 0.036289
v -0.013376 -0.001171 0.036267
v -0.013443 -0.000936 0.036171
v -0.013365 -0.000596 0.036109
v -0.013176 -0.001345 0.036415
v -0.013092 -0.000842 0.036332
v -0.013017 -0.001880 0.036513
v -0.013036 -0.001600 0.036496
v -0.012952 -0.000771 0.036354
v -0.012781 -0.001530 0.036518
v -0.012886 -0.001176 0.036465
v -0.012876 -0.000621 0.036282
v -0.012719 -0.001870 0.036512
v -0.012620 -0.001610 0.036494
v -0.012667 -0.001137 0.036454
v -0.012661 -0.000870 0.036368
v -0.012648 -0.000670 0.036257
v -0.012616 -0.000528 0.035534
v -0.012273 -0.001614 0.037187
v -0.012342 -0.001788 0.036373
v -0.012445 -0.001249 0.036399
v -0.012449 -0.000887 0.036263
v -0.012445 -0.000677 0.036090
v -0.012428 -0.000590 0.035949
v -0.012328 -0.000638 0.035723
v -0.012470 -0.000591 0.035530
v -0.013827 -0.000460 0.035857
v -0.013797 0.000024 0.035557
v -0.013627 0.000180 0.035448
v -0.013547 -0.000084 0.035711
v -0.013149 -0.000462 0.036139
v -0.013371 -0.000045 0.035720
v -0.013449 0.000194 0.035426
v -0.013131 -0.000271 0.035989
v -0.013209 -0.000027 0.035668
v -0.013082 -0.000097 0.035507
v -0.013188 0.000030 0.035490
v -0.012889 -0.000361 0.036082
v -0.012932 -0.000222 0.035892
v -0.012682 -0.000392 0.035735
v -0.012928 -0.000185 0.035713
v -0.012787 -0.000397 0.035531
v -0.012673 -0.000467 0.036071
v -0.012701 -0.000365 0.035911
v -0.012622 -0.018371 0.034683
v -0.013180 -0.018735 0.033889
v -0.013190 -0.019089 0.033601
v -0.012901 -0.019355 0.033611
v -0.012226 -0.018687 0.034922
v -0.012139 -0.019157 0.034662
v -0.012802 -0.018977 0.034121
v -0.012736 -0.019215 0.033977
v -0.012469 -0.019514 0.033878
v -0.012780 -0.019503 0.033459
v -0.012256 -0.019347 0.034347
v -0.012402 -0.019628 0.033635
v -0.013935 -0.017811 0.033469
v -0.013659 -0.017296 0.033975
v -0.013254 -0.018252 0.034066
v -0.012617 -0.016984 0.035230
v -0.012950 -0.016284 0.035070
v -0.013232 -0.017751 0.034302
v -0.012483 -0.017545 0.035192
v -0.012405 -0.018012 0.035086
v -0.013513 -0.014879 0.034971
v -0.014066 -0.015846 0.033931
v -0.013936 -0.016325 0.033932
v -0.013657 -0.015854 0.034409
v -0.013893 -0.015426 0.034297
v -0.013059 -0.015458 0.035259
v -0.014031 -0.007624 0.034884
v -0.013914 -0.007602 0.034985
v -0.014030 -0.006254 0.035144
v -0.013826 -0.007384 0.034894
v -0.013979 -0.006737 0.034911
v -0.013960 -0.007322 0.034782
v -0.013819 -0.006196 0.035207
v -0.013550 -0.007359 0.035068
v -0.013678 -0.007135 0.034902
v -0.013782 -0.006734 0.034980
v -0.013832 -0.007147 0.034856
v -0.013258 -0.007232 0.035330
v -0.013556 -0.006126 0.035244
v -0.013499 -0.007133 0.034940
v -0.013558 -0.006740 0.035008
v -0.013363 -0.006169 0.035193
v -0.013247 -0.005944 0.035258
v -0.013384 -0.007278 0.035143
v -0.013273 -0.007166 0.035037
v -0.013320 -0.006894 0.034971
v -0.013353 -0.006507 0.035076
v -0.013060 -0.007094 0.035130
v -0.013160 -0.006154 0.035141
v -0.013087 -0.006911 0.034933
v -0.012846 -0.006974 0.035291
v -0.012990 -0.005758 0.035208
v -0.012863 -0.006945 0.034987
v -0.012895 -0.006686 0.034915
v -0.012858 -0.006393 0.034947
v -0.012962 -0.006074 0.035078
v -0.012626 -0.006865 0.034985
v -0.012793 -0.005793 0.035047
v -0.012667 -0.006679 0.034818
v -0.012674 -0.006418 0.034828
v -0.012651 -0.005837 0.034911
v -0.012426 -0.006743 0.035078
v -0.012469 -0.006701 0.034826
v -0.012503 -0.006503 0.034676
v -0.012505 -0.006042 0.034723
v -0.012682 -0.005419 0.035124
v -0.012263 -0.004771 0.035019
v -0.012388 -0.005141 0.034913
v -0.012514 -0.005617 0.034805
v -0.012602 -0.000508 0.034904
v -0.012507 -0.000638 0.035230
v -0.012410 -0.000735 0.035151
v -0.012432 -0.000702 0.034849
v -0.012386 -0.000709 0.034610
v -0.013965 0.000622 0.034847
v -0.014006 0.000819 0.034576
v -0.014021 0.000908 0.034400
v -0.014023 0.000833 0.034126
v -0.014029 0.000545 0.033848
v -0.013673 0.000343 0.035242
v -0.013790 0.000529 0.034943
v -0.013807 0.000634 0.034720
v -0.013870 0.000836 0.034506
v -0.013844 0.000882 0.034400
v -0.013853 0.000884 0.034231
v -0.013806 0.000739 0.033993
v -0.013611 0.000543 0.033746
v -0.013802 0.000622 0.033877
v -0.013572 0.000379 0.035134
v -0.013578 0.000426 0.034961
v -0.013623 0.000515 0.034726
v -0.013578 0.000710 0.034378
v -0.013603 0.000744 0.034179
v -0.013609 0.000701 0.033975
v -0.013315 0.000132 0.035281
v -0.013425 0.000248 0.035268
v -0.013212 0.000019 0.035056
v -0.013160 0.000055 0.034884
v -0.013426 0.000315 0.034802
v -0.013524 0.000400 0.034737
v -0.013322 0.000463 0.034412
v -0.013366 0.000590 0.034187
v -0.013338 0.000567 0.033967
v -0.013351 0.000482 0.033755
v -0.013172 -0.000022 0.035264
v -0.013076 0.000231 0.034444
v -0.013056 0.000341 0.034184
v -0.012978 0.000284 0.033953
v -0.012995 0.000245 0.033724
v -0.012706 -0.000485 0.035312
v -0.012951 -0.000173 0.035007
v -0.012909 -0.000070 0.034593
v -0.012884 0.000092 0.034236
v -0.012799 0.000075 0.033715
v -0.012558 -0.000424 0.034541
v -0.012604 -0.000212 0.034203
v -0.012716 0.000042 0.033977
v -0.012565 -0.000195 0.033681
v -0.012403 -0.000365 0.034208
v -0.012487 -0.000218 0.033968
v -0.012366 -0.000335 0.033714
v -0.013988 -0.018892 0.032876
v -0.013934 -0.019445 0.032340
v -0.014003 -0.019477 0.032086
v -0.013593 -0.018695 0.033453
v -0.013649 -0.019160 0.033051
v -0.013778 -0.019313 0.032739
v -0.013693 -0.019450 0.032612
v -0.013539 -0.019561 0.032329
v -0.013719 -0.019551 0.032038
v -0.013447 -0.018946 0.033449
v -0.013567 -0.019392 0.032848
v -0.013493 -0.019545 0.032514
v -0.013247 -0.019371 0.033202
v -0.013237 -0.019271 0.033348
v -0.013352 -0.019457 0.032943
v -0.013253 -0.019554 0.032753
v -0.013308 -0.019568 0.031833
v -0.013034 -0.019557 0.032981
v -0.013028 -0.019505 0.033155
v -0.013134 -0.019608 0.032298
v -0.012879 -0.019624 0.032745
v -0.012620 -0.019584 0.033427
v -0.012593 -0.019651 0.033075
v -0.012613 -0.019625 0.032210
v -0.012457 -0.019672 0.032742
v -0.013851 -0.000870 0.032007
v -0.014082 -0.001153 0.031848
v -0.013787 -0.000488 0.032296
v -0.013801 -0.000635 0.032144
v -0.013639 -0.000582 0.032570
v -0.013616 -0.000656 0.032334
v -0.013589 -0.000795 0.032157
v -0.013683 -0.001205 0.031839
v -0.013603 -0.000942 0.032021
v -0.013395 -0.000621 0.032687
v -0.013402 -0.000837 0.032396
v -0.013407 -0.000756 0.032535
v -0.013385 -0.001036 0.032103
v -0.013387 -0.000906 0.032257
v -0.013387 -0.001290 0.031911
v -0.013141 -0.000499 0.032700
v -0.013152 -0.000986 0.032343
v -0.013189 -0.000824 0.032466
v -0.013171 -0.001214 0.032140
v -0.013165 -0.001429 0.031973
v -0.012905 -0.000554 0.032690
v -0.012887 -0.000814 0.032460
v -0.012875 -0.001042 0.032247
v -0.012903 -0.001267 0.032141
v -0.012872 -0.001462 0.031984
v -0.012732 -0.000654 0.032746
v -0.012694 -0.000789 0.032586
v -0.012674 -0.000959 0.032359
v -0.012645 -0.001257 0.032104
v -0.012683 -0.001128 0.032224
v -0.012512 -0.001277 0.031908
v -0.012492 -0.000548 0.033196
v -0.012483 -0.000762 0.032823
v -0.012467 -0.000860 0.032626
v -0.012482 -0.001013 0.032396
v -0.012436 -0.001142 0.032207
v -0.012447 -0.001208 0.031954
v -0.014050 0.000176 0.033465
v -0.014044 -0.000140 0.032739
v -0.014032 -0.000238 0.032534
v -0.013821 0.000211 0.033520
v -0.013718 0.000400 0.033641
v -0.013852 0.000008 0.033259
v -0.013833 -0.000159 0.033050
v -0.013848 -0.000323 0.032766
v -0.013843 -0.000250 0.032911
v -0.013808 -0.000415 0.032446
v -0.013612 0.000105 0.033496
v -0.013600 0.000258 0.033595
v -0.013569 -0.000042 0.033189
v -0.013633 -0.000202 0.033018
v -0.013617 -0.000401 0.032849
v -0.013639 -0.000518 0.032735
v -0.013363 0.000136 0.033442
v -0.013415 0.000378 0.033643
v -0.013385 -0.000062 0.033119
v -0.013165 -0.000320 0.032827
v -0.013128 0.000080 0.033357
v -0.013153 0.000254 0.033598
v -0.013126 -0.000221 0.032933
v -0.012937 -0.000148 0.033208
v -0.012910 -0.000394 0.032878
v -0.012666 -0.000367 0.033289
v -0.012435 -0.000421 0.033420
v -0.014005 -0.019491 0.031653
v -0.014026 -0.019350 0.030404
v -0.013723 -0.019512 0.031519
v -0.013805 -0.019324 0.030223
v -0.013581 -0.019299 0.030069
v -0.013046 -0.019469 0.031142
v -0.012062 -0.019568 0.031807
v -0.013897 -0.005778 0.031274
v -0.013784 -0.005429 0.031178
v -0.013892 -0.004969 0.031255
v -0.013987 -0.005856 0.031047
v -0.014007 -0.005625 0.030710
v -0.014031 -0.005561 0.030583
v -0.013755 -0.005874 0.031055
v -0.013741 -0.005603 0.031116
v -0.013763 -0.005730 0.030817
v -0.013595 -0.005444 0.030289
v -0.013582 -0.005532 0.031043
v -0.013458 -0.005316 0.030959
v -0.013417 -0.004740 0.030954
v -0.013592 -0.004479 0.031034
v -0.013449 -0.004035 0.030854
v -0.013476 -0.005634 0.030891
v -0.013554 -0.005612 0.030605
v -0.013153 -0.005448 0.030231
v -0.013265 -0.005507 0.030829
v -0.013181 -0.004704 0.030834
v -0.013219 -0.004411 0.030839
v -0.013300 -0.005637 0.030607
v -0.013358 -0.005384 0.030101
v -0.013119 -0.004104 0.030738
v -0.013085 -0.005621 0.030643
v -0.013076 -0.005343 0.030736
v -0.012829 -0.004660 0.030691
v -0.012925 -0.005561 0.030619
v -0.012857 -0.005362 0.030633
v -0.012719 -0.004375 0.030657
v -0.012886 -0.005517 0.030377
v -0.012644 -0.005258 0.030556
v -0.012496 -0.005136 0.030520
v -0.012632 -0.005505 0.030409
v -0.012457 -0.005426 0.030131
v -0.012490 -0.004631 0.030597
v -0.012426 -0.004362 0.030610
v -0.012410 -0.005468 0.030433
v -0.013682 -0.003105 0.030743
v -0.013857 -0.002643 0.030744
v -0.013949 -0.002350 0.030755
v -0.013773 -0.003581 0.030923
v -0.013599 -0.002801 0.030668
v -0.013453 -0.003246 0.030691
v -0.013580 -0.002436 0.030637
v -0.013367 -0.003525 0.030738
v -0.013156 -0.002386 0.030541
v -0.013066 -0.003387 0.030624
v -0.013029 -0.002848 0.030525
v -0.012867 -0.002701 0.030503
v -0.012885 -0.003635 0.030620
v -0.012787 -0.002335 0.030522
v -0.012667 -0.003719 0.030592
v -0.012697 -0.003071 0.030526
v -0.012410 -0.002588 0.030523
v -0.012334 -0.003693 0.030573
v -0.012471 -0.002979 0.030519
v -0.012475 -0.002240 0.030559
v -0.013867 -0.001261 0.031293
v -0.014018 -0.001263 0.031110
v -0.013850 -0.001346 0.031693
v -0.013629 -0.001341 0.031469
v -0.013610 -0.001196 0.031069
v -0.013818 -0.001534 0.030826
v -0.013791 -0.001365 0.030910
v -0.013932 -0.002005 0.030738
v -0.013702 -0.001741 0.030722
v -0.013615 -0.001372 0.031701
v -0.013457 -0.001205 0.031205
v -0.013409 -0.001179 0.031126
v -0.013389 -0.001469 0.030780
v -0.013352 -0.001304 0.030879
v -0.013604 -0.001976 0.030658
v -0.013375 -0.001449 0.031729
v -0.013348 -0.001397 0.031461
v -0.013338 -0.001261 0.031303
v -0.013342 -0.001196 0.031006
v -0.013365 -0.002011 0.030619
v -0.013338 -0.001673 0.030686
v -0.013126 -0.001511 0.031691
v -0.013042 -0.001338 0.031446
v -0.013114 -0.001217 0.031265
v -0.012985 -0.001222 0.030989
v -0.013098 -0.001166 0.031103
v -0.013126 -0.001567 0.030728
v -0.013126 -0.001977 0.030606
v -0.013080 -0.001745 0.030667
v -0.012876 -0.001420 0.031699
v -0.012928 -0.001093 0.031254
v -0.012815 -0.001368 0.030897
v -0.012780 -0.002036 0.030587
v -0.012750 -0.001668 0.030735
v -0.012536 -0.001241 0.031761
v -0.012674 -0.001207 0.031591
v -0.012696 -0.001071 0.031454
v -0.012698 -0.000980 0.031254
v -0.012539 -0.001188 0.030984
v -0.012686 -0.001062 0.031076
v -0.012476 -0.001455 0.030865
v -0.012514 -0.001824 0.030675
v -0.012376 -0.001131 0.031675
v -0.012426 -0.001006 0.031486
v -0.012445 -0.000938 0.031275
v -0.012216 -0.000898 0.031488
v -0.012453 -0.001056 0.031085
v -0.011173 -0.012000 0.039025
v -0.010764 -0.011557 0.039443
v -0.010944 -0.011808 0.039250
v -0.010810 -0.012629 0.039036
v -0.010506 -0.011185 0.039689
v -0.010501 -0.012564 0.039250
v -0.011765 -0.010016 0.039143
v -0.011986 -0.010041 0.038889
v -0.011497 -0.010531 0.039247
v -0.011783 -0.009469 0.039232
v -0.011307 -0.010037 0.039525
v -0.011521 -0.009647 0.039450
v -0.011248 -0.009434 0.039677
v -0.011226 -0.010752 0.039389
v -0.010961 -0.010518 0.039621
v -0.011109 -0.009860 0.039684
v -0.010833 -0.009663 0.039859
v -0.010647 -0.010388 0.039816
v -0.011804 -0.009197 0.039229
v -0.011846 -0.008613 0.039082
v -0.011909 -0.008253 0.038825
v -0.011696 -0.008857 0.039328
v -0.011548 -0.008339 0.039371
v -0.011554 -0.007995 0.039286
v -0.011778 -0.008041 0.038975
v -0.011569 -0.009217 0.039464
v -0.011487 -0.008951 0.039536
v -0.011365 -0.008621 0.039597
v -0.011501 -0.007770 0.039348
v -0.011061 -0.009151 0.039805
v -0.011121 -0.008607 0.039763
v -0.011209 -0.008323 0.039702
v -0.011304 -0.008114 0.039600
v -0.010895 -0.008123 0.039908
v -0.010894 -0.007649 0.039948
v -0.011066 -0.007833 0.039820
v -0.010793 -0.008536 0.039931
v -0.010580 -0.008184 0.040027
v -0.010578 -0.007616 0.040116
v -0.010604 -0.008990 0.040014
v -0.012077 -0.006537 0.039214
v -0.012109 -0.006399 0.039254
v -0.012174 -0.005850 0.039212
v -0.011732 -0.006767 0.039446
v -0.012007 -0.006138 0.039424
v -0.011819 -0.006187 0.039631
v -0.011893 -0.006807 0.039227
v -0.011682 -0.006656 0.039541
v -0.011772 -0.006410 0.039623
v -0.011638 -0.005949 0.039802
v -0.011594 -0.007001 0.039486
v -0.011679 -0.007341 0.039215
v -0.011392 -0.006375 0.039875
v -0.011507 -0.006134 0.039892
v -0.011423 -0.007098 0.039630
v -0.011471 -0.006664 0.039687
v -0.011446 -0.007499 0.039450
v -0.011251 -0.005909 0.040069
v -0.011263 -0.006532 0.039843
v -0.011275 -0.006178 0.039994
v -0.011157 -0.007518 0.039760
v -0.011270 -0.007002 0.039780
v -0.011084 -0.006007 0.040079
v -0.010917 -0.007228 0.039962
v -0.010955 -0.006367 0.039999
v -0.011063 -0.006204 0.039981
v -0.010846 -0.006008 0.040105
v -0.010613 -0.007300 0.040098
v -0.010614 -0.007016 0.040084
v -0.010507 -0.006590 0.040127
v -0.010723 -0.006269 0.040092
v -0.010633 -0.005960 0.040178
v -0.012162 -0.005146 0.039230
v -0.012086 -0.004449 0.039370
v -0.012198 -0.003540 0.039221
v -0.011984 -0.005166 0.039456
v -0.011872 -0.004491 0.039602
v -0.011613 -0.005281 0.039831
v -0.011608 -0.004188 0.039826
v -0.011552 -0.004830 0.039898
v -0.011278 -0.004734 0.040103
v -0.011238 -0.003968 0.040081
v -0.010993 -0.005595 0.040216
v -0.010935 -0.004965 0.040282
v -0.011008 -0.004449 0.040251
v -0.010690 -0.005429 0.040347
v -0.010767 -0.004355 0.040360
v -0.010719 -0.005677 0.040287
v -0.010613 -0.004646 0.040413
v -0.010523 -0.003930 0.040454
v -0.012106 -0.003048 0.039249
v -0.012045 -0.002616 0.039151
v -0.012031 -0.003391 0.039414
v -0.011856 -0.003207 0.039559
v -0.011831 -0.002644 0.039430
v -0.011704 -0.003518 0.039728
v -0.011668 -0.002785 0.039632
v -0.011557 -0.003020 0.039783
v -0.011391 -0.002121 0.039686
v -0.011161 -0.003379 0.040106
v -0.011148 -0.002279 0.039914
v -0.010873 -0.003415 0.040276
v -0.010978 -0.002983 0.040169
v -0.010862 -0.002294 0.040112
v -0.010654 -0.002963 0.040340
v -0.010498 -0.003365 0.040450
v -0.010602 -0.002246 0.040264
v -0.011689 -0.002070 0.039362
v -0.011715 -0.001718 0.039191
v -0.011700 -0.001275 0.038931
v -0.011451 -0.000829 0.039102
v -0.011303 -0.001525 0.039604
v -0.011421 -0.001234 0.039351
v -0.011038 -0.000587 0.039540
v -0.011268 -0.000513 0.039174
v -0.011086 -0.001649 0.039840
v -0.010960 -0.001187 0.039840
v -0.010949 -0.000861 0.039753
v -0.010687 -0.001238 0.040070
v -0.010443 -0.001311 0.040243
v -0.011198 -0.000120 0.038924
v -0.010918 0.000037 0.039308
v -0.010890 0.000292 0.039133
v -0.010661 -0.000195 0.039758
v -0.010738 0.000139 0.039478
v -0.010796 0.000453 0.039059
v -0.010481 -0.000400 0.039986
v -0.010447 -0.000160 0.039904
v -0.010597 0.000166 0.039583
v -0.010646 0.000369 0.039319
v -0.010638 0.000510 0.039095
v -0.011535 -0.014424 0.037621
v -0.011040 -0.015516 0.037554
v -0.011114 -0.016541 0.037008
v -0.010709 -0.015692 0.037725
v -0.010476 -0.015008 0.038168
v -0.012133 -0.013966 0.037193
v -0.011893 -0.013529 0.037687
v -0.011505 -0.013518 0.038090
v -0.011195 -0.013126 0.038552
v -0.011106 -0.014324 0.038051
v -0.010926 -0.013311 0.038673
v -0.010985 -0.013853 0.038375
v -0.010542 -0.013407 0.038871
v -0.010656 -0.014386 0.038341
v -0.012004 -0.011029 0.038602
v -0.012160 -0.012200 0.038005
v -0.011868 -0.011772 0.038493
v -0.011569 -0.011759 0.038784
v -0.011649 -0.012914 0.038233
v -0.011456 -0.012414 0.038628
v -0.012016 -0.009346 0.038963
v -0.011739 -0.010973 0.038891
v -0.012163 -0.008637 0.038595
v -0.012188 -0.008218 0.038274
v -0.012059 -0.008014 0.038465
v -0.012033 -0.007773 0.038511
v -0.012218 -0.008004 0.038061
v -0.012146 -0.007790 0.038193
v -0.012231 -0.007793 0.037831
v -0.011860 -0.007772 0.038838
v -0.012083 -0.006900 0.038895
v -0.012042 -0.007529 0.038549
v -0.012065 -0.007275 0.038662
v -0.012224 -0.006797 0.038671
v -0.012213 -0.006989 0.038483
v -0.012179 -0.007507 0.038130
v -0.012214 -0.007515 0.037790
v -0.012226 -0.007578 0.037609
v -0.012208 -0.007314 0.037567
v -0.012206 -0.006419 0.037483
v -0.012173 -0.007389 0.037328
v -0.012150 -0.007107 0.037355
v -0.011874 -0.007447 0.038887
v -0.012262 -0.005572 0.037448
v -0.012144 -0.005622 0.037294
v -0.012075 -0.005394 0.037178
v -0.012177 -0.005020 0.037179
v -0.011972 -0.002109 0.038976
v -0.012025 -0.000861 0.038005
v -0.012112 -0.001023 0.037921
v -0.012051 -0.000756 0.037683
v -0.012199 -0.001114 0.037360
v -0.012072 -0.000778 0.037337
v -0.012098 -0.001727 0.038504
v -0.011903 -0.000550 0.037937
v -0.011925 -0.000512 0.037749
v -0.011940 -0.000537 0.037458
v -0.011788 -0.000893 0.038467
v -0.011706 -0.000605 0.038347
v -0.011910 -0.000620 0.037186
v -0.011464 -0.000552 0.038842
v -0.011531 -0.000257 0.038268
v -0.011593 -0.000179 0.037990
v -0.011759 -0.000300 0.037787
v -0.011710 -0.000262 0.037585
v -0.011617 -0.000277 0.037430
v -0.011377 0.000031 0.038015
v -0.011456 -0.000035 0.037803
v -0.011408 -0.000065 0.037616
v -0.011077 0.000259 0.038678
v -0.011362 -0.000060 0.038356
v -0.011214 0.000127 0.038425
v -0.011258 0.000101 0.038246
v -0.011185 -0.000127 0.037412
v -0.010969 0.000328 0.038899
v -0.011011 0.000356 0.038447
v -0.011004 0.000343 0.038261
v -0.011172 0.000170 0.038010
v -0.010989 0.000285 0.037980
v -0.010993 0.000217 0.037813
v -0.011003 0.000089 0.037614
v -0.011051 -0.000185 0.037313
v -0.010820 0.000488 0.038858
v -0.010954 0.000394 0.038681
v -0.010806 0.000463 0.038233
v -0.010638 0.000548 0.038896
v -0.010632 0.000508 0.038457
v -0.010628 0.000519 0.038236
v -0.010643 0.000478 0.038031
v -0.010534 0.000405 0.037862
v -0.010459 0.000238 0.037617
v -0.010095 -0.000081 0.037216
v -0.010242 0.000142 0.037461
v -0.011577 -0.018503 0.035653
v -0.011366 -0.019027 0.035514
v -0.011301 -0.019330 0.035307
v -0.010770 -0.018834 0.036149
v -0.010823 -0.019344 0.035751
v -0.010972 -0.019089 0.035820
v -0.010570 -0.019552 0.035768
v -0.010339 -0.018566 0.036575
v -0.010346 -0.019299 0.036161
v -0.010465 -0.019820 0.035453
v -0.010291 -0.019817 0.035676
v -0.011961 -0.017746 0.035662
v -0.012114 -0.017290 0.035690
v -0.011883 -0.018112 0.035570
v -0.011780 -0.017185 0.036079
v -0.011545 -0.017144 0.036331
v -0.011403 -0.016812 0.036616
v -0.011409 -0.017801 0.036158
v -0.011183 -0.018278 0.036117
v -0.010893 -0.016848 0.037041
v -0.011086 -0.017392 0.036628
v -0.010834 -0.018257 0.036403
v -0.010656 -0.017229 0.037022
v -0.010525 -0.017978 0.036748
v -0.011910 -0.015507 0.036681
v -0.011955 -0.016442 0.036197
v -0.011653 -0.015461 0.036994
v -0.011394 -0.015826 0.037085
v -0.012183 -0.007324 0.037108
v -0.012062 -0.007128 0.037121
v -0.012083 -0.006288 0.037230
v -0.012156 -0.007100 0.036783
v -0.012104 -0.006595 0.035836
v -0.012014 -0.007019 0.037026
v -0.011968 -0.006032 0.037055
v -0.011995 -0.007034 0.036947
v -0.011809 -0.006639 0.036774
v -0.011849 -0.005781 0.036903
v -0.011951 -0.006931 0.036650
v -0.011788 -0.006811 0.036683
v -0.011941 -0.006794 0.036415
v -0.011953 -0.006593 0.036039
v -0.011535 -0.005624 0.036552
v -0.011678 -0.006728 0.036474
v -0.011575 -0.006514 0.036504
v -0.011680 -0.006633 0.036206
v -0.011753 -0.006468 0.035859
v -0.011724 -0.006354 0.035393
v -0.011443 -0.006504 0.036247
v -0.011405 -0.006214 0.036326
v -0.011515 -0.006520 0.035984
v -0.011522 -0.006335 0.035569
v -0.011322 -0.006422 0.036182
v -0.011201 -0.005698 0.036153
v -0.011272 -0.006512 0.036015
v -0.011165 -0.006292 0.036047
v -0.011246 -0.006452 0.035768
v -0.011303 -0.006285 0.035430
v -0.010966 -0.006335 0.035849
v -0.010720 -0.005975 0.035700
v -0.011041 -0.006417 0.035559
v -0.010796 -0.006160 0.035741
v -0.010794 -0.006393 0.035583
v -0.010535 -0.006231 0.035473
v -0.012165 -0.004714 0.037120
v -0.012181 -0.003980 0.037055
v -0.011846 -0.005031 0.036906
v -0.011928 -0.004611 0.036886
v -0.011919 -0.004223 0.036822
v -0.011725 -0.004714 0.036759
v -0.011692 -0.005355 0.036757
v -0.011749 -0.004233 0.036683
v -0.011437 -0.005076 0.036570
v -0.011561 -0.004811 0.036647
v -0.011438 -0.004610 0.036578
v -0.011515 -0.004153 0.036474
v -0.011351 -0.005373 0.036385
v -0.011162 -0.004847 0.036240
v -0.011341 -0.004769 0.036461
v -0.011307 -0.004385 0.036471
v -0.011341 -0.004140 0.036405
v -0.011176 -0.005051 0.036205
v -0.011247 -0.004636 0.036276
v -0.011193 -0.004384 0.036351
v -0.011255 -0.004133 0.036289
v -0.011110 -0.004622 0.036200
v -0.011062 -0.004364 0.036256
v -0.011009 -0.003925 0.035922
v -0.010975 -0.004709 0.036071
v -0.010970 -0.004379 0.036105
v -0.011012 -0.004149 0.036055
v -0.010765 -0.005341 0.035790
v -0.010895 -0.004426 0.035947
v -0.010695 -0.004866 0.035773
v -0.010518 -0.004371 0.035605
v -0.010654 -0.004157 0.035673
v -0.010590 -0.005550 0.035636
v -0.010479 -0.004891 0.035585
v -0.012240 -0.003382 0.036993
v -0.012246 -0.002477 0.036967
v -0.012034 -0.003126 0.036701
v -0.011972 -0.002147 0.036492
v -0.012277 -0.002972 0.036048
v -0.012094 -0.003191 0.035840
v -0.012327 -0.003952 0.035581
v -0.012049 -0.003521 0.036795
v -0.011772 -0.003432 0.036480
v -0.011808 -0.002440 0.036315
v -0.011951 -0.003397 0.035601
v -0.011801 -0.003851 0.035131
v -0.011631 -0.003921 0.036493
v -0.011510 -0.002890 0.036056
v -0.011877 -0.002861 0.035832
v -0.011744 -0.003597 0.035276
v -0.011621 -0.003135 0.035459
v -0.011440 -0.003934 0.036323
v -0.011439 -0.003390 0.036124
v -0.011094 -0.003382 0.035779
v -0.010657 -0.003533 0.035437
v -0.010877 -0.003148 0.035514
v -0.010844 -0.002615 0.035520
v -0.010476 -0.004041 0.035437
v -0.010601 -0.002432 0.035509
v -0.012217 -0.001733 0.036966
v -0.012174 -0.001209 0.037022
v -0.012132 -0.000972 0.037145
v -0.012094 -0.001764 0.036682
v -0.012064 -0.001033 0.036874
v -0.012059 -0.001236 0.036756
v -0.012286 -0.001138 0.036238
v -0.012234 -0.001012 0.036118
v -0.012179 -0.000869 0.035928
v -0.012185 -0.000783 0.035748
v -0.012265 -0.000716 0.035553
v -0.012024 -0.000773 0.037128
v -0.011907 -0.000754 0.036997
v -0.011936 -0.001375 0.036545
v -0.011907 -0.000994 0.036759
v -0.011984 -0.001354 0.035950
v -0.012028 -0.001035 0.035748
v -0.011972 -0.001095 0.035529
v -0.012060 -0.000980 0.035417
v -0.011703 -0.000498 0.037181
v -0.011731 -0.000691 0.036969
v -0.011750 -0.001297 0.036494
v -0.011724 -0.000865 0.036804
v -0.011829 -0.001674 0.035904
v -0.011697 -0.001630 0.035731
v -0.011856 -0.001413 0.035745
v -0.011810 -0.001467 0.035507
v -0.011516 -0.000441 0.037165
v -0.011505 -0.001249 0.036477
v -0.011445 -0.001663 0.036203
v -0.011573 -0.001785 0.035694
v -0.011502 -0.001663 0.035519
v -0.011633 -0.001575 0.035515
v -0.011270 -0.000458 0.037086
v -0.011214 -0.000690 0.036878
v -0.010999 -0.001013 0.036617
v -0.011193 -0.001897 0.036011
v -0.011306 -0.001909 0.035483
v -0.011399 -0.001775 0.035511
v -0.010792 -0.000729 0.036814
v -0.011014 -0.001702 0.036099
v -0.011033 -0.002522 0.035649
v -0.011010 -0.002124 0.035820
v -0.011201 -0.002128 0.035400
v -0.010783 -0.000481 0.037007
v -0.010816 -0.001454 0.036239
v -0.011963 -0.018949 0.035007
v -0.012211 -0.019540 0.034124
v -0.012219 -0.019631 0.033912
v -0.012159 -0.019692 0.033726
v -0.011883 -0.019386 0.034677
v -0.011962 -0.019612 0.034243
v -0.011833 -0.019549 0.034491
v -0.011948 -0.019716 0.033946
v -0.011597 -0.019152 0.035194
v -0.011571 -0.019365 0.035006
v -0.011625 -0.019760 0.034180
v -0.011682 -0.019789 0.033821
v -0.011429 -0.019571 0.034855
v -0.011408 -0.019739 0.034504
v -0.011182 -0.019834 0.034395
v -0.011197 -0.019856 0.034106
v -0.011296 -0.019827 0.033680
v -0.010959 -0.019595 0.035309
v -0.010967 -0.019726 0.035051
v -0.011106 -0.019786 0.034733
v -0.010704 -0.019845 0.035042
v -0.010850 -0.019865 0.034740
v -0.010789 -0.019901 0.034426
v -0.010796 -0.019891 0.034129
v -0.010851 -0.019826 0.033551
v -0.010499 -0.019866 0.035270
v -0.010567 -0.019913 0.034872
v -0.010547 -0.019929 0.034657
v -0.011968 -0.006445 0.035199
v -0.012217 -0.006690 0.034777
v -0.012286 -0.006515 0.034550
v -0.012350 -0.006200 0.034521
v -0.012316 -0.005840 0.034484
v -0.012241 -0.006444 0.034390
v -0.012165 -0.006208 0.034278
v -0.011986 -0.006500 0.034839
v -0.012011 -0.006634 0.034587
v -0.012084 -0.006579 0.034283
v -0.012194 -0.005827 0.034357
v -0.012003 -0.006473 0.034137
v -0.011845 -0.006287 0.033977
v -0.012009 -0.005921 0.034173
v -0.011693 -0.006311 0.034954
v -0.011723 -0.006343 0.034702
v -0.011798 -0.006500 0.034408
v -0.011791 -0.006534 0.034113
v -0.011574 -0.006007 0.033833
v -0.011521 -0.006241 0.034941
v -0.011481 -0.006217 0.034561
v -0.011564 -0.006293 0.034431
v -0.011529 -0.006445 0.034112
v -0.011564 -0.006276 0.033885
v -0.011496 -0.005855 0.033799
v -0.011293 -0.006183 0.034932
v -0.011267 -0.006129 0.034510
v -0.011360 -0.006184 0.034209
v -0.011381 -0.006295 0.033941
v -0.011317 -0.006147 0.033914
v -0.011356 -0.006039 0.033684
v -0.010982 -0.006249 0.035206
v -0.011053 -0.006086 0.034593
v -0.011025 -0.006020 0.034097
v -0.010860 -0.006334 0.035309
v -0.010863 -0.006138 0.034823
v -0.010867 -0.006049 0.034487
v -0.010865 -0.005987 0.034180
v -0.010824 -0.005926 0.033824
v -0.010534 -0.006412 0.035253
v -0.010680 -0.006223 0.034932
v -0.010657 -0.006111 0.034647
v -0.010661 -0.005978 0.034199
v -0.012001 -0.004544 0.034905
v -0.012381 -0.005410 0.034686
v -0.012283 -0.005518 0.034519
v -0.012186 -0.005258 0.034539
v -0.011947 -0.004164 0.035061
v -0.011889 -0.004733 0.034646
v -0.011987 -0.004995 0.034548
v -0.012045 -0.005528 0.034306
v -0.011591 -0.004255 0.034620
v -0.011812 -0.005244 0.034235
v -0.011730 -0.004894 0.034323
v -0.011733 -0.004556 0.034555
v -0.011466 -0.004329 0.034373
v -0.011600 -0.005313 0.034035
v -0.011610 -0.004951 0.034156
v -0.011508 -0.004653 0.034129
v -0.011498 -0.005046 0.033989
v -0.011265 -0.004062 0.034288
v -0.011365 -0.004490 0.033989
v -0.011373 -0.005294 0.033784
v -0.011375 -0.004852 0.033809
v -0.011338 -0.004638 0.033821
v -0.011306 -0.005741 0.033606
v -0.011306 -0.005069 0.033708
v -0.011130 -0.004216 0.033951
v -0.011190 -0.004345 0.033938
v -0.011194 -0.005959 0.033528
v -0.011151 -0.005320 0.033445
v -0.011029 -0.004271 0.033652
v -0.010898 -0.004172 0.033352
v -0.010658 -0.005872 0.033645
v -0.011546 -0.003324 0.035247
v -0.011396 -0.003499 0.034937
v -0.011247 -0.003752 0.034520
v -0.011107 -0.002888 0.035039
v -0.011010 -0.003133 0.034683
v -0.011062 -0.003770 0.034175
v -0.010948 -0.002783 0.035539
v -0.010986 -0.002505 0.035062
v -0.010963 -0.002839 0.034851
v -0.010804 -0.002649 0.034630
v -0.010822 -0.002369 0.034790
v -0.011050 -0.003558 0.034371
v -0.010827 -0.003028 0.034399
v -0.010787 -0.003266 0.034047
v -0.010909 -0.003704 0.033916
v -0.010851 -0.003869 0.033576
v -0.010499 -0.003050 0.035230
v -0.010567 -0.002813 0.035303
v -0.010740 -0.002782 0.034362
v -0.010694 -0.002592 0.034281
v -0.010679 -0.002375 0.034266
v -0.010712 -0.003018 0.034064
v -0.010641 -0.002600 0.033953
v -0.010630 -0.002387 0.033833
v -0.010721 -0.003521 0.033574
v -0.010655 -0.003325 0.033549
v -0.010604 -0.002866 0.033700
v -0.012264 -0.000826 0.035251
v -0.012136 -0.001020 0.035037
v -0.012277 -0.000938 0.034860
v -0.012286 -0.000906 0.034625
v -0.012227 -0.000792 0.034396
v -0.012028 -0.000811 0.034156
v -0.012203 -0.000468 0.033957
v -0.011946 -0.001193 0.035269
v -0.011992 -0.001263 0.034852
v -0.012126 -0.001140 0.034612
v -0.011968 -0.001363 0.034608
v -0.011936 -0.001251 0.034373
v -0.012024 -0.000679 0.033952
v -0.012033 -0.000599 0.033729
v -0.011804 -0.001474 0.035328
v -0.011781 -0.001525 0.034873
v -0.011809 -0.001566 0.034613
v -0.011801 -0.001541 0.034351
v -0.011605 -0.001332 0.033988
v -0.011726 -0.001147 0.034021
v -0.011787 -0.000954 0.033913
v -0.011631 -0.001021 0.033708
v -0.011614 -0.001597 0.035297
v -0.011599 -0.001617 0.034924
v -0.011615 -0.001663 0.034398
v -0.011571 -0.001573 0.034124
v -0.011452 -0.001197 0.033726
v -0.011169 -0.001801 0.035232
v -0.011308 -0.001695 0.035307
v -0.011444 -0.001628 0.035297
v -0.011224 -0.001630 0.035015
v -0.011372 -0.001619 0.034965
v -0.011168 -0.001598 0.034559
v -0.011189 -0.001629 0.034196
v -0.011235 -0.001629 0.033995
v -0.011347 -0.001537 0.033923
v -0.011202 -0.001551 0.033744
v -0.011031 -0.002018 0.035149
v -0.011058 -0.001681 0.034854
v -0.011018 -0.001649 0.034629
v -0.011017 -0.001637 0.034384
v -0.011081 -0.001680 0.033770
v -0.010981 -0.001808 0.034909
v -0.010821 -0.002166 0.034758
v -0.010789 -0.001934 0.034565
v -0.010836 -0.001807 0.034550
v -0.010889 -0.001724 0.034401
v -0.010904 -0.001728 0.034132
v -0.010860 -0.001879 0.033550
v -0.010963 -0.001766 0.033600
v -0.010692 -0.002161 0.034279
v -0.010727 -0.001975 0.034176
v -0.010796 -0.001837 0.034115
v -0.010673 -0.002171 0.033843
v -0.010738 -0.001989 0.033868
v -0.012136 -0.000504 0.033640
v -0.012301 -0.019685 0.033397
v -0.012157 -0.019716 0.033145
v -0.011844 -0.019766 0.033426
v -0.011974 -0.019689 0.032638
v -0.011421 -0.019778 0.033247
v -0.010348 -0.019571 0.032011
v -0.010484 -0.019720 0.032904
v -0.010922 -0.005957 0.033465
v -0.011162 -0.005779 0.033446
v -0.011164 -0.005691 0.033405
v -0.011098 -0.005139 0.033329
v -0.011175 -0.004841 0.033400
v -0.011065 -0.004635 0.033239
v -0.011029 -0.004366 0.033468
v -0.011024 -0.005912 0.033186
v -0.011020 -0.005449 0.033125
v -0.011013 -0.004443 0.033248
v -0.010972 -0.005840 0.032983
v -0.010946 -0.004870 0.032907
v -0.010918 -0.005753 0.032755
v -0.010896 -0.004863 0.032801
v -0.010846 -0.004534 0.032838
v -0.010504 -0.005829 0.033296
v -0.010818 -0.004027 0.033341
v -0.010671 -0.005859 0.033033
v -0.010796 -0.004321 0.032961
v -0.010752 -0.004107 0.033016
v -0.010689 -0.005871 0.032785
v -0.010705 -0.005840 0.032546
v -0.010842 -0.005583 0.032550
v -0.010780 -0.004911 0.032430
v -0.010779 -0.004673 0.032510
v -0.010713 -0.004329 0.032603
v -0.010689 -0.005792 0.032323
v -0.010678 -0.005471 0.032126
v -0.010684 -0.004335 0.032377
v -0.010699 -0.005014 0.032128
v -0.010703 -0.004516 0.032148
v -0.010649 -0.004096 0.032169
v -0.010619 -0.005367 0.031904
v -0.010664 -0.005006 0.031917
v -0.010702 -0.004488 0.031948
v -0.010666 -0.004110 0.031946
v -0.010610 -0.002561 0.033385
v -0.010604 -0.003497 0.033044
v -0.010653 -0.002350 0.032936
v -0.010616 -0.003704 0.032714
v -0.010606 -0.002481 0.032625
v -0.010604 -0.003670 0.032319
v -0.010588 -0.002757 0.032385
v -0.010686 -0.002234 0.032227
v -0.010697 -0.003767 0.031748
v -0.010577 -0.003250 0.032246
v -0.010642 -0.003051 0.031991
v -0.012290 -0.000505 0.033303
v -0.012242 -0.000635 0.033062
v -0.012207 -0.000733 0.032843
v -0.012238 -0.000888 0.032602
v -0.012209 -0.000964 0.032409
v -0.012291 -0.001085 0.032102
v -0.012145 -0.000992 0.032135
v -0.012047 -0.000608 0.033270
v -0.012021 -0.000616 0.033054
v -0.012008 -0.000673 0.032847
v -0.012036 -0.000787 0.032583
v -0.011938 -0.000769 0.032434
v -0.011916 -0.000779 0.032197
v -0.011993 -0.000821 0.031945
v -0.011873 -0.000722 0.033342
v -0.011687 -0.000884 0.033275
v -0.011703 -0.000776 0.033046
v -0.011835 -0.000671 0.033053
v -0.011802 -0.000635 0.032833
v -0.011776 -0.000672 0.032575
v -0.011712 -0.000693 0.032111
v -0.011794 -0.000720 0.031956
v -0.011651 -0.000945 0.033456
v -0.011450 -0.001065 0.033266
v -0.011377 -0.000996 0.033042
v -0.011593 -0.000877 0.033023
v -0.011479 -0.000748 0.032838
v -0.011623 -0.000674 0.032834
v -0.011596 -0.000636 0.032612
v -0.011587 -0.000667 0.032323
v -0.011579 -0.000780 0.031946
v -0.011395 -0.001152 0.033478
v -0.011296 -0.001209 0.033256
v -0.011296 -0.000907 0.032837
v -0.011270 -0.000843 0.032610
v -0.011445 -0.000705 0.032614
v -0.011268 -0.000851 0.032410
v -0.011446 -0.000721 0.032324
v -0.011200 -0.001003 0.032175
v -0.011397 -0.000873 0.032014
v -0.011267 -0.001056 0.031935
v -0.010973 -0.001695 0.033355
v -0.011219 -0.001370 0.033494
v -0.011042 -0.001533 0.033219
v -0.011037 -0.001330 0.032879
v -0.011109 -0.001161 0.032834
v -0.011051 -0.001158 0.032593
v -0.011019 -0.001198 0.032378
v -0.011043 -0.001223 0.032167
v -0.011091 -0.001305 0.031958
v -0.010838 -0.001890 0.033168
v -0.010887 -0.001595 0.032834
v -0.010880 -0.001496 0.032600
v -0.010846 -0.001575 0.032382
v -0.010868 -0.001611 0.032177
v -0.010768 -0.002200 0.031951
v -0.010978 -0.001704 0.031834
v -0.010715 -0.002196 0.033334
v -0.010799 -0.002017 0.033319
v -0.010761 -0.001874 0.032696
v -0.011920 -0.019334 0.030406
v -0.010648 -0.019358 0.030727
v -0.010632 -0.005876 0.030125
v -0.012243 -0.004500 0.030578
v -0.012217 -0.004166 0.030599
v -0.012216 -0.005340 0.030371
v -0.012187 -0.005109 0.030454
v -0.012029 -0.005415 0.030136
v -0.012027 -0.004256 0.030615
v -0.011879 -0.005308 0.030343
v -0.011979 -0.005078 0.030440
v -0.011814 -0.004469 0.030599
v -0.011806 -0.004149 0.030656
v -0.011781 -0.005065 0.030446
v -0.011652 -0.005444 0.030140
v -0.011485 -0.004217 0.030777
v -0.011566 -0.005021 0.030497
v -0.011619 -0.004233 0.030711
v -0.011585 -0.005320 0.030374
v -0.011242 -0.005559 0.029966
v -0.011276 -0.004204 0.030907
v -0.011163 -0.005416 0.030499
v -0.011375 -0.005510 0.030288
v -0.011355 -0.005303 0.030462
v -0.011078 -0.004475 0.031001
v -0.011059 -0.004192 0.031104
v -0.011052 -0.004834 0.030868
v -0.011208 -0.004904 0.030703
v -0.010989 -0.005631 0.030378
v -0.010839 -0.004429 0.031405
v -0.010873 -0.004210 0.031386
v -0.010856 -0.004826 0.031138
v -0.010939 -0.004411 0.031202
v -0.010804 -0.005478 0.030785
v -0.010958 -0.005472 0.030616
v -0.010746 -0.005742 0.030443
v -0.010945 -0.005702 0.029958
v -0.010597 -0.005311 0.031704
v -0.010693 -0.004753 0.031708
v -0.010736 -0.004362 0.031731
v -0.010631 -0.005179 0.031497
v -0.010790 -0.004404 0.031570
v -0.010550 -0.005577 0.031252
v -0.010737 -0.004995 0.031273
v -0.010590 -0.005640 0.031054
v -0.010767 -0.005658 0.030661
v -0.012039 -0.003214 0.030587
v -0.012034 -0.002578 0.030603
v -0.011750 -0.002507 0.030715
v -0.011824 -0.003349 0.030644
v -0.011721 -0.003018 0.030716
v -0.011588 -0.003411 0.030730
v -0.011475 -0.002503 0.030899
v -0.011194 -0.003158 0.031005
v -0.011221 -0.002838 0.031030
v -0.011358 -0.003488 0.030855
v -0.011377 -0.002954 0.030893
v -0.011010 -0.002866 0.031262
v -0.011186 -0.002491 0.031155
v -0.011153 -0.003857 0.030999
v -0.010915 -0.002481 0.031534
v -0.010824 -0.003786 0.031438
v -0.010797 -0.003161 0.031569
v -0.010956 -0.003859 0.031215
v -0.010988 -0.003187 0.031246
v -0.010719 -0.003059 0.031768
v -0.012168 -0.000928 0.031722
v -0.012215 -0.000981 0.031234
v -0.012186 -0.000918 0.031364
v -0.012241 -0.001158 0.031046
v -0.012245 -0.001627 0.030797
v -0.012143 -0.001972 0.030688
v -0.012008 -0.000809 0.031723
v -0.011996 -0.000959 0.031347
v -0.011981 -0.000856 0.031520
v -0.011971 -0.001209 0.031135
v -0.012042 -0.001642 0.030851
v -0.011936 -0.002119 0.030726
v -0.011777 -0.000792 0.031729
v -0.011790 -0.001046 0.031392
v -0.011772 -0.000893 0.031560
v -0.011694 -0.001370 0.031216
v -0.011716 -0.001868 0.030935
v -0.011810 -0.002053 0.030800
v -0.011599 -0.001043 0.031564
v -0.011573 -0.000879 0.031772
v -0.011565 -0.001311 0.031373
v -0.011581 -0.002166 0.030907
v -0.011212 -0.001322 0.031755
v -0.011266 -0.001652 0.031483
v -0.011246 -0.002098 0.031243
v -0.011079 -0.001692 0.031679
v -0.011008 -0.002285 0.031458
v -0.010839 -0.002259 0.031764
v -0.009283 -0.003141 0.040790
v -0.009455 -0.002778 0.040767
v -0.009448 -0.002263 0.040738
v -0.009136 -0.002679 0.040849
v -0.009106 -0.002375 0.040865
v -0.009108 -0.003445 0.040769
v -0.008971 -0.003120 0.040824
v -0.008837 -0.002675 0.040897
v -0.008826 -0.002227 0.040949
v -0.008973 -0.002024 0.040899
v -0.008744 -0.001584 0.040916
v -0.009096 -0.001401 0.040715
v -0.008821 -0.000897 0.040638
v -0.010096 -0.012832 0.039345
v -0.009846 -0.013579 0.039121
v -0.009656 -0.012830 0.039516
v -0.009408 -0.013406 0.039347
v -0.009218 -0.012793 0.039656
v -0.009059 -0.013509 0.039388
v -0.008757 -0.013936 0.039257
v -0.010106 -0.011502 0.039785
v -0.010286 -0.012273 0.039466
v -0.009857 -0.012339 0.039625
v -0.009430 -0.011511 0.040025
v -0.009322 -0.012316 0.039807
v -0.008403 -0.011580 0.040294
v -0.008714 -0.011189 0.040322
v -0.008392 -0.012051 0.040132
v -0.008474 -0.012645 0.039872
v -0.010200 -0.010700 0.039941
v -0.010383 -0.009986 0.040004
v -0.010378 -0.009601 0.040059
v -0.009671 -0.010827 0.040109
v -0.008893 -0.009353 0.040586
v -0.009246 -0.010048 0.040389
v -0.008299 -0.010381 0.040645
v -0.008450 -0.009969 0.040666
v -0.010085 -0.009213 0.040194
v -0.010306 -0.008293 0.040111
v -0.010277 -0.007871 0.040141
v -0.010104 -0.007931 0.040151
v -0.009895 -0.007992 0.040217
v -0.010063 -0.008777 0.040218
v -0.009705 -0.008286 0.040326
v -0.009477 -0.007998 0.040367
v -0.009096 -0.007827 0.040456
v -0.009526 -0.007720 0.040281
v -0.008251 -0.008338 0.040817
v -0.010380 -0.007456 0.040190
v -0.010261 -0.006872 0.040159
v -0.010408 -0.006193 0.040178
v -0.010416 -0.005949 0.040196
v -0.010205 -0.005989 0.040254
v -0.010211 -0.007403 0.040204
v -0.010047 -0.006633 0.040178
v -0.010092 -0.006377 0.040209
v -0.009954 -0.005971 0.040347
v -0.009600 -0.007101 0.040186
v -0.009830 -0.007073 0.040200
v -0.009742 -0.005860 0.040400
v -0.009732 -0.007563 0.040173
v -0.009757 -0.006564 0.040198
v -0.009528 -0.005856 0.040373
v -0.009277 -0.007527 0.040255
v -0.009509 -0.007340 0.040159
v -0.009528 -0.006454 0.040186
v -0.009214 -0.007665 0.040357
v -0.009330 -0.005694 0.040364
v -0.009281 -0.007336 0.040150
v -0.009302 -0.007106 0.040130
v -0.009246 -0.006766 0.040136
v -0.009245 -0.006420 0.040117
v -0.009205 -0.006191 0.040148
v -0.009051 -0.007332 0.040167
v -0.009064 -0.007126 0.040053
v -0.008948 -0.006522 0.040042
v -0.008895 -0.006162 0.040004
v -0.008822 -0.007420 0.040386
v -0.008819 -0.007285 0.040258
v -0.008822 -0.007247 0.040038
v -0.008963 -0.005951 0.040083
v -0.008826 -0.007097 0.039956
v -0.008725 -0.006657 0.039912
v -0.010250 -0.005670 0.040383
v -0.010314 -0.005396 0.040443
v -0.010211 -0.004442 0.040523
v -0.010184 -0.003816 0.040561
v -0.009875 -0.004530 0.040563
v -0.009971 -0.005656 0.040429
v -0.009840 -0.005268 0.040504
v -0.009604 -0.004016 0.040652
v -0.009382 -0.004644 0.040553
v -0.009529 -0.005256 0.040498
v -0.009308 -0.004157 0.040632
v -0.009314 -0.005134 0.040484
v -0.009081 -0.004427 0.040552
v -0.009044 -0.005313 0.040363
v -0.009099 -0.004994 0.040456
v -0.008846 -0.003993 0.040623
v -0.008852 -0.004527 0.040473
v -0.008777 -0.005281 0.040215
v -0.010311 -0.002505 0.040433
v -0.010096 -0.003347 0.040592
v -0.009937 -0.002901 0.040620
v -0.009822 -0.003631 0.040662
v -0.009514 -0.003601 0.040718
v -0.008938 -0.003620 0.040727
v -0.010218 -0.001429 0.040379
v -0.010281 -0.001043 0.040289
v -0.010204 -0.000409 0.040164
v -0.009944 -0.000442 0.040292
v -0.009967 -0.002001 0.040528
v -0.009886 -0.001428 0.040511
v -0.009795 -0.000999 0.040477
v -0.009389 -0.001793 0.040696
v -0.009735 -0.000496 0.040366
v -0.009337 -0.001571 0.040676
v -0.009276 -0.001050 0.040583
v -0.009384 -0.000606 0.040452
v -0.009028 -0.000872 0.040577
v -0.009081 -0.000587 0.040457
v -0.008851 -0.000724 0.040543
v -0.008934 -0.000512 0.040364
v -0.008892 -0.000472 0.040210
v -0.008676 -0.000599 0.040168
v -0.008869 -0.000510 0.039760
v -0.010345 0.000009 0.039839
v -0.010405 0.000226 0.039610
v -0.010440 0.000391 0.039339
v -0.010460 0.000512 0.038994
v -0.010032 -0.000228 0.040163
v -0.010149 0.000002 0.039894
v -0.010193 0.000213 0.039605
v -0.010281 0.000376 0.039261
v -0.010271 0.000410 0.039037
v -0.009967 -0.000080 0.040047
v -0.009974 0.000074 0.039777
v -0.010019 0.000171 0.039528
v -0.009849 0.000085 0.039241
v -0.009748 -0.000224 0.040248
v -0.009753 -0.000067 0.040065
v -0.009769 0.000007 0.039877
v -0.009629 -0.000053 0.039258
v -0.009432 -0.000441 0.040387
v -0.009520 -0.000300 0.040308
v -0.009526 -0.000172 0.040187
v -0.009551 -0.000087 0.039984
v -0.009755 0.000007 0.039604
v -0.009331 -0.000257 0.039611
v -0.009368 -0.000165 0.039038
v -0.009307 -0.000310 0.040282
v -0.009270 -0.000248 0.040147
v -0.009312 -0.000210 0.039990
v -0.009204 -0.000322 0.039534
v -0.009107 -0.000453 0.040365
v -0.008833 -0.000439 0.039360
v -0.009186 -0.000270 0.039114
v -0.009234 -0.018127 0.037271
v -0.008733 -0.018856 0.037100
v -0.010371 -0.017467 0.037082
v -0.010052 -0.016587 0.037699
v -0.010056 -0.017651 0.037164
v -0.009600 -0.016664 0.037860
v -0.009608 -0.017705 0.037338
v -0.009258 -0.017201 0.037696
v -0.008989 -0.017235 0.037731
v -0.009007 -0.017687 0.037524
v -0.008760 -0.018207 0.037359
v -0.010373 -0.015929 0.037836
v -0.010048 -0.015909 0.038017
v -0.010059 -0.015122 0.038329
v -0.009945 -0.014341 0.038720
v -0.009613 -0.014608 0.038721
v -0.009741 -0.016010 0.038099
v -0.009383 -0.015282 0.038501
v -0.009400 -0.016247 0.038112
v -0.009185 -0.014767 0.038778
v -0.008918 -0.015461 0.038532
v -0.009015 -0.016354 0.038136
v -0.008769 -0.014823 0.038841
v -0.010207 -0.013880 0.038824
v -0.008742 -0.000549 0.037559
v -0.008775 -0.000578 0.037365
v -0.010425 0.000503 0.038583
v -0.010402 0.000488 0.038162
v -0.010423 0.000451 0.037978
v -0.010204 0.000415 0.038543
v -0.010090 0.000336 0.038702
v -0.010186 0.000300 0.037685
v -0.010001 0.000345 0.038133
v -0.009983 0.000256 0.037672
v -0.009847 0.000113 0.037411
v -0.009793 -0.000029 0.037231
v -0.009743 0.000171 0.038659
v -0.009757 0.000228 0.038372
v -0.009776 0.000213 0.037886
v -0.009784 0.000161 0.037580
v -0.009521 -0.000035 0.038906
v -0.009544 0.000068 0.038497
v -0.009505 0.000046 0.038239
v -0.009541 0.000025 0.037572
v -0.009505 -0.000035 0.037369
v -0.009150 -0.000263 0.038495
v -0.008983 -0.000377 0.038690
v -0.009057 -0.000333 0.038207
v -0.009099 -0.000327 0.037577
v -0.009069 -0.000382 0.037358
v -0.008908 -0.000445 0.037816
v -0.010254 -0.019089 0.036348
v -0.010198 -0.019614 0.036015
v -0.010213 -0.019754 0.035847
v -0.009995 -0.020003 0.035396
v -0.010066 -0.019962 0.035562
v -0.009860 -0.018879 0.036674
v -0.009831 -0.019441 0.036380
v -0.009827 -0.019757 0.036128
v -0.009833 -0.019885 0.035964
v -0.009813 -0.019962 0.035833
v -0.009551 -0.018822 0.036842
v -0.009581 -0.020047 0.035720
v -0.009638 -0.020051 0.035528
v -0.009368 -0.019642 0.036467
v -0.009359 -0.019385 0.036635
v -0.009388 -0.019800 0.036323
v -0.009456 -0.019932 0.036135
v -0.009357 -0.020044 0.035935
v -0.009170 -0.019003 0.036904
v -0.009196 -0.020014 0.036120
v -0.009201 -0.020076 0.035484
v -0.008812 -0.019297 0.036880
v -0.008927 -0.019863 0.036457
v -0.008944 -0.019604 0.036660
v -0.008871 -0.019995 0.036307
v -0.008774 -0.020063 0.036170
v -0.008857 -0.020097 0.035898
v -0.008765 -0.020075 0.035433
v -0.010368 -0.005990 0.035423
v -0.010200 -0.002391 0.035411
v -0.010073 -0.002019 0.035662
v -0.010033 -0.001291 0.036207
v -0.009673 -0.002181 0.035456
v -0.009715 -0.001632 0.035916
v -0.009520 -0.001833 0.035738
v -0.009535 -0.000474 0.036835
v -0.009532 -0.001301 0.036183
v -0.009326 -0.000465 0.036933
v -0.009301 -0.001014 0.036484
v -0.009317 -0.001503 0.036054
v -0.009308 -0.001802 0.035762
v -0.009293 -0.002140 0.035421
v -0.009117 -0.000555 0.037000
v -0.009083 -0.001117 0.036522
v -0.009098 -0.001535 0.036111
v -0.009092 -0.001850 0.035751
v -0.008872 -0.000667 0.037103
v -0.008888 -0.001183 0.036611
v -0.008877 -0.001496 0.036291
v -0.008887 -0.001820 0.035887
v -0.008837 -0.002128 0.035516
v -0.009912 -0.000422 0.036879
v -0.009740 -0.000464 0.036820
v -0.009558 -0.000121 0.037172
v -0.009268 -0.000320 0.037145
v -0.010358 -0.019935 0.034439
v -0.010308 -0.019897 0.034085
v -0.010315 -0.019948 0.035154
v -0.010112 -0.019989 0.035008
v -0.009814 -0.019998 0.034845
v -0.009659 -0.020040 0.035242
v -0.009447 -0.019907 0.034227
v -0.007934 -0.019948 0.034681
v -0.010425 -0.006165 0.034626
v -0.010438 -0.006032 0.034287
v -0.010344 -0.005922 0.033860
v -0.010130 -0.006292 0.035144
v -0.010175 -0.006437 0.034899
v -0.009882 -0.006208 0.034306
v -0.010195 -0.006080 0.034258
v -0.009806 -0.006022 0.034965
v -0.009873 -0.006353 0.034971
v -0.009965 -0.006386 0.034665
v -0.009858 -0.006023 0.033823
v -0.009681 -0.006175 0.034848
v -0.009703 -0.006392 0.034680
v -0.009757 -0.006335 0.034422
v -0.009399 -0.006202 0.033945
v -0.009492 -0.006277 0.034658
v -0.009489 -0.006034 0.034731
v -0.009509 -0.006424 0.034441
v -0.009342 -0.006130 0.033667
v -0.009367 -0.005712 0.034688
v -0.009236 -0.006356 0.034532
v -0.009316 -0.006354 0.034194
v -0.009021 -0.006246 0.033705
v -0.009045 -0.006263 0.034467
v -0.008966 -0.005704 0.034481
v -0.009094 -0.006433 0.034219
v -0.008860 -0.006194 0.034405
v -0.008792 -0.006491 0.034155
v -0.008875 -0.006451 0.034268
v -0.008601 -0.006432 0.033929
v -0.008915 -0.006345 0.033941
v -0.010165 -0.005693 0.035332
v -0.010301 -0.004566 0.035420
v -0.010351 -0.005852 0.033508
v -0.009949 -0.004905 0.035143
v -0.010102 -0.004686 0.035249
v -0.009906 -0.005760 0.035116
v -0.009883 -0.005520 0.035109
v -0.010110 -0.004269 0.035127
v -0.009915 -0.004377 0.034975
v -0.009971 -0.005895 0.033357
v -0.009681 -0.005112 0.034922
v -0.009651 -0.004673 0.034807
v -0.009696 -0.004319 0.034799
v -0.009369 -0.005453 0.034707
v -0.009459 -0.004898 0.034687
v -0.009413 -0.004316 0.034634
v -0.009201 -0.005611 0.034599
v -0.009254 -0.005089 0.034555
v -0.009335 -0.004770 0.034587
v -0.009117 -0.004672 0.034470
v -0.009110 -0.004244 0.034505
v -0.009052 -0.005107 0.034449
v -0.008623 -0.005380 0.034321
v -0.008801 -0.005202 0.034356
v -0.008841 -0.004733 0.034365
v -0.008738 -0.004497 0.034358
v -0.010350 -0.003830 0.035251
v -0.010436 -0.003327 0.035213
v -0.010221 -0.002681 0.035221
v -0.010110 -0.002893 0.035065
v -0.010584 -0.002793 0.033554
v -0.010166 -0.003763 0.035087
v -0.010168 -0.003289 0.035045
v -0.010088 -0.003097 0.035012
v -0.010053 -0.003629 0.034994
v -0.009862 -0.002734 0.035054
v -0.009862 -0.003828 0.034874
v -0.009792 -0.003104 0.034892
v -0.009626 -0.002872 0.034920
v -0.009608 -0.003822 0.034731
v -0.009574 -0.003511 0.034749
v -0.009366 -0.002506 0.035098
v -0.009468 -0.003252 0.034766
v -0.009402 -0.002714 0.034962
v -0.009187 -0.003203 0.034730
v -0.009151 -0.003799 0.034566
v -0.009146 -0.003548 0.034613
v -0.009044 -0.002305 0.035267
v -0.008951 -0.002605 0.035034
v -0.008947 -0.003033 0.034781
v -0.008978 -0.002793 0.034911
v -0.008732 -0.003450 0.034590
v -0.008740 -0.003833 0.034480
v -0.008944 -0.019713 0.033083
v -0.008358 -0.019501 0.031949
v -0.009867 -0.005944 0.031878
v -0.009594 -0.005980 0.032712
v -0.009636 -0.005991 0.032385
v -0.009674 -0.006021 0.032047
v -0.009285 -0.006096 0.033197
v -0.009344 -0.006164 0.032291
v -0.009518 -0.006196 0.031760
v -0.008777 -0.006298 0.033506
v -0.009280 -0.006119 0.032732
v -0.009288 -0.006359 0.031808
v -0.008996 -0.006265 0.032743
v -0.009026 -0.006367 0.032308
v -0.009026 -0.006579 0.031841
v -0.008845 -0.006278 0.033185
v -0.008708 -0.006431 0.032752
v -0.008672 -0.006684 0.032263
v -0.008666 -0.006868 0.032014
v -0.010418 -0.005800 0.032455
v -0.010431 -0.005793 0.032144
v -0.010633 -0.005706 0.032118
v -0.010436 -0.005778 0.031926
v -0.010576 -0.005629 0.031914
v -0.010191 -0.005806 0.032721
v -0.010229 -0.005807 0.031983
v -0.009909 -0.005871 0.032919
v -0.009948 -0.005859 0.032424
v -0.010565 -0.002999 0.033413
v -0.010575 -0.003299 0.033101
v -0.010557 -0.002846 0.033259
v -0.010543 -0.003047 0.033034
v -0.010562 -0.002733 0.032801
v -0.010562 -0.003363 0.032813
v -0.010573 -0.003465 0.032529
v -0.009148 -0.019257 0.030429
v -0.009198 -0.007826 0.030339
v -0.009066 -0.008540 0.030164
v -0.010346 -0.006015 0.030396
v -0.010155 -0.005894 0.031388
v -0.010235 -0.005950 0.030891
v -0.010097 -0.006187 0.030520
v -0.009924 -0.006026 0.031385
v -0.010011 -0.006103 0.030923
v -0.010059 -0.006497 0.030043
v -0.009726 -0.006251 0.031182
v -0.009829 -0.006369 0.030723
v -0.009620 -0.006626 0.030713
v -0.009432 -0.006427 0.031391
v -0.009369 -0.007436 0.030315
v -0.009343 -0.006602 0.031255
v -0.009168 -0.006817 0.031254
v -0.009325 -0.006999 0.030782
v -0.009358 -0.007170 0.030557
v -0.008836 -0.007134 0.031449
v -0.008823 -0.007536 0.031137
v -0.010433 -0.005760 0.031712
v -0.010517 -0.005587 0.031594
v -0.010430 -0.005761 0.031369
v -0.010478 -0.005783 0.031012
v -0.010138 -0.005854 0.031721
v -0.007463 -0.011121 0.040763
v -0.007230 -0.011536 0.040705
v -0.008242 -0.009467 0.040807
v -0.007403 -0.009886 0.041099
v -0.007643 -0.009717 0.041019
v -0.007470 -0.010452 0.040955
v -0.007037 -0.010764 0.041060
v -0.006496 -0.010308 0.041429
v -0.008469 -0.008770 0.040759
v -0.007829 -0.007991 0.040908
v -0.007748 -0.008880 0.041034
v -0.008477 -0.007682 0.040620
v -0.007379 -0.008365 0.041146
v -0.007572 -0.009315 0.041088
v -0.007174 -0.009005 0.041276
v -0.007175 -0.008639 0.041262
v -0.006988 -0.008164 0.041257
v -0.007005 -0.007765 0.041110
v -0.006469 -0.008059 0.041415
v -0.007634 -0.007649 0.040870
v -0.007658 -0.007414 0.040754
v -0.007363 -0.007299 0.040754
v -0.007033 -0.007179 0.040719
v -0.007131 -0.004019 0.041885
v -0.007113 -0.004378 0.041773
v -0.007118 -0.004369 0.041612
v -0.007127 -0.004141 0.041368
v -0.007153 -0.003865 0.041164
v -0.006849 -0.005248 0.042179
v -0.006930 -0.004793 0.042210
v -0.006862 -0.004484 0.042323
v -0.006911 -0.005302 0.042030
v -0.007010 -0.004836 0.042019
v -0.007027 -0.004422 0.042053
v -0.006906 -0.005489 0.041820
v -0.007044 -0.004888 0.041821
v -0.006869 -0.005632 0.041605
v -0.007039 -0.004892 0.041605
v -0.006898 -0.005294 0.041408
v -0.007020 -0.004676 0.041366
v -0.006934 -0.004797 0.041205
v -0.007044 -0.004261 0.041172
v -0.006797 -0.004572 0.040793
v -0.008631 -0.003432 0.040740
v -0.008620 -0.002892 0.040866
v -0.008567 -0.002365 0.040972
v -0.008407 -0.003193 0.040760
v -0.008368 -0.002393 0.040964
v -0.008158 -0.002390 0.040930
v -0.007956 -0.002392 0.040865
v -0.007343 -0.002303 0.041921
v -0.007310 -0.002709 0.041770
v -0.007413 -0.002065 0.041776
v -0.007441 -0.002136 0.041566
v -0.007333 -0.002795 0.041380
v -0.007424 -0.002300 0.041380
v -0.007355 -0.002628 0.041241
v -0.007403 -0.002226 0.041201
v -0.007169 -0.003126 0.041997
v -0.007081 -0.002735 0.042279
v -0.007253 -0.002437 0.042089
v -0.007137 -0.002297 0.042272
v -0.007122 -0.003744 0.041989
v -0.007107 -0.003492 0.042046
v -0.007185 -0.003389 0.041795
v -0.007191 -0.003822 0.041585
v -0.007260 -0.003129 0.041583
v -0.007188 -0.003856 0.041389
v -0.007235 -0.003337 0.041384
v -0.007200 -0.003484 0.041178
v -0.007282 -0.003045 0.041160
v -0.007271 -0.002724 0.040964
v -0.007267 -0.002349 0.040959
v -0.007105 -0.003627 0.040928
v -0.007232 -0.003047 0.040939
v -0.006977 -0.003787 0.042267
v -0.006962 -0.003317 0.042322
v -0.006951 -0.002859 0.042409
v -0.006960 -0.002398 0.042423
v -0.008588 -0.001978 0.041006
v -0.008572 -0.001691 0.040988
v -0.008453 -0.001188 0.040880
v -0.008353 -0.001971 0.041021
v -0.008255 -0.001719 0.041026
v -0.008282 -0.001477 0.041004
v -0.008148 -0.001926 0.041008
v -0.008105 -0.001159 0.040927
v -0.007943 -0.001919 0.040966
v -0.007936 -0.001610 0.041008
v -0.007946 -0.001289 0.040982
v -0.007940 -0.001088 0.040842
v -0.007763 -0.001464 0.040973
v -0.007728 -0.001289 0.040905
v -0.007727 -0.001167 0.040772
v -0.007382 -0.001490 0.041984
v -0.007352 -0.000853 0.041909
v -0.007438 -0.001206 0.041788
v -0.007340 -0.000660 0.041789
v -0.007453 -0.001189 0.041598
v -0.007376 -0.000754 0.041592
v -0.007447 -0.001812 0.041391
v -0.007441 -0.001357 0.041393
v -0.007393 -0.000963 0.041410
v -0.007397 -0.001517 0.041178
v -0.007313 -0.000926 0.041212
v -0.007218 -0.001712 0.042221
v -0.007209 -0.001334 0.042214
v -0.007134 -0.001028 0.042210
v -0.007105 -0.000814 0.042124
v -0.007311 -0.001749 0.042098
v -0.007310 -0.001350 0.042104
v -0.007274 -0.000907 0.042054
v -0.007163 -0.000569 0.041975
v -0.007290 -0.000562 0.041589
v -0.007315 -0.000743 0.041387
v -0.007213 -0.000570 0.041368
v -0.007299 -0.001077 0.041114
v -0.007202 -0.001052 0.040983
v -0.007089 -0.001953 0.042334
v -0.006999 -0.001243 0.042351
v -0.007097 -0.001583 0.042325
v -0.006857 -0.000735 0.042177
v -0.007020 -0.000444 0.041414
v -0.007140 -0.000687 0.041158
v -0.006969 -0.000623 0.041179
v -0.007025 -0.001211 0.040798
v -0.007029 -0.000872 0.040964
v -0.007214 -0.000443 0.041760
v -0.007169 -0.000439 0.041527
v -0.006858 -0.000501 0.041997
v -0.007038 -0.000409 0.041838
v -0.006961 -0.000372 0.041608
v -0.007960 -0.015187 0.038794
v -0.006843 -0.014796 0.039234
v -0.008104 -0.013374 0.039609
v -0.008054 -0.014185 0.039261
v -0.007746 -0.013373 0.039687
v -0.007432 -0.014354 0.039305
v -0.007354 -0.013015 0.039982
v -0.007400 -0.013729 0.039609
v -0.006494 -0.013644 0.039955
v -0.006900 -0.014188 0.039537
v -0.008089 -0.012523 0.040015
v -0.007834 -0.011370 0.040545
v -0.007757 -0.011852 0.040395
v -0.007617 -0.012371 0.040222
v -0.007127 -0.012230 0.040457
v -0.008007 -0.010738 0.040668
v -0.008349 -0.007450 0.040573
v -0.008482 -0.007146 0.040308
v -0.008600 -0.007098 0.039995
v -0.008630 -0.006902 0.039886
v -0.008525 -0.006220 0.039811
v -0.008669 -0.005874 0.039887
v -0.008554 -0.006841 0.039784
v -0.008465 -0.005808 0.039755
v -0.008251 -0.007217 0.040468
v -0.008384 -0.007012 0.040123
v -0.008366 -0.007029 0.039884
v -0.008371 -0.006892 0.039775
v -0.008397 -0.006670 0.039664
v -0.008222 -0.006422 0.039538
v -0.007951 -0.006945 0.040314
v -0.007838 -0.006757 0.040096
v -0.007963 -0.006754 0.039971
v -0.008146 -0.006881 0.039853
v -0.008177 -0.006892 0.039626
v -0.008184 -0.005793 0.039549
v -0.007870 -0.007143 0.040525
v -0.007927 -0.006756 0.039739
v -0.008029 -0.006816 0.039406
v -0.008114 -0.006426 0.039425
v -0.007965 -0.006657 0.039225
v -0.007790 -0.005805 0.039122
v -0.007524 -0.006603 0.039935
v -0.007606 -0.006584 0.039744
v -0.007730 -0.006699 0.039556
v -0.007785 -0.006947 0.039275
v -0.007756 -0.006740 0.039121
v -0.007826 -0.006505 0.039068
v -0.007452 -0.006989 0.040481
v -0.007397 -0.006774 0.040244
v -0.007341 -0.006496 0.039763
v -0.007551 -0.006594 0.039518
v -0.007432 -0.006516 0.039545
v -0.007158 -0.006459 0.039200
v -0.007559 -0.006810 0.039105
v -0.007471 -0.006822 0.039069
v -0.007263 -0.006561 0.039954
v -0.007156 -0.006415 0.039579
v -0.007111 -0.006521 0.039009
v -0.006960 -0.006974 0.040520
v -0.007069 -0.006573 0.040006
v -0.006882 -0.006408 0.039721
v -0.006982 -0.006358 0.039324
v -0.006841 -0.006317 0.039121
v -0.008642 -0.004011 0.040567
v -0.008683 -0.004730 0.040344
v -0.008525 -0.004506 0.040330
v -0.008613 -0.005515 0.039956
v -0.008353 -0.004850 0.040047
v -0.008404 -0.004549 0.040232
v -0.008385 -0.005490 0.039697
v -0.008253 -0.003912 0.040436
v -0.008087 -0.004275 0.040130
v -0.007996 -0.003744 0.040363
v -0.008162 -0.004978 0.039749
v -0.008163 -0.005515 0.039504
v -0.008152 -0.005268 0.039538
v -0.007888 -0.004386 0.039846
v -0.007859 -0.004837 0.039418
v -0.007863 -0.005638 0.039228
v -0.007984 -0.005285 0.039330
v -0.007864 -0.005061 0.039265
v -0.007452 -0.003920 0.039769
v -0.007803 -0.005295 0.039146
v -0.007678 -0.005524 0.039050
v -0.007733 -0.005060 0.039085
v -0.007507 -0.004709 0.039004
v -0.007589 -0.004407 0.039432
v -0.007640 -0.005977 0.038891
v -0.007607 -0.005272 0.038971
v -0.007122 -0.003891 0.039400
v -0.007155 -0.004430 0.038744
v -0.006904 -0.004147 0.040805
v -0.007042 -0.004243 0.038772
v -0.008415 -0.003753 0.040578
v -0.008085 -0.003355 0.040588
v -0.008201 -0.003170 0.040702
v -0.007783 -0.002909 0.040597
v -0.007594 -0.002843 0.040493
v -0.007601 -0.003478 0.040207
v -0.007301 -0.003103 0.040137
v -0.007114 -0.003140 0.040698
v -0.007270 -0.003424 0.039928
v -0.006957 -0.003455 0.040523
v -0.006890 -0.003733 0.040512
v -0.006774 -0.003240 0.040106
v -0.006888 -0.003060 0.040271
v -0.007092 -0.003408 0.039745
v -0.007067 -0.003688 0.039506
v -0.006908 -0.003771 0.039183
v -0.008441 -0.000942 0.040748
v -0.008625 -0.000723 0.040531
v -0.008649 -0.000641 0.040396
v -0.008399 -0.000841 0.040642
v -0.008478 -0.000715 0.040397
v -0.008257 -0.000831 0.039996
v -0.008338 -0.000778 0.039816
v -0.008175 -0.000956 0.040748
v -0.008199 -0.000883 0.040615
v -0.008190 -0.000857 0.040437
v -0.007805 -0.000898 0.039378
v -0.008030 -0.000771 0.039114
v -0.007994 -0.000972 0.040628
v -0.007566 -0.002158 0.040727
v -0.007703 -0.001128 0.040602
v -0.007600 -0.001015 0.039364
v -0.007588 -0.001024 0.039133
v -0.007845 -0.000865 0.039048
v -0.007444 -0.001336 0.040623
v -0.007353 -0.001343 0.040429
v -0.007318 -0.001323 0.040159
v -0.007494 -0.001186 0.039805
v -0.007241 -0.001318 0.039667
v -0.007221 -0.001476 0.040448
v -0.007173 -0.001414 0.040144
v -0.007210 -0.001318 0.039399
v -0.007200 -0.001329 0.039070
v -0.006938 -0.001447 0.040654
v -0.006993 -0.001607 0.040148
v -0.007116 -0.001535 0.040322
v -0.006985 -0.001515 0.039956
v -0.007012 -0.001455 0.039681
v -0.008172 -0.018830 0.037228
v -0.006579 -0.019083 0.037380
v -0.006408 -0.019401 0.037270
v -0.008447 -0.017761 0.037594
v -0.007196 -0.017387 0.037942
v -0.006900 -0.016729 0.038293
v -0.006729 -0.018093 0.037730
v -0.008519 -0.015394 0.038618
v -0.008154 -0.016443 0.038187
v -0.007471 -0.015338 0.038811
v -0.007634 -0.016464 0.038266
v -0.006847 -0.015396 0.038929
v -0.007583 -0.006848 0.038859
v -0.007671 -0.006492 0.038853
v -0.007535 -0.006722 0.038653
v -0.007524 -0.006444 0.038589
v -0.007430 -0.005967 0.038557
v -0.007224 -0.006752 0.038873
v -0.007279 -0.006968 0.038652
v -0.007408 -0.006833 0.038329
v -0.007313 -0.006687 0.038206
v -0.007092 -0.005922 0.038092
v -0.007025 -0.006599 0.038785
v -0.007057 -0.007007 0.038402
v -0.007142 -0.006926 0.038060
v -0.007155 -0.006517 0.038056
v -0.006951 -0.006154 0.037867
v -0.007532 -0.005571 0.038861
v -0.007586 -0.005061 0.038848
v -0.007388 -0.004865 0.038689
v -0.007475 -0.005119 0.038702
v -0.007284 -0.005292 0.038623
v -0.007312 -0.005065 0.038542
v -0.007233 -0.005523 0.038474
v -0.007261 -0.004901 0.038500
v -0.007091 -0.005286 0.038331
v -0.007138 -0.005067 0.038335
v -0.007013 -0.004471 0.038505
v -0.006962 -0.005507 0.038135
v -0.008215 -0.000702 0.038906
v -0.008650 -0.000575 0.038397
v -0.008484 -0.000772 0.037377
v -0.008395 -0.000690 0.037805
v -0.008420 -0.000714 0.037571
v -0.008341 -0.000922 0.037349
v -0.008036 -0.000818 0.038550
v -0.008168 -0.000778 0.038075
v -0.008128 -0.000836 0.037810
v -0.008179 -0.000875 0.037631
v -0.007953 -0.000908 0.038009
v -0.007873 -0.001040 0.037844
v -0.007962 -0.001167 0.037564
v -0.008031 -0.001532 0.037138
v -0.007681 -0.001007 0.038678
v -0.007734 -0.001002 0.038287
v -0.007779 -0.001218 0.037703
v -0.007775 -0.001412 0.037475
v -0.007774 -0.001560 0.037294
v -0.007365 -0.001309 0.038029
v -0.007610 -0.001212 0.037878
v -0.007464 -0.001405 0.037658
v -0.007412 -0.001558 0.037402
v -0.007134 -0.001410 0.038426
v -0.007158 -0.001592 0.037601
v -0.007267 -0.001652 0.037268
v -0.007008 -0.001666 0.037690
v -0.008501 -0.019675 0.036744
v -0.008274 -0.019455 0.036934
v -0.008315 -0.019881 0.036616
v -0.008513 -0.019950 0.036482
v -0.008389 -0.020103 0.035752
v -0.008196 -0.020050 0.036376
v -0.008228 -0.020095 0.036190
v -0.008196 -0.020110 0.035973
v -0.007868 -0.019212 0.037123
v -0.007914 -0.019811 0.036758
v -0.007852 -0.019695 0.036863
v -0.007960 -0.019995 0.036531
v -0.007246 -0.020058 0.035470
v -0.007098 -0.019577 0.037064
v -0.007384 -0.019943 0.036697
v -0.007214 -0.020077 0.036411
v -0.007190 -0.020104 0.036212
v -0.006932 -0.020031 0.036602
v -0.006605 -0.019904 0.036877
v -0.006128 -0.020099 0.035979
v -0.008275 -0.002484 0.035352
v -0.008225 -0.002387 0.035546
v -0.007969 -0.002402 0.035735
v -0.007952 -0.002524 0.035496
v -0.007743 -0.002316 0.035771
v -0.007746 -0.002504 0.035522
v -0.007506 -0.002355 0.035673
v -0.007518 -0.002609 0.035425
v -0.007277 -0.002389 0.035690
v -0.007061 -0.002380 0.035835
v -0.007064 -0.002618 0.035595
v -0.008628 -0.001251 0.036787
v -0.008685 -0.001538 0.036408
v -0.008629 -0.001967 0.035871
v -0.008236 -0.001682 0.036773
v -0.008486 -0.001881 0.036152
v -0.008240 -0.002266 0.035814
v -0.008202 -0.001971 0.036460
v -0.008228 -0.002109 0.036214
v -0.008004 -0.001738 0.036948
v -0.007956 -0.001976 0.036641
v -0.007981 -0.001881 0.036772
v -0.007938 -0.002102 0.036408
v -0.007953 -0.002191 0.036179
v -0.007964 -0.002293 0.035948
v -0.007781 -0.001782 0.036953
v -0.007765 -0.001885 0.036683
v -0.007731 -0.002001 0.036291
v -0.007731 -0.002128 0.036036
v -0.007525 -0.001708 0.037049
v -0.007454 -0.001624 0.037257
v -0.007501 -0.001808 0.036608
v -0.007504 -0.001973 0.036207
v -0.007279 -0.001779 0.036756
v -0.007272 -0.001863 0.036537
v -0.007270 -0.002099 0.036087
v -0.007070 -0.001808 0.036917
v -0.006987 -0.002007 0.036502
v -0.007010 -0.002190 0.036116
v -0.007650 -0.019727 0.033372
v -0.006552 -0.019845 0.034240
v -0.008539 -0.006270 0.034309
v -0.008625 -0.005803 0.034375
v -0.008620 -0.006494 0.034215
v -0.008511 -0.006403 0.033718
v -0.008414 -0.006500 0.034238
v -0.008299 -0.005878 0.034314
v -0.008214 -0.006483 0.033739
v -0.008196 -0.006492 0.034245
v -0.007998 -0.006473 0.034251
v -0.008198 -0.006526 0.033970
v -0.007849 -0.005942 0.034322
v -0.007990 -0.006572 0.034008
v -0.007931 -0.006605 0.033618
v -0.007868 -0.006592 0.033800
v -0.007738 -0.006459 0.034260
v -0.007789 -0.006613 0.034088
v -0.007351 -0.006203 0.034398
v -0.007565 -0.005967 0.034368
v -0.007577 -0.006650 0.034169
v -0.007466 -0.006445 0.034304
v -0.007563 -0.006680 0.033938
v -0.007544 -0.006770 0.033757
v -0.007158 -0.006610 0.034382
v -0.007329 -0.005955 0.034434
v -0.007342 -0.006788 0.033991
v -0.007136 -0.006767 0.034312
v -0.007188 -0.006989 0.033878
v -0.007012 -0.006378 0.034519
v -0.006922 -0.005916 0.034623
v -0.007121 -0.005947 0.034517
v -0.006972 -0.006934 0.034217
v -0.007348 -0.007503 0.033235
v -0.007208 -0.007196 0.033643
v -0.008464 -0.004430 0.034330
v -0.008476 -0.004986 0.034278
v -0.008258 -0.004241 0.034361
v -0.008393 -0.005362 0.034275
v -0.008071 -0.004162 0.034394
v -0.008109 -0.005369 0.034253
v -0.008097 -0.004825 0.034269
v -0.007850 -0.005304 0.034272
v -0.007889 -0.004584 0.034326
v -0.007602 -0.004309 0.034443
v -0.007738 -0.004916 0.034306
v -0.007469 -0.005271 0.034350
v -0.007508 -0.004749 0.034382
v -0.007230 -0.004082 0.034666
v -0.007187 -0.005384 0.034452
v -0.007193 -0.004954 0.034464
v -0.007269 -0.004540 0.034502
v -0.006911 -0.004193 0.034805
v -0.006904 -0.005422 0.034611
v -0.006910 -0.004971 0.034616
v -0.006995 -0.004493 0.034657
v -0.008585 -0.002444 0.035266
v -0.008642 -0.002668 0.035042
v -0.008534 -0.002942 0.034860
v -0.008513 -0.003203 0.034710
v -0.008297 -0.002725 0.035085
v -0.008395 -0.003570 0.034562
v -0.008176 -0.003067 0.034863
v -0.008072 -0.003728 0.034542
v -0.007894 -0.003493 0.034693
v -0.007902 -0.002643 0.035337
v -0.007810 -0.002813 0.035190
v -0.007415 -0.003331 0.034953
v -0.007624 -0.003956 0.034557
v -0.007541 -0.002927 0.035176
v -0.007447 -0.003729 0.034724
v -0.007263 -0.002845 0.035322
v -0.007062 -0.002977 0.035330
v -0.006957 -0.003829 0.034924
v -0.007109 -0.003618 0.034938
v -0.007205 -0.019486 0.032108
v -0.006903 -0.010400 0.032440
v -0.008191 -0.007708 0.031953
v -0.008002 -0.008380 0.031846
v -0.007430 -0.008047 0.032789
v -0.007737 -0.007660 0.032613
v -0.007221 -0.009658 0.032346
v -0.007251 -0.008635 0.032736
v -0.006881 -0.007659 0.033704
v -0.008545 -0.006410 0.033220
v -0.008576 -0.006602 0.032579
v -0.008451 -0.007153 0.032022
v -0.008247 -0.006480 0.033526
v -0.008224 -0.006622 0.033100
v -0.008437 -0.006531 0.032987
v -0.008098 -0.007049 0.032645
v -0.008482 -0.007387 0.031764
v -0.008135 -0.006573 0.033365
v -0.008155 -0.006778 0.032924
v -0.007648 -0.006813 0.033545
v -0.007765 -0.007004 0.033145
v -0.007779 -0.007255 0.032878
v -0.008043 -0.019334 0.031098
v -0.008164 -0.019089 0.029755
v -0.007854 -0.019164 0.030264
v -0.007408 -0.019241 0.030813
v -0.007630 -0.019086 0.030014
v -0.007171 -0.019123 0.030431
v -0.006904 -0.019323 0.031400
v -0.006923 -0.019211 0.030918
v -0.007072 -0.019029 0.030177
v -0.007619 -0.013647 0.030131
v -0.007795 -0.012694 0.030261
v -0.007244 -0.014044 0.030512
v -0.007248 -0.012966 0.030894
v -0.007332 -0.014904 0.030103
v -0.006972 -0.014303 0.030787
v -0.008080 -0.010629 0.030765
v -0.007449 -0.011989 0.031034
v -0.007260 -0.010914 0.031757
v -0.007684 -0.010310 0.031454
v -0.008685 -0.007982 0.031060
v -0.008288 -0.007908 0.031693
v -0.008247 -0.008826 0.031293
v -0.006010 -0.005881 0.042637
v -0.005821 -0.006056 0.042605
v -0.005699 -0.005881 0.042719
v -0.005491 -0.006019 0.042651
v -0.005252 -0.005966 0.042645
v -0.006478 -0.004922 0.042602
v -0.006300 -0.004238 0.042803
v -0.006353 -0.005497 0.042566
v -0.005979 -0.005376 0.042793
v -0.006026 -0.004253 0.042946
v -0.006178 -0.005296 0.042711
v -0.005812 -0.004514 0.042989
v -0.005693 -0.004121 0.043080
v -0.005793 -0.005582 0.042802
v -0.005736 -0.005100 0.042927
v -0.005463 -0.005016 0.042996
v -0.005337 -0.004251 0.043123
v -0.005459 -0.005743 0.042786
v -0.005465 -0.005428 0.042900
v -0.005250 -0.005068 0.043001
v -0.005248 -0.005692 0.042790
v -0.005241 -0.005405 0.042908
v -0.006600 -0.003924 0.042633
v -0.006752 -0.003704 0.042543
v -0.006712 -0.002586 0.042580
v -0.006697 -0.002288 0.042585
v -0.006446 -0.003380 0.042734
v -0.006443 -0.003798 0.042747
v -0.006344 -0.002879 0.042785
v -0.006312 -0.002199 0.042766
v -0.006008 -0.003946 0.042970
v -0.005874 -0.003593 0.042999
v -0.005784 -0.003125 0.043041
v -0.005924 -0.002735 0.042967
v -0.005787 -0.002133 0.042989
v -0.005595 -0.002888 0.043098
v -0.005416 -0.002477 0.043135
v -0.005430 -0.003814 0.043134
v -0.005443 -0.003058 0.043154
v -0.005234 -0.003758 0.043160
v -0.005169 -0.003142 0.043206
v -0.005225 -0.002516 0.043185
v -0.006564 -0.002111 0.042628
v -0.006804 -0.001553 0.042483
v -0.006393 -0.001597 0.042677
v -0.006118 -0.002086 0.042840
v -0.006296 -0.001053 0.042564
v -0.006189 -0.001640 0.042777
v -0.005945 -0.001266 0.042815
v -0.006100 -0.000905 0.042547
v -0.005726 -0.001132 0.042835
v -0.005813 -0.000928 0.042648
v -0.005600 -0.002086 0.043052
v -0.005608 -0.001518 0.042989
v -0.005289 -0.002076 0.043155
v -0.005200 -0.001772 0.043143
v -0.005302 -0.001322 0.043053
v -0.005407 -0.001094 0.042903
v -0.005447 -0.000943 0.042713
v -0.005227 -0.001185 0.043010
v -0.005207 -0.001013 0.042864
v -0.006226 -0.011027 0.041322
v -0.006217 -0.011945 0.040922
v -0.005779 -0.011534 0.041240
v -0.005846 -0.012405 0.040803
v -0.005574 -0.011039 0.041507
v -0.005392 -0.012165 0.041009
v -0.005190 -0.011175 0.041508
v -0.006414 -0.009573 0.041592
v -0.006426 -0.009870 0.041549
v -0.006019 -0.010721 0.041510
v -0.006051 -0.010083 0.041662
v -0.005741 -0.010110 0.041760
v -0.005917 -0.009763 0.041766
v -0.005641 -0.009453 0.041878
v -0.005574 -0.010649 0.041653
v -0.005371 -0.009664 0.041910
v -0.005312 -0.009296 0.041953
v -0.005374 -0.010163 0.041825
v -0.004975 -0.010739 0.041705
v -0.004956 -0.010359 0.041825
v -0.006232 -0.008476 0.041631
v -0.006395 -0.007810 0.041356
v -0.006131 -0.009296 0.041730
v -0.006307 -0.009031 0.041657
v -0.006070 -0.008759 0.041736
v -0.006081 -0.008080 0.041583
v -0.006232 -0.007781 0.041425
v -0.006054 -0.007788 0.041543
v -0.005615 -0.008367 0.041827
v -0.005742 -0.008026 0.041682
v -0.005573 -0.009007 0.041908
v -0.005493 -0.008569 0.041897
v -0.005710 -0.007786 0.041654
v -0.005304 -0.008268 0.041888
v -0.005347 -0.007775 0.041707
v -0.005140 -0.008739 0.041981
v -0.005094 -0.008387 0.041949
v -0.005231 -0.007990 0.041792
v -0.006677 -0.005779 0.042179
v -0.006705 -0.005972 0.041991
v -0.006730 -0.006043 0.041803
v -0.006601 -0.006392 0.041581
v -0.006728 -0.006086 0.041587
v -0.006670 -0.006237 0.041414
v -0.006729 -0.005950 0.041324
v -0.006790 -0.007465 0.041000
v -0.006637 -0.006368 0.041171
v -0.006789 -0.007195 0.040810
v -0.006746 -0.007096 0.040690
v -0.006658 -0.006059 0.041029
v -0.006369 -0.005960 0.042380
v -0.006538 -0.005988 0.042215
v -0.006493 -0.006299 0.041963
v -0.006482 -0.006443 0.041796
v -0.006608 -0.006262 0.041807
v -0.006382 -0.007219 0.041389
v -0.006477 -0.006727 0.041524
v -0.006577 -0.007358 0.041065
v -0.006533 -0.007138 0.041142
v -0.006517 -0.006786 0.041365
v -0.006585 -0.006735 0.041136
v -0.006620 -0.007289 0.040931
v -0.006587 -0.007129 0.040905
v -0.006595 -0.006914 0.040861
v -0.006612 -0.006507 0.040940
v -0.006347 -0.006197 0.042224
v -0.006363 -0.006430 0.041981
v -0.006180 -0.006994 0.041714
v -0.006340 -0.007535 0.041367
v -0.006257 -0.007208 0.041529
v -0.006361 -0.006856 0.041636
v -0.006123 -0.006342 0.042227
v -0.006102 -0.006049 0.042500
v -0.006121 -0.006647 0.042021
v -0.006015 -0.007220 0.041668
v -0.006085 -0.007465 0.041555
v -0.005928 -0.006302 0.042328
v -0.005889 -0.007034 0.041814
v -0.005906 -0.006713 0.042069
v -0.005894 -0.007477 0.041641
v -0.005684 -0.006250 0.042416
v -0.005678 -0.006543 0.042260
v -0.005612 -0.007078 0.041856
v -0.005685 -0.007340 0.041726
v -0.005472 -0.006224 0.042451
v -0.005465 -0.006539 0.042286
v -0.005450 -0.006940 0.041970
v -0.005354 -0.007561 0.041723
v -0.005329 -0.007323 0.041778
v -0.005258 -0.006228 0.042420
v -0.005235 -0.006843 0.042030
v -0.005257 -0.006513 0.042286
v -0.005233 -0.007086 0.041878
v -0.006622 -0.005610 0.042328
v -0.006657 -0.005006 0.042454
v -0.006728 -0.004332 0.042487
v -0.006756 -0.005800 0.041293
v -0.006745 -0.005209 0.041048
v -0.006735 -0.005016 0.040914
v -0.006482 -0.005615 0.042448
v -0.006621 -0.005613 0.040778
v -0.006811 -0.003047 0.042505
v -0.006499 -0.001245 0.042570
v -0.006623 -0.000981 0.042403
v -0.006785 -0.000804 0.041022
v -0.006821 -0.001020 0.040854
v -0.006492 -0.000780 0.042303
v -0.006463 -0.000669 0.042192
v -0.006557 -0.000525 0.042021
v -0.006510 -0.000620 0.041299
v -0.006579 -0.001037 0.040921
v -0.006367 -0.000524 0.041961
v -0.006373 -0.000998 0.041055
v -0.006238 -0.000805 0.041257
v -0.006374 -0.001262 0.040892
v -0.006146 -0.000730 0.042369
v -0.006077 -0.000670 0.042273
v -0.006148 -0.000590 0.042027
v -0.006151 -0.000470 0.041619
v -0.006264 -0.000506 0.041465
v -0.006162 -0.001071 0.041165
v -0.005910 -0.000809 0.042498
v -0.005941 -0.000646 0.042125
v -0.005787 -0.000617 0.041640
v -0.005829 -0.000825 0.041391
v -0.005677 -0.000713 0.041510
v -0.005948 -0.001129 0.041213
v -0.005939 -0.001545 0.040964
v -0.005540 -0.000810 0.042488
v -0.005562 -0.000753 0.042291
v -0.005587 -0.000740 0.042173
v -0.005577 -0.000685 0.041833
v -0.005359 -0.000929 0.041457
v -0.005589 -0.001504 0.041091
v -0.005520 -0.001734 0.040969
v -0.005421 -0.000761 0.042374
v -0.005248 -0.001280 0.041295
v -0.005281 -0.000722 0.042189
v -0.005100 -0.000762 0.041762
v -0.005253 -0.000738 0.041886
v -0.005059 -0.001527 0.041222
v -0.005250 -0.001870 0.040930
v -0.006623 -0.000387 0.041797
v -0.006677 -0.000438 0.041459
v -0.006567 -0.000352 0.041612
v -0.006372 -0.000441 0.041779
v -0.006133 -0.015097 0.039312
v -0.005803 -0.015553 0.039172
v -0.005331 -0.014629 0.039753
v -0.005364 -0.015604 0.039248
v -0.006226 -0.014186 0.039771
v -0.006003 -0.013645 0.040114
v -0.005825 -0.014416 0.039764
v -0.005576 -0.013638 0.040214
v -0.005106 -0.013717 0.040247
v -0.006264 -0.012534 0.040623
v -0.006796 -0.006988 0.040578
v -0.006639 -0.006862 0.040413
v -0.006810 -0.006752 0.040247
v -0.006745 -0.006546 0.039948
v -0.006784 -0.006343 0.039541
v -0.006687 -0.006272 0.039232
v -0.006606 -0.006869 0.040633
v -0.006582 -0.006567 0.040705
v -0.006586 -0.006126 0.040648
v -0.006533 -0.006664 0.040461
v -0.006468 -0.006427 0.040273
v -0.006523 -0.006702 0.040230
v -0.006433 -0.005617 0.040124
v -0.006602 -0.006653 0.040073
v -0.006513 -0.006531 0.040004
v -0.006388 -0.006250 0.040057
v -0.006349 -0.006449 0.039806
v -0.006545 -0.006377 0.039578
v -0.006293 -0.006160 0.039780
v -0.006294 -0.006272 0.039595
v -0.006213 -0.006000 0.039594
v -0.006297 -0.006321 0.039375
v -0.006136 -0.006163 0.039393
v -0.006360 -0.006245 0.039143
v -0.006115 -0.006224 0.039174
v -0.006042 -0.005980 0.039184
v -0.006692 -0.004848 0.040717
v -0.006797 -0.004378 0.040675
v -0.006618 -0.004154 0.040289
v -0.006549 -0.005332 0.040508
v -0.006529 -0.004716 0.040277
v -0.006588 -0.004387 0.040251
v -0.006466 -0.005039 0.040225
v -0.006324 -0.005335 0.039871
v -0.006425 -0.004603 0.039977
v -0.006521 -0.004387 0.040065
v -0.006574 -0.004057 0.040111
v -0.006440 -0.004180 0.039924
v -0.006309 -0.005085 0.039803
v -0.006364 -0.004842 0.039754
v -0.006279 -0.005539 0.039742
v -0.006339 -0.004572 0.039746
v -0.006406 -0.004051 0.039745
v -0.006216 -0.004383 0.039500
v -0.006053 -0.005064 0.039274
v -0.006182 -0.004855 0.039456
v -0.005864 -0.005622 0.038799
v -0.006023 -0.004682 0.039180
v -0.006223 -0.004071 0.039341
v -0.005916 -0.005162 0.039002
v -0.006066 -0.004214 0.039101
v -0.005829 -0.004852 0.038865
v -0.006727 -0.003679 0.040187
v -0.006694 -0.003534 0.040051
v -0.006803 -0.003258 0.039445
v -0.006649 -0.002257 0.040263
v -0.006575 -0.002510 0.040123
v -0.006545 -0.003716 0.039831
v -0.006642 -0.003351 0.039918
v -0.006786 -0.002368 0.039835
v -0.006439 -0.003425 0.039647
v -0.006632 -0.002504 0.039554
v -0.006665 -0.002199 0.039687
v -0.006714 -0.003422 0.039127
v -0.006585 -0.003193 0.039007
v -0.006355 -0.002439 0.040136
v -0.006370 -0.002651 0.039990
v -0.006315 -0.003938 0.039470
v -0.006324 -0.003741 0.039487
v -0.006227 -0.003545 0.039377
v -0.006487 -0.002230 0.039259
v -0.006530 -0.002732 0.039207
v -0.006442 -0.002587 0.038974
v -0.006161 -0.002644 0.039955
v -0.005990 -0.002503 0.040111
v -0.006138 -0.002836 0.039745
v -0.006146 -0.003714 0.039196
v -0.006133 -0.003061 0.039551
v -0.006123 -0.003946 0.039148
v -0.006071 -0.003507 0.039203
v -0.005932 -0.002814 0.039712
v -0.005815 -0.002661 0.039928
v -0.005909 -0.002987 0.039500
v -0.006024 -0.003320 0.039287
v -0.005963 -0.003711 0.039002
v -0.005903 -0.003530 0.039041
v -0.005826 -0.003288 0.039172
v -0.005602 -0.002413 0.040277
v -0.005703 -0.002810 0.039686
v -0.005618 -0.003043 0.039344
v -0.005655 -0.003253 0.039118
v -0.005338 -0.002615 0.040062
v -0.005401 -0.002848 0.039640
v -0.005487 -0.003262 0.039046
v -0.005043 -0.002391 0.040424
v -0.005060 -0.002938 0.039521
v -0.005093 -0.003036 0.039310
v -0.005249 -0.003273 0.038978
v -0.006795 -0.001287 0.040728
v -0.006836 -0.001595 0.040574
v -0.007021 -0.001941 0.040289
v -0.006811 -0.001735 0.039901
v -0.006670 -0.001936 0.039706
v -0.006741 -0.001605 0.039451
v -0.006741 -0.001581 0.039122
v -0.006604 -0.001372 0.040706
v -0.006648 -0.002012 0.040383
v -0.006633 -0.001692 0.040538
v -0.006689 -0.001730 0.039610
v -0.006524 -0.001957 0.039321
v -0.006551 -0.001795 0.039221
v -0.006598 -0.001713 0.039113
v -0.006234 -0.001671 0.040734
v -0.006403 -0.001957 0.040488
v -0.006318 -0.002226 0.040312
v -0.006456 -0.001961 0.038957
v -0.006106 -0.001874 0.040661
v -0.005753 -0.001990 0.040667
v -0.005713 -0.002178 0.040479
v -0.005505 -0.002100 0.040664
v -0.005353 -0.002155 0.040622
v -0.006305 -0.019670 0.037146
v -0.005492 -0.019016 0.037601
v -0.004912 -0.019861 0.037292
v -0.005038 -0.019673 0.037389
v -0.004719 -0.019519 0.037528
v -0.006006 -0.017480 0.038154
v -0.006299 -0.017685 0.037988
v -0.005890 -0.016293 0.038786
v -0.005721 -0.018288 0.037848
v -0.005121 -0.018028 0.038099
v -0.005386 -0.016665 0.038719
v -0.006692 -0.016360 0.038520
v -0.006792 -0.006338 0.038912
v -0.006744 -0.006393 0.038695
v -0.006845 -0.006613 0.038514
v -0.006841 -0.006823 0.038179
v -0.006982 -0.007011 0.037910
v -0.007022 -0.006520 0.037904
v -0.006802 -0.005993 0.037745
v -0.006857 -0.006694 0.037752
v -0.006765 -0.006416 0.037610
v -0.006566 -0.006270 0.038786
v -0.006612 -0.006449 0.038401
v -0.006483 -0.006348 0.038401
v -0.006584 -0.006732 0.037956
v -0.006687 -0.006754 0.037671
v -0.006705 -0.006192 0.037591
v -0.006628 -0.006732 0.037458
v -0.006629 -0.006439 0.037451
v -0.006492 -0.005950 0.037500
v -0.006233 -0.006203 0.038789
v -0.006293 -0.006219 0.038620
v -0.006327 -0.006283 0.038360
v -0.006299 -0.006521 0.037809
v -0.006407 -0.006665 0.037773
v -0.006367 -0.006730 0.037496
v -0.006371 -0.006630 0.037386
v -0.006510 -0.006242 0.037373
v -0.006348 -0.005976 0.037289
v -0.006138 -0.006211 0.038947
v -0.005964 -0.006036 0.038974
v -0.005956 -0.006145 0.038743
v -0.006113 -0.006269 0.038120
v -0.006220 -0.006384 0.037948
v -0.006260 -0.006684 0.037424
v -0.006453 -0.006275 0.037295
v -0.006313 -0.006649 0.037274
v -0.006388 -0.006250 0.037214
v -0.005903 -0.005920 0.038838
v -0.005946 -0.006176 0.038508
v -0.005764 -0.006034 0.038533
v -0.005945 -0.006218 0.038146
v -0.005917 -0.006450 0.037354
v -0.005868 -0.006297 0.037738
v -0.005677 -0.005932 0.038403
v -0.005738 -0.006147 0.038288
v -0.005670 -0.006235 0.037822
v -0.005676 -0.006382 0.037264
v -0.005501 -0.005907 0.038168
v -0.005527 -0.006130 0.038077
v -0.005431 -0.006207 0.037858
v -0.005271 -0.006192 0.037811
v -0.005311 -0.005999 0.037970
v -0.005058 -0.006004 0.037842
v -0.005151 -0.006364 0.037168
v -0.006845 -0.004787 0.038086
v -0.006874 -0.005723 0.037949
v -0.006942 -0.005293 0.038118
v -0.006992 -0.005100 0.038103
v -0.006781 -0.004360 0.038250
v -0.006813 -0.005517 0.037938
v -0.006822 -0.005304 0.037872
v -0.006848 -0.005040 0.037907
v -0.006695 -0.004136 0.038261
v -0.006530 -0.003858 0.038145
v -0.006500 -0.005756 0.037574
v -0.006534 -0.005542 0.037598
v -0.006598 -0.005041 0.037593
v -0.006496 -0.004319 0.037831
v -0.006559 -0.005301 0.037517
v -0.006504 -0.005030 0.037462
v -0.006336 -0.004248 0.037549
v -0.006293 -0.005759 0.037212
v -0.006446 -0.005303 0.037311
v -0.006323 -0.004671 0.037290
v -0.006352 -0.005497 0.037169
v -0.006216 -0.004438 0.037136
v -0.005924 -0.004208 0.038904
v -0.005751 -0.005251 0.038695
v -0.005807 -0.004447 0.038768
v -0.005768 -0.004187 0.038716
v -0.005710 -0.005621 0.038527
v -0.005624 -0.004675 0.038621
v -0.005645 -0.004390 0.038591
v -0.005563 -0.005154 0.038473
v -0.005583 -0.004131 0.038573
v -0.005536 -0.005659 0.038277
v -0.005390 -0.004817 0.038418
v -0.005361 -0.004645 0.038427
v -0.005372 -0.004413 0.038417
v -0.005430 -0.004187 0.038489
v -0.005406 -0.005309 0.038290
v -0.005351 -0.005677 0.038108
v -0.005113 -0.004307 0.038387
v -0.005188 -0.005274 0.038209
v -0.005196 -0.004935 0.038301
v -0.005103 -0.004648 0.038339
v -0.005104 -0.004435 0.038357
v -0.005199 -0.005717 0.038008
v -0.005111 -0.005424 0.038126
v -0.006735 -0.003977 0.038507
v -0.006528 -0.003495 0.038522
v -0.006440 -0.002866 0.038789
v -0.006420 -0.002197 0.038963
v -0.006420 -0.003167 0.038429
v -0.006377 -0.002592 0.038565
v -0.006384 -0.002376 0.038577
v -0.006365 -0.002837 0.038316
v -0.006407 -0.003694 0.037948
v -0.006373 -0.003489 0.037969
v -0.006362 -0.002630 0.038130
v -0.006396 -0.002410 0.038138
v -0.006325 -0.003227 0.037901
v -0.006325 -0.002849 0.037805
v -0.006400 -0.002459 0.037785
v -0.006389 -0.002401 0.037521
v -0.005984 -0.003951 0.038963
v -0.006294 -0.003826 0.037622
v -0.006256 -0.003363 0.037583
v -0.006266 -0.002984 0.037520
v -0.006155 -0.003979 0.037170
v -0.006141 -0.003663 0.037179
v -0.006239 -0.002673 0.037125
v -0.005728 -0.003952 0.038733
v -0.005472 -0.003700 0.038671
v -0.005634 -0.003759 0.038738
v -0.005443 -0.003556 0.038763
v -0.005393 -0.003904 0.038567
v -0.005249 -0.003617 0.038666
v -0.005220 -0.003830 0.038558
v -0.006794 -0.001600 0.038570
v -0.006898 -0.001653 0.038081
v -0.006706 -0.001915 0.037819
v -0.006914 -0.001807 0.037264
v -0.006707 -0.001939 0.037326
v -0.006609 -0.001714 0.038797
v -0.006587 -0.001819 0.038391
v -0.006572 -0.002088 0.037825
v -0.006608 -0.002046 0.037552
v -0.006499 -0.002144 0.037323
v -0.006518 -0.001827 0.038749
v -0.006426 -0.002035 0.038695
v -0.006424 -0.002179 0.038345
v -0.006479 -0.002004 0.038359
v -0.006502 -0.002231 0.037732
v -0.006139 -0.019861 0.037027
v -0.006389 -0.019999 0.036774
v -0.006122 -0.020077 0.035756
v -0.006262 -0.020099 0.036430
v -0.005825 -0.020117 0.036190
v -0.006035 -0.020077 0.036634
v -0.005178 -0.020035 0.037033
v -0.005307 -0.020090 0.036854
v -0.005366 -0.020139 0.036440
v -0.005123 -0.020143 0.036656
v -0.005444 -0.020030 0.035466
v -0.006291 -0.006587 0.037082
v -0.006292 -0.006216 0.037058
v -0.006200 -0.006032 0.036926
v -0.006232 -0.006505 0.036864
v -0.006143 -0.005977 0.036742
v -0.006220 -0.006471 0.036644
v -0.006143 -0.006178 0.036647
v -0.006134 -0.006369 0.036261
v -0.006098 -0.006163 0.036310
v -0.006086 -0.005942 0.036376
v -0.006112 -0.006360 0.035995
v -0.006094 -0.005923 0.036120
v -0.006094 -0.006574 0.035785
v -0.006141 -0.006312 0.035760
v -0.006165 -0.005616 0.035749
v -0.006179 -0.006643 0.035490
v -0.006204 -0.006349 0.035529
v -0.006242 -0.005972 0.035500
v -0.005931 -0.006549 0.037131
v -0.005956 -0.006645 0.036905
v -0.005853 -0.006653 0.036563
v -0.006016 -0.006733 0.036683
v -0.005893 -0.006680 0.036414
v -0.006124 -0.006649 0.036442
v -0.005915 -0.006694 0.036069
v -0.006094 -0.006574 0.036221
v -0.006078 -0.006552 0.036004
v -0.005950 -0.006714 0.035800
v -0.005976 -0.006833 0.035481
v -0.005677 -0.006544 0.036719
v -0.005692 -0.006664 0.036264
v -0.005694 -0.006749 0.035939
v -0.005699 -0.006874 0.035613
v -0.005446 -0.006360 0.037209
v -0.005471 -0.006549 0.036573
v -0.005471 -0.006658 0.036253
v -0.005496 -0.006779 0.035947
v -0.005435 -0.006910 0.035773
v -0.005415 -0.007140 0.035546
v -0.005470 -0.006989 0.035650
v -0.005262 -0.006574 0.036517
v -0.005268 -0.006745 0.036158
v -0.005220 -0.006884 0.035977
v -0.005363 -0.007372 0.035411
v -0.006359 -0.005242 0.037148
v -0.006358 -0.004229 0.035364
v -0.006199 -0.004928 0.036900
v -0.006247 -0.005533 0.036739
v -0.006130 -0.004453 0.036841
v -0.006095 -0.004022 0.036884
v -0.006085 -0.004911 0.036498
v -0.006161 -0.005494 0.036417
v -0.006130 -0.005585 0.036167
v -0.006126 -0.005454 0.036056
v -0.006104 -0.004456 0.035883
v -0.006093 -0.004935 0.035841
v -0.006160 -0.004651 0.035634
v -0.006215 -0.004185 0.035655
v -0.006237 -0.005498 0.035479
v -0.006196 -0.004928 0.035518
v -0.006068 -0.004345 0.036514
v -0.006074 -0.005053 0.036071
v -0.006056 -0.004746 0.036119
v -0.006073 -0.004239 0.036164
v -0.006836 -0.002530 0.035832
v -0.006797 -0.003096 0.035427
v -0.006479 -0.002341 0.036520
v -0.006676 -0.002317 0.036247
v -0.006649 -0.002718 0.035840
v -0.006500 -0.003314 0.035600
v -0.006327 -0.002386 0.037110
v -0.006346 -0.002404 0.036756
v -0.006339 -0.002609 0.036445
v -0.006437 -0.002675 0.036172
v -0.006264 -0.003125 0.036119
v -0.006455 -0.002929 0.035924
v -0.006283 -0.003550 0.035805
v -0.006418 -0.003604 0.035556
v -0.006161 -0.003136 0.037103
v -0.006083 -0.003436 0.036753
v -0.006169 -0.002923 0.036877
v -0.006263 -0.002548 0.036884
v -0.006116 -0.003211 0.036636
v -0.006240 -0.002714 0.036651
v -0.006088 -0.003569 0.036379
v -0.006147 -0.003267 0.036333
v -0.006207 -0.002974 0.036428
v -0.006122 -0.003569 0.036216
v -0.006179 -0.003597 0.036020
v -0.006084 -0.003635 0.036909
v -0.006063 -0.003878 0.036526
v -0.006582 -0.002069 0.037110
v -0.006660 -0.002097 0.036774
v -0.006459 -0.002197 0.037019
v -0.005536 -0.019757 0.033872
v -0.004533 -0.019918 0.034893
v -0.005400 -0.010790 0.033963
v -0.005693 -0.010086 0.033978
v -0.005171 -0.009690 0.034623
v -0.005384 -0.009868 0.034368
v -0.006662 -0.008218 0.033666
v -0.006307 -0.007710 0.034329
v -0.006088 -0.008114 0.034359
v -0.006154 -0.008488 0.034127
v -0.005701 -0.008290 0.034667
v -0.005818 -0.007724 0.034810
v -0.005080 -0.008006 0.035312
v -0.005248 -0.008320 0.035052
v -0.006926 -0.006639 0.034517
v -0.006492 -0.007054 0.034601
v -0.006848 -0.006883 0.034423
v -0.006681 -0.007387 0.034113
v -0.006733 -0.007137 0.034260
v -0.006628 -0.006835 0.034687
v -0.006681 -0.006583 0.034741
v -0.006512 -0.006205 0.034990
v -0.006691 -0.006019 0.034796
v -0.006365 -0.006571 0.035147
v -0.006395 -0.005959 0.035171
v -0.006387 -0.006851 0.034940
v -0.006465 -0.006656 0.034968
v -0.006239 -0.007342 0.034626
v -0.006201 -0.006819 0.035265
v -0.005953 -0.007094 0.035101
v -0.006017 -0.006965 0.035185
v -0.005723 -0.007354 0.035105
v -0.006707 -0.004765 0.034806
v -0.006501 -0.004564 0.035071
v -0.006604 -0.004201 0.035059
v -0.006653 -0.005081 0.034823
v -0.006386 -0.005370 0.035188
v -0.006378 -0.004931 0.035176
v -0.006301 -0.004567 0.035356
v -0.006527 -0.004952 0.034970
v -0.006786 -0.003556 0.035182
v -0.006728 -0.003865 0.035076
v -0.006505 -0.003806 0.035337
v -0.006160 -0.019515 0.032507
v -0.006467 -0.019443 0.032093
v -0.006244 -0.019626 0.033052
v -0.005816 -0.019350 0.031972
v -0.005449 -0.019501 0.032634
v -0.005352 -0.019268 0.031978
v -0.005246 -0.019389 0.032326
v -0.005260 -0.016569 0.032080
v -0.005989 -0.014658 0.031863
v -0.005609 -0.014987 0.032173
v -0.005235 -0.014924 0.032554
v -0.006665 -0.013256 0.031522
v -0.006147 -0.012823 0.032273
v -0.005853 -0.013659 0.032311
v -0.005576 -0.013012 0.032815
v -0.005379 -0.014117 0.032651
v -0.005194 -0.012990 0.033197
v -0.006809 -0.011952 0.031859
v -0.006356 -0.011966 0.032388
v -0.005932 -0.012150 0.032782
v -0.005714 -0.011247 0.033432
v -0.005549 -0.012256 0.033142
v -0.005024 -0.012236 0.033657
v -0.006626 -0.009738 0.033068
v -0.006477 -0.010669 0.032839
v -0.006129 -0.009816 0.033619
v -0.006014 -0.010707 0.033353
v -0.006714 -0.008634 0.033416
v -0.006857 -0.019053 0.030411
v -0.006842 -0.018960 0.030197
v -0.006846 -0.018871 0.030042
v -0.006348 -0.019362 0.031792
v -0.006513 -0.019281 0.031415
v -0.006483 -0.019175 0.031077
v -0.006621 -0.019052 0.030615
v -0.006620 -0.018966 0.030419
v -0.006625 -0.018873 0.030275
v -0.006665 -0.018730 0.030111
v -0.006637 -0.018553 0.030083
v -0.006264 -0.019067 0.030962
v -0.006417 -0.019006 0.030703
v -0.006418 -0.018874 0.030504
v -0.006453 -0.018723 0.030358
v -0.006025 -0.019241 0.031556
v -0.006177 -0.019138 0.031196
v -0.006217 -0.018930 0.030787
v -0.006264 -0.018752 0.030592
v -0.006313 -0.018556 0.030494
v -0.005947 -0.019088 0.031265
v -0.005999 -0.018937 0.031004
v -0.005827 -0.018770 0.031065
v -0.005744 -0.018525 0.031115
v -0.005570 -0.019207 0.031743
v -0.005706 -0.019112 0.031484
v -0.005770 -0.018948 0.031222
v -0.005404 -0.019079 0.031648
v -0.005526 -0.018954 0.031439
v -0.005331 -0.018754 0.031529
v -0.005323 -0.018571 0.031533
v -0.005268 -0.019142 0.031816
v -0.005270 -0.018892 0.031605
v -0.006811 -0.016448 0.030357
v -0.006775 -0.017656 0.030029
v -0.006346 -0.018357 0.030455
v -0.006698 -0.018081 0.030023
v -0.006349 -0.017917 0.030516
v -0.005914 -0.017723 0.031091
v -0.006174 -0.016461 0.031160
v -0.006021 -0.018074 0.030880
v -0.005729 -0.016559 0.031624
v -0.005577 -0.018014 0.031373
v -0.005331 -0.018358 0.031548
v -0.005205 -0.018024 0.031730
v -0.006521 -0.016286 0.030786
v -0.006313 -0.014305 0.031597
v -0.006576 -0.014440 0.031246
v -0.006735 -0.012583 0.031687
v -0.004999 -0.005911 0.042582
v -0.005031 -0.005042 0.042986
v -0.005013 -0.004483 0.043091
v -0.005013 -0.003815 0.043163
v -0.005038 -0.005620 0.042768
v -0.005026 -0.005333 0.042893
v -0.004816 -0.004803 0.042983
v -0.004834 -0.004366 0.043086
v -0.004842 -0.005473 0.042746
v -0.004842 -0.005157 0.042890
v -0.004631 -0.004303 0.043039
v -0.004658 -0.005196 0.042766
v -0.004602 -0.004610 0.042947
v -0.004741 -0.005636 0.042566
v -0.004357 -0.004334 0.042885
v -0.004449 -0.005073 0.042605
v -0.004289 -0.004644 0.042668
v -0.004234 -0.004272 0.042809
v -0.004069 -0.004293 0.042600
v -0.003998 -0.003983 0.042676
v -0.004809 -0.003025 0.043244
v -0.004906 -0.002758 0.043240
v -0.004680 -0.002025 0.043275
v -0.004822 -0.003477 0.043194
v -0.004595 -0.002969 0.043246
v -0.004571 -0.002536 0.043283
v -0.004600 -0.003782 0.043108
v -0.004575 -0.003331 0.043196
v -0.004351 -0.002747 0.043252
v -0.004267 -0.002096 0.043278
v -0.004364 -0.003794 0.043019
v -0.004361 -0.003331 0.043137
v -0.004213 -0.002666 0.043230
v -0.004131 -0.002350 0.043241
v -0.004194 -0.003271 0.043091
v -0.004165 -0.003806 0.042893
v -0.003973 -0.003456 0.042886
v -0.003977 -0.002798 0.043098
v -0.003882 -0.002176 0.043162
v -0.003758 -0.002686 0.042962
v -0.003779 -0.003118 0.042833
v -0.003695 -0.001747 0.043156
v -0.003766 -0.003680 0.042527
v -0.003666 -0.003110 0.042692
v -0.003531 -0.002577 0.042711
v -0.003490 -0.002872 0.042494
v -0.003415 -0.002494 0.042550
v -0.004999 -0.002074 0.043223
v -0.004703 -0.001731 0.043258
v -0.005078 -0.001331 0.043088
v -0.005014 -0.000845 0.042684
v -0.004590 -0.001527 0.043233
v -0.004533 -0.001134 0.043045
v -0.004462 -0.000833 0.042696
v -0.004176 -0.001245 0.043167
v -0.004347 -0.001924 0.043304
v -0.004220 -0.001730 0.043309
v -0.004221 -0.001479 0.043254
v -0.004155 -0.001109 0.043085
v -0.004198 -0.000726 0.042589
v -0.004130 -0.000785 0.042718
v -0.004006 -0.001983 0.043245
v -0.003863 -0.001728 0.043256
v -0.003976 -0.001521 0.043278
v -0.003746 -0.001135 0.043096
v -0.003888 -0.001005 0.042960
v -0.003826 -0.000918 0.042870
v -0.003984 -0.000731 0.042631
v -0.003731 -0.001550 0.043222
v -0.003722 -0.001260 0.043178
v -0.003555 -0.002002 0.042947
v -0.003541 -0.000845 0.042703
v -0.003551 -0.001732 0.043023
v -0.003529 -0.001356 0.043006
v -0.003481 -0.002037 0.042760
v -0.003485 -0.001711 0.042816
v -0.003489 -0.001262 0.042881
v -0.003493 -0.001014 0.042808
v -0.003581 -0.000920 0.042810
v -0.003268 -0.001143 0.042559
v -0.003343 -0.012738 0.040929
v -0.004913 -0.011343 0.041458
v -0.004156 -0.011536 0.041409
v -0.003490 -0.011391 0.041538
v -0.003778 -0.012306 0.041075
v -0.003327 -0.011896 0.041338
v -0.004864 -0.010019 0.041906
v -0.004958 -0.009550 0.041972
v -0.004873 -0.009318 0.042000
v -0.004172 -0.009783 0.041968
v -0.003630 -0.010256 0.041892
v -0.003458 -0.010009 0.041944
v -0.004268 -0.009346 0.042013
v -0.004057 -0.010959 0.041664
v -0.003490 -0.010663 0.041795
v -0.003603 -0.011074 0.041649
v -0.004876 -0.008049 0.041872
v -0.004974 -0.007746 0.041706
v -0.004563 -0.008741 0.042014
v -0.004694 -0.008343 0.041966
v -0.004493 -0.007863 0.041785
v -0.004390 -0.008189 0.041916
v -0.004138 -0.007656 0.041586
v -0.003572 -0.009120 0.042000
v -0.004154 -0.008554 0.041978
v -0.003880 -0.007956 0.041743
v -0.003533 -0.008905 0.041980
v -0.003933 -0.008245 0.041879
v -0.003663 -0.008606 0.041942
v -0.003556 -0.007878 0.041611
v -0.003049 -0.009353 0.041991
v -0.003428 -0.008331 0.041822
v -0.005047 -0.006229 0.042341
v -0.005064 -0.006502 0.042226
v -0.005045 -0.006837 0.041987
v -0.005030 -0.007550 0.041687
v -0.005041 -0.007322 0.041749
v -0.004865 -0.006167 0.042263
v -0.004919 -0.006425 0.042171
v -0.004858 -0.006758 0.041920
v -0.004748 -0.006541 0.041939
v -0.004733 -0.007502 0.041573
v -0.004804 -0.007325 0.041647
v -0.004737 -0.007045 0.041715
v -0.004712 -0.005923 0.042300
v -0.004703 -0.006192 0.042087
v -0.004575 -0.007667 0.041635
v -0.004531 -0.006329 0.041784
v -0.004458 -0.005936 0.041883
v -0.004589 -0.007535 0.041508
v -0.004605 -0.007311 0.041525
v -0.004548 -0.006849 0.041622
v -0.004366 -0.007548 0.041495
v -0.004474 -0.007334 0.041422
v -0.004450 -0.007015 0.041464
v -0.004368 -0.006549 0.041491
v -0.004312 -0.006053 0.041554
v -0.004281 -0.007484 0.041388
v -0.004359 -0.007359 0.041299
v -0.004356 -0.007120 0.041287
v -0.004299 -0.007023 0.041191
v -0.003810 -0.007417 0.041260
v -0.004185 -0.007282 0.041144
v -0.004202 -0.006302 0.041267
v -0.004090 -0.005506 0.041360
v -0.004220 -0.007142 0.040998
v -0.004041 -0.006983 0.040606
v -0.004021 -0.006663 0.040666
v -0.003922 -0.007328 0.041135
v -0.003922 -0.007238 0.040953
v -0.004002 -0.005900 0.040955
v -0.003571 -0.007620 0.041407
v -0.003664 -0.007210 0.040918
v -0.003460 -0.007425 0.041159
v -0.003450 -0.007202 0.040851
v -0.004600 -0.005587 0.042425
v -0.004507 -0.005724 0.042135
v -0.004254 -0.004841 0.042463
v -0.004416 -0.005464 0.042173
v -0.004112 -0.005147 0.041656
v -0.004227 -0.005079 0.042152
v -0.004046 -0.004677 0.042135
v -0.004118 -0.005070 0.041787
v -0.003981 -0.004349 0.042386
v -0.003804 -0.004177 0.042039
v -0.003894 -0.004497 0.041779
v -0.003915 -0.004702 0.041461
v -0.003939 -0.004942 0.041358
v -0.003906 -0.005230 0.040983
v -0.003819 -0.003984 0.042341
v -0.003591 -0.003947 0.041533
v -0.003783 -0.004451 0.041218
v -0.003746 -0.004605 0.040773
v -0.003619 -0.004276 0.040770
v -0.004146 -0.002228 0.040985
v -0.003830 -0.002423 0.040951
v -0.003593 -0.003376 0.042412
v -0.003632 -0.003670 0.042231
v -0.003533 -0.003605 0.042003
v -0.003582 -0.003845 0.041637
v -0.003732 -0.002128 0.041283
v -0.003570 -0.002616 0.040962
v -0.003357 -0.002947 0.042105
v -0.003436 -0.003517 0.041724
v -0.003338 -0.003194 0.041645
v -0.003429 -0.003593 0.041229
v -0.003358 -0.002439 0.041371
v -0.003476 -0.003930 0.040818
v -0.003404 -0.002763 0.041099
v -0.003478 -0.002608 0.041083
v -0.003400 -0.003635 0.040890
v -0.003377 -0.003257 0.040934
v -0.003446 -0.003079 0.040789
v -0.005004 -0.000767 0.042555
v -0.005048 -0.000680 0.042309
v -0.005026 -0.000646 0.042061
v -0.005028 -0.000686 0.041895
v -0.005016 -0.000881 0.041636
v -0.004732 -0.000697 0.042378
v -0.004792 -0.000620 0.042075
v -0.004792 -0.000768 0.041780
v -0.004788 -0.000674 0.041898
v -0.004790 -0.000909 0.041679
v -0.004918 -0.001352 0.041390
v -0.004676 -0.001769 0.041184
v -0.004907 -0.002114 0.040815
v -0.004730 -0.002040 0.040947
v -0.004162 -0.000691 0.042451
v -0.004370 -0.000664 0.042105
v -0.004398 -0.000859 0.041865
v -0.004548 -0.001509 0.041433
v -0.004188 -0.000672 0.042296
v -0.004247 -0.000750 0.042004
v -0.004251 -0.001265 0.041693
v -0.004193 -0.002020 0.041165
v -0.004106 -0.000704 0.042168
v -0.004104 -0.000942 0.041907
v -0.003975 -0.001635 0.041525
v -0.003969 -0.000722 0.042441
v -0.003698 -0.001033 0.041951
v -0.003740 -0.000850 0.042117
v -0.003902 -0.001085 0.041857
v -0.003499 -0.000828 0.042502
v -0.003556 -0.000851 0.042325
v -0.003702 -0.001808 0.041525
v -0.003363 -0.000926 0.042536
v -0.003476 -0.000944 0.042198
v -0.003509 -0.001117 0.042004
v -0.003524 -0.002260 0.041316
v -0.003510 -0.001792 0.041645
v -0.003126 -0.016611 0.039099
v -0.004969 -0.014986 0.039628
v -0.004591 -0.015422 0.039463
v -0.004120 -0.016236 0.039140
v -0.003828 -0.015001 0.039721
v -0.003285 -0.015180 0.039698
v -0.004897 -0.012602 0.040841
v -0.004777 -0.014295 0.039991
v -0.004176 -0.012618 0.040877
v -0.004066 -0.013599 0.040385
v -0.003975 -0.014449 0.039970
v -0.003596 -0.014086 0.040196
v -0.003262 -0.013815 0.040386
v -0.003243 -0.014599 0.039979
v -0.003881 -0.007115 0.040688
v -0.003936 -0.005991 0.040666
v -0.003912 -0.006875 0.040416
v -0.003940 -0.006629 0.040408
v -0.003889 -0.006017 0.040406
v -0.003888 -0.006846 0.040196
v -0.003886 -0.006604 0.040112
v -0.003859 -0.006006 0.040139
v -0.003849 -0.006463 0.039745
v -0.003489 -0.007070 0.040605
v -0.003691 -0.007046 0.040489
v -0.003663 -0.006902 0.040161
v -0.003819 -0.006781 0.039897
v -0.003820 -0.005762 0.039620
v -0.003730 -0.006698 0.039464
v -0.003769 -0.006438 0.039171
v -0.003792 -0.006158 0.039153
v -0.003623 -0.006615 0.039102
v -0.003453 -0.006923 0.040229
v -0.003433 -0.006787 0.039635
v -0.003573 -0.006585 0.038894
v -0.003823 -0.005218 0.040610
v -0.003854 -0.005507 0.040499
v -0.003819 -0.004579 0.039040
v -0.003860 -0.004057 0.039093
v -0.003719 -0.004949 0.040458
v -0.003655 -0.004572 0.040456
v -0.003821 -0.005471 0.040112
v -0.003663 -0.005002 0.040171
v -0.003632 -0.004575 0.040241
v -0.003736 -0.005317 0.039894
v -0.003598 -0.005023 0.039885
v -0.003619 -0.004901 0.039928
v -0.003639 -0.004606 0.040021
v -0.003741 -0.005527 0.039369
v -0.003690 -0.004820 0.039418
v -0.003664 -0.004640 0.039608
v -0.003611 -0.004981 0.039584
v -0.003604 -0.004357 0.039670
v -0.003660 -0.004285 0.039430
v -0.003755 -0.005582 0.039172
v -0.003638 -0.005243 0.039436
v -0.003608 -0.005098 0.039495
v -0.003729 -0.004177 0.039283
v -0.003699 -0.005293 0.039157
v -0.003727 -0.005088 0.039112
v -0.003743 -0.004848 0.039178
v -0.003748 -0.004489 0.039197
v -0.003528 -0.004186 0.040357
v -0.003529 -0.004151 0.039903
v -0.003626 -0.005177 0.039660
v -0.004910 -0.002637 0.040142
v -0.004869 -0.002794 0.039871
v -0.004943 -0.003114 0.039201
v -0.004860 -0.002331 0.040550
v -0.004817 -0.003314 0.038955
v -0.004348 -0.002376 0.040720
v -0.004576 -0.002833 0.039927
v -0.004587 -0.003182 0.039219
v -0.004266 -0.002579 0.040516
v -0.004296 -0.002751 0.040247
v -0.004329 -0.003041 0.039699
v -0.004393 -0.003283 0.039205
v -0.004111 -0.002876 0.040149
v -0.004172 -0.003163 0.039609
v -0.004143 -0.003484 0.039176
v -0.003940 -0.002620 0.040654
v -0.003898 -0.002919 0.040264
v -0.003757 -0.003254 0.039949
v -0.003926 -0.003334 0.039649
v -0.003967 -0.003556 0.039312
v -0.003994 -0.003823 0.039048
v -0.003729 -0.002767 0.040633
v -0.003723 -0.002992 0.040356
v -0.003685 -0.003473 0.039848
v -0.003601 -0.003646 0.039848
v -0.003680 -0.003969 0.039451
v -0.003798 -0.003766 0.039364
v -0.003395 -0.003460 0.040744
v -0.003446 -0.003276 0.040571
v -0.003581 -0.002898 0.040660
v -0.003471 -0.003927 0.040332
v -0.003448 -0.003728 0.040348
v -0.003468 -0.003492 0.040329
v -0.003564 -0.003160 0.040373
v -0.003520 -0.003963 0.039910
v -0.003533 -0.003755 0.039964
v -0.004592 -0.018469 0.038006
v -0.004546 -0.020010 0.037218
v -0.004326 -0.019731 0.037474
v -0.003962 -0.019946 0.037359
v -0.003785 -0.018580 0.038097
v -0.003744 -0.019815 0.037486
v -0.004020 -0.020044 0.037242
v -0.003311 -0.019369 0.037797
v -0.003249 -0.020056 0.037273
v -0.004944 -0.016273 0.039002
v -0.004613 -0.017566 0.038426
v -0.004175 -0.016837 0.038851
v -0.003742 -0.017452 0.038632
v -0.003031 -0.017764 0.038578
v -0.005011 -0.006164 0.037743
v -0.005006 -0.006265 0.037574
v -0.004807 -0.005906 0.037854
v -0.004810 -0.006277 0.037571
v -0.004806 -0.006134 0.037711
v -0.004718 -0.006428 0.037152
v -0.004552 -0.006186 0.037721
v -0.004600 -0.005986 0.037844
v -0.004482 -0.006366 0.037475
v -0.004593 -0.006273 0.037606
v -0.004414 -0.006056 0.037879
v -0.004233 -0.006356 0.037697
v -0.004182 -0.006516 0.037287
v -0.004123 -0.005903 0.038175
v -0.004208 -0.006125 0.037984
v -0.004144 -0.006304 0.037873
v -0.003850 -0.006270 0.038470
v -0.003966 -0.005670 0.038519
v -0.003867 -0.006371 0.038271
v -0.003975 -0.006130 0.038275
v -0.003896 -0.006407 0.038051
v -0.004044 -0.006223 0.038082
v -0.003985 -0.006447 0.037691
v -0.003736 -0.006443 0.038894
v -0.003802 -0.006211 0.038774
v -0.003797 -0.005816 0.038948
v -0.003729 -0.006460 0.038682
v -0.003832 -0.005896 0.038733
v -0.003697 -0.006476 0.038467
v -0.003685 -0.006473 0.038243
v -0.003659 -0.006507 0.037880
v -0.003109 -0.006730 0.039129
v -0.003533 -0.006545 0.038652
v -0.003218 -0.006741 0.037506
v -0.005001 -0.004977 0.038247
v -0.005010 -0.005749 0.037946
v -0.004806 -0.004238 0.038429
v -0.004795 -0.005376 0.038124
v -0.004774 -0.004591 0.038343
v -0.004586 -0.004428 0.038416
v -0.004560 -0.004177 0.038511
v -0.004606 -0.004967 0.038286
v -0.004594 -0.005336 0.038160
v -0.004391 -0.004391 0.038504
v -0.004270 -0.004195 0.038706
v -0.004354 -0.005077 0.038357
v -0.004441 -0.004720 0.038405
v -0.004379 -0.005283 0.038277
v -0.003963 -0.004339 0.038911
v -0.004100 -0.004864 0.038576
v -0.004181 -0.004615 0.038617
v -0.004120 -0.005286 0.038474
v -0.004261 -0.005622 0.038184
v -0.003885 -0.005421 0.038789
v -0.003949 -0.004925 0.038741
v -0.003869 -0.004846 0.038912
v -0.003939 -0.004688 0.038837
v -0.004043 -0.005260 0.038565
v -0.003809 -0.005354 0.038963
v -0.005031 -0.003375 0.038855
v -0.004936 -0.003674 0.038633
v -0.005030 -0.003842 0.038552
v -0.004713 -0.003551 0.038762
v -0.004829 -0.003911 0.038560
v -0.004600 -0.003417 0.038925
v -0.004621 -0.003959 0.038614
v -0.004476 -0.003765 0.038725
v -0.004367 -0.003623 0.038859
v -0.004248 -0.004031 0.038755
v -0.004041 -0.003975 0.038919
v -0.004230 -0.003819 0.038821
v -0.004353 -0.020166 0.036877
v -0.004466 -0.020167 0.036448
v -0.004560 -0.020132 0.036151
v -0.004286 -0.020117 0.037074
v -0.004308 -0.020179 0.036664
v -0.002877 -0.019971 0.035298
v -0.002894 -0.020136 0.037093
v -0.002799 -0.020156 0.036424
v -0.002719 -0.020118 0.036153
v -0.003044 -0.020170 0.036881
v -0.003389 -0.010129 0.035555
v -0.004674 -0.007983 0.035611
v -0.004476 -0.008553 0.035524
v -0.004257 -0.007619 0.036037
v -0.004303 -0.008173 0.035765
v -0.004089 -0.008714 0.035689
v -0.003943 -0.007956 0.036049
v -0.003821 -0.007485 0.036349
v -0.003703 -0.008539 0.035937
v -0.003248 -0.007613 0.036540
v -0.003196 -0.008191 0.036279
v -0.004962 -0.006524 0.036767
v -0.004968 -0.006647 0.036502
v -0.005054 -0.006793 0.036220
v -0.004898 -0.007183 0.035908
v -0.005291 -0.007716 0.035280
v -0.004658 -0.006812 0.036452
v -0.004772 -0.006982 0.036179
v -0.004799 -0.007550 0.035735
v -0.004512 -0.006578 0.036919
v -0.004418 -0.006689 0.036783
v -0.004052 -0.007070 0.036549
v -0.004267 -0.007242 0.036273
v -0.004087 -0.006862 0.036748
v -0.003195 -0.006897 0.037223
v -0.003334 -0.007039 0.036963
v -0.003254 -0.007297 0.036758
v -0.003912 -0.019776 0.034181
v -0.003835 -0.019680 0.033730
v -0.002413 -0.019728 0.034073
v -0.003626 -0.015353 0.033616
v -0.003313 -0.015587 0.033710
v -0.004348 -0.012968 0.033915
v -0.003822 -0.013606 0.034046
v -0.003604 -0.013323 0.034266
v -0.003314 -0.014337 0.034092
v -0.004656 -0.012238 0.033965
v -0.004609 -0.011240 0.034440
v -0.004249 -0.012205 0.034287
v -0.003817 -0.012158 0.034581
v -0.003896 -0.012904 0.034243
v -0.003457 -0.011755 0.034930
v -0.003314 -0.012688 0.034642
v -0.004935 -0.010688 0.034423
v -0.004843 -0.009681 0.034887
v -0.004619 -0.010353 0.034798
v -0.004445 -0.009985 0.035056
v -0.004053 -0.009791 0.035357
v -0.004198 -0.011033 0.034812
v -0.003857 -0.010866 0.035081
v -0.003721 -0.009844 0.035504
v -0.003355 -0.011001 0.035268
v -0.004868 -0.008414 0.035310
v -0.004653 -0.019577 0.033141
v -0.004903 -0.019468 0.032681
v -0.004905 -0.019244 0.032153
v -0.004905 -0.019154 0.032034
v -0.005058 -0.019081 0.031878
v -0.004786 -0.019340 0.032385
v -0.004744 -0.018785 0.032008
v -0.004738 -0.018583 0.032023
v -0.004361 -0.019396 0.032675
v -0.004510 -0.019257 0.032369
v -0.004661 -0.019126 0.032146
v -0.004669 -0.018974 0.032082
v -0.004362 -0.019482 0.032899
v -0.004242 -0.019294 0.032542
v -0.004377 -0.019092 0.032305
v -0.004136 -0.018796 0.032423
v -0.004221 -0.018500 0.032405
v -0.003878 -0.019596 0.033376
v -0.004273 -0.018951 0.032336
v -0.003882 -0.019446 0.032950
v -0.003799 -0.019312 0.032761
v -0.004072 -0.019166 0.032510
v -0.003827 -0.019011 0.032601
v -0.003479 -0.018485 0.032847
v -0.003532 -0.019539 0.033274
v -0.003518 -0.019364 0.032937
v -0.003401 -0.018779 0.032839
v -0.003403 -0.019436 0.033093
v -0.003617 -0.019174 0.032747
v -0.003179 -0.019010 0.032934
v -0.004970 -0.017115 0.032189
v -0.004752 -0.017988 0.032127
v -0.004410 -0.016710 0.032738
v -0.004631 -0.018265 0.032156
v -0.004238 -0.017998 0.032506
v -0.004042 -0.016277 0.033105
v -0.003897 -0.017916 0.032745
v -0.003706 -0.016555 0.033228
v -0.003629 -0.018186 0.032831
v -0.003406 -0.016689 0.033350
v -0.004809 -0.015433 0.032783
v -0.004377 -0.015341 0.033140
v -0.004527 -0.014406 0.033305
v -0.003948 -0.014843 0.033576
v -0.004995 -0.013590 0.033173
v -0.004873 -0.014397 0.033028
v -0.004750 -0.013174 0.033522
v -0.004299 -0.013841 0.033652
v -0.005011 -0.018954 0.031830
v -0.001577 -0.007579 0.042623
v -0.002173 -0.006121 0.042816
v -0.002237 -0.006196 0.042660
v -0.001953 -0.006146 0.043031
v -0.001889 -0.006830 0.042805
v -0.002077 -0.006121 0.042935
v -0.001938 -0.007016 0.042663
v -0.001625 -0.006630 0.043036
v -0.001758 -0.005996 0.043165
v -0.001807 -0.006734 0.042902
v -0.001731 -0.007500 0.042551
v -0.001739 -0.005693 0.043226
v -0.001650 -0.007249 0.042802
v -0.001623 -0.006994 0.042930
v -0.002576 -0.004279 0.042785
v -0.002368 -0.004726 0.043000
v -0.002336 -0.004338 0.043090
v -0.002357 -0.005171 0.042894
v -0.002496 -0.004365 0.042888
v -0.002374 -0.005599 0.042655
v -0.002593 -0.004540 0.042626
v -0.002165 -0.004277 0.043237
v -0.002177 -0.005475 0.043037
v -0.002262 -0.004717 0.043121
v -0.001872 -0.005246 0.043272
v -0.002091 -0.004717 0.043251
v -0.002021 -0.004358 0.043310
v -0.002047 -0.005495 0.043139
v -0.001837 -0.004523 0.043367
v -0.001489 -0.004275 0.043453
v -0.001563 -0.005229 0.043351
v -0.001511 -0.004730 0.043420
v -0.002889 -0.002197 0.043066
v -0.002810 -0.003406 0.042711
v -0.002900 -0.002778 0.042846
v -0.002960 -0.002153 0.042896
v -0.002938 -0.002800 0.042656
v -0.002975 -0.002439 0.042667
v -0.002617 -0.002798 0.043250
v -0.002677 -0.002181 0.043308
v -0.002701 -0.003071 0.043094
v -0.002799 -0.002138 0.043205
v -0.002815 -0.002919 0.042970
v -0.002424 -0.003332 0.043281
v -0.002485 -0.002770 0.043344
v -0.002543 -0.003341 0.043182
v -0.002142 -0.003092 0.043434
v -0.002243 -0.002051 0.043477
v -0.002250 -0.003607 0.043329
v -0.002311 -0.003005 0.043395
v -0.002024 -0.002881 0.043463
v -0.002067 -0.002153 0.043488
v -0.002066 -0.003786 0.043376
v -0.001698 -0.003951 0.043445
v -0.001906 -0.003662 0.043427
v -0.001799 -0.002873 0.043460
v -0.001870 -0.002462 0.043474
v -0.001595 -0.003345 0.043453
v -0.001518 -0.002828 0.043435
v -0.001585 -0.002572 0.043416
v -0.002973 -0.002014 0.042677
v -0.002927 -0.001519 0.043074
v -0.002879 -0.001211 0.043045
v -0.002981 -0.001648 0.042890
v -0.002979 -0.001317 0.042886
v -0.002894 -0.001093 0.042915
v -0.002953 -0.001332 0.042661
v -0.002937 -0.001113 0.042726
v -0.002697 -0.001711 0.043333
v -0.002785 -0.001439 0.043210
v -0.002821 -0.001697 0.043224
v -0.002560 -0.000894 0.043114
v -0.002689 -0.000844 0.042917
v -0.002857 -0.000946 0.042637
v -0.002484 -0.002083 0.043418
v -0.002475 -0.001683 0.043428
v -0.002516 -0.001434 0.043371
v -0.002306 -0.000896 0.043303
v -0.002523 -0.000739 0.042948
v -0.002558 -0.000734 0.042736
v -0.002303 -0.001393 0.043447
v -0.002286 -0.001051 0.043375
v -0.002313 -0.000776 0.043194
v -0.002299 -0.000717 0.043030
v -0.002105 -0.000598 0.042731
v -0.002041 -0.001614 0.043470
v -0.002071 -0.001044 0.043428
v -0.002021 -0.000837 0.043363
v -0.002066 -0.000725 0.043232
v -0.002082 -0.000666 0.043085
v -0.002083 -0.000633 0.042909
v -0.001672 -0.002055 0.043471
v -0.001744 -0.001010 0.043422
v -0.001743 -0.000594 0.042738
v -0.001604 -0.001489 0.043462
v -0.001454 -0.000698 0.043044
v -0.002962 -0.013226 0.040760
v -0.001943 -0.013214 0.041064
v -0.001584 -0.013368 0.041085
v -0.002721 -0.011409 0.041644
v -0.002701 -0.011811 0.041493
v -0.002652 -0.012267 0.041306
v -0.002722 -0.012812 0.041030
v -0.001890 -0.012260 0.041482
v -0.002002 -0.011746 0.041646
v -0.001744 -0.011488 0.041763
v -0.001575 -0.012815 0.041328
v -0.002484 -0.010124 0.041975
v -0.002993 -0.009700 0.041986
v -0.002515 -0.011025 0.041793
v -0.002863 -0.010542 0.041878
v -0.001815 -0.010462 0.041978
v -0.002280 -0.009667 0.042003
v -0.001638 -0.010787 0.041939
v -0.001559 -0.011184 0.041860
v -0.001992 -0.009423 0.041991
v -0.003085 -0.008713 0.041899
v -0.003078 -0.008239 0.041693
v -0.003167 -0.007933 0.041519
v -0.002478 -0.008970 0.041911
v -0.002795 -0.008592 0.041808
v -0.002380 -0.009144 0.041950
v -0.002652 -0.008331 0.041611
v -0.002784 -0.008055 0.041441
v -0.002667 -0.007962 0.041261
v -0.002252 -0.008859 0.041849
v -0.002422 -0.008624 0.041750
v -0.002553 -0.007890 0.041060
v -0.002326 -0.008540 0.041664
v -0.002295 -0.008311 0.041433
v -0.002249 -0.008237 0.041303
v -0.002219 -0.008147 0.041091
v -0.002271 -0.008078 0.041020
v -0.002329 -0.007997 0.040864
v -0.001969 -0.007560 0.042192
v -0.001884 -0.008383 0.041819
v -0.002049 -0.007462 0.042020
v -0.001946 -0.008792 0.041782
v -0.002041 -0.008483 0.041632
v -0.001981 -0.008193 0.041684
v -0.002029 -0.008260 0.041483
v -0.002050 -0.008040 0.041511
v -0.002072 -0.007663 0.041531
v -0.002056 -0.008024 0.041335
v -0.002045 -0.007837 0.041317
v -0.002028 -0.007840 0.041115
v -0.002029 -0.007853 0.040907
v -0.001617 -0.007805 0.042440
v -0.001694 -0.008288 0.042117
v -0.001723 -0.008041 0.042236
v -0.001857 -0.009135 0.041926
v -0.001753 -0.008640 0.041861
v -0.001851 -0.008082 0.042051
v -0.001879 -0.008652 0.041768
v -0.001527 -0.008011 0.042394
v -0.001553 -0.008274 0.042228
v -0.001605 -0.009142 0.041946
v -0.001603 -0.008888 0.041935
v -0.001579 -0.008645 0.042018
v -0.003150 -0.007645 0.041249
v -0.003238 -0.007311 0.040903
v -0.002894 -0.007585 0.040997
v -0.003017 -0.007260 0.040642
v -0.002838 -0.007344 0.040568
v -0.002320 -0.006096 0.042472
v -0.002371 -0.005943 0.042039
v -0.002363 -0.005894 0.041851
v -0.002660 -0.007460 0.040494
v -0.002166 -0.006661 0.042455
v -0.002302 -0.006287 0.042284
v -0.002144 -0.006958 0.041984
v -0.002220 -0.006605 0.042011
v -0.002219 -0.006231 0.041628
v -0.002256 -0.005976 0.041616
v -0.002200 -0.005971 0.041369
v -0.002152 -0.006494 0.041087
v -0.002151 -0.005963 0.040824
v -0.001911 -0.007296 0.042481
v -0.002050 -0.007020 0.042476
v -0.001942 -0.007378 0.042339
v -0.002092 -0.007074 0.042249
v -0.002089 -0.007379 0.041842
v -0.002136 -0.006932 0.041572
v -0.002036 -0.007482 0.040946
v -0.002103 -0.006488 0.040689
v -0.002611 -0.004677 0.042480
v -0.002726 -0.004044 0.042485
v -0.002636 -0.004716 0.042198
v -0.002754 -0.003986 0.042270
v -0.002637 -0.004653 0.041880
v -0.002695 -0.004269 0.041960
v -0.002614 -0.004491 0.041447
v -0.002679 -0.004018 0.041506
v -0.002602 -0.004270 0.041183
v -0.002522 -0.005023 0.042483
v -0.002546 -0.005071 0.042173
v -0.002443 -0.005537 0.041733
v -0.002548 -0.004933 0.041703
v -0.002383 -0.005717 0.041627
v -0.002364 -0.005607 0.041390
v -0.002414 -0.005452 0.041367
v -0.002424 -0.005219 0.041052
v -0.002352 -0.005368 0.040944
v -0.002513 -0.004181 0.040753
v -0.002235 -0.005770 0.041330
v -0.002270 -0.005553 0.041088
v -0.002174 -0.005716 0.040805
v -0.003339 -0.002764 0.042238
v -0.003283 -0.002854 0.041813
v -0.003226 -0.002493 0.041800
v -0.003267 -0.002854 0.041615
v -0.003256 -0.002585 0.041598
v -0.003265 -0.002364 0.041608
v -0.003323 -0.003245 0.041331
v -0.003286 -0.002872 0.041386
v -0.003320 -0.002599 0.041368
v -0.003370 -0.003402 0.041046
v -0.003340 -0.003068 0.041132
v -0.003344 -0.002894 0.041166
v -0.002853 -0.003424 0.042485
v -0.002912 -0.003042 0.042473
v -0.002950 -0.002732 0.042448
v -0.002853 -0.003484 0.042278
v -0.002917 -0.002877 0.042322
v -0.002842 -0.003396 0.042001
v -0.002808 -0.003199 0.041821
v -0.002799 -0.002852 0.041855
v -0.002787 -0.003735 0.041921
v -0.002728 -0.002626 0.041825
v -0.002729 -0.002389 0.042080
v -0.002727 -0.003658 0.041531
v -0.002686 -0.003164 0.041516
v -0.002590 -0.003019 0.041397
v -0.002672 -0.003504 0.041368
v -0.002610 -0.003761 0.041176
v -0.002641 -0.002560 0.041718
v -0.002466 -0.002623 0.041536
v -0.002429 -0.002299 0.041745
v -0.002604 -0.003281 0.041289
v -0.002480 -0.002883 0.041375
v -0.002500 -0.003542 0.040998
v -0.002417 -0.003377 0.040992
v -0.002409 -0.003068 0.041194
v -0.002512 -0.003954 0.040789
v -0.002493 -0.003764 0.040835
v -0.002257 -0.002515 0.041560
v -0.002299 -0.002817 0.041348
v -0.001886 -0.002439 0.041563
v -0.001983 -0.002753 0.041331
v -0.002069 -0.003004 0.041111
v -0.002056 -0.003296 0.040822
v -0.001523 -0.002994 0.041058
v -0.003261 -0.001472 0.042458
v -0.003205 -0.001277 0.042277
v -0.003342 -0.000966 0.042306
v -0.003187 -0.002002 0.042036
v -0.003204 -0.001706 0.042012
v -0.003245 -0.001479 0.042034
v -0.003357 -0.001142 0.042116
v -0.003229 -0.002129 0.041800
v -0.003258 -0.001896 0.041829
v -0.003364 -0.001484 0.041904
v -0.003371 -0.002223 0.041489
v -0.003386 -0.001914 0.041678
v -0.002880 -0.001177 0.042468
v -0.002822 -0.001513 0.042376
v -0.002704 -0.000793 0.042581
v -0.002686 -0.001547 0.042189
v -0.002701 -0.001094 0.042336
v -0.002626 -0.000929 0.042378
v -0.002716 -0.001944 0.042326
v -0.002325 -0.000716 0.042576
v -0.002450 -0.001420 0.042188
v -0.002460 -0.000896 0.042380
v -0.002473 -0.002063 0.042009
v -0.002526 -0.001885 0.042124
v -0.002496 -0.001721 0.042108
v -0.002327 -0.001680 0.042068
v -0.002299 -0.000768 0.042483
v -0.002157 -0.001192 0.042292
v -0.002313 -0.001850 0.041995
v -0.002268 -0.002103 0.041814
v -0.002086 -0.000796 0.042483
v -0.002087 -0.000657 0.042568
v -0.002069 -0.001022 0.042391
v -0.002091 -0.001762 0.041985
v -0.001659 -0.000918 0.042438
v -0.001719 -0.000650 0.042547
v -0.001679 -0.001502 0.042129
v -0.001729 -0.002183 0.041724
v -0.001114 -0.002144 0.041755
v -0.002642 -0.016620 0.039188
v -0.001737 -0.016733 0.039389
v -0.001597 -0.016861 0.039351
v -0.002865 -0.015350 0.039685
v -0.002458 -0.015450 0.039745
v -0.002425 -0.016029 0.039498
v -0.001674 -0.015271 0.040109
v -0.001710 -0.016107 0.039684
v -0.002861 -0.014622 0.040031
v -0.002677 -0.013943 0.040444
v -0.002509 -0.014800 0.040042
v -0.001932 -0.014008 0.040663
v -0.002388 -0.007829 0.040669
v -0.002323 -0.007838 0.040486
v -0.002274 -0.007808 0.040260
v -0.002064 -0.007821 0.040684
v -0.002044 -0.007796 0.040263
v -0.003220 -0.007035 0.040406
v -0.003212 -0.006867 0.039888
v -0.003014 -0.007063 0.040245
v -0.002981 -0.006944 0.039863
v -0.003044 -0.006814 0.039433
v -0.002780 -0.007160 0.040108
v -0.002557 -0.007065 0.039433
v -0.002572 -0.006914 0.039000
v -0.002461 -0.007310 0.039789
v -0.002339 -0.007025 0.038983
v -0.002340 -0.007677 0.040188
v -0.002301 -0.007618 0.039991
v -0.002269 -0.007566 0.039817
v -0.002331 -0.007438 0.039753
v -0.002256 -0.007343 0.039449
v -0.002340 -0.007176 0.039305
v -0.002002 -0.007538 0.040709
v -0.001973 -0.007550 0.040481
v -0.002074 -0.005985 0.040459
v -0.001916 -0.007703 0.040173
v -0.001992 -0.006467 0.040057
v -0.002032 -0.005961 0.040028
v -0.001902 -0.007734 0.039958
v -0.001963 -0.006195 0.039636
v -0.002023 -0.007596 0.039785
v -0.001872 -0.007529 0.039695
v -0.001869 -0.007220 0.039540
v -0.002018 -0.007407 0.039546
v -0.002023 -0.005834 0.039672
v -0.002067 -0.007366 0.039365
v -0.001930 -0.007393 0.039232
v -0.002087 -0.007176 0.039119
v -0.001840 -0.007131 0.039087
v -0.001860 -0.007068 0.039319
v -0.001885 -0.006193 0.039171
v -0.001857 -0.006730 0.039112
v -0.001867 -0.005982 0.038947
v -0.002328 -0.005102 0.040373
v -0.002409 -0.004721 0.040494
v -0.002456 -0.004383 0.040566
v -0.002442 -0.004184 0.040545
v -0.002376 -0.004605 0.040261
v -0.002375 -0.004399 0.040287
v -0.002211 -0.005511 0.040553
v -0.002268 -0.005329 0.040341
v -0.002122 -0.005670 0.040387
v -0.002338 -0.004200 0.040335
v -0.002189 -0.005463 0.039837
v -0.002254 -0.005262 0.040012
v -0.002310 -0.004847 0.040030
v -0.002290 -0.004510 0.040059
v -0.002196 -0.004094 0.040206
v -0.002221 -0.005262 0.039677
v -0.002227 -0.005082 0.039761
v -0.002154 -0.004927 0.039636
v -0.002189 -0.004658 0.039827
v -0.002161 -0.005231 0.039493
v -0.002132 -0.005618 0.040036
v -0.002123 -0.004437 0.039860
v -0.001940 -0.004348 0.039743
v -0.001992 -0.004611 0.039589
v -0.002055 -0.005582 0.039404
v -0.002003 -0.004831 0.039460
v -0.002021 -0.005044 0.039362
v -0.001960 -0.005744 0.039130
v -0.001993 -0.005526 0.039202
v -0.001990 -0.005301 0.039233
v -0.001856 -0.003935 0.040041
v -0.001893 -0.005528 0.038994
v -0.001878 -0.005316 0.039044
v -0.001779 -0.005167 0.038995
v -0.001739 -0.004884 0.039149
v -0.001569 -0.004357 0.039494
v -0.001604 -0.004804 0.039103
v -0.002376 -0.003985 0.040527
v -0.002345 -0.003711 0.040659
v -0.002225 -0.003454 0.040767
v -0.002112 -0.003897 0.040281
v -0.002005 -0.003634 0.040438
v -0.001873 -0.003276 0.040789
v -0.001827 -0.003646 0.040328
v -0.001643 -0.003311 0.040711
v -0.001567 -0.003540 0.040394
v -0.001646 -0.003808 0.040075
v -0.001956 -0.020200 0.037165
v -0.002845 -0.019694 0.037668
v -0.002657 -0.018625 0.038233
v -0.002562 -0.019442 0.037856
v -0.002720 -0.019966 0.037456
v -0.002537 -0.020102 0.037281
v -0.001275 -0.019853 0.037778
v -0.001765 -0.019975 0.037606
v -0.001419 -0.018534 0.038485
v -0.001113 -0.019658 0.037933
v -0.001879 -0.020072 0.037482
v -0.001668 -0.020168 0.037356
v -0.001448 -0.019334 0.038074
v -0.002613 -0.017593 0.038737
v -0.002400 -0.018018 0.038577
v -0.001990 -0.018137 0.038599
v -0.002930 -0.006684 0.038334
v -0.003102 -0.006664 0.037915
v -0.002564 -0.006806 0.038491
v -0.002558 -0.006798 0.038019
v -0.002397 -0.006887 0.037778
v -0.002396 -0.006950 0.037597
v -0.002616 -0.007129 0.037188
v -0.002189 -0.007089 0.037431
v -0.002121 -0.006946 0.038475
v -0.002143 -0.006902 0.038230
v -0.001931 -0.006954 0.038030
v -0.002022 -0.007131 0.038871
v -0.002082 -0.007003 0.038669
v -0.001900 -0.007327 0.037231
v -0.001829 -0.006903 0.038910
v -0.001822 -0.006519 0.038936
v -0.001848 -0.006909 0.038696
v -0.001768 -0.006677 0.038707
v -0.001735 -0.006392 0.038704
v -0.001859 -0.006932 0.038484
v -0.001711 -0.006766 0.038511
v -0.001870 -0.006957 0.038269
v -0.001558 -0.007117 0.037651
v -0.001648 -0.007022 0.037890
v -0.001666 -0.006363 0.038580
v -0.001695 -0.005813 0.038639
v -0.001597 -0.006302 0.038490
v -0.001530 -0.005973 0.038454
v -0.001665 -0.006864 0.038305
v -0.001541 -0.006644 0.038278
v -0.001499 -0.006293 0.038385
v -0.001648 -0.006959 0.038093
v -0.001250 -0.007269 0.037486
v -0.001818 -0.005782 0.038816
v -0.001716 -0.005541 0.038739
v -0.001517 -0.005208 0.038741
v -0.001509 -0.005758 0.038476
v -0.001537 -0.005465 0.038603
v -0.002371 -0.020193 0.036906
v -0.001768 -0.020218 0.036992
v -0.001418 -0.020201 0.036688
v -0.002445 -0.020184 0.036677
v -0.001123 -0.020036 0.035671
v -0.002074 -0.011030 0.035642
v -0.003150 -0.009847 0.035735
v -0.002701 -0.009065 0.036118
v -0.002573 -0.010476 0.035708
v -0.002115 -0.009129 0.036235
v -0.001779 -0.010963 0.035714
v -0.001459 -0.009571 0.036191
v -0.003016 -0.007858 0.036496
v -0.003160 -0.008653 0.036111
v -0.002587 -0.008443 0.036368
v -0.002366 -0.008024 0.036614
v -0.002033 -0.007725 0.036870
v -0.001933 -0.008212 0.036626
v -0.001818 -0.008428 0.036553
v -0.001593 -0.007903 0.036853
v -0.001694 -0.008721 0.036454
v -0.001367 -0.009048 0.036378
v -0.002414 -0.007526 0.036898
v -0.002542 -0.007326 0.037017
v -0.001582 -0.007537 0.037116
v -0.002999 -0.019620 0.033626
v -0.002119 -0.019811 0.034469
v -0.001953 -0.019614 0.033770
v -0.001033 -0.019745 0.034222
v -0.000714 -0.019862 0.034723
v -0.001469 -0.019671 0.033966
v -0.001730 -0.019541 0.033661
v -0.001445 -0.016840 0.033947
v -0.002993 -0.015287 0.033947
v -0.002909 -0.015867 0.033810
v -0.002450 -0.015496 0.034086
v -0.001997 -0.015459 0.034232
v -0.002025 -0.016635 0.033877
v -0.003078 -0.013700 0.034403
v -0.002895 -0.012629 0.034840
v -0.002792 -0.013748 0.034505
v -0.002442 -0.013186 0.034807
v -0.002464 -0.013919 0.034569
v -0.002024 -0.013480 0.034829
v -0.001566 -0.013574 0.034898
v -0.001538 -0.015268 0.034396
v -0.002959 -0.011082 0.035389
v -0.002489 -0.011262 0.035466
v -0.002460 -0.012160 0.035154
v -0.001928 -0.012355 0.035220
v -0.002974 -0.019542 0.033423
v -0.003124 -0.019484 0.033268
v -0.003241 -0.019307 0.032994
v -0.003214 -0.019170 0.032940
v -0.002947 -0.019366 0.033162
v -0.002872 -0.019205 0.033097
v -0.002924 -0.018740 0.033060
v -0.002485 -0.019577 0.033608
v -0.002743 -0.019445 0.033317
v -0.002657 -0.019011 0.033149
v -0.002344 -0.019494 0.033489
v -0.002575 -0.019299 0.033238
v -0.002354 -0.018496 0.033299
v -0.002339 -0.019386 0.033368
v -0.002371 -0.019184 0.033266
v -0.002294 -0.018940 0.033265
v -0.001885 -0.019339 0.033437
v -0.001601 -0.019201 0.033443
v -0.001819 -0.018947 0.033383
v -0.001418 -0.019412 0.033561
v -0.003193 -0.017505 0.033223
v -0.002890 -0.018129 0.033186
v -0.002944 -0.017132 0.033435
v -0.002528 -0.017908 0.033375
v -0.002009 -0.017819 0.033551
v -0.002434 -0.016821 0.033705
v -0.001815 -0.018414 0.033451
v -0.001280 -0.007849 0.042565
v -0.001159 -0.007591 0.042809
v -0.000968 -0.007558 0.042845
v -0.000970 -0.007798 0.042638
v -0.000747 -0.007500 0.042858
v -0.000701 -0.007789 0.042594
v -0.000503 -0.007647 0.042611
v -0.000311 -0.007556 0.042627
v -0.001415 -0.006106 0.043231
v -0.001407 -0.007033 0.042997
v -0.001350 -0.007507 0.042808
v -0.001193 -0.006159 0.043245
v -0.001070 -0.007276 0.042974
v -0.001122 -0.006965 0.043061
v -0.000861 -0.006152 0.043244
v -0.000822 -0.006786 0.043103
v -0.000724 -0.007237 0.042995
v -0.000561 -0.006107 0.043215
v -0.000534 -0.007101 0.043005
v -0.000437 -0.007413 0.042819
v -0.000452 -0.007269 0.042923
v -0.000347 -0.006986 0.042977
v -0.000296 -0.006043 0.043169
v -0.000116 -0.006002 0.043111
v -0.000106 -0.007094 0.042831
v 0.000001 -0.006063 0.043032
v -0.000089 -0.007488 0.042591
v 0.000017 -0.007050 0.042751
v 0.000129 -0.006049 0.042923
v 0.000132 -0.006782 0.042700
v 0.000211 -0.006084 0.042804
v -0.001317 -0.005664 0.043294
v -0.001053 -0.004726 0.043449
v -0.001058 -0.004292 0.043479
v -0.001083 -0.005288 0.043373
v -0.000879 -0.005653 0.043296
v -0.000594 -0.004326 0.043450
v -0.000651 -0.004077 0.043488
v -0.000562 -0.005632 0.043268
v -0.000672 -0.005241 0.043358
v -0.000630 -0.004626 0.043434
v -0.000296 -0.003892 0.043454
v -0.000318 -0.005558 0.043237
v -0.000315 -0.004747 0.043369
v -0.000319 -0.004327 0.043403
v -0.000150 -0.004991 0.043288
v -0.000032 -0.004252 0.043307
v -0.000023 -0.005073 0.043215
v 0.000104 -0.005112 0.043117
v 0.000230 -0.004343 0.043108
v 0.000208 -0.005085 0.043021
v -0.001126 -0.003666 0.043529
v -0.001300 -0.002938 0.043439
v -0.001456 -0.002605 0.043425
v -0.001176 -0.003419 0.043515
v -0.001306 -0.001945 0.043497
v -0.000944 -0.003158 0.043520
v -0.000851 -0.002449 0.043508
v -0.000688 -0.003651 0.043520
v -0.000658 -0.003204 0.043524
v -0.000375 -0.002606 0.043507
v -0.000548 -0.002071 0.043487
v -0.000220 -0.003264 0.043479
v -0.000082 -0.002513 0.043473
v 0.000041 -0.003645 0.043375
v -0.000011 -0.003272 0.043428
v 0.000186 -0.002582 0.043400
v 0.000307 -0.003702 0.043193
v -0.001338 -0.001020 0.043418
v -0.001367 -0.000863 0.043337
v -0.001300 -0.000776 0.043210
v -0.001253 -0.000611 0.042733
v -0.001209 -0.001420 0.043474
v -0.001156 -0.000681 0.043008
v -0.000851 -0.001888 0.043498
v -0.000823 -0.001289 0.043447
v -0.000923 -0.001024 0.043402
v -0.000806 -0.000894 0.043294
v -0.000915 -0.000776 0.043169
v -0.000850 -0.000717 0.043005
v -0.000992 -0.000674 0.042877
v -0.000874 -0.000660 0.042670
v -0.000160 -0.001111 0.043304
v -0.000309 -0.000907 0.043131
v -0.000323 -0.000855 0.042920
v -0.000509 -0.000791 0.042804
v -0.000365 -0.001257 0.043378
v -0.000116 -0.001000 0.043208
v -0.000313 -0.000769 0.042750
v -0.000073 -0.000906 0.043064
v 0.000141 -0.000889 0.043082
v 0.000085 -0.000658 0.042716
v 0.000161 -0.002110 0.043391
v 0.000143 -0.001359 0.043302
v 0.000277 -0.001167 0.043229
v 0.000342 -0.000911 0.043079
v 0.000160 -0.000744 0.042884
v -0.001086 -0.013356 0.041178
v -0.001327 -0.013740 0.040960
v -0.000833 -0.013913 0.040946
v -0.000655 -0.013244 0.041256
v -0.000304 -0.012980 0.041358
v 0.000017 -0.014001 0.040906
v 0.000347 -0.013291 0.041165
v -0.001379 -0.012098 0.041624
v -0.000998 -0.011879 0.041729
v -0.001046 -0.012885 0.041379
v -0.000867 -0.011417 0.041858
v -0.000767 -0.012458 0.041554
v -0.000400 -0.011851 0.041750
v -0.000058 -0.011101 0.041939
v -0.000092 -0.012155 0.041643
v 0.000647 -0.011748 0.041726
v 0.000259 -0.012444 0.041510
v -0.001085 -0.010140 0.042051
v -0.000848 -0.009559 0.042035
v -0.000885 -0.011026 0.041943
v -0.000903 -0.010589 0.042014
v -0.000572 -0.009804 0.042066
v -0.000431 -0.010110 0.042070
v -0.000093 -0.010588 0.042029
v 0.000967 -0.010119 0.042077
v 0.000703 -0.009579 0.042045
v -0.001369 -0.008096 0.042417
v -0.001359 -0.008698 0.042108
v -0.001426 -0.009012 0.041964
v -0.001179 -0.008322 0.042323
v -0.001067 -0.008027 0.042516
v -0.001170 -0.008659 0.042186
v -0.001103 -0.009366 0.042002
v -0.001079 -0.009136 0.042008
v -0.001060 -0.008937 0.042080
v -0.000965 -0.008341 0.042323
v -0.000956 -0.008753 0.042171
v -0.000752 -0.008307 0.042315
v -0.000667 -0.007995 0.042489
v -0.000748 -0.008746 0.042164
v -0.000599 -0.009339 0.041992
v -0.000737 -0.009103 0.042005
v -0.000388 -0.008147 0.042280
v -0.000533 -0.008670 0.042145
v -0.000554 -0.008283 0.042279
v -0.000520 -0.009075 0.041970
v -0.000349 -0.007864 0.042420
v -0.000336 -0.008571 0.042091
v -0.000239 -0.009296 0.041972
v -0.000317 -0.009125 0.041929
v -0.000344 -0.008900 0.041953
v -0.000178 -0.007820 0.042350
v -0.000184 -0.008019 0.042214
v 0.000004 -0.007722 0.042233
v 0.000008 -0.009054 0.041862
v -0.000133 -0.008891 0.041851
v -0.000176 -0.008644 0.041938
v -0.000054 -0.007904 0.042142
v -0.000020 -0.008624 0.041790
v 0.000047 -0.007500 0.042442
v 0.000817 -0.009364 0.041994
v 0.000069 -0.007822 0.042004
v 0.000127 -0.008694 0.041665
v 0.000088 -0.008406 0.041708
v 0.000155 -0.007651 0.041870
v 0.000221 -0.008248 0.041444
v 0.000194 -0.008104 0.041563
v 0.000191 -0.007044 0.042487
v 0.000084 -0.007588 0.042156
v 0.000183 -0.007247 0.042267
v 0.000185 -0.007275 0.042009
v -0.001341 -0.002439 0.041531
v -0.000990 -0.002611 0.041371
v -0.000984 -0.003022 0.041004
v -0.000386 -0.002468 0.041522
v -0.000290 -0.002961 0.041121
v -0.000337 -0.003226 0.040836
v -0.000089 -0.002431 0.041568
v -0.000065 -0.002799 0.041297
v -0.000092 -0.003283 0.040855
v 0.000122 -0.002590 0.041519
v 0.000219 -0.002395 0.041682
v 0.000140 -0.002941 0.041251
v 0.000118 -0.003235 0.041005
v 0.000053 -0.003563 0.040702
v -0.001469 -0.000633 0.042535
v -0.001069 -0.001432 0.042132
v -0.001073 -0.001127 0.042271
v -0.001191 -0.000744 0.042433
v -0.001010 -0.000635 0.042556
v -0.000898 -0.000731 0.042423
v -0.000735 -0.002103 0.041780
v -0.000551 -0.000689 0.042573
v -0.000745 -0.001112 0.042287
v -0.000524 -0.001450 0.042128
v -0.000521 -0.000768 0.042448
v -0.000405 -0.000989 0.042372
v -0.000148 -0.000756 0.042443
v -0.000298 -0.000684 0.042579
v -0.000167 -0.002121 0.041747
v 0.000053 -0.000633 0.042566
v 0.000146 -0.001218 0.042212
v -0.000106 -0.000993 0.042345
v 0.000005 -0.001562 0.042050
v 0.000144 -0.000787 0.042397
v 0.000158 -0.001024 0.042277
v 0.000172 -0.002212 0.041755
v 0.000246 -0.001963 0.041890
v 0.000364 -0.001753 0.041993
v -0.001192 -0.017907 0.038847
v -0.000601 -0.016920 0.039436
v -0.000262 -0.016751 0.039530
v 0.000856 -0.016987 0.039343
v -0.001428 -0.015419 0.040095
v -0.001105 -0.015727 0.039994
v -0.000839 -0.016509 0.039628
v -0.000614 -0.014933 0.040473
v -0.000594 -0.015891 0.039968
v -0.000200 -0.014951 0.040476
v -0.000248 -0.015876 0.039981
v 0.000702 -0.016108 0.039815
v -0.001048 -0.014691 0.040536
v -0.000430 -0.013955 0.040947
v -0.000069 -0.006171 0.038938
v -0.000056 -0.005822 0.038897
v 0.000161 -0.006395 0.040150
v 0.000202 -0.007164 0.040013
v 0.000103 -0.005869 0.039884
v 0.000172 -0.007248 0.039800
v 0.000120 -0.006673 0.039497
v 0.000149 -0.007047 0.039362
v 0.000070 -0.006195 0.039513
v 0.000045 -0.005984 0.039388
v 0.000157 -0.007097 0.039129
v 0.000088 -0.006884 0.038991
v 0.000045 -0.006559 0.039066
v -0.000004 -0.006144 0.039136
v -0.001382 -0.004172 0.039622
v -0.001402 -0.004657 0.039115
v -0.001196 -0.004276 0.039455
v -0.001192 -0.004640 0.039065
v -0.000973 -0.004468 0.039201
v -0.000755 -0.004324 0.039371
v -0.000530 -0.004218 0.039567
v -0.000550 -0.004574 0.039157
v -0.000323 -0.004358 0.039516
v -0.000370 -0.004665 0.039167
v -0.000195 -0.004740 0.039248
v -0.000108 -0.004184 0.039923
v -0.000138 -0.004394 0.039641
v -0.000059 -0.005094 0.039165
v -0.000048 -0.004841 0.039360
v 0.000022 -0.005530 0.039133
v -0.000015 -0.005297 0.039129
v -0.000170 -0.004985 0.039081
v 0.000158 -0.005795 0.040342
v 0.000155 -0.005538 0.040333
v 0.000153 -0.004117 0.040488
v 0.000190 -0.005179 0.040066
v 0.000188 -0.004301 0.040423
v 0.000198 -0.004537 0.040209
v 0.000212 -0.004853 0.040010
v 0.000133 -0.004565 0.039880
v 0.000126 -0.005517 0.039645
v 0.000156 -0.005211 0.039810
v 0.000158 -0.004854 0.039797
v 0.000088 -0.005630 0.039377
v 0.000117 -0.005175 0.039599
v 0.000069 -0.004883 0.039544
v 0.000031 -0.004569 0.039674
v 0.000067 -0.005181 0.039395
v 0.000025 -0.005745 0.039119
v -0.000825 -0.003300 0.040692
v -0.001314 -0.003803 0.040012
v -0.001027 -0.003998 0.039773
v -0.000495 -0.003359 0.040643
v -0.000762 -0.003793 0.040029
v -0.000534 -0.003777 0.040086
v -0.000292 -0.003552 0.040467
v -0.000338 -0.003949 0.039981
v -0.000107 -0.003518 0.040613
v -0.000132 -0.003810 0.040299
v 0.000236 -0.003989 0.040707
v 0.000210 -0.003744 0.040769
v 0.000008 -0.003800 0.040465
v -0.000012 -0.004054 0.040201
v -0.000196 -0.020219 0.037297
v -0.001064 -0.020116 0.037529
v -0.000848 -0.019311 0.038157
v -0.000643 -0.020038 0.037679
v -0.000708 -0.018427 0.038615
v -0.000273 -0.020195 0.037430
v 0.000007 -0.019951 0.037822
v -0.000328 -0.019441 0.038130
v 0.000006 -0.019804 0.037937
v -0.000034 -0.018787 0.038458
v 0.000023 -0.020151 0.037562
v 0.000186 -0.019374 0.038185
v 0.000237 -0.019630 0.038054
v 0.000312 -0.020068 0.037705
v -0.001400 -0.006388 0.038257
v -0.001298 -0.006174 0.038285
v -0.001258 -0.005919 0.038295
v -0.001361 -0.006812 0.037990
v -0.001283 -0.007135 0.037668
v -0.001387 -0.006948 0.037918
v -0.001178 -0.006374 0.038136
v -0.001162 -0.006695 0.037896
v -0.001197 -0.007035 0.037729
v -0.000917 -0.007460 0.037330
v -0.000969 -0.006153 0.038204
v -0.000963 -0.005802 0.038277
v -0.000967 -0.006350 0.038113
v -0.000974 -0.006828 0.037741
v -0.001013 -0.007248 0.037529
v -0.000764 -0.006217 0.038198
v -0.000719 -0.005745 0.038321
v -0.000761 -0.006512 0.038015
v -0.000762 -0.006983 0.037662
v -0.000760 -0.007280 0.037520
v -0.000606 -0.007364 0.037485
v -0.000486 -0.005835 0.038401
v -0.000568 -0.006408 0.038158
v -0.000586 -0.006159 0.038278
v -0.000482 -0.006626 0.038070
v -0.000533 -0.007175 0.037676
v -0.000219 -0.006552 0.038374
v -0.000271 -0.006164 0.038524
v -0.000372 -0.005684 0.038516
v -0.000274 -0.006713 0.038195
v -0.000427 -0.006252 0.038336
v -0.000337 -0.007017 0.037945
v -0.000208 -0.007235 0.037795
v -0.000194 -0.007142 0.037947
v -0.000232 -0.007363 0.037589
v -0.000115 -0.007511 0.037410
v -0.000004 -0.006858 0.038585
v -0.000120 -0.006272 0.038730
v -0.000145 -0.005836 0.038739
v 0.000000 -0.006962 0.038475
v -0.000126 -0.006578 0.038509
v -0.000065 -0.007016 0.038278
v 0.000063 -0.007279 0.037819
v 0.000143 -0.007112 0.038696
v 0.000131 -0.007136 0.038478
v 0.000079 -0.007146 0.038266
v 0.000152 -0.007211 0.038066
v -0.001307 -0.005625 0.038402
v -0.001331 -0.005219 0.038616
v -0.001162 -0.005169 0.038584
v -0.001184 -0.005583 0.038375
v -0.000966 -0.004989 0.038705
v -0.000966 -0.005348 0.038446
v -0.000754 -0.004830 0.038863
v -0.000768 -0.005524 0.038381
v -0.000760 -0.005206 0.038553
v -0.000531 -0.005070 0.038724
v -0.000566 -0.005500 0.038451
v -0.000351 -0.005312 0.038684
v -0.000335 -0.004991 0.038916
v -0.000235 -0.005594 0.038669
v -0.000114 -0.005418 0.038887
v -0.000445 -0.020233 0.037043
v 0.000634 -0.020201 0.036641
v 0.000817 -0.020230 0.037015
v 0.000108 -0.019984 0.035326
v 0.000396 -0.020123 0.036126
v -0.001334 -0.011207 0.035695
v -0.000900 -0.011342 0.035696
v -0.000105 -0.011728 0.035630
v -0.000936 -0.009537 0.036247
v -0.000412 -0.009443 0.036312
v -0.000321 -0.010077 0.036112
v 0.000190 -0.010684 0.035948
v 0.000674 -0.010052 0.036138
v 0.000561 -0.009356 0.036361
v -0.001116 -0.008199 0.036767
v -0.001054 -0.007657 0.037122
v -0.000896 -0.008626 0.036590
v -0.000810 -0.007935 0.036957
v -0.000335 -0.007717 0.037178
v -0.000288 -0.008233 0.036831
v -0.000068 -0.007978 0.037006
v 0.000087 -0.008982 0.036498
v -0.000158 -0.008610 0.036647
v 0.000611 -0.007768 0.037225
v 0.000774 -0.008258 0.036866
v -0.001116 -0.019511 0.033713
v -0.000969 -0.019586 0.033846
v -0.000499 -0.019648 0.034003
v -0.000045 -0.019824 0.034523
v -0.000042 -0.019557 0.033872
v -0.000489 -0.019462 0.033744
v 0.000232 -0.019738 0.034202
v 0.000269 -0.019443 0.033771
v 0.000388 -0.019304 0.033708
v 0.000185 -0.018387 0.033726
v -0.000676 -0.018079 0.033723
v -0.000856 -0.017337 0.033899
v -0.000303 -0.017432 0.033939
v 0.000379 -0.017610 0.033942
v -0.001072 -0.015303 0.034471
v -0.000691 -0.015336 0.034516
v 0.000120 -0.015544 0.034538
v -0.000094 -0.016274 0.034306
v -0.001106 -0.013480 0.034999
v -0.000664 -0.012578 0.035325
v -0.000543 -0.013888 0.034944
v -0.000097 -0.013033 0.035227
v 0.000101 -0.014170 0.034912
v -0.001250 -0.012265 0.035362
v 0.000599 -0.013437 0.035138
v -0.001171 -0.019009 0.033512
v -0.001070 -0.018805 0.033544
v -0.001113 -0.018513 0.033569
v -0.000846 -0.019213 0.033584
v -0.000503 -0.019353 0.033673
v -0.000558 -0.019014 0.033600
v -0.000512 -0.018522 0.033644
v -0.000152 -0.019190 0.033657
v -0.000111 -0.018739 0.033651
v 0.000264 -0.019062 0.033660
v 0.000583 -0.018753 0.033678
v -0.001296 -0.018055 0.033634
v -0.013356 -0.019271 0.029903
v -0.013112 -0.019233 0.029685
v -0.012683 -0.019156 0.029267
v -0.012458 -0.019118 0.029068
v -0.013133 -0.005327 0.029910
v -0.012909 -0.005282 0.029735
v -0.012087 -0.005357 0.029922
v -0.012671 -0.005250 0.029605
v -0.012499 -0.005253 0.029511
v -0.012235 -0.019087 0.028911
v -0.012011 -0.019056 0.028764
v -0.011110 -0.019110 0.029223
v -0.011770 -0.019015 0.028560
v -0.011108 -0.018889 0.027946
v -0.011125 -0.005975 0.028521
v -0.011022 -0.006139 0.028416
v -0.010916 -0.005893 0.029287
v -0.010728 -0.006170 0.029102
v -0.010961 -0.006263 0.028358
v -0.010902 -0.006403 0.028304
v -0.010537 -0.006035 0.029874
v -0.010443 -0.006193 0.029745
v -0.010505 -0.006465 0.029123
v -0.010724 -0.006556 0.028471
v -0.010780 -0.006665 0.028188
v -0.012124 -0.005299 0.029636
v -0.012239 -0.005247 0.029322
v -0.012061 -0.005292 0.029197
v -0.011802 -0.005373 0.029768
v -0.011808 -0.005352 0.029401
v -0.011812 -0.005366 0.029008
v -0.011605 -0.005422 0.029701
v -0.011372 -0.005525 0.029601
v -0.011492 -0.005525 0.029067
v -0.011545 -0.005527 0.028824
v -0.011155 -0.005731 0.029147
v -0.011315 -0.005742 0.028642
v -0.011086 -0.005673 0.029626
v -0.011220 -0.005850 0.028580
v -0.010877 -0.005817 0.029639
v -0.011335 -0.018930 0.028141
v -0.009904 -0.018881 0.028126
v -0.010882 -0.018857 0.027801
v -0.010660 -0.018822 0.027648
v -0.010696 -0.006911 0.028105
v -0.010590 -0.007221 0.028009
v -0.009397 -0.019048 0.029183
v -0.009488 -0.018838 0.028019
v -0.008648 -0.019041 0.029338
v -0.008843 -0.018893 0.028533
v -0.008973 -0.013402 0.028126
v -0.009267 -0.011363 0.028575
v -0.009015 -0.012724 0.028365
v -0.008806 -0.012524 0.028807
v -0.009825 -0.010205 0.028050
v -0.009503 -0.010840 0.028386
v -0.009568 -0.009121 0.029020
v -0.009208 -0.009075 0.029679
v -0.009219 -0.010247 0.029155
v -0.008743 -0.009046 0.030450
v -0.010122 -0.008031 0.028480
v -0.010080 -0.008505 0.028299
v -0.009931 -0.007850 0.028989
v -0.009461 -0.008010 0.029771
v -0.009697 -0.008284 0.029188
v -0.010370 -0.007031 0.028734
v -0.010505 -0.007309 0.028162
v -0.009990 -0.006710 0.029891
v -0.009965 -0.006912 0.029704
v -0.010107 -0.007344 0.029010
v -0.010033 -0.007085 0.029390
v -0.009802 -0.007578 0.029429
v -0.010437 -0.018779 0.027450
v -0.010214 -0.018730 0.027237
v -0.009994 -0.018677 0.027050
v -0.009782 -0.018629 0.026928
v -0.009405 -0.018687 0.027374
v -0.009555 -0.018557 0.026788
v -0.009005 -0.018777 0.027963
v -0.009180 -0.018588 0.027181
v -0.009320 -0.018446 0.026666
v -0.008949 -0.018678 0.027641
v -0.009096 -0.018468 0.026938
v -0.008870 -0.018539 0.027322
v -0.009127 -0.018283 0.026554
v -0.009176 -0.016378 0.026600
v -0.009059 -0.018087 0.026490
v -0.009028 -0.017894 0.026468
v -0.009051 -0.017316 0.026486
v -0.009113 -0.016812 0.026547
v -0.008888 -0.018404 0.027036
v -0.008975 -0.018257 0.026740
v -0.009029 -0.017652 0.026467
v -0.009392 -0.014796 0.026815
v -0.009300 -0.015472 0.026732
v -0.008778 -0.015725 0.027542
v -0.009643 -0.013086 0.027063
v -0.009522 -0.013850 0.026953
v -0.009387 -0.013647 0.027288
v -0.008999 -0.013822 0.027899
v -0.008996 -0.014672 0.027558
v -0.009710 -0.011310 0.027774
v -0.009743 -0.012435 0.027174
v -0.009851 -0.011780 0.027266
v -0.009552 -0.012382 0.027569
v -0.009969 -0.010992 0.027394
v -0.010089 -0.010202 0.027499
v -0.010464 -0.007799 0.027873
v -0.010405 -0.008081 0.027821
v -0.010332 -0.008479 0.027753
v -0.010069 -0.008999 0.028075
v -0.010299 -0.008722 0.027702
v -0.010216 -0.009241 0.027641
v -0.010509 -0.007590 0.027927
v -0.008494 -0.018860 0.028573
v -0.008533 -0.018780 0.028283
v -0.008280 -0.018947 0.029043
v -0.008063 -0.018871 0.028898
v -0.008192 -0.018745 0.028447
v -0.008210 -0.018624 0.028194
v -0.007816 -0.018985 0.029485
v -0.007970 -0.018757 0.028660
v -0.007969 -0.018651 0.028466
v -0.008036 -0.018490 0.028210
v -0.007738 -0.018891 0.029221
v -0.007748 -0.018760 0.028876
v -0.007747 -0.018654 0.028697
v -0.007789 -0.018517 0.028524
v -0.007388 -0.019012 0.029888
v -0.007519 -0.018896 0.029432
v -0.007551 -0.018775 0.029109
v -0.007545 -0.018654 0.028926
v -0.007585 -0.018512 0.028784
v -0.007292 -0.018940 0.029757
v -0.007302 -0.018840 0.029524
v -0.007351 -0.018697 0.029221
v -0.007336 -0.018539 0.029107
v -0.007068 -0.018950 0.029976
v -0.007100 -0.018828 0.029715
v -0.007184 -0.018694 0.029453
v -0.007124 -0.018541 0.029440
v -0.008043 -0.016561 0.028447
v -0.007992 -0.018313 0.028173
v -0.007965 -0.018109 0.028165
v -0.008083 -0.017576 0.028040
v -0.007668 -0.018349 0.028610
v -0.007490 -0.017786 0.028915
v -0.007289 -0.018352 0.029145
v -0.007636 -0.018105 0.028638
v -0.006960 -0.018354 0.029628
v -0.007021 -0.018017 0.029573
v -0.008352 -0.014963 0.028518
v -0.008089 -0.014691 0.029036
v -0.007711 -0.014846 0.029561
v -0.007267 -0.017181 0.029455
v -0.008240 -0.012662 0.029630
v -0.008453 -0.013866 0.028780
v -0.008055 -0.013733 0.029457
v -0.008861 -0.010978 0.029435
v -0.008469 -0.010878 0.030085
v -0.008650 -0.018665 0.027850
v -0.008671 -0.018554 0.027557
v -0.008422 -0.018680 0.028098
v -0.008478 -0.018512 0.027697
v -0.008301 -0.018476 0.027864
v -0.008665 -0.018433 0.027343
v -0.008615 -0.018283 0.027228
v -0.008642 -0.018086 0.027102
v -0.008728 -0.017903 0.026942
v -0.008656 -0.017377 0.027146
v -0.008774 -0.018225 0.026979
v -0.008557 -0.016969 0.027451
v -0.008458 -0.018321 0.027498
v -0.008367 -0.018109 0.027539
v -0.008208 -0.018320 0.027853
v -0.008008 -0.017915 0.028099
v -0.006906 -0.018714 0.029798
v -0.006882 -0.018534 0.029754
v 0.000242 -0.006385 0.042633
v 0.000311 -0.005021 0.042885
v 0.000429 -0.004273 0.042873
v 0.000370 -0.005144 0.042711
v 0.000426 -0.004971 0.042578
v 0.000528 -0.004181 0.042669
v 0.000327 -0.002926 0.043308
v 0.000344 -0.002193 0.043341
v 0.000443 -0.002914 0.043225
v 0.000453 -0.003709 0.043033
v 0.000487 -0.002117 0.043261
v 0.000550 -0.002849 0.043125
v 0.000560 -0.003609 0.042900
v 0.000648 -0.002765 0.043007
v 0.000685 -0.003312 0.042723
v 0.000762 -0.002405 0.042875
v 0.000831 -0.002207 0.042701
v 0.000431 -0.001783 0.043290
v 0.000448 -0.001535 0.043257
v 0.000355 -0.000770 0.042907
v 0.000264 -0.000658 0.042730
v 0.000448 -0.000723 0.042721
v 0.000623 -0.001779 0.043183
v 0.000584 -0.001353 0.043173
v 0.000501 -0.000966 0.043036
v 0.000742 -0.001074 0.042915
v 0.000517 -0.000871 0.042902
v 0.000748 -0.001065 0.042705
v 0.000729 -0.001558 0.043086
v 0.000698 -0.001207 0.043041
v 0.000811 -0.001630 0.042911
v 0.000792 -0.001270 0.042907
v 0.000860 -0.001643 0.042698
v 0.000827 -0.001260 0.042707
v 0.000829 -0.012796 0.041298
v 0.000961 -0.013455 0.040995
v 0.001240 -0.014201 0.040618
v 0.001732 -0.012700 0.041274
v 0.000167 -0.011389 0.041861
v 0.001065 -0.012308 0.041473
v 0.001264 -0.011445 0.041797
v 0.001422 -0.013008 0.041142
v 0.001728 -0.012315 0.041441
v 0.001734 -0.011847 0.041643
v 0.000746 -0.010561 0.042029
v 0.001164 -0.010957 0.041941
v 0.001744 -0.009797 0.042095
v 0.001735 -0.010765 0.041995
v 0.001736 -0.010307 0.042077
v 0.001737 -0.009518 0.042065
v 0.001744 -0.010094 0.042100
v 0.001738 -0.011182 0.041882
v 0.000387 -0.008751 0.041672
v 0.000205 -0.007322 0.041827
v 0.000336 -0.008488 0.041432
v 0.000440 -0.008398 0.041373
v 0.000323 -0.008286 0.041237
v 0.000244 -0.008014 0.041297
v 0.000448 -0.008183 0.041161
v 0.000296 -0.008084 0.041031
v 0.000270 -0.007789 0.041112
v 0.000430 -0.007962 0.040952
v 0.000281 -0.007870 0.040823
v 0.000996 -0.008656 0.041644
v 0.000637 -0.008020 0.041025
v 0.000617 -0.007874 0.040827
v 0.001733 -0.009200 0.041951
v 0.001105 -0.008984 0.041845
v 0.000829 -0.008314 0.041372
v 0.000825 -0.007896 0.040996
v 0.001055 -0.008095 0.041207
v 0.001039 -0.007797 0.040930
v 0.001418 -0.008833 0.041752
v 0.001286 -0.008500 0.041513
v 0.001276 -0.008091 0.041160
v 0.001236 -0.007838 0.040910
v 0.001513 -0.008613 0.041569
v 0.001499 -0.008394 0.041358
v 0.001476 -0.008137 0.041086
v 0.001326 -0.007771 0.040756
v 0.001729 -0.009047 0.041871
v 0.001734 -0.008871 0.041752
v 0.001749 -0.008682 0.041565
v 0.001739 -0.008581 0.041453
v 0.001715 -0.008474 0.041337
v 0.001698 -0.008387 0.041209
v 0.001710 -0.008321 0.041068
v 0.001695 -0.008214 0.040942
v 0.001709 -0.008150 0.040783
v 0.000242 -0.006941 0.042392
v 0.000345 -0.005805 0.042494
v 0.000260 -0.006920 0.042239
v 0.000299 -0.006625 0.042236
v 0.000322 -0.006237 0.042254
v 0.000345 -0.005898 0.042062
v 0.000248 -0.006828 0.041809
v 0.000279 -0.006301 0.041798
v 0.000328 -0.005751 0.041700
v 0.000260 -0.007219 0.041574
v 0.000295 -0.005924 0.041429
v 0.000305 -0.006871 0.041303
v 0.000308 -0.006858 0.041062
v 0.000287 -0.006067 0.041184
v 0.000296 -0.006844 0.040780
v 0.000259 -0.005917 0.040921
v 0.000841 -0.007546 0.040613
v 0.001040 -0.007531 0.040625
v 0.000427 -0.005302 0.042234
v 0.000426 -0.005361 0.042024
v 0.000393 -0.004955 0.041423
v 0.000297 -0.005423 0.041192
v 0.000425 -0.004526 0.041429
v 0.000304 -0.004897 0.040820
v 0.000307 -0.004688 0.040749
v 0.000358 -0.004142 0.040977
v 0.000219 -0.005463 0.040696
v 0.000444 -0.005030 0.042326
v 0.000533 -0.004319 0.042470
v 0.000526 -0.004423 0.042205
v 0.000443 -0.004995 0.042019
v 0.000478 -0.004659 0.041884
v 0.000514 -0.004163 0.041786
v 0.000427 -0.002480 0.041780
v 0.000408 -0.003130 0.041509
v 0.000467 -0.002843 0.041662
v 0.000422 -0.003964 0.041340
v 0.000428 -0.003634 0.041405
v 0.000269 -0.003070 0.041270
v 0.000290 -0.002749 0.041520
v 0.000388 -0.003855 0.041135
v 0.000339 -0.003508 0.041144
v 0.000269 -0.003299 0.041112
v 0.000328 -0.003850 0.040942
v 0.000244 -0.003537 0.040927
v 0.000632 -0.003882 0.042424
v 0.000624 -0.003825 0.042058
v 0.000688 -0.003202 0.042081
v 0.000622 -0.002992 0.041908
v 0.000634 -0.002469 0.042008
v 0.000545 -0.003944 0.041736
v 0.000554 -0.003630 0.041648
v 0.000555 -0.002679 0.041848
v 0.000524 -0.003108 0.041659
v 0.000743 -0.003162 0.042476
v 0.000814 -0.002580 0.042494
v 0.000720 -0.003332 0.042246
v 0.000778 -0.002667 0.042302
v 0.000802 -0.002203 0.042304
v 0.000706 -0.002691 0.042120
v 0.000718 -0.002247 0.042158
v 0.000384 -0.000917 0.042416
v 0.000297 -0.000680 0.042564
v 0.000388 -0.001241 0.042203
v 0.000392 -0.001048 0.042300
v 0.000588 -0.001133 0.042381
v 0.000563 -0.000935 0.042529
v 0.000687 -0.001779 0.042174
v 0.000645 -0.001490 0.042213
v 0.000509 -0.001431 0.042150
v 0.000605 -0.002153 0.042021
v 0.000542 -0.001766 0.042057
v 0.000491 -0.002102 0.041933
v 0.000855 -0.002036 0.042502
v 0.000842 -0.001563 0.042506
v 0.000767 -0.001247 0.042478
v 0.000730 -0.001074 0.042573
v 0.000802 -0.001797 0.042318
v 0.000726 -0.001411 0.042348
v 0.001373 -0.017745 0.038921
v 0.001731 -0.016893 0.039328
v 0.001731 -0.017644 0.038959
v 0.000465 -0.015041 0.040399
v 0.001191 -0.015540 0.040043
v 0.001480 -0.016215 0.039682
v 0.001511 -0.015345 0.040093
v 0.001730 -0.014917 0.040272
v 0.001730 -0.015771 0.039887
v 0.000517 -0.014784 0.040509
v 0.001248 -0.015130 0.040220
v 0.001503 -0.014218 0.040583
v 0.001732 -0.014285 0.040549
v 0.000612 -0.007700 0.040598
v 0.001436 -0.007800 0.040606
v 0.001599 -0.007932 0.040428
v 0.001427 -0.007669 0.040358
v 0.001526 -0.007632 0.039849
v 0.001741 -0.008133 0.040424
v 0.001760 -0.008039 0.040237
v 0.001762 -0.007987 0.040065
v 0.001757 -0.007949 0.039959
v 0.000286 -0.007666 0.040627
v 0.000292 -0.007682 0.040412
v 0.000258 -0.007219 0.040363
v 0.000267 -0.006627 0.040621
v 0.000412 -0.007566 0.040290
v 0.000249 -0.007499 0.040204
v 0.000286 -0.007481 0.039998
v 0.000313 -0.007490 0.039773
v 0.000365 -0.007442 0.039556
v 0.000188 -0.007278 0.039566
v 0.000458 -0.007324 0.039256
v 0.000241 -0.007275 0.039345
v 0.000345 -0.007281 0.039130
v 0.000631 -0.007559 0.040367
v 0.000610 -0.007484 0.040172
v 0.000609 -0.007426 0.039992
v 0.000676 -0.007324 0.039690
v 0.000604 -0.007254 0.039129
v 0.000839 -0.007413 0.040362
v 0.000843 -0.007299 0.039979
v 0.000808 -0.007261 0.039352
v 0.001034 -0.007395 0.040349
v 0.001041 -0.007312 0.039968
v 0.001043 -0.007279 0.039251
v 0.001220 -0.007506 0.040434
v 0.001220 -0.007430 0.040207
v 0.001233 -0.007360 0.039683
v 0.001358 -0.007354 0.038897
v 0.001429 -0.007478 0.039606
v 0.001503 -0.007463 0.039241
v 0.001739 -0.007779 0.039643
v 0.001741 -0.007771 0.039491
v 0.001726 -0.007646 0.039335
v 0.001722 -0.007587 0.039195
v 0.001734 -0.007522 0.039074
v 0.000273 -0.004462 0.040611
v 0.000227 -0.004896 0.040300
v 0.001730 -0.020215 0.037384
v 0.001300 -0.018377 0.038618
v 0.001730 -0.020157 0.037578
v 0.001135 -0.019292 0.038228
v 0.001730 -0.019931 0.037873
v 0.001731 -0.019650 0.038063
v 0.001730 -0.020076 0.037715
v 0.001732 -0.019189 0.038285
v 0.001731 -0.018671 0.038503
v 0.001733 -0.018234 0.038688
v -0.000112 -0.018181 0.038756
v 0.001728 -0.007690 0.037341
v 0.000361 -0.007226 0.038900
v 0.000357 -0.007196 0.038650
v 0.000360 -0.007192 0.038341
v 0.000681 -0.007568 0.037444
v 0.000904 -0.007448 0.037655
v 0.000776 -0.007233 0.038320
v 0.001025 -0.007386 0.037808
v 0.000843 -0.007231 0.038798
v 0.001196 -0.007347 0.037991
v 0.001158 -0.007281 0.038498
v 0.001327 -0.007602 0.037453
v 0.001725 -0.007394 0.038242
v 0.001726 -0.007401 0.038072
v 0.001729 -0.007446 0.037818
v 0.001730 -0.007522 0.037608
v 0.001758 -0.007502 0.038894
v 0.001728 -0.007416 0.038487
v 0.001729 -0.020198 0.036503
v 0.001729 -0.020240 0.037027
v 0.000881 -0.011706 0.035664
v 0.001728 -0.011919 0.035596
v 0.001731 -0.011519 0.035710
v 0.001254 -0.011124 0.035830
v 0.001730 -0.010189 0.036072
v 0.001294 -0.009447 0.036315
v 0.001729 -0.010895 0.035881
v 0.001733 -0.009900 0.036153
v 0.000619 -0.008002 0.037030
v 0.000695 -0.008559 0.036695
v 0.001210 -0.008951 0.036506
v 0.001319 -0.007949 0.037079
v 0.001730 -0.008630 0.036628
v 0.001729 -0.008282 0.036825
v 0.001728 -0.007978 0.037044
v 0.001728 -0.009179 0.036389
v 0.000704 -0.019656 0.033996
v 0.001006 -0.019571 0.033860
v 0.000977 -0.018440 0.033738
v 0.001727 -0.019999 0.035303
v 0.001132 -0.019456 0.033752
v 0.001727 -0.019898 0.034765
v 0.001726 -0.019764 0.034165
v 0.001726 -0.019679 0.033958
v 0.001724 -0.019312 0.033654
v 0.001724 -0.019557 0.033775
v 0.001726 -0.018551 0.033693
v 0.000556 -0.017978 0.033844
v 0.001007 -0.016548 0.034289
v 0.001298 -0.017905 0.033875
v 0.001726 -0.016358 0.034340
v 0.001727 -0.018041 0.033821
v 0.000766 -0.015518 0.034580
v 0.001329 -0.015319 0.034646
v 0.001727 -0.015864 0.034485
v 0.001277 -0.012994 0.035284
v 0.001726 -0.013847 0.035040
v 0.001733 -0.013068 0.035260
v 0.001728 -0.014688 0.034809
v 0.001727 -0.012660 0.035379
v 0.001201 -0.019189 0.033666
v 0.001170 -0.019008 0.033656
v 0.001206 -0.018678 0.033687
v 0.001727 -0.018943 0.033633
v -0.002864 -0.002576 0.042238
v -0.002931 -0.002273 0.042508
v -0.002801 -0.002354 0.042196
v -0.002853 -0.002150 0.042381
v -0.002773 -0.002138 0.042253
v -0.002845 -0.001928 0.042429
v -0.002953 -0.001624 0.042671
v -0.002859 -0.001569 0.042498
v -0.003383 -0.001680 0.042588
v -0.003199 -0.001597 0.042292
v -0.003376 -0.002163 0.042478
v -0.003281 -0.002347 0.042192
v -0.003257 -0.002598 0.042015
v -0.007025 -0.002823 0.040455
v -0.006318 -0.003290 0.039553
v -0.006891 -0.002733 0.040256
v -0.006723 -0.003075 0.040037
v -0.006748 -0.002860 0.040112
v -0.006482 -0.003105 0.039774
v -0.006620 -0.002904 0.039994
v -0.006351 -0.003004 0.039723
v -0.006495 -0.002817 0.039937
v -0.007008 -0.002393 0.040452
v -0.006865 -0.002528 0.040258
v -0.007265 -0.001497 0.040926
v -0.007198 -0.001840 0.040800
v -0.007090 -0.002123 0.040619
v -0.006819 -0.001974 0.040412
v -0.006832 -0.002241 0.040325
v -0.006982 -0.002023 0.040479
v -0.007084 -0.001842 0.040640
v -0.006959 -0.001686 0.040568
v -0.007085 -0.001563 0.040689
v -0.006631 -0.002877 0.039371
v -0.006902 -0.003173 0.039647
v -0.007507 -0.001410 0.040790
v -0.007249 -0.001586 0.040603
v -0.007503 -0.001599 0.040850
v -0.007285 -0.001808 0.040680
v -0.007693 -0.001746 0.040924
v -0.007095 -0.001707 0.040416
v -0.007136 -0.001898 0.040477
v -0.006923 -0.002469 0.039986
v -0.007306 -0.002298 0.040457
v -0.007527 -0.001832 0.040830
v -0.006790 -0.002840 0.039673
v -0.007035 -0.002767 0.040010
v -0.007271 -0.002754 0.040254
v -0.011121 -0.002770 0.035674
v -0.011375 -0.002609 0.035888
v -0.011542 -0.002459 0.036032
v -0.011203 -0.002564 0.035749
v -0.011289 -0.002336 0.035848
v -0.011518 -0.002256 0.036013
v -0.011347 -0.002054 0.035980
v -0.011857 -0.001993 0.036338
v -0.011945 -0.001734 0.036452
v -0.011609 -0.001889 0.036156
v -0.011791 -0.001713 0.036311
v -0.011714 -0.001621 0.036305
v -0.011250 -0.002783 0.035278
v -0.011196 -0.002555 0.035316
v -0.011304 -0.002277 0.035491
v -0.011533 -0.002854 0.035519
v -0.011563 -0.002542 0.035663
v -0.011395 -0.002022 0.035595
v -0.011673 -0.001892 0.035827
v -0.011646 -0.002203 0.035815
v -0.012067 -0.001488 0.036139
v -0.012255 -0.001423 0.036296
v -0.011838 -0.001991 0.035979
v -0.011882 -0.002501 0.035949
v -0.012084 -0.001894 0.036187
v -0.012179 -0.002182 0.036230
v -0.015127 -0.001350 0.031485
v -0.014932 -0.001249 0.031392
v -0.014810 -0.001178 0.031391
v -0.014630 -0.002030 0.031069
v -0.014605 -0.001309 0.031207
v -0.014322 -0.001297 0.031137
v -0.014946 -0.001499 0.031302
v -0.014644 -0.001465 0.031146
v -0.014329 -0.001464 0.031004
v -0.014345 -0.001722 0.030920
v -0.014318 -0.002080 0.030888
v -0.014695 -0.001611 0.031125
v -0.014890 -0.001759 0.031220
vn -0.9479 -0.2517 0.1953
vn -0.8901 -0.2788 0.3606
vn -0.9260 -0.1485 0.3472
vn -0.9545 -0.2977 0.0191
vn -0.9027 -0.3889 0.1841
vn -0.9823 -0.1846 0.0331
vn -0.9686 -0.1304 0.2117
vn -0.9748 -0.0381 0.2199
vn -0.9563 0.0408 0.2894
vn -0.9880 0.0364 0.1500
vn -0.9962 -0.0660 0.0569
vn -0.9890 0.0802 0.1240
vn -0.9619 0.1822 0.2036
vn -0.9814 0.1779 0.0726
vn -0.9997 0.0120 -0.0215
vn -0.9249 -0.0382 0.3782
vn -0.9026 0.0507 0.4275
vn -0.9153 0.0773 0.3953
vn -0.9486 0.1328 0.2872
vn -0.9298 0.2481 0.2717
vn -0.9402 0.2937 0.1725
vn -0.9717 0.2356 0.0170
vn -0.9375 0.3288 0.1140
vn -0.8631 -0.2419 0.4433
vn -0.8549 -0.2487 0.4553
vn -0.8639 -0.2260 0.4501
vn -0.9018 -0.1734 0.3957
vn -0.8904 -0.1903 0.4135
vn -0.8842 -0.1918 0.4260
vn -0.8537 -0.2024 0.4798
vn -0.8757 -0.2197 0.4300
vn -0.9196 -0.1394 0.3674
vn -0.9052 -0.1584 0.3943
vn -0.9088 -0.1175 0.4004
vn -0.9211 0.0036 0.3893
vn -0.8922 0.0681 0.4464
vn -0.9186 0.0440 0.3927
vn -0.9329 -0.0312 0.3587
vn -0.9195 -0.0725 0.3863
vn -0.9330 -0.0821 0.3504
vn -0.9270 -0.1125 0.3577
vn -0.8918 -0.0276 0.4516
vn -0.8469 -0.1053 0.5212
vn -0.8638 -0.0191 0.5034
vn -0.8394 0.0403 0.5421
vn -0.8799 -0.1325 0.4564
vn -0.8957 0.1276 0.4260
vn -0.9066 0.0909 0.4122
vn -0.8647 0.2175 0.4528
vn -0.8906 0.1612 0.4254
vn -0.8477 0.2634 0.4604
vn -0.8627 0.1701 0.4762
vn -0.8386 0.2519 0.4830
vn -0.8157 0.3153 0.4850
vn -0.7726 0.3954 0.4967
vn -0.8101 0.3315 0.4836
vn -0.7553 0.4178 0.5049
vn -0.6946 0.4990 0.5183
vn -0.7325 0.4562 0.5054
vn -0.6575 0.5512 0.5136
vn -0.6896 0.5219 0.5020
vn -0.9270 -0.3231 -0.1906
vn -0.9383 -0.3014 -0.1693
vn -0.8670 -0.2978 -0.3996
vn -0.8840 -0.2911 -0.3657
vn -0.9530 -0.2042 -0.2240
vn -0.8944 -0.2030 -0.3986
vn -0.9938 0.1038 -0.0404
vn -0.9910 -0.0677 -0.1151
vn -0.9899 0.0212 -0.1401
vn -0.9453 -0.0826 -0.3156
vn -0.9584 -0.0237 -0.2844
vn -0.9770 0.0680 -0.2021
vn -0.9792 0.1495 -0.1375
vn -0.9817 0.1610 -0.1019
vn -0.9427 0.0050 -0.3336
vn -0.9521 0.0325 -0.3039
vn -0.9873 0.1073 -0.1170
vn -0.7922 -0.2798 -0.5424
vn -0.8304 -0.1741 -0.5293
vn -0.8653 -0.0533 -0.4984
vn -0.9079 -0.0364 -0.4176
vn -0.9616 0.0733 -0.2645
vn -0.8414 -0.0644 -0.5365
vn -0.8655 -0.0692 -0.4961
vn -0.8983 -0.0400 -0.4377
vn -0.9519 0.2993 0.0660
vn -0.9779 0.1993 -0.0627
vn -0.9667 0.2526 0.0416
vn -0.9689 0.1414 -0.2033
vn -0.5923 0.6078 0.5290
vn -0.6143 0.5966 0.5165
vn -0.7488 -0.1738 0.6397
vn -0.7465 -0.2144 0.6299
vn -0.7711 -0.2052 0.6028
vn -0.7536 -0.0419 0.6560
vn -0.7795 -0.0868 0.6204
vn -0.7848 -0.0272 0.6191
vn -0.7861 0.0398 0.6169
vn -0.7599 0.0459 0.6484
vn -0.7811 -0.1400 0.6085
vn -0.7619 0.1600 0.6276
vn -0.7751 0.1290 0.6185
vn -0.6216 -0.1562 0.7676
vn -0.6750 -0.2613 0.6900
vn -0.5645 -0.2587 0.7838
vn -0.3713 -0.1730 0.9123
vn -0.4559 -0.2711 0.8477
vn -0.3422 -0.3473 0.8731
vn -0.5027 -0.3638 0.7841
vn -0.3255 -0.4560 0.8284
vn -0.2336 -0.2522 0.9391
vn -0.1922 -0.3771 0.9060
vn -0.1841 -0.5235 0.8319
vn -0.6843 0.1161 0.7199
vn -0.5883 0.0166 0.8085
vn -0.6171 0.1273 0.7765
vn -0.7529 -0.0001 0.6582
vn -0.6879 -0.0292 0.7252
vn -0.5365 -0.1086 0.8369
vn -0.5305 0.1249 0.8384
vn -0.4380 -0.0494 0.8976
vn -0.4701 0.0207 0.8824
vn -0.4470 0.1058 0.8882
vn -0.2786 -0.1345 0.9509
vn -0.4002 0.0017 0.9164
vn -0.4948 0.1894 0.8481
vn -0.3924 0.1705 0.9038
vn -0.2621 -0.0139 0.9650
vn -0.3440 0.0896 0.9347
vn -0.6185 0.2008 0.7597
vn -0.5449 0.2145 0.8106
vn -0.6521 0.2423 0.7183
vn -0.5888 0.3126 0.7454
vn -0.4316 0.1942 0.8809
vn -0.4880 0.2493 0.8365
vn -0.4383 0.3661 0.8209
vn -0.4124 0.2100 0.8865
vn -0.3855 0.3072 0.8701
vn -0.5499 0.4526 0.7020
vn -0.3831 0.4994 0.7771
vn -0.3063 0.5154 0.8004
vn -0.7654 -0.2756 0.5815
vn -0.7714 -0.2364 0.5908
vn -0.7412 -0.2547 0.6211
vn -0.7816 -0.2770 0.5589
vn -0.7584 -0.2844 0.5865
vn -0.7620 -0.2615 0.5924
vn -0.7381 -0.2843 0.6119
vn -0.7369 -0.2858 0.6126
vn -0.8234 -0.2321 0.5178
vn -0.8315 -0.1784 0.5261
vn -0.7953 -0.2166 0.5662
vn -0.7530 -0.2355 0.6144
vn -0.7580 -0.2124 0.6167
vn -0.7988 -0.2525 0.5461
vn -0.7372 -0.2682 0.6201
vn -0.7477 -0.1839 0.6380
vn -0.7484 -0.2426 0.6172
vn -0.7919 -0.1566 0.5902
vn -0.8149 -0.0562 0.5768
vn -0.7946 0.1112 0.5969
vn -0.8385 0.1328 0.5284
vn -0.7811 -0.0998 0.6163
vn -0.7641 -0.0528 0.6429
vn -0.7922 0.0340 0.6093
vn -0.7493 -0.1324 0.6489
vn -0.7570 0.0198 0.6531
vn -0.7585 0.0871 0.6458
vn -0.7569 -0.1211 0.6422
vn -0.7853 0.1845 0.5910
vn -0.8142 0.2270 0.5343
vn -0.7688 0.3632 0.5264
vn -0.7195 0.4377 0.5392
vn -0.7701 0.3866 0.5075
vn -0.6682 0.5293 0.5229
vn -0.7188 0.4677 0.5144
vn -0.7688 0.2798 0.5750
vn -0.7539 0.2496 0.6078
vn -0.7361 0.3628 0.5715
vn -0.7264 0.4144 0.5484
vn -0.6724 0.5418 0.5044
vn -0.6403 0.5625 0.5231
vn -0.7677 0.2249 0.6001
vn -0.7442 0.3283 0.5816
vn -0.7088 0.4827 0.5145
vn -0.6626 0.5871 0.4649
vn -0.6276 0.5983 0.4981
vn -0.7736 -0.6132 0.1597
vn -0.6141 -0.7637 0.1993
vn -0.7893 -0.5231 0.3216
vn -0.8415 -0.5356 0.0704
vn -0.8323 -0.5148 0.2057
vn -0.8927 -0.4506 0.0071
vn -0.8467 -0.4888 0.2102
vn -0.7866 -0.6141 0.0646
vn -0.7367 -0.5206 0.4315
vn -0.6586 -0.6236 0.4211
vn -0.7950 -0.5159 0.3190
vn -0.9183 -0.3258 0.2250
vn -0.8715 -0.3461 0.3473
vn -0.5398 -0.6347 0.5530
vn -0.6449 -0.6079 0.4632
vn -0.6294 -0.5492 0.5497
vn -0.7236 -0.5240 0.4493
vn -0.9012 -0.1503 0.4065
vn -0.7807 -0.2163 0.5863
vn -0.8342 -0.3255 0.4452
vn -0.6456 0.5444 0.5356
vn -0.8068 0.2723 0.5243
vn -0.7636 0.3874 0.5165
vn -0.8910 0.1204 0.4378
vn -0.9380 -0.2193 0.2685
vn -0.5326 -0.5715 0.6242
vn -0.4099 -0.6103 0.6778
vn -0.6555 -0.3739 0.6562
vn -0.7430 0.2029 0.6378
vn -0.4082 -0.5721 0.7114
vn -0.6838 0.2660 0.6794
vn -0.6766 -0.1881 0.7120
vn -0.5534 -0.3778 0.7423
vn -0.1672 -0.6285 0.7596
vn -0.3349 -0.5271 0.7810
vn -0.2901 -0.5907 0.7530
vn -0.4085 -0.4228 0.8089
vn -0.5030 -0.2943 0.8127
vn -0.6616 0.3709 0.6517
vn -0.5715 -0.0550 0.8187
vn -0.8692 -0.1627 0.4669
vn -0.7841 -0.2165 0.5816
vn -0.7951 -0.0938 0.5992
vn -0.8268 -0.2881 0.4831
vn -0.9037 -0.3283 0.2749
vn -0.8150 -0.4230 0.3960
vn -0.8532 -0.4222 0.3063
vn -0.9228 -0.3833 -0.0378
vn -0.9174 -0.3904 0.0774
vn -0.7122 -0.1608 0.6833
vn -0.7183 -0.3361 0.6092
vn -0.7289 -0.4435 0.5215
vn -0.7963 -0.3534 0.4910
vn -0.6200 -0.4182 0.6639
vn -0.4564 -0.4778 0.7506
vn -0.5424 -0.5382 0.6451
vn -0.8622 -0.0342 0.5054
vn -0.8272 0.0303 0.5611
vn -0.8392 0.0821 0.5376
vn -0.8079 0.1698 0.5643
vn -0.8957 0.1769 0.4079
vn -0.7407 0.1137 0.6622
vn -0.8903 0.2623 0.3722
vn -0.8944 0.3040 0.3281
vn -0.9207 0.3264 0.2138
vn -0.8995 0.3619 0.2448
vn -0.9138 0.3734 0.1598
vn -0.9380 0.3377 0.0782
vn -0.9193 0.3756 0.1173
vn -0.6991 0.2289 0.6774
vn -0.8433 0.2704 0.4645
vn -0.7718 0.3028 0.5592
vn -0.8530 0.3491 0.3878
vn -0.6979 0.2958 0.6523
vn -0.8183 0.4021 0.4107
vn -0.8725 0.4205 0.2488
vn -0.8870 0.4276 0.1746
vn -0.7397 0.4867 0.4647
vn -0.8273 0.4823 0.2880
vn -0.8444 0.5124 0.1564
vn -0.7462 0.6090 0.2688
vn -0.7302 0.6757 0.1008
vn -0.7119 0.6816 0.1690
vn -0.5876 0.8063 0.0684
vn -0.4388 0.8959 -0.0690
vn -0.7118 0.3929 0.5823
vn -0.5858 0.5413 0.6032
vn -0.6540 0.6320 0.4157
vn -0.5577 0.7939 0.2423
vn -0.5569 0.8244 0.1010
vn -0.5429 0.8398 -0.0019
vn -0.2647 0.9335 -0.2419
vn -0.3868 0.5893 0.7093
vn -0.4052 0.7371 0.5409
vn -0.4377 0.8895 -0.1314
vn -0.2163 0.9490 -0.2295
vn 0.0134 0.8587 -0.5123
vn -0.2262 0.6387 0.7354
vn -0.0800 0.7574 0.6481
vn -0.1555 0.8119 0.5626
vn -0.2775 0.8930 0.3544
vn -0.3960 0.9157 0.0682
vn -0.2015 0.9556 -0.2149
vn -0.1397 0.8261 -0.5459
vn -0.7763 -0.3028 0.5529
vn -0.7606 -0.3683 0.5346
vn -0.7643 -0.2867 0.5776
vn -0.7262 -0.5236 0.4455
vn -0.6503 -0.5501 0.5239
vn -0.7330 -0.4019 0.5488
vn -0.7541 -0.4695 0.4593
vn -0.7158 -0.3861 0.5819
vn -0.7339 -0.3005 0.6091
vn -0.5765 -0.7405 0.3454
vn -0.5900 -0.6979 0.4059
vn -0.4187 -0.9002 0.1199
vn -0.6632 -0.6916 0.2861
vn -0.7911 -0.2142 0.5730
vn -0.7785 -0.2388 0.5805
vn -0.7894 -0.2004 0.5802
vn -0.8079 -0.1644 0.5660
vn -0.8009 -0.1863 0.5691
vn -0.7825 -0.2528 0.5690
vn -0.7534 -0.2458 0.6099
vn -0.7676 -0.2021 0.6082
vn -0.8430 -0.2271 0.4877
vn -0.8194 -0.2199 0.5294
vn -0.8323 -0.2528 0.4933
vn -0.8147 -0.2674 0.5146
vn -0.8230 -0.1418 0.5501
vn -0.8234 -0.1794 0.5383
vn -0.7996 -0.2215 0.5581
vn -0.7945 -0.2696 0.5442
vn -0.7516 -0.1944 0.6303
vn -0.7530 -0.2136 0.6223
vn -0.7803 -0.1968 0.5937
vn -0.8389 -0.2606 0.4777
vn -0.8536 -0.2373 0.4637
vn -0.8632 -0.2433 0.4423
vn -0.8112 -0.2689 0.5193
vn -0.8383 -0.2452 0.4870
vn -0.8018 0.3019 0.5158
vn -0.6736 0.5299 0.5153
vn -0.7130 0.4770 0.5139
vn -0.5624 0.6357 0.5287
vn -0.6009 0.6005 0.5276
vn -0.5055 0.6893 0.5189
vn -0.4890 0.6945 0.5278
vn -0.9509 -0.2975 0.0858
vn -0.8671 -0.4789 -0.1368
vn -0.8207 -0.5663 -0.0752
vn -0.9497 -0.2920 -0.1129
vn -0.8642 -0.4424 -0.2396
vn -0.8270 0.4172 0.3769
vn -0.7634 0.5588 0.3238
vn -0.9748 -0.1897 -0.1178
vn -0.9663 -0.2568 -0.0149
vn -0.9475 -0.2431 -0.2079
vn -0.9859 -0.0942 -0.1381
vn -0.9364 -0.1582 -0.3133
vn -0.4774 0.7289 0.4907
vn -0.4011 0.7771 0.4850
vn -0.6920 0.5556 0.4610
vn -0.8810 0.3017 0.3644
vn -0.8756 0.2202 0.4299
vn -0.9665 -0.0634 0.2489
vn -0.9597 -0.2612 0.1037
vn -0.9590 0.1218 0.2558
vn -0.9862 -0.1468 0.0771
vn -0.9935 0.0601 0.0971
vn -0.9806 0.1800 0.0771
vn -0.8176 0.4393 0.3722
vn -0.9208 0.3786 0.0940
vn -0.9006 0.0168 -0.4343
vn -0.8985 -0.1186 -0.4226
vn -0.5927 0.7361 0.3269
vn -0.8612 0.4165 -0.2913
vn -0.8688 -0.0536 -0.4923
vn -0.8255 -0.0652 -0.5606
vn -0.6782 0.7252 0.1186
vn -0.9219 -0.3463 -0.1738
vn -0.8504 -0.4381 -0.2915
vn -0.8913 -0.3208 -0.3205
vn -0.8721 -0.3093 -0.3792
vn -0.8324 -0.3108 -0.4589
vn -0.7993 -0.2763 -0.5337
vn -0.7843 -0.2216 -0.5794
vn -0.7823 -0.2459 -0.5723
vn -0.7321 -0.2162 -0.6460
vn -0.8650 -0.1272 -0.4854
vn -0.7496 -0.0997 -0.6543
vn -0.6584 -0.1885 -0.7286
vn -0.7213 -0.2242 -0.6553
vn -0.6691 -0.1718 -0.7230
vn -0.6189 -0.1852 -0.7633
vn -0.6968 -0.0476 -0.7157
vn -0.6001 -0.1783 -0.7798
vn -0.7302 0.1243 -0.6718
vn -0.7271 -0.0520 -0.6845
vn -0.5769 -0.2092 -0.7896
vn -0.7486 -0.1609 -0.6433
vn -0.7929 -0.1040 -0.6004
vn -0.8124 -0.0471 -0.5812
vn -0.6528 -0.1562 -0.7413
vn -0.7499 -0.1174 -0.6511
vn -0.7452 -0.1550 -0.6486
vn -0.6603 -0.1837 -0.7282
vn -0.6081 -0.1717 -0.7751
vn -0.6882 -0.2136 -0.6934
vn -0.9540 0.2825 -0.1003
vn -0.9462 0.3224 0.0271
vn -0.8817 0.0659 -0.4673
vn -0.9301 0.1832 -0.3185
vn -0.8576 0.1537 -0.4908
vn -0.7948 0.0616 -0.6037
vn -0.8829 0.4385 -0.1679
vn -0.9205 0.3908 -0.0032
vn -0.9005 0.2627 -0.3464
vn -0.7775 0.4027 -0.4831
vn -0.8042 0.4836 -0.3454
vn -0.7867 0.2160 -0.5782
vn -0.7798 0.3032 -0.5477
vn -0.6243 0.4780 -0.6178
vn -0.5254 0.5940 -0.6092
vn -0.2613 0.6364 -0.7257
vn -0.1053 0.7016 -0.7048
vn 0.2213 0.7230 -0.6545
vn 0.2205 0.6614 -0.7169
vn 0.2278 0.6615 -0.7145
vn -0.9106 0.4071 0.0720
vn -0.8223 0.5682 -0.0302
vn -0.8772 0.4737 0.0783
vn -0.8537 0.5046 -0.1287
vn -0.6894 0.6922 -0.2138
vn -0.7272 0.6018 -0.3302
vn -0.5728 0.6435 -0.5077
vn -0.4396 0.6575 -0.6118
vn -0.7891 0.6132 0.0360
vn -0.4509 0.8076 -0.3800
vn -0.6285 0.7677 -0.1248
vn -0.3765 0.7292 -0.5714
vn -0.1962 0.7240 -0.6613
vn -0.6288 0.7735 -0.0797
vn -0.2600 0.9302 -0.2592
vn -0.1970 0.9211 -0.3359
vn -0.1239 0.8663 -0.4839
vn -0.0198 0.6646 -0.7469
vn 0.0667 0.5611 -0.8251
vn 0.0101 0.9350 -0.3545
vn 0.1940 0.9064 -0.3752
vn 0.1363 0.8511 -0.5069
vn 0.2566 0.8427 -0.4733
vn 0.3735 0.8269 -0.4203
vn 0.3644 0.8490 -0.3825
vn 0.1027 0.7001 -0.7066
vn 0.2421 0.7824 -0.5738
vn -0.0069 0.5600 -0.8285
vn 0.3507 0.7370 -0.5777
vn 0.1305 0.7447 -0.6545
vn 0.3236 0.8222 -0.4683
vn 0.3684 0.8336 -0.4115
vn 0.4863 0.8090 -0.3301
vn 0.1153 0.6832 -0.7211
vn 0.2948 0.7732 -0.5615
vn -0.0348 0.5534 -0.8322
vn 0.0573 0.5557 -0.8294
vn -0.0516 0.4909 -0.8697
vn -0.7700 -0.3209 0.5515
vn -0.7478 -0.4470 0.4909
vn -0.7465 -0.4043 0.5285
vn -0.6183 -0.6670 0.4157
vn -0.6771 -0.5463 0.4931
vn -0.6829 -0.6448 0.3434
vn -0.5285 -0.8087 0.2581
vn -0.6263 -0.7076 0.3271
vn -0.2512 -0.9598 0.1248
vn -0.4082 -0.8936 0.1868
vn -0.4917 -0.8239 0.2820
vn -0.5511 -0.8104 0.1987
vn -0.3444 -0.9368 0.0612
vn -0.4822 -0.8609 0.1624
vn -0.1201 -0.9920 -0.0383
vn -0.2675 -0.9634 -0.0165
vn -0.1324 -0.9889 -0.0680
vn -0.8092 -0.1752 0.5607
vn -0.8069 -0.1657 0.5669
vn -0.8466 -0.1960 0.4948
vn -0.8374 -0.1458 0.5267
vn -0.9074 -0.2313 0.3510
vn -0.4537 0.7331 0.5068
vn -0.3521 0.7897 0.5025
vn -0.4171 0.7568 0.5032
vn -0.3966 0.7848 0.4762
vn -0.2529 0.8123 0.5255
vn -0.6503 0.7596 -0.0109
vn -0.2214 0.8621 0.4559
vn -0.1644 0.8576 0.4874
vn -0.6596 0.7116 -0.2417
vn -0.4503 0.8896 0.0767
vn -0.6510 0.3807 -0.6567
vn -0.1238 0.8724 0.4729
vn -0.4424 0.8579 0.2612
vn -0.6513 0.6345 -0.4162
vn -0.6008 -0.0404 -0.7984
vn -0.5467 0.0594 -0.8352
vn -0.5585 -0.0400 -0.8285
vn -0.5640 0.0414 -0.8248
vn -0.5586 -0.2153 -0.8010
vn -0.5412 -0.1884 -0.8195
vn -0.6955 0.2516 -0.6730
vn -0.3095 0.9329 0.1841
vn -0.0876 0.8557 0.5100
vn -0.0666 0.8800 0.4703
vn -0.5570 -0.0862 -0.8260
vn -0.4976 -0.2155 -0.8402
vn -0.1460 0.9066 0.3960
vn -0.4989 0.7330 -0.4624
vn -0.6048 -0.1784 -0.7761
vn -0.6556 -0.2276 -0.7200
vn -0.5996 -0.2801 -0.7497
vn -0.6709 -0.2760 -0.6883
vn -0.5707 -0.3050 -0.7624
vn -0.5484 -0.1683 -0.8191
vn -0.6701 -0.1155 -0.7332
vn -0.5745 -0.1947 -0.7950
vn -0.5374 -0.2102 -0.8167
vn -0.6174 -0.2202 -0.7552
vn -0.5421 -0.1938 -0.8177
vn -0.4805 -0.2169 -0.8498
vn -0.4870 -0.1898 -0.8525
vn -0.4869 -0.2103 -0.8478
vn -0.4752 -0.1967 -0.8576
vn -0.7379 -0.0508 -0.6730
vn -0.6957 0.0194 -0.7181
vn -0.7472 0.1415 -0.6494
vn -0.5993 0.3844 -0.7022
vn 0.1026 0.7612 -0.6403
vn 0.3408 0.7827 -0.5208
vn 0.1791 0.7085 -0.6826
vn 0.1594 0.8666 -0.4729
vn 0.3213 0.8722 -0.3688
vn 0.1013 0.9201 -0.3782
vn -0.7800 -0.1881 0.5968
vn -0.7600 -0.2543 0.5981
vn -0.7533 -0.2074 0.6241
vn -0.7209 -0.2748 0.6362
vn -0.7257 -0.2358 0.6464
vn -0.7500 -0.2903 0.5942
vn -0.8152 0.0067 0.5792
vn -0.8114 -0.0759 0.5796
vn -0.8019 -0.0632 0.5940
vn -0.8046 -0.1539 0.5736
vn -0.7884 -0.1141 0.6045
vn -0.8164 -0.0029 0.5775
vn -0.8367 0.0289 0.5469
vn -0.8218 0.0673 0.5658
vn -0.8015 -0.0794 0.5926
vn -0.8319 -0.0168 0.5547
vn -0.8175 0.2379 0.5245
vn -0.7994 0.1666 0.5772
vn -0.8176 0.1566 0.5540
vn -0.8116 0.3294 0.4824
vn -0.7735 0.3544 0.5255
vn -0.7526 0.4495 0.4812
vn -0.7097 0.4770 0.5185
vn -0.8251 0.1098 0.5542
vn -0.8397 0.1431 0.5238
vn -0.8331 0.2368 0.4999
vn -0.7983 0.3973 0.4527
vn -0.8552 0.3540 0.3786
vn -0.8730 0.3716 0.3158
vn -0.7227 0.5089 0.4677
vn -0.9457 -0.2377 0.2219
vn -0.8675 -0.3411 0.3620
vn -0.8968 -0.1850 0.4020
vn -0.9013 -0.0542 0.4298
vn -0.9613 -0.0858 0.2620
vn -0.9692 -0.2372 0.0658
vn -0.9862 -0.1159 0.1182
vn -0.9691 -0.2300 -0.0896
vn -0.9533 -0.2854 0.0990
vn -0.9847 -0.1580 -0.0733
vn -0.9932 -0.1164 0.0004
vn -0.9736 -0.1864 0.1317
vn -0.9834 -0.1810 -0.0161
vn -0.9414 -0.2328 -0.2440
vn -0.9513 -0.1989 -0.2356
vn -0.9624 -0.1025 -0.2515
vn -0.8407 0.4514 0.2990
vn -0.6355 0.5852 0.5036
vn -0.9798 -0.0417 0.1956
vn -0.9378 -0.0397 0.3449
vn -0.9514 -0.0285 0.3067
vn -0.9968 -0.0600 0.0519
vn -0.9957 -0.0076 0.0925
vn -0.9939 -0.0792 -0.0765
vn -0.9979 -0.0090 -0.0647
vn -0.9672 -0.0918 -0.2370
vn -0.9875 0.0310 -0.1543
vn -0.9113 -0.0758 -0.4046
vn -0.9632 -0.0137 -0.2684
vn -0.9038 -0.0248 0.4272
vn -0.8841 -0.0353 0.4659
vn -0.8363 -0.0183 0.5480
vn -0.9197 -0.1827 -0.3475
vn -0.9233 -0.1598 -0.3493
vn -0.8747 -0.1249 -0.4682
vn -0.8768 -0.1648 -0.4518
vn -0.7850 -0.1704 -0.5956
vn -0.8064 -0.1184 -0.5794
vn -0.8287 -0.0681 -0.5555
vn -0.9753 0.0260 0.2192
vn -0.9253 0.0485 0.3761
vn -0.9312 0.1456 0.3340
vn -0.9769 0.1476 0.1548
vn -0.9924 0.0664 0.1035
vn -0.9943 0.1044 -0.0215
vn -0.9666 0.0799 -0.2433
vn -0.9823 0.1439 -0.1202
vn -0.8517 0.0908 0.5161
vn -0.8654 0.2672 0.4239
vn -0.9277 0.2350 0.2900
vn -0.8908 0.2809 0.3572
vn -0.9788 0.1930 0.0679
vn -0.9549 0.2210 0.1982
vn -0.9787 0.2025 0.0338
vn -0.8783 -0.0411 -0.4763
vn -0.9335 -0.0014 -0.3586
vn -0.9447 0.0808 -0.3178
vn -0.9600 0.1011 -0.2612
vn -0.9420 0.2599 0.2126
vn -0.9563 0.2671 0.1188
vn -0.9836 0.1802 -0.0077
vn -0.9829 0.1431 -0.1155
vn -0.7454 -0.2561 0.6155
vn -0.7423 -0.2497 0.6218
vn -0.7512 -0.2802 0.5976
vn -0.7538 -0.2880 0.5906
vn -0.7412 -0.2890 0.6058
vn -0.7582 -0.2844 0.5867
vn -0.7700 -0.2848 0.5710
vn -0.7907 -0.2232 0.5701
vn -0.7986 -0.1765 0.5754
vn -0.7379 -0.2611 0.6224
vn -0.7738 -0.2543 0.5801
vn -0.7771 -0.2639 0.5714
vn -0.7921 -0.2222 0.5685
vn -0.8042 -0.1230 0.5815
vn -0.8123 -0.0486 0.5812
vn -0.8075 0.0158 0.5897
vn -0.8074 0.0838 0.5840
vn -0.7744 0.3040 0.5548
vn -0.7836 0.2422 0.5721
vn -0.7602 0.3653 0.5373
vn -0.7327 0.4374 0.5214
vn -0.6952 0.5288 0.4869
vn -0.7066 0.5129 0.4875
vn -0.8153 0.0829 0.5731
vn -0.6735 0.5924 0.4421
vn -0.6321 0.6458 0.4283
vn -0.6453 0.6607 0.3835
vn -0.6338 0.6956 0.3382
vn -0.6022 0.7296 0.3241
vn -0.5893 0.7652 0.2593
vn -0.5714 0.7368 0.3615
vn -0.5550 0.7886 0.2647
vn -0.5392 0.8271 0.1585
vn -0.5382 0.6974 0.4733
vn -0.6422 0.6275 0.4402
vn -0.4827 0.7507 0.4510
vn -0.4199 0.8171 0.3949
vn -0.0571 -0.1932 0.9795
vn -0.0723 -0.3546 0.9322
vn -0.0695 -0.4931 0.8672
vn -0.0127 -0.6010 0.7992
vn 0.1763 -0.3533 0.9187
vn 0.1014 -0.1993 0.9747
vn 0.0601 -0.3392 0.9388
vn 0.1986 -0.5074 0.8385
vn 0.0747 -0.4796 0.8743
vn 0.2773 -0.3253 0.9040
vn 0.2176 -0.1917 0.9570
vn 0.3320 -0.4035 0.8526
vn 0.3487 -0.4775 0.8065
vn 0.3982 -0.3192 0.8600
vn 0.3659 -0.2613 0.8932
vn 0.4438 -0.3842 0.8096
vn 0.5539 -0.3629 0.7493
vn 0.5296 -0.3112 0.7891
vn 0.6431 -0.3543 0.6789
vn 0.5966 -0.3466 0.7238
vn 0.6623 -0.3548 0.6599
vn 0.6585 -0.3724 0.6540
vn -0.1585 -0.1271 0.9791
vn -0.1861 0.0143 0.9824
vn -0.2633 0.0790 0.9615
vn -0.0288 -0.1030 0.9943
vn -0.0882 -0.0656 0.9939
vn -0.1621 -0.0525 0.9854
vn 0.0965 -0.1645 0.9816
vn 0.0171 -0.1064 0.9942
vn 0.2543 -0.2120 0.9436
vn 0.1086 -0.1825 0.9772
vn -0.0537 -0.1593 0.9858
vn 0.2330 -0.2687 0.9346
vn 0.0986 -0.1879 0.9772
vn 0.3861 -0.2716 0.8816
vn 0.4884 -0.3000 0.8194
vn 0.3429 -0.3128 0.8858
vn 0.2678 -0.2170 0.9387
vn -0.9004 0.0331 -0.4339
vn 0.3931 -0.3390 0.8547
vn 0.4408 -0.2187 0.8705
vn 0.4641 -0.3532 0.8123
vn 0.5463 -0.3729 0.7500
vn -0.3358 0.1140 0.9350
vn -0.3754 0.2216 0.9000
vn -0.4155 0.2197 0.8827
vn -0.4121 0.1925 0.8905
vn -0.3843 0.1895 0.9035
vn -0.3535 0.1103 0.9289
vn -0.4141 0.2026 0.8874
vn -0.4298 0.2051 0.8793
vn -0.3701 0.3424 0.8636
vn -0.4602 0.2121 0.8621
vn -0.3651 0.1722 0.9149
vn -0.3438 0.2823 0.8956
vn -0.2420 -0.0094 0.9702
vn -0.1387 -0.0075 0.9903
vn -0.2231 0.0979 0.9699
vn -0.1231 0.3538 0.9272
vn 0.0515 0.0874 0.9948
vn -0.1108 0.2126 0.9708
vn 0.2074 0.2269 0.9516
vn 0.2542 0.3514 0.9011
vn 0.3730 0.5466 0.7497
vn 0.1770 -0.0800 0.9809
vn 0.4820 -0.0380 0.8753
vn 0.4565 0.1997 0.8670
vn 0.2808 0.0398 0.9589
vn 0.5625 0.3949 0.7264
vn 0.5820 0.5979 0.5512
vn 0.6288 0.7091 0.3190
vn -0.3428 0.4507 0.8242
vn -0.2236 0.5896 0.7761
vn -0.0543 0.7321 0.6790
vn -0.2074 0.5845 0.7844
vn -0.2286 0.5058 0.8318
vn -0.0599 0.7136 0.6980
vn 0.3036 0.8234 0.4795
vn -0.0353 0.7146 0.6986
vn 0.3455 0.8277 0.4422
vn 0.5984 0.7908 0.1284
vn 0.0910 0.5073 0.8570
vn 0.2205 0.7246 0.6529
vn 0.3267 0.8532 0.4066
vn 0.5231 0.8514 0.0388
vn 0.6589 0.7279 -0.1897
vn 0.5857 0.7932 -0.1668
vn 0.4680 0.6791 0.5656
vn 0.5466 0.8092 0.2154
vn 0.6484 0.7595 -0.0513
vn 0.5119 0.8343 -0.2047
vn 0.5193 0.8251 -0.2224
vn -0.6249 -0.5436 0.5604
vn -0.5944 -0.5975 0.5383
vn -0.6408 -0.4791 0.5998
vn -0.6530 -0.3941 0.6468
vn -0.6781 -0.3951 0.6198
vn -0.4894 -0.7833 0.3832
vn -0.5502 -0.7112 0.4375
vn -0.5528 -0.6419 0.5314
vn -0.5974 -0.5415 0.5915
vn -0.4429 -0.8334 0.3305
vn -0.3465 -0.9155 0.2044
vn -0.7081 -0.3036 0.6375
vn -0.7391 -0.2058 0.6414
vn -0.7136 -0.2454 0.6562
vn -0.7327 -0.2176 0.6448
vn -0.6909 -0.2984 0.6585
vn -0.6832 -0.3389 0.6468
vn -0.7098 -0.2568 0.6559
vn -0.7404 -0.2199 0.6352
vn -0.7332 -0.2793 0.6200
vn -0.1547 -0.5442 0.8246
vn -0.3533 -0.3269 0.8765
vn -0.6333 0.5796 0.5129
vn -0.5119 0.3680 0.7762
vn -0.5565 0.0833 0.8267
vn -0.0513 -0.5227 0.8510
vn -0.5868 0.6667 0.4595
vn -0.5032 0.6281 0.5935
vn -0.2237 -0.3255 0.9187
vn -0.3181 0.0678 0.9456
vn -0.3630 -0.0908 0.9274
vn -0.5460 0.8105 0.2123
vn -0.2742 0.1852 0.9437
vn -0.0726 -0.2454 0.9667
vn 0.1124 -0.4649 0.8782
vn 0.2113 -0.3404 0.9162
vn 0.3472 -0.4260 0.8355
vn -0.4707 0.8190 0.3280
vn -0.3721 0.5980 0.7099
vn -0.0415 0.0006 0.9991
vn 0.1188 -0.2869 0.9506
vn -0.0541 0.2864 0.9566
vn -0.5752 0.7801 0.2460
vn 0.3277 -0.2909 0.8989
vn -0.4659 0.8794 0.0975
vn -0.2543 0.6882 0.6795
vn 0.1215 0.1611 0.9794
vn 0.4704 -0.1662 0.8667
vn 0.4484 -0.2495 0.8583
vn 0.5799 -0.2771 0.7661
vn 0.2246 0.4662 0.8557
vn -0.3597 0.8531 0.3780
vn 0.5367 0.0012 0.8438
vn 0.6862 -0.1873 0.7029
vn -0.4237 0.8924 0.1553
vn -0.0249 0.8069 0.5902
vn -0.5467 0.8372 0.0177
vn 0.4555 0.4004 0.7951
vn 0.7592 -0.1011 0.6430
vn 0.5156 -0.3754 0.7702
vn 0.4574 -0.4360 0.7750
vn 0.5642 -0.3927 0.7263
vn 0.6817 -0.3559 0.6393
vn 0.6735 -0.4186 0.6092
vn 0.7902 -0.2224 0.5711
vn 0.7389 -0.3948 0.5461
vn 0.6430 0.7625 -0.0720
vn 0.7932 0.6071 0.0475
vn 0.6796 0.7270 -0.0980
vn 0.1040 0.8434 0.5271
vn 0.1708 0.8102 0.5607
vn -0.0477 0.9858 0.1610
vn -0.0491 0.7321 -0.6794
vn 0.1348 0.8327 0.5371
vn 0.2536 0.8627 0.4376
vn 0.4059 0.7615 0.5053
vn 0.3290 0.8071 0.4903
vn 0.3584 0.9059 0.2256
vn 0.2467 0.9315 -0.2674
vn -0.0447 0.8145 -0.5785
vn 0.0392 0.8281 -0.5592
vn -0.0995 0.7391 -0.6663
vn 0.4006 0.8631 0.3075
vn 0.5181 0.8278 0.2152
vn 0.5817 0.7094 0.3980
vn 0.5776 0.7613 0.2945
vn 0.4555 0.8812 -0.1269
vn 0.2372 0.8633 -0.4455
vn 0.5447 0.8202 0.1745
vn 0.6690 0.7292 0.1443
vn 0.6875 0.7239 0.0578
vn 0.6549 0.6857 0.3177
vn 0.6185 0.7359 0.2755
vn 0.6203 0.7362 0.2708
vn 0.5914 0.7163 0.3704
vn 0.6119 0.7810 0.1246
vn 0.5304 0.8272 -0.1855
vn 0.3583 0.7723 -0.5246
vn 0.7204 0.6921 -0.0441
vn 0.7036 0.7103 0.0207
vn 0.6819 0.6442 0.3463
vn 0.6989 0.6853 0.2048
vn 0.5673 0.7431 -0.3549
vn 0.6778 0.7350 -0.0184
vn 0.6613 0.7497 0.0250
vn 0.6837 0.7021 0.1991
vn 0.7161 0.6340 0.2921
vn 0.7311 0.6176 0.2901
vn 0.7309 0.6779 0.0791
vn 0.6650 0.6904 -0.2848
vn 0.7346 0.6096 0.2980
vn 0.7413 0.6517 0.1603
vn 0.6687 0.6631 0.3363
vn 0.6728 0.7352 0.0830
vn 0.6462 0.7037 -0.2955
vn 0.8090 0.5238 0.2667
vn 0.7503 0.4829 0.4515
vn 0.6563 0.6587 0.3680
vn -0.3452 -0.9251 0.1584
vn -0.6938 -0.3614 0.6229
vn -0.5931 -0.5713 0.5673
vn -0.5669 -0.6617 0.4907
vn -0.4250 -0.8296 0.3620
vn -0.4159 -0.8651 0.2806
vn -0.1755 -0.9792 0.1020
vn -0.6406 -0.4851 0.5953
vn -0.4452 -0.7607 0.4724
vn -0.2250 -0.9571 0.1826
vn -0.5477 -0.6488 0.5283
vn -0.4223 -0.8250 0.3756
vn -0.4883 -0.7410 0.4610
vn -0.2516 -0.9415 0.2240
vn -0.0793 -0.9968 -0.0104
vn -0.1692 -0.9855 0.0130
vn -0.3517 -0.8838 0.3085
vn -0.2578 -0.9390 0.2274
vn -0.1415 -0.9886 0.0508
vn -0.0314 -0.9946 -0.0985
vn -0.0429 -0.9937 -0.1038
vn -0.3371 -0.9230 0.1855
vn -0.1934 -0.9763 0.0971
vn -0.2155 -0.9733 0.0786
vn -0.0919 -0.9950 -0.0399
vn 0.1774 0.7322 -0.6576
vn 0.0976 0.4825 -0.8704
vn 0.4862 0.6405 -0.5945
vn 0.3684 0.5201 -0.7706
vn 0.3058 0.7762 -0.5514
vn 0.5563 0.7487 -0.3606
vn 0.0010 0.7382 -0.6746
vn 0.4959 0.6682 -0.5546
vn 0.5762 0.7136 -0.3985
vn 0.5486 0.7027 -0.4531
vn 0.5327 0.5407 -0.6511
vn 0.1990 0.5550 -0.8077
vn 0.0136 0.7343 -0.6787
vn -0.0801 0.6307 -0.7719
vn 0.2779 0.5663 -0.7760
vn 0.1507 0.6955 -0.7026
vn 0.4136 0.6708 -0.6156
vn 0.0351 0.6100 -0.7916
vn 0.1740 0.6806 -0.7117
vn 0.3843 0.6570 -0.6486
vn 0.2207 0.8358 -0.5028
vn -0.0496 0.6303 -0.7748
vn -0.1889 0.9110 -0.3666
vn 0.5091 0.6973 -0.5045
vn 0.2929 0.6820 -0.6701
vn 0.3528 0.7541 -0.5540
vn -0.0053 0.7073 -0.7069
vn -0.2253 0.7662 -0.6018
vn -0.5610 0.8243 -0.0762
vn 0.2922 0.8357 -0.4651
vn 0.2157 0.8477 -0.4846
vn 0.1631 0.8490 -0.5025
vn 0.0966 0.8174 -0.5680
vn -0.2816 0.8649 -0.4156
vn -0.5202 0.8371 -0.1695
vn 0.4989 0.7964 -0.3418
vn 0.4196 0.7808 -0.4629
vn 0.1351 0.6514 -0.7466
vn 0.1612 0.7748 -0.6113
vn -0.0029 0.5918 -0.8061
vn 0.0100 0.7569 -0.6535
vn 0.1653 0.8352 -0.5246
vn 0.2482 0.8206 -0.5148
vn 0.4118 0.7695 -0.4881
vn 0.5819 0.6978 -0.4177
vn 0.3621 0.5564 -0.7479
vn 0.5124 0.7069 -0.4875
vn 0.6709 0.7347 -0.1007
vn 0.0055 0.5317 -0.8469
vn -0.0066 0.7390 -0.6737
vn -0.0648 0.8072 -0.5867
vn 0.0358 0.7569 -0.6525
vn 0.1784 0.6798 -0.7114
vn 0.4179 0.7527 -0.5088
vn -0.0596 0.7747 -0.6295
vn 0.0782 0.6198 -0.7808
vn -0.0463 0.7950 -0.6049
vn 0.0655 0.6752 -0.7347
vn 0.3237 0.7352 -0.5956
vn 0.2621 0.8125 -0.5208
vn 0.2413 0.7302 -0.6392
vn 0.5549 0.6734 -0.4884
vn 0.4879 0.6720 -0.5571
vn 0.5735 0.6824 -0.4532
vn 0.3856 0.8277 -0.4077
vn 0.5480 0.8154 -0.1865
vn -0.1869 -0.9820 -0.0261
vn -0.0674 -0.9921 -0.1055
vn -0.0164 -0.9896 -0.1427
vn -0.0517 -0.9914 -0.1201
vn 0.0016 -0.9883 -0.1525
vn -0.0024 -0.9881 -0.1539
vn 0.0071 -0.9879 -0.1548
vn -0.5574 0.5353 -0.6346
vn -0.5697 0.0029 -0.8219
vn -0.2127 0.9677 0.1356
vn -0.0145 0.8714 0.4904
vn 0.0066 0.9052 0.4248
vn -0.5790 0.8152 0.0163
vn -0.2479 0.9537 0.1702
vn -0.8530 0.1734 -0.4922
vn 0.0556 0.9084 0.4144
vn -0.6135 0.0321 -0.7891
vn -0.5407 0.4193 -0.7293
vn -0.5527 0.0965 -0.8278
vn -0.4985 -0.1113 -0.8597
vn -0.4085 -0.1831 -0.8942
vn -0.4260 0.8014 -0.4198
vn -0.0809 0.9592 0.2710
vn -0.0169 0.8780 0.4784
vn -0.4626 0.4888 -0.7396
vn -0.4911 -0.0037 -0.8711
vn -0.3858 -0.1196 -0.9148
vn -0.1304 0.9915 0.0013
vn 0.0563 0.9289 0.3661
vn -0.4175 0.0181 -0.9085
vn -0.4791 0.1843 -0.8582
vn -0.3080 0.8537 -0.4199
vn -0.3432 0.0667 -0.9369
vn -0.5610 0.7083 -0.4285
vn -0.2396 -0.0467 -0.9697
vn -0.3174 -0.1558 -0.9354
vn -0.2458 0.9693 0.0022
vn -0.5529 0.3404 -0.7606
vn 0.0538 0.9372 0.3447
vn -0.2815 0.3538 -0.8919
vn -0.1764 0.9229 -0.3423
vn -0.0972 0.9725 0.2115
vn -0.2022 0.1153 -0.9725
vn -0.2511 0.1551 -0.9554
vn -0.2911 0.8015 -0.5224
vn -0.3943 -0.1749 -0.9022
vn -0.3860 -0.1349 -0.9126
vn -0.4315 -0.2109 -0.8771
vn -0.2929 -0.2039 -0.9341
vn -0.2528 -0.0123 -0.9674
vn -0.3133 -0.1218 -0.9418
vn -0.3676 -0.0599 -0.9280
vn -0.3254 -0.1874 -0.9268
vn -0.2482 -0.1566 -0.9560
vn -0.1632 -0.0809 -0.9833
vn -0.0387 -0.0176 -0.9991
vn -0.1478 0.0510 -0.9877
vn -0.0006 0.1426 -0.9898
vn -0.1921 -0.1159 -0.9745
vn -0.1096 -0.0813 -0.9906
vn -0.0380 -0.0917 -0.9951
vn 0.0701 -0.0406 -0.9967
vn 0.1466 0.0733 -0.9865
vn -0.1082 0.0253 -0.9938
vn -0.1647 0.9049 -0.3925
vn 0.0491 0.9965 -0.0673
vn 0.0030 0.9785 0.2060
vn 0.1761 0.9412 -0.2882
vn 0.2926 0.9075 -0.3014
vn 0.1227 0.9494 0.2891
vn -0.1358 0.9343 -0.3298
vn 0.2384 0.9339 -0.2666
vn -0.0173 0.9263 0.3765
vn 0.0019 0.9973 0.0740
vn -0.1947 0.6578 -0.7276
vn -0.0777 0.4746 -0.8767
vn -0.2149 0.3860 -0.8971
vn -0.1977 0.1087 -0.9742
vn -0.2964 0.0553 -0.9535
vn -0.2106 0.2699 -0.9396
vn 0.2961 0.9476 -0.1200
vn 0.0975 0.9036 0.4170
vn -0.0053 0.8057 0.5923
vn -0.0310 0.8753 -0.4827
vn -0.1204 0.1576 -0.9801
vn -0.0765 0.3065 -0.9488
vn 0.0123 0.9954 0.0952
vn -0.2876 0.7890 0.5429
vn -0.2143 0.8493 0.4824
vn 0.0154 0.7238 -0.6899
vn -0.1375 0.9717 -0.1920
vn -0.0682 0.6451 -0.7611
vn 0.0629 0.4381 -0.8967
vn 0.0405 0.3139 -0.9486
vn -0.4389 0.8725 0.2147
vn 0.0976 0.5478 -0.8309
vn -0.0544 0.2129 -0.9756
vn 0.0897 0.4252 -0.9006
vn -0.3292 0.8266 0.4564
vn -0.4531 0.8221 0.3447
vn -0.4166 0.7028 0.5767
vn -0.3603 0.7624 0.5375
vn -0.2886 0.9574 0.0124
vn 0.0242 0.5171 -0.8556
vn -0.1488 0.7652 -0.6263
vn 0.0615 0.4634 -0.8840
vn 0.0358 0.2625 -0.9643
vn -0.5477 0.7333 0.4028
vn -0.4029 0.8084 0.4291
vn -0.1037 0.9787 -0.1774
vn 0.0525 0.7414 -0.6690
vn 0.1594 0.1820 -0.9703
vn -0.5234 -0.2714 0.8077
vn -0.5772 -0.2795 0.7673
vn -0.5241 -0.3164 0.7907
vn -0.4827 -0.2590 0.8366
vn -0.4608 -0.3202 0.8277
vn -0.6982 -0.1657 0.6964
vn -0.6283 -0.2150 0.7476
vn -0.6255 -0.1384 0.7679
vn -0.5248 -0.0972 0.8456
vn -0.5612 -0.1889 0.8058
vn -0.5590 -0.2361 0.7948
vn -0.4847 -0.1623 0.8595
vn -0.4887 -0.2133 0.8460
vn -0.4196 -0.1231 0.8993
vn -0.4204 -0.1880 0.8876
vn -0.3550 -0.0981 0.9297
vn -0.3612 -0.1496 0.9204
vn -0.7954 0.1796 0.5788
vn -0.7367 0.0938 0.6696
vn -0.7428 0.1438 0.6539
vn -0.8345 0.1081 0.5403
vn -0.7919 0.0669 0.6070
vn -0.6481 -0.0412 0.7605
vn -0.7269 -0.0917 0.6806
vn -0.6200 0.0299 0.7840
vn -0.6289 0.0714 0.7742
vn -0.7151 0.0674 0.6958
vn -0.4676 -0.0401 0.8830
vn -0.5110 0.0015 0.8596
vn -0.6193 0.0291 0.7846
vn -0.6188 -0.0263 0.7851
vn -0.7805 -0.0239 0.6246
vn -0.4035 -0.0159 0.9149
vn -0.4872 -0.0976 0.8678
vn -0.3762 -0.0280 0.9261
vn -0.3143 -0.0850 0.9455
vn -0.3437 -0.0745 0.9361
vn -0.7952 -0.2210 0.5646
vn -0.8292 -0.0247 0.5584
vn -0.6891 -0.3551 0.6316
vn -0.6121 -0.2994 0.7319
vn -0.8253 -0.2220 0.5193
vn -0.7486 -0.1636 0.6426
vn -0.7590 -0.3015 0.5771
vn -0.7431 -0.3677 0.5592
vn -0.3245 -0.3261 0.8879
vn -0.5540 -0.3517 0.7546
vn -0.5594 -0.2679 0.7844
vn -0.5249 -0.1499 0.8379
vn -0.6325 -0.0226 0.7742
vn -0.7029 -0.0914 0.7054
vn -0.6391 -0.2631 0.7227
vn -0.6925 -0.2783 0.6656
vn -0.1828 -0.3795 0.9069
vn -0.3907 -0.1404 0.9098
vn -0.3782 -0.2495 0.8915
vn -0.5826 -0.1550 0.7978
vn -0.6669 -0.1097 0.7371
vn -0.2096 -0.2452 0.9465
vn -0.3682 -0.1303 0.9206
vn -0.1615 -0.3223 0.9327
vn -0.5135 -0.0611 0.8559
vn -0.4585 -0.0718 0.8858
vn -0.1868 -0.3173 0.9298
vn -0.1578 -0.2872 0.9448
vn -0.2644 -0.1267 0.9561
vn -0.3530 0.0252 0.9353
vn -0.2873 0.0022 0.9579
vn -0.1864 -0.0630 0.9804
vn -0.8170 -0.0252 0.5761
vn -0.7659 -0.0110 0.6429
vn -0.7692 -0.0714 0.6350
vn -0.7507 -0.0166 0.6605
vn -0.7038 0.0010 0.7104
vn -0.6497 -0.0207 0.7599
vn -0.6228 0.0318 0.7817
vn -0.6380 -0.0066 0.7700
vn -0.5420 0.0029 0.8404
vn -0.5526 0.0450 0.8322
vn -0.3429 -0.1308 0.9302
vn -0.4103 -0.0310 0.9114
vn -0.4661 0.0223 0.8844
vn -0.2119 -0.2836 0.9352
vn -0.3839 0.0053 0.9233
vn -0.3015 -0.0364 0.9528
vn -0.3539 0.0132 0.9352
vn -0.2831 -0.1263 0.9507
vn -0.7975 0.0417 0.6018
vn -0.7363 0.0799 0.6720
vn -0.7710 0.1852 0.6093
vn -0.7886 0.2681 0.5533
vn -0.8478 0.2062 0.4886
vn -0.6817 0.1322 0.7195
vn -0.6348 0.0537 0.7708
vn -0.6048 0.1410 0.7838
vn -0.7116 0.2362 0.6617
vn -0.6573 0.1996 0.7267
vn -0.5404 0.0721 0.8383
vn -0.6580 0.1953 0.7273
vn -0.5800 0.1640 0.7979
vn -0.4648 0.0591 0.8834
vn -0.5110 0.1333 0.8492
vn -0.5380 0.1397 0.8313
vn -0.4340 0.1122 0.8939
vn -0.3811 0.0528 0.9230
vn -0.4810 0.1096 0.8698
vn -0.7421 0.2394 0.6261
vn -0.8213 0.2873 0.4929
vn -0.7067 0.2248 0.6709
vn -0.7939 0.2703 0.5446
vn -0.7680 0.2676 0.5819
vn -0.8110 0.3181 0.4910
vn -0.8318 0.3071 0.4624
vn -0.6289 0.1640 0.7600
vn -0.7320 0.3092 0.6071
vn -0.7892 0.3687 0.4911
vn -0.6426 0.2033 0.7387
vn -0.6713 0.2456 0.6993
vn -0.5730 0.1751 0.8007
vn -0.5105 0.1346 0.8492
vn -0.5534 0.2800 0.7844
vn -0.6200 0.3521 0.7012
vn -0.7712 0.3888 0.5040
vn -0.6487 0.4743 0.5952
vn -0.7276 0.5333 0.4315
vn -0.4795 0.4325 0.7636
vn -0.4417 0.5993 0.6676
vn -0.3763 0.7552 0.5366
vn -0.5309 0.7758 0.3411
vn -0.1629 0.9243 0.3451
vn -0.5355 -0.3514 0.7679
vn -0.6129 -0.3343 0.7160
vn -0.5605 -0.3580 0.7468
vn -0.6011 -0.3376 0.7244
vn -0.4539 -0.3607 0.8148
vn -0.4982 -0.3604 0.7886
vn -0.5169 -0.3775 0.7683
vn -0.7034 -0.3099 0.6397
vn -0.6508 -0.3283 0.6846
vn -0.6707 -0.3036 0.6767
vn -0.7264 -0.3091 0.6139
vn -0.6646 -0.3259 0.6724
vn -0.5981 -0.3198 0.7348
vn -0.5886 -0.3483 0.7296
vn -0.5548 -0.3593 0.7504
vn -0.4560 -0.3645 0.8119
vn -0.5326 -0.3441 0.7733
vn -0.6878 -0.2570 0.6788
vn -0.6358 -0.2936 0.7138
vn -0.6409 -0.2600 0.7222
vn -0.7980 -0.0225 0.6022
vn -0.7780 -0.1208 0.6165
vn -0.7547 -0.1665 0.6346
vn -0.7562 -0.1376 0.6397
vn -0.7170 -0.2036 0.6667
vn -0.6731 -0.2228 0.7052
vn -0.8512 0.2048 0.4832
vn -0.8636 0.2760 0.4218
vn -0.9020 0.0930 0.4216
vn -0.9144 0.2073 0.3478
vn -0.9510 0.0419 0.3063
vn -0.9155 -0.0303 0.4013
vn -0.9524 0.2028 0.2278
vn -0.7522 0.0070 0.6589
vn -0.8549 -0.0541 0.5160
vn -0.7402 -0.4141 0.5298
vn -0.9042 -0.3222 0.2803
vn -0.8180 -0.3339 0.4684
vn -0.9416 -0.2654 0.2071
vn -0.8673 -0.2885 0.4058
vn -0.9711 -0.1127 0.2103
vn -0.9099 -0.1737 0.3767
vn -0.9972 0.0090 0.0741
vn -0.9937 -0.0565 -0.0970
vn -0.9749 0.2111 0.0714
vn -0.9905 0.0530 -0.1271
vn -0.9324 -0.0304 -0.3601
vn -0.9417 0.3354 0.0253
vn -0.9591 0.0873 -0.2692
vn -0.8553 0.2909 0.4289
vn -0.8677 0.3704 0.3316
vn -0.9185 0.3121 0.2427
vn -0.9098 0.4027 0.1006
vn -0.9622 0.2696 -0.0388
vn -0.8773 0.4695 -0.0999
vn -0.8320 0.3573 0.4244
vn -0.8219 0.4800 0.3067
vn -0.8365 0.5399 0.0933
vn -0.7694 0.6165 -0.1670
vn -0.8262 0.4047 0.3920
vn -0.8040 0.4429 0.3968
vn -0.7924 0.5077 0.3382
vn -0.7264 0.6515 0.2190
vn -0.6234 0.7534 -0.2094
vn -0.7477 0.6572 0.0951
vn -0.5967 0.6971 -0.3975
vn -0.4228 0.7764 -0.4675
vn -0.8192 0.4321 0.3772
vn -0.7606 0.6318 0.1491
vn -0.6212 0.7806 0.0686
vn -0.5684 0.8145 -0.1167
vn -0.4072 0.8231 -0.3958
vn -0.7918 0.5776 0.1986
vn -0.7513 0.6537 0.0910
vn -0.7113 0.7001 0.0627
vn -0.2272 0.7498 -0.6214
vn -0.2167 0.7320 -0.6460
vn -0.7627 0.5839 0.2782
vn -0.6131 0.7891 -0.0375
vn -0.6534 0.7535 0.0731
vn -0.5904 0.7996 -0.1100
vn -0.5701 0.8079 -0.1490
vn -0.4844 0.8277 -0.2833
vn -0.3717 0.8382 -0.3991
vn -0.2495 0.7890 -0.5615
vn -0.5057 0.8567 0.1015
vn -0.3935 0.9092 -0.1362
vn -0.1925 0.9306 -0.3115
vn -0.0953 0.9930 0.0703
vn -0.0994 0.9948 -0.0226
vn -0.0911 0.9930 -0.0747
vn -0.1097 0.8723 -0.4765
vn -0.1263 0.7823 -0.6099
vn -0.0636 0.7703 -0.6345
vn -0.1545 0.6952 -0.7020
vn -0.5952 -0.3732 0.7117
vn -0.6218 -0.3879 0.6803
vn -0.5445 -0.4255 0.7229
vn -0.5696 -0.4679 0.6757
vn -0.5967 -0.4745 0.6471
vn -0.5485 -0.6080 0.5741
vn -0.5431 -0.5598 0.6258
vn -0.5142 -0.6432 0.5674
vn -0.4930 -0.5017 0.7108
vn -0.6779 -0.2964 0.6728
vn -0.6848 -0.2765 0.6742
vn -0.6661 -0.2991 0.6833
vn -0.6281 -0.3352 0.7023
vn -0.6545 -0.3128 0.6883
vn -0.6556 -0.3354 0.6766
vn -0.5895 -0.3477 0.7291
vn -0.5466 -0.3782 0.7471
vn -0.4681 -0.3990 0.7885
vn -0.4862 -0.3804 0.7867
vn -0.7202 -0.2760 0.6365
vn -0.7257 -0.2983 0.6200
vn -0.6974 -0.3140 0.6442
vn -0.6567 -0.3221 0.6819
vn -0.8095 0.5468 0.2139
vn -0.8905 0.4307 -0.1469
vn -0.8740 -0.0000 -0.4860
vn -0.5313 0.7517 0.3907
vn -0.4417 0.8643 0.2406
vn -0.8228 0.0230 -0.5678
vn -0.7525 0.6585 0.0112
vn -0.9347 0.1937 -0.2979
vn -0.8462 0.1865 -0.4992
vn -0.6319 0.7379 0.2372
vn -0.8255 0.5376 -0.1719
vn -0.4188 0.8442 0.3345
vn -0.2640 0.8975 0.3534
vn -0.7029 0.7108 -0.0276
vn -0.4410 0.8819 0.1669
vn -0.8687 0.2939 -0.3988
vn -0.1564 0.9444 0.2893
vn -0.3049 0.9425 0.1370
vn -0.1677 0.9648 0.2026
vn -0.6528 0.6584 -0.3747
vn -0.0624 0.9579 0.2802
vn -0.7743 0.1488 -0.6151
vn -0.6170 0.5568 -0.5561
vn -0.7227 0.0893 -0.6853
vn -0.7501 0.1008 -0.6536
vn -0.5115 0.8496 -0.1288
vn -0.7102 0.4285 -0.5585
vn -0.2158 0.9763 0.0169
vn 0.0989 0.9522 0.2892
vn -0.6504 0.1276 -0.7488
vn -0.5985 0.3520 -0.7197
vn -0.4947 0.5914 -0.6368
vn -0.3543 0.8884 -0.2920
vn -0.5182 0.5740 -0.6340
vn -0.6888 -0.1528 -0.7087
vn -0.7104 -0.0956 -0.6973
vn -0.8287 -0.0601 -0.5564
vn -0.6821 -0.0720 -0.7277
vn -0.7590 -0.0936 -0.6443
vn -0.7652 -0.1131 -0.6337
vn -0.6216 -0.1211 -0.7739
vn -0.6006 -0.1066 -0.7924
vn -0.6913 0.0499 -0.7208
vn -0.7800 0.0337 -0.6249
vn -0.6744 -0.1291 -0.7270
vn -0.5577 -0.0389 -0.8291
vn -0.6031 -0.1765 -0.7779
vn -0.6864 0.0680 -0.7241
vn -0.7722 0.1178 -0.6244
vn -0.7315 0.0663 -0.6786
vn -0.5953 -0.0815 -0.7993
vn -0.5518 -0.3664 -0.7492
vn -0.5098 -0.3019 -0.8056
vn -0.7637 0.1286 -0.6327
vn -0.7255 0.0741 -0.6842
vn -0.7058 -0.0463 -0.7069
vn -0.5273 -0.2436 -0.8140
vn -0.6391 -0.4003 -0.6568
vn -0.6675 0.1107 -0.7363
vn -0.7674 0.1356 -0.6267
vn -0.6915 -0.0544 -0.7204
vn -0.7297 0.0712 -0.6800
vn -0.8087 -0.0865 -0.5818
vn -0.7957 -0.2458 -0.5536
vn -0.6715 -0.3122 -0.6720
vn -0.6564 0.0753 -0.7506
vn -0.7903 -0.0515 -0.6105
vn -0.6784 0.0389 -0.7336
vn -0.6679 -0.2695 -0.6937
vn -0.5964 0.0683 -0.7998
vn -0.6450 0.0064 -0.7642
vn -0.8097 -0.0913 -0.5797
vn -0.7297 -0.1528 -0.6664
vn -0.7651 -0.1035 -0.6355
vn -0.8436 -0.0448 -0.5351
vn -0.8975 0.0215 -0.4405
vn -0.8193 -0.0300 -0.5726
vn 0.4808 -0.3343 0.8106
vn 0.5482 -0.3789 0.7456
vn -0.7591 -0.0765 -0.6464
vn -0.7072 -0.1385 -0.6934
vn -0.7125 -0.1880 -0.6760
vn -0.6054 -0.3606 -0.7096
vn -0.6798 -0.2300 -0.6964
vn -0.6875 -0.2230 -0.6911
vn -0.6244 -0.1422 -0.7681
vn -0.6684 -0.2367 -0.7051
vn -0.6433 -0.2179 -0.7339
vn -0.6920 -0.2383 -0.6815
vn -0.2958 0.4748 -0.8289
vn -0.4194 0.3334 -0.8444
vn -0.2840 0.4752 -0.8327
vn -0.9668 0.1282 -0.2209
vn -0.9290 0.0790 -0.3615
vn -0.9376 0.2003 -0.2843
vn -0.9073 0.3587 -0.2195
vn -0.8729 0.0699 -0.4828
vn -0.7627 0.4002 -0.5080
vn -0.7966 0.2658 -0.5430
vn 0.7235 0.3747 0.5798
vn 0.6859 0.2604 0.6795
vn 0.7774 0.4956 0.3873
vn 0.7975 0.5984 0.0766
vn 0.6402 0.7452 -0.1865
vn -0.7781 0.5421 -0.3173
vn -0.4838 0.6554 -0.5799
vn -0.4296 0.5573 -0.7105
vn 0.8623 0.4562 0.2196
vn 0.8110 0.3203 0.4895
vn 0.8687 0.4135 0.2727
vn 0.7771 0.6111 -0.1507
vn 0.8697 0.4935 0.0012
vn -0.2677 0.6896 -0.6729
vn -0.3657 0.7432 -0.5603
vn -0.2689 0.5102 -0.8169
vn -0.6270 0.3171 -0.7116
vn -0.1748 0.6417 -0.7467
vn 0.7305 0.2845 0.6208
vn 0.7017 0.5276 0.4788
vn -0.1295 0.5763 -0.8069
vn -0.3327 0.4228 -0.8429
vn 0.5625 0.8036 0.1945
vn 0.6583 0.3508 0.6660
vn 0.5484 0.7266 0.4139
vn 0.7649 0.6406 0.0679
vn -0.1072 0.6106 -0.7846
vn -0.0901 0.6226 -0.7773
vn 0.6760 0.4742 0.5641
vn -0.1631 0.5573 -0.8142
vn -0.2137 0.4688 -0.8571
vn -0.2107 0.4875 -0.8473
vn -0.1679 0.5961 -0.7851
vn -0.1277 0.6815 -0.7205
vn -0.1210 0.6391 -0.7596
vn -0.6172 -0.4706 0.6305
vn -0.3832 -0.8824 0.2728
vn -0.4475 -0.7812 0.4354
vn -0.2789 -0.9506 0.1361
vn -0.4090 -0.8304 0.3784
vn -0.2805 -0.9368 0.2091
vn -0.5910 -0.5299 0.6082
vn -0.5287 -0.6597 0.5341
vn -0.5282 -0.6511 0.5450
vn -0.1702 -0.9846 0.0392
vn -0.4479 -0.7678 0.4580
vn -0.4526 -0.7726 0.4452
vn -0.3379 -0.8954 0.2899
vn -0.3247 -0.9090 0.2612
vn -0.1195 -0.9927 0.0157
vn -0.2772 -0.9392 0.2026
vn -0.4167 -0.8354 0.3584
vn -0.4931 -0.7405 0.4566
vn -0.2680 -0.9538 0.1358
vn -0.1407 -0.9900 0.0117
vn -0.2114 -0.9666 0.1447
vn -0.0652 -0.9963 -0.0565
vn -0.0098 -0.9920 -0.1262
vn -0.0599 -0.9963 -0.0614
vn -0.3443 -0.8998 0.2681
vn -0.4197 -0.8539 0.3077
vn -0.2170 -0.9717 0.0931
vn -0.3322 -0.9168 0.2216
vn -0.4634 0.8860 -0.0158
vn 0.5120 0.7111 0.4819
vn -0.2447 0.9642 0.1020
vn 0.7778 0.0453 0.6269
vn 0.7731 -0.0916 0.6276
vn 0.7543 0.4295 0.4966
vn 0.7562 0.0248 0.6538
vn -0.5502 0.8329 -0.0597
vn -0.2327 0.9722 0.0260
vn 0.3339 0.8319 0.4432
vn 0.4824 0.5706 0.6646
vn 0.6309 -0.1604 0.7591
vn 0.5129 0.1794 0.8395
vn -0.4034 0.9149 -0.0164
vn -0.4135 0.9088 -0.0560
vn -0.5610 0.7870 -0.2566
vn -0.4877 0.8663 -0.1078
vn -0.0585 0.8796 0.4722
vn -0.3025 0.9499 0.0787
vn -0.4247 0.8994 -0.1032
vn -0.4373 0.8624 0.2549
vn -0.0459 0.5162 0.8552
vn 0.4992 0.1182 0.8584
vn -0.1768 0.9716 0.1571
vn -0.3426 0.9392 0.0220
vn -0.5462 0.8236 -0.1529
vn -0.6042 0.6361 0.4799
vn -0.3821 0.7772 0.5000
vn 0.3657 0.6741 0.6417
vn 0.1745 0.9228 0.3436
vn -0.0561 0.9959 0.0714
vn -0.1157 0.9794 0.1658
vn -0.3336 0.9340 0.1281
vn 0.0940 0.9657 0.2423
vn 0.1089 0.9462 0.3047
vn -0.0360 0.9751 0.2189
vn -0.1655 0.9721 0.1662
vn -0.2375 0.9688 0.0715
vn -0.0444 0.9904 -0.1306
vn 0.2489 0.9270 0.2806
vn 0.1876 0.9392 0.2877
vn 0.0366 0.9704 0.2388
vn 0.6808 -0.3954 0.6166
vn 0.7164 -0.2328 0.6577
vn 0.6675 -0.4076 0.6231
vn 0.7887 -0.3103 0.5308
vn 0.6818 -0.1541 0.7151
vn 0.7086 -0.4137 0.5717
vn 0.6526 -0.4428 0.6148
vn 0.6011 -0.2433 0.7612
vn 0.6578 -0.4007 0.6378
vn 0.7392 -0.4050 0.5381
vn 0.6254 -0.2968 0.7216
vn 0.7495 -0.3208 0.5791
vn 0.6825 -0.2022 0.7024
vn 0.7344 -0.2285 0.6391
vn 0.8178 -0.2954 0.4940
vn 0.7533 -0.4375 0.4911
vn 0.7923 -0.1411 0.5936
vn 0.7800 -0.4075 0.4749
vn 0.7177 -0.4180 0.5569
vn 0.7800 -0.4420 0.4430
vn 0.8081 -0.4120 0.4209
vn 0.7913 -0.1130 0.6009
vn 0.6743 -0.2270 0.7027
vn 0.8291 -0.3376 0.4456
vn 0.8826 -0.0809 0.4631
vn 0.7975 0.0134 0.6032
vn 0.8613 0.0115 0.5080
vn 0.3717 0.5915 0.7155
vn 0.8802 -0.0511 0.4719
vn 0.8686 -0.3583 0.3423
vn 0.8610 -0.4056 0.3068
vn -0.1061 0.9917 0.0724
vn 0.6533 -0.4453 0.6123
vn 0.6138 -0.4118 0.6736
vn 0.6224 -0.4685 0.6270
vn 0.6775 -0.3759 0.6322
vn 0.5928 -0.4198 0.6873
vn 0.7604 -0.3572 0.5425
vn 0.6815 -0.4183 0.6005
vn 0.7135 -0.4313 0.5522
vn 0.7963 -0.3918 0.4609
vn 0.7606 -0.4193 0.4957
vn 0.8139 -0.4062 0.4154
vn 0.8205 -0.3871 0.4206
vn 0.8339 -0.3073 0.4584
vn 0.8363 -0.1461 0.5284
vn 0.9207 -0.0385 0.3883
vn 0.9194 -0.1892 0.3449
vn 0.8802 -0.3235 0.3474
vn 0.8676 -0.3515 0.3518
vn 0.8933 -0.3211 0.3146
vn 0.8808 -0.3465 0.3227
vn 0.9231 -0.2917 0.2505
vn -0.5628 -0.0975 -0.8208
vn -0.5753 0.0911 -0.8129
vn -0.5153 0.0228 -0.8567
vn -0.4234 0.2765 -0.8627
vn 0.9743 -0.0877 0.2073
vn 0.9439 -0.2004 0.2624
vn 0.9855 0.0095 0.1694
vn 0.9425 -0.2283 0.2439
vn 0.9855 -0.0284 0.1670
vn 0.9901 0.1280 0.0567
vn 0.9467 -0.2513 0.2015
vn 0.9818 -0.0783 0.1729
vn 0.9951 0.0533 0.0834
vn 0.7618 0.6378 -0.1132
vn 0.6458 0.7216 -0.2493
vn 0.7326 0.6540 -0.1888
vn 0.8110 0.5422 0.2197
vn 0.8104 0.5727 0.1238
vn 0.8630 0.4886 -0.1283
vn 0.8179 0.5540 -0.1552
vn 0.8083 0.5845 0.0702
vn 0.7780 0.4487 0.4398
vn 0.7273 0.6856 -0.0315
vn 0.6190 0.7785 -0.1043
vn 0.6161 0.7865 -0.0426
vn 0.6890 0.6450 0.3305
vn 0.6555 0.4724 0.5892
vn 0.7251 0.4530 0.5186
vn 0.7451 0.5290 0.4062
vn 0.7175 0.5021 0.4828
vn 0.6903 0.6577 0.3015
vn 0.7279 0.6242 0.2838
vn 0.3847 0.9231 0.0006
vn 0.2631 0.9628 -0.0620
vn 0.2807 0.9532 0.1121
vn 0.4514 0.7501 0.4833
vn 0.6937 0.5938 0.4077
vn 0.5590 0.7212 0.4091
vn 0.7015 0.2825 0.6543
vn 0.7372 0.4890 0.4663
vn 0.3251 0.9318 0.1617
vn 0.0166 0.9987 0.0489
vn 0.3578 0.8959 0.2633
vn 0.1047 0.9945 -0.0060
vn 0.0697 0.9972 0.0267
vn 0.3350 0.9190 0.2079
vn 0.4621 0.7611 0.4553
vn 0.6844 0.6724 0.2820
vn 0.8460 0.1564 0.5098
vn 0.7687 0.0247 0.6392
vn 0.5861 0.7691 0.2549
vn 0.5132 0.8412 0.1702
vn 0.6093 0.7908 0.0581
vn 0.3861 0.9224 -0.0129
vn 0.7302 -0.1997 0.6534
vn 0.9387 0.2418 0.2457
vn 0.8118 0.4471 0.3756
vn 0.8462 0.5003 0.1834
vn 0.7132 0.7009 0.0100
vn 0.6170 0.7814 -0.0933
vn 0.7229 0.6910 -0.0004
vn 0.9809 0.1385 0.1368
vn 0.9224 0.1194 0.3672
vn 0.8087 0.5860 -0.0505
vn 0.9420 0.3345 0.0252
vn 0.9651 0.2613 -0.0171
vn 0.8974 0.4332 -0.0831
vn 0.7997 0.5988 -0.0453
vn 0.7024 0.6852 0.1927
vn 0.6094 0.7912 -0.0509
vn 0.6468 0.7419 0.1768
vn -0.1134 -0.9933 -0.0214
vn -0.0293 -0.9931 -0.1133
vn -0.1309 -0.9909 -0.0311
vn -0.0363 -0.9929 -0.1132
vn 0.0191 -0.9874 -0.1570
vn 0.0235 -0.9858 -0.1664
vn 0.0321 0.9658 0.2573
vn 0.7393 0.4275 0.5202
vn 0.8674 0.2067 0.4526
vn 0.8984 -0.0218 0.4387
vn 0.9111 0.0534 0.4087
vn 0.8898 -0.2400 0.3881
vn 0.8707 -0.4145 0.2648
vn 0.5101 0.8075 0.2960
vn 0.9388 0.0048 0.3444
vn 0.8561 -0.4133 0.3103
vn 0.6828 0.6790 0.2697
vn 0.8995 -0.0657 0.4320
vn 0.7877 0.5183 0.3330
vn 0.9356 -0.0896 0.3414
vn 0.9155 -0.2479 0.3170
vn -0.0516 0.9980 0.0374
vn -0.0568 0.9941 0.0927
vn 0.9388 -0.2481 0.2388
vn 0.8881 -0.3441 0.3047
vn 0.1158 0.9800 0.1615
vn 0.3896 0.8790 0.2748
vn 0.9432 0.1813 0.2783
vn 0.9622 -0.0378 0.2697
vn 0.9650 -0.1480 0.2165
vn 0.9624 -0.2130 0.1686
vn 0.5742 0.7632 0.2964
vn 0.9501 0.0815 0.3012
vn 0.9963 -0.0692 0.0505
vn 0.9756 0.0458 0.2146
vn 0.9950 -0.0889 -0.0460
vn 0.9851 -0.1476 0.0888
vn 0.9679 0.1279 0.2164
vn 0.9983 0.0052 -0.0576
vn 0.9890 0.1056 0.1040
vn 0.9908 -0.0316 -0.1318
vn 0.9787 0.2052 -0.0025
vn 0.9679 -0.2036 0.1474
vn 0.8845 -0.3472 0.3118
vn 0.9812 -0.1815 0.0655
vn 0.9927 -0.1022 -0.0634
vn 0.9648 0.1994 -0.1715
vn 0.9803 0.1960 -0.0225
vn 0.9871 0.0906 -0.1323
vn 0.9586 0.0247 -0.2835
vn 0.9594 -0.0027 -0.2819
vn -0.0007 0.9223 -0.3865
vn 0.1984 0.9241 -0.3266
vn -0.1524 0.9025 -0.4028
vn -0.2086 0.8727 -0.4414
vn -0.3879 0.8586 -0.3352
vn -0.5384 0.8348 -0.1153
vn 0.3747 0.9203 -0.1121
vn 0.0947 0.9857 -0.1396
vn -0.1883 0.9456 -0.2652
vn -0.4129 0.8491 -0.3295
vn -0.4886 0.8622 -0.1339
vn -0.6051 0.7960 -0.0131
vn -0.5345 0.8451 -0.0106
vn -0.5314 0.8470 0.0151
vn 0.6196 0.7800 0.0879
vn 0.6429 0.7450 0.1780
vn 0.6486 0.7404 0.1766
vn 0.3813 0.9055 0.1863
vn 0.5437 0.7396 0.3967
vn 0.0222 0.9997 0.0046
vn -0.2379 0.9634 -0.1235
vn -0.0263 0.9827 -0.1832
vn -0.1301 0.9747 -0.1820
vn 0.6085 0.7506 0.2574
vn 0.5416 0.7062 0.4560
vn 0.6002 0.6607 0.4508
vn 0.3419 0.8872 0.3098
vn 0.4887 0.7568 0.4340
vn 0.1441 0.9892 0.0260
vn 0.1517 0.9827 -0.1063
vn 0.3917 0.8564 -0.3364
vn 0.6847 0.6935 0.2241
vn 0.7403 0.6157 0.2700
vn 0.6722 0.6506 0.3533
vn 0.5210 0.8481 0.0967
vn 0.7221 0.6829 0.1104
vn 0.4933 0.8504 -0.1830
vn 0.7160 0.6899 -0.1065
vn 0.6164 0.7105 -0.3395
vn 0.7429 0.6222 -0.2470
vn 0.7004 0.5657 -0.4353
vn 0.8220 0.5421 0.1745
vn 0.7955 0.5591 0.2338
vn 0.8131 0.5264 0.2487
vn 0.8383 0.4654 0.2839
vn 0.8058 0.5068 0.3063
vn 0.8550 0.5079 0.1052
vn 0.8629 0.5008 -0.0677
vn 0.8391 0.4812 -0.2539
vn 0.8011 0.4274 -0.4191
vn 0.9016 0.4192 0.1070
vn 0.8970 0.3857 0.2158
vn 0.9121 0.3975 0.1002
vn 0.9363 0.3429 -0.0757
vn 0.9085 0.3293 -0.2575
vn 0.8362 0.3232 -0.4431
vn 0.9199 0.1989 -0.3378
vn 0.9261 0.3772 -0.0112
vn 0.9390 0.3423 -0.0327
vn 0.9639 0.2626 0.0435
vn 0.9540 0.2910 0.0716
vn 0.0273 -0.9848 -0.1713
vn 0.0191 -0.9860 -0.1657
vn -0.0839 0.1479 -0.9854
vn -0.2479 0.7186 -0.6497
vn -0.1773 0.2553 -0.9505
vn -0.0234 0.9961 -0.0856
vn 0.0938 0.0887 -0.9916
vn 0.0273 -0.0077 -0.9996
vn 0.0325 0.6899 -0.7232
vn -0.0438 0.2838 -0.9579
vn 0.3604 0.1424 -0.9219
vn 0.1806 0.2247 -0.9576
vn 0.2408 0.0555 -0.9690
vn 0.2197 0.2973 -0.9291
vn 0.0954 0.3030 -0.9482
vn 0.4709 0.1393 -0.8711
vn 0.5928 0.1340 -0.7941
vn 0.5531 0.3259 -0.7667
vn 0.3915 0.4329 -0.8120
vn 0.2438 0.5826 -0.7753
vn 0.3839 0.8262 -0.4124
vn 0.3724 0.9270 -0.0449
vn 0.1956 0.9586 -0.2069
vn 0.7329 0.2451 -0.6346
vn 0.6975 0.3114 -0.6454
vn 0.6253 0.4840 -0.6122
vn 0.4674 0.5344 -0.7042
vn 0.4902 0.8229 -0.2873
vn 0.8902 0.0271 -0.4547
vn 0.9123 0.1712 -0.3721
vn 0.8246 0.2067 -0.5266
vn 0.7537 0.0777 -0.6526
vn 0.8207 0.2947 -0.4895
vn 0.7654 0.3833 -0.5170
vn 0.4920 0.8589 -0.1425
vn 0.5512 0.8109 -0.1962
vn 0.9772 0.1973 0.0789
vn 0.9798 0.1312 -0.1510
vn 0.9679 0.0197 -0.2505
vn 0.9417 0.1084 -0.3186
vn 0.9634 0.2440 -0.1112
vn 0.8995 0.2755 -0.3390
vn 0.9126 0.3479 -0.2148
vn 0.8251 0.4639 -0.3226
vn 0.6738 0.6410 -0.3676
vn 0.5768 0.7924 -0.1986
vn 0.2266 0.0031 -0.9740
vn 0.0288 -0.0537 -0.9981
vn 0.4450 0.1289 -0.8862
vn 0.2653 0.1099 -0.9579
vn 0.4169 0.0529 -0.9074
vn 0.3036 0.0405 -0.9519
vn 0.3991 0.0611 -0.9149
vn 0.5891 0.1723 -0.7895
vn 0.5532 0.0443 -0.8319
vn 0.5309 0.1159 -0.8395
vn 0.6766 0.1450 -0.7220
vn 0.6813 0.0743 -0.7282
vn 0.7085 0.2217 -0.6700
vn 0.8056 0.1312 -0.5778
vn 0.6696 0.0198 -0.7425
vn 0.8096 0.0765 -0.5820
vn 0.8938 0.0067 -0.4485
vn 0.8059 0.0092 -0.5919
vn 0.8917 0.0792 -0.4457
vn 0.7990 0.2439 -0.5497
vn 0.8597 0.1649 -0.4834
vn 0.9299 0.0744 -0.3603
vn 0.9902 -0.0050 -0.1398
vn 0.8780 0.2047 -0.4327
vn -0.5821 0.8037 0.1234
vn -0.2236 0.9747 0.0011
vn 0.1611 0.7965 -0.5828
vn 0.2521 0.5817 -0.7734
vn 0.1915 0.4306 -0.8820
vn 0.0800 0.3601 -0.9295
vn 0.2843 0.2709 -0.9197
vn -0.3184 0.9433 -0.0938
vn 0.0104 0.9345 -0.3557
vn -0.0917 0.9467 -0.3087
vn 0.2879 0.7845 -0.5493
vn 0.4148 0.5219 -0.7454
vn 0.3405 0.2307 -0.9115
vn 0.3566 0.4162 -0.8364
vn 0.1477 0.9274 -0.3438
vn 0.4788 0.6006 -0.6403
vn 0.3556 0.7813 -0.5130
vn 0.5558 0.4377 -0.7068
vn 0.5469 0.3570 -0.7573
vn 0.4540 0.2832 -0.8448
vn 0.5096 0.7114 -0.4840
vn 0.5782 0.5671 -0.5865
vn 0.6271 0.4518 -0.6345
vn 0.5818 0.2659 -0.7686
vn 0.7066 0.4454 -0.5498
vn 0.6856 0.3778 -0.6223
vn 0.6938 0.3118 -0.6492
vn 0.7651 0.3396 -0.5471
vn -0.2662 0.0203 0.9637
vn -0.1557 -0.0803 0.9845
vn -0.2094 -0.0438 0.9768
vn -0.3302 0.0788 0.9406
vn -0.2943 -0.0205 0.9555
vn -0.0183 -0.1634 0.9864
vn -0.0363 -0.1544 0.9873
vn -0.1142 -0.1315 0.9847
vn -0.2136 -0.0365 0.9762
vn -0.3216 0.0885 0.9427
vn -0.3217 0.1386 0.9366
vn -0.3114 0.2227 0.9238
vn -0.3177 0.2544 0.9134
vn -0.1773 0.4334 0.8836
vn -0.3797 -0.3486 0.8569
vn -0.4009 -0.3846 0.8315
vn -0.2577 -0.3916 0.8833
vn -0.3322 -0.3892 0.8592
vn -0.2924 -0.3920 0.8723
vn -0.2250 -0.3997 0.8886
vn -0.4283 -0.2350 0.8726
vn -0.4132 -0.2936 0.8620
vn -0.2956 -0.2556 0.9205
vn -0.3682 -0.2491 0.8958
vn -0.3347 -0.3021 0.8926
vn -0.2630 -0.3140 0.9123
vn -0.2985 -0.3538 0.8864
vn -0.2361 -0.3461 0.9080
vn -0.2256 -0.3623 0.9043
vn -0.2690 -0.2964 0.9164
vn -0.1886 -0.3890 0.9017
vn -0.1942 -0.3961 0.8975
vn -0.3631 -0.1963 0.9108
vn -0.3156 -0.1392 0.9386
vn -0.3201 -0.1970 0.9267
vn -0.3333 -0.1427 0.9319
vn -0.3315 -0.1902 0.9241
vn -0.3286 -0.0571 0.9427
vn -0.3341 -0.0006 0.9425
vn -0.3068 0.0003 0.9518
vn -0.2647 0.1245 0.9563
vn -0.3298 0.0761 0.9410
vn -0.3234 0.1684 0.9312
vn -0.3265 -0.0769 0.9421
vn -0.2809 0.3051 0.9100
vn -0.3086 0.2502 0.9177
vn -0.3395 0.0077 0.9406
vn -0.3288 0.0903 0.9401
vn -0.1788 -0.0384 0.9831
vn -0.1112 -0.1181 0.9868
vn -0.1219 0.0204 0.9923
vn -0.2072 -0.1159 0.9714
vn -0.1621 -0.2596 0.9520
vn 0.0073 -0.0460 0.9989
vn -0.1397 -0.1666 0.9761
vn -0.0764 -0.0583 0.9954
vn -0.2715 -0.2605 0.9265
vn 0.1208 -0.0079 0.9926
vn 0.0117 -0.0091 0.9999
vn -0.1271 0.1091 0.9859
vn -0.1598 0.0429 0.9862
vn 0.0098 -0.0946 0.9955
vn 0.0164 -0.2417 0.9702
vn -0.1771 -0.2667 0.9474
vn -0.2079 0.4385 0.8743
vn 0.0304 0.1079 0.9937
vn 0.2027 -0.1286 0.9708
vn -0.2971 0.3921 0.8707
vn -0.0093 0.3111 0.9503
vn 0.1742 0.0589 0.9829
vn 0.2591 -0.0114 0.9658
vn 0.2620 -0.0827 0.9615
vn 0.3592 -0.2088 0.9096
vn 0.2015 -0.2672 0.9423
vn 0.2898 -0.2493 0.9240
vn 0.1990 0.2738 0.9410
vn -0.2357 0.6615 0.7119
vn 0.4056 -0.0414 0.9131
vn -0.2971 0.2916 0.9092
vn -0.3460 0.7472 0.5674
vn -0.3251 0.5361 0.7790
vn -0.1740 0.7751 0.6075
vn 0.0921 0.3794 0.9206
vn 0.5513 0.0483 0.8329
vn -0.1723 -0.1411 0.9749
vn -0.1943 -0.3131 0.9296
vn -0.1935 -0.0631 0.9791
vn -0.2693 -0.0239 0.9628
vn -0.1078 -0.2260 0.9682
vn -0.0311 -0.1223 0.9920
vn -0.0843 -0.1002 0.9914
vn 0.0913 -0.1546 0.9837
vn 0.0668 -0.1443 0.9873
vn -0.0733 -0.1390 0.9876
vn 0.0400 -0.1927 0.9804
vn 0.2029 -0.1648 0.9652
vn 0.3954 -0.2547 0.8825
vn 0.2620 -0.1844 0.9473
vn 0.1671 -0.2060 0.9642
vn 0.2980 -0.2478 0.9219
vn 0.1973 -0.2327 0.9523
vn 0.5140 -0.2480 0.8211
vn 0.5571 -0.3032 0.7731
vn -0.3944 0.0981 0.9137
vn -0.2963 0.0187 0.9549
vn -0.3295 0.0677 0.9417
vn -0.2054 -0.0524 0.9773
vn -0.1165 -0.1075 0.9874
vn 0.0875 -0.2165 0.9724
vn -0.4122 0.1126 0.9041
vn -0.4539 0.1854 0.8715
vn -0.4456 0.3042 0.8420
vn -0.3108 0.3078 0.8992
vn -0.3443 0.0836 0.9351
vn -0.3186 0.1152 0.9409
vn -0.2701 0.1900 0.9439
vn -0.1889 0.3095 0.9319
vn -0.2485 0.1552 0.9561
vn -0.1810 0.2327 0.9556
vn -0.0716 0.3321 0.9405
vn -0.1339 0.3388 0.9313
vn 0.0199 0.4850 0.8743
vn -0.0224 0.5947 0.8036
vn 0.2599 0.8181 0.5130
vn -0.2870 0.6138 0.7355
vn 0.0625 0.8887 0.4542
vn -0.1531 0.7804 0.6063
vn 0.2688 0.9481 0.1699
vn -0.2914 0.5234 0.8008
vn -0.0720 0.7435 0.6649
vn 0.2060 0.8545 0.4768
vn 0.3980 0.8841 0.2449
vn 0.4956 0.8600 0.1214
vn 0.2155 0.9019 0.3744
vn -0.1217 0.7535 0.6461
vn 0.4547 0.8706 0.1879
vn -0.1121 0.6267 0.7712
vn 0.0281 0.8479 0.5295
vn 0.2532 0.9439 0.2120
vn 0.4752 0.8792 0.0348
vn -0.0029 0.4612 0.8873
vn 0.0198 0.6021 0.7982
vn 0.1821 0.8134 0.5525
vn 0.3673 0.9093 0.1956
vn 0.5148 0.8499 0.1125
vn 0.5216 0.8523 -0.0400
vn 0.5303 0.8434 0.0866
vn 0.3754 0.8718 0.3148
vn 0.1499 0.7832 0.6034
vn 0.4769 0.8789 0.0131
vn 0.4499 0.8869 0.1047
vn 0.5292 0.8413 0.1101
vn 0.1972 0.7039 0.6824
vn 0.4623 0.8677 0.1827
vn 0.4853 0.8733 0.0421
vn 0.4609 0.8842 0.0761
vn -0.3034 -0.4116 0.8594
vn -0.4089 -0.3989 0.8207
vn -0.3343 -0.4082 0.8495
vn -0.2191 -0.4183 0.8815
vn -0.1342 -0.4059 0.9040
vn -0.1516 -0.4042 0.9020
vn -0.1996 -0.3713 0.9068
vn -0.2678 -0.3930 0.8797
vn -0.2205 -0.3903 0.8939
vn -0.4730 -0.3671 0.8010
vn -0.4632 -0.3900 0.7958
vn -0.3813 -0.3586 0.8521
vn -0.3189 -0.3700 0.8726
vn -0.3299 -0.3923 0.8586
vn -0.3920 -0.3636 0.8450
vn -0.2289 -0.3878 0.8929
vn -0.2315 -0.3769 0.8969
vn -0.1659 -0.3893 0.9061
vn -0.1688 -0.4067 0.8978
vn 0.2326 0.9725 -0.0087
vn 0.2381 0.9650 -0.1100
vn 0.1774 0.9365 -0.3023
vn 0.4155 0.9075 0.0625
vn 0.3797 0.9220 -0.0752
vn 0.1240 0.8777 -0.4628
vn 0.2822 0.9176 0.2800
vn 0.2339 0.9084 -0.3464
vn 0.1657 0.8472 -0.5048
vn 0.4835 0.8560 0.1828
vn 0.5033 0.8629 0.0457
vn 0.4729 0.8737 -0.1136
vn 0.3913 0.8789 -0.2727
vn 0.5569 0.8122 0.1737
vn 0.6035 0.7917 0.0950
vn 0.6161 0.7874 -0.0216
vn 0.5251 0.8391 -0.1421
vn 0.4923 0.8191 -0.2946
vn 0.6023 0.7975 0.0337
vn 0.6302 0.7764 -0.0035
vn 0.5801 0.8115 -0.0704
vn 0.4801 0.8769 -0.0248
vn 0.4340 0.8993 0.0531
vn 0.5098 0.8599 -0.0256
vn 0.5069 0.8508 -0.1383
vn 0.5478 0.8049 -0.2279
vn -0.4655 -0.4384 0.7689
vn -0.4672 -0.6055 0.6442
vn -0.3097 -0.9187 0.2451
vn -0.4438 -0.7908 0.4216
vn -0.4026 -0.4173 0.8148
vn -0.4079 -0.5106 0.7569
vn -0.4009 -0.6527 0.6428
vn -0.3662 -0.7860 0.4981
vn -0.3010 -0.8862 0.3521
vn -0.4478 -0.7197 0.5306
vn -0.1145 -0.9932 0.0230
vn -0.1905 -0.9789 0.0740
vn -0.3517 -0.4050 0.8440
vn -0.3417 -0.4672 0.8154
vn -0.2933 -0.8103 0.5074
vn -0.3213 -0.6687 0.6705
vn -0.1687 -0.9558 0.2406
vn -0.3026 -0.4090 0.8609
vn -0.1724 -0.9158 0.3628
vn -0.0337 -0.9982 -0.0505
vn -0.1546 -0.9783 0.1379
vn -0.1784 -0.8547 0.4875
vn -0.0566 -0.9963 0.0646
vn 0.0001 -0.9947 -0.1032
vn -0.5852 0.1970 -0.7866
vn -0.6929 -0.1631 -0.7023
vn -0.1436 0.6035 -0.7843
vn -0.2185 0.5671 -0.7942
vn -0.1138 0.6081 -0.7857
vn -0.1217 0.6480 -0.7518
vn -0.0086 0.6553 -0.7553
vn -0.0592 0.6207 -0.7818
vn -0.0541 0.6664 -0.7436
vn 0.1905 0.6562 -0.7301
vn 0.1094 0.6291 -0.7696
vn -0.0329 0.6935 -0.7197
vn -0.1546 0.6424 -0.7506
vn 0.0655 0.7156 -0.6954
vn 0.4993 0.6274 -0.5976
vn 0.3280 0.6058 -0.7248
vn 0.3938 0.6446 -0.6553
vn 0.2081 0.6594 -0.7224
vn 0.4432 0.6053 -0.6612
vn 0.3177 0.6925 -0.6477
vn 0.1959 0.7272 -0.6579
vn 0.5432 0.6393 -0.5442
vn 0.5122 0.6020 -0.6125
vn 0.4462 0.6677 -0.5959
vn 0.3551 0.7311 -0.5826
vn 0.2576 0.7424 -0.6185
vn 0.1066 0.6765 -0.7287
vn -0.1180 0.6255 -0.7712
vn 0.0165 0.7412 -0.6711
vn 0.2807 0.7522 -0.5961
vn 0.5114 0.7185 -0.4713
vn 0.5500 0.7659 -0.3329
vn -0.2462 -0.9634 0.1065
vn -0.0618 -0.9943 -0.0874
vn -0.1331 -0.9910 0.0132
vn -0.0120 -0.9924 -0.1221
vn -0.1167 -0.9928 -0.0278
vn -0.0669 -0.9961 -0.0573
vn 0.0166 -0.9885 -0.1504
vn -0.0303 -0.9935 -0.1093
vn 0.0196 -0.9874 -0.1570
vn 0.3156 0.8383 0.4446
vn 0.1696 0.9285 0.3305
vn 0.1343 0.9649 0.2256
vn 0.0031 0.9993 0.0362
vn 0.3408 0.8557 0.3893
vn 0.2385 0.8657 0.4400
vn 0.0226 0.9831 0.1814
vn -0.5488 0.6125 -0.5690
vn 0.2497 0.9334 0.2577
vn -0.6119 0.1596 -0.7747
vn -0.5564 0.4480 -0.6998
vn -0.2447 0.9305 -0.2724
vn 0.1724 0.9216 0.3477
vn 0.3011 0.8884 0.3466
vn -0.3377 0.6362 -0.6937
vn 0.0200 0.9993 0.0309
vn 0.2968 0.9338 0.2000
vn -0.2652 0.7727 -0.5768
vn -0.6539 0.0964 -0.7504
vn -0.4958 -0.0088 -0.8684
vn -0.5628 0.0979 -0.8208
vn 0.1192 0.9671 0.2247
vn 0.2983 0.9309 0.2111
vn -0.2509 0.5422 -0.8019
vn 0.0728 0.9972 -0.0190
vn -0.3762 -0.0055 -0.9265
vn -0.2204 0.3560 -0.9081
vn 0.0411 0.9084 -0.4160
vn 0.2615 0.9134 0.3120
vn 0.2954 0.9496 -0.1045
vn 0.2262 0.9514 0.2088
vn -0.5984 0.0862 -0.7965
vn -0.6873 -0.0942 -0.7203
vn 0.0819 0.9876 0.1338
vn -0.6644 -0.0859 -0.7425
vn -0.6768 -0.1342 -0.7238
vn -0.6785 -0.1828 -0.7115
vn -0.6225 0.1288 -0.7719
vn 0.2266 0.9653 0.1295
vn -0.6422 -0.0922 -0.7610
vn -0.6256 -0.0048 -0.7802
vn -0.6118 -0.1105 -0.7833
vn -0.6475 -0.1384 -0.7494
vn -0.6077 -0.0400 -0.7932
vn -0.6039 -0.1018 -0.7905
vn -0.4667 0.0066 -0.8844
vn -0.5513 -0.0729 -0.8311
vn -0.5304 -0.0921 -0.8427
vn -0.4012 0.0257 -0.9156
vn -0.5279 -0.0363 -0.8486
vn -0.3020 -0.0559 -0.9517
vn -0.4163 -0.0655 -0.9069
vn -0.2850 0.0425 -0.9576
vn -0.3170 0.1084 -0.9422
vn -0.6506 -0.1795 -0.7379
vn -0.3609 0.3148 -0.8779
vn -0.6015 -0.1071 -0.7917
vn -0.4280 0.1224 -0.8955
vn -0.3265 0.4754 -0.8169
vn -0.2463 0.4899 -0.8363
vn -0.5301 -0.0403 -0.8470
vn -0.5596 -0.0478 -0.8274
vn -0.4908 0.0058 -0.8713
vn -0.3063 0.2157 -0.9272
vn -0.4178 0.0360 -0.9078
vn -0.2060 0.3793 -0.9020
vn -0.3384 0.1224 -0.9330
vn -0.2335 0.2543 -0.9385
vn -0.0852 0.6092 -0.7884
vn -0.1024 0.4916 -0.8648
vn -0.1190 0.3501 -0.9291
vn -0.2565 0.1445 -0.9557
vn -0.1943 0.2375 -0.9518
vn -0.0067 0.4375 -0.8992
vn 0.0899 0.5914 -0.8014
vn 0.0422 0.5122 -0.8578
vn -0.0236 0.3333 -0.9425
vn -0.1071 0.2309 -0.9671
vn 0.0251 -0.9861 -0.1640
vn 0.0260 -0.9855 -0.1674
vn 0.3516 0.9357 0.0302
vn 0.5716 0.7794 -0.2565
vn 0.4727 0.8666 -0.1600
vn 0.5118 0.8395 -0.1825
vn 0.3412 0.9393 0.0357
vn 0.3771 0.9249 -0.0479
vn 0.4429 0.8900 -0.1080
vn 0.4625 0.8710 -0.1656
vn 0.4088 0.9087 -0.0846
vn 0.5593 0.7815 -0.2766
vn 0.6096 0.7296 -0.3100
vn 0.5212 0.8179 -0.2440
vn 0.0088 0.9973 0.0732
vn 0.2129 0.9681 0.1324
vn 0.7735 0.5609 0.2952
vn 0.4240 0.8997 0.1033
vn 0.8494 0.4705 0.2392
vn 0.1013 0.9944 0.0294
vn 0.1998 0.9792 -0.0365
vn 0.2610 0.9641 0.0489
vn 0.2981 0.9534 -0.0460
vn 0.3496 0.9297 -0.1160
vn 0.4293 0.8971 -0.1046
vn 0.9880 -0.0910 0.1244
vn 0.9943 0.0893 0.0587
vn 0.9998 -0.0189 0.0108
vn 0.9940 -0.1080 0.0171
vn 0.9783 -0.1680 0.1211
vn 0.9922 0.1239 -0.0146
vn 0.9958 -0.0901 -0.0151
vn 0.7110 0.6363 -0.2994
vn 0.6027 0.7609 -0.2403
vn 0.6538 0.7017 -0.2830
vn 0.6050 0.7517 -0.2626
vn 0.4551 0.8791 -0.1416
vn 0.5232 0.8224 -0.2236
vn 0.5324 0.8212 -0.2056
vn 0.6943 0.6390 -0.3311
vn 0.7478 0.5534 -0.3667
vn 0.6274 0.7197 -0.2973
vn 0.6659 0.6695 -0.3293
vn 0.7356 0.5582 -0.3837
vn 0.7760 0.4940 -0.3921
vn 0.7580 0.4809 -0.4407
vn 0.7879 0.4144 -0.4554
vn 0.7976 0.4445 -0.4078
vn 0.7261 0.5416 -0.4236
vn 0.6922 0.6102 -0.3853
vn 0.6549 0.6612 -0.3660
vn 0.6960 0.5651 -0.4430
vn 0.7526 0.4583 -0.4728
vn 0.7988 0.3014 -0.5207
vn 0.8185 0.2990 -0.4906
vn 0.8069 0.3628 -0.4662
vn 0.5985 0.7995 0.0498
vn 0.9146 0.4026 0.0382
vn 0.6684 0.7367 -0.1028
vn 0.6200 0.7557 -0.2110
vn 0.4412 0.8851 -0.1481
vn -0.3516 -0.0915 0.9317
vn -0.3852 -0.1272 0.9140
vn -0.3808 -0.2170 0.8988
vn -0.3331 -0.2432 0.9110
vn -0.3455 -0.2890 0.8928
vn -0.3845 -0.2771 0.8805
vn -0.3921 -0.0857 0.9159
vn -0.4107 -0.1637 0.8969
vn -0.3909 -0.1494 0.9082
vn -0.3861 -0.2208 0.8957
vn -0.3387 -0.3377 0.8782
vn -0.3686 0.0054 0.9296
vn -0.3936 -0.0614 0.9172
vn -0.3648 0.1291 0.9221
vn -0.3172 0.2196 0.9226
vn -0.2786 0.3432 0.8970
vn -0.3878 0.0736 0.9188
vn -0.3978 -0.0053 0.9175
vn -0.3386 0.2533 0.9062
vn -0.2822 0.3901 0.8765
vn -0.2322 0.4732 0.8498
vn -0.1690 0.5665 0.8065
vn -0.9451 -0.1267 0.3011
vn -0.8124 -0.2062 0.5455
vn -0.8180 -0.1314 0.5600
vn -0.9227 -0.0739 0.3785
vn -0.7787 -0.0885 0.6212
vn -0.8310 -0.0572 0.5534
vn -0.9804 -0.1689 0.1017
vn -0.9854 -0.0956 0.1411
vn -0.9604 -0.2597 -0.1011
vn -0.9743 -0.1872 -0.1256
vn -0.9897 -0.1340 -0.0509
vn -0.9233 -0.2125 -0.3200
vn -0.9461 -0.1820 -0.2678
vn -0.9688 -0.1928 -0.1559
vn -0.8978 -0.2138 -0.3850
vn -0.9162 -0.2207 -0.3345
vn -0.9473 -0.1740 -0.2689
vn 0.1560 -0.2579 0.9535
vn 0.0546 -0.2123 0.9757
vn -0.0431 -0.1253 0.9912
vn 0.2372 -0.2702 0.9331
vn 0.0903 -0.1848 0.9786
vn 0.3294 -0.3029 0.8943
vn 0.2323 -0.2238 0.9466
vn -0.9936 -0.0877 0.0706
vn -0.9624 -0.1753 0.2076
vn -0.9705 -0.0757 0.2290
vn -0.9840 -0.1779 0.0098
vn -0.9906 -0.1250 -0.0548
vn -0.9725 -0.1292 -0.1936
vn -0.9424 -0.0652 -0.3281
vn -0.9176 -0.1471 0.3693
vn -0.7907 -0.1170 0.6010
vn -0.8744 -0.1246 0.4689
vn -0.9682 -0.1012 0.2289
vn -0.9355 -0.0564 0.3488
vn -0.9145 -0.0571 0.4005
vn -0.9391 -0.1173 0.3230
vn -0.9675 -0.1039 0.2306
vn -0.9919 -0.1077 0.0674
vn -0.9829 -0.1579 0.0951
vn -0.9879 -0.1424 -0.0618
vn -0.9906 -0.1349 -0.0210
vn -0.9762 -0.1455 -0.1606
vn -0.9775 -0.1648 -0.1321
vn -0.8966 -0.0303 -0.4417
vn -0.9089 -0.2002 -0.3658
vn -0.9423 -0.1325 -0.3074
vn -0.9330 -0.0397 -0.3576
vn -0.7973 -0.0807 0.5982
vn -0.6669 -0.0668 0.7422
vn -0.6025 -0.0293 0.7976
vn -0.7443 -0.0602 0.6651
vn -0.1508 0.0038 0.9886
vn -0.2231 0.1210 0.9672
vn 0.0050 -0.0751 0.9972
vn 0.0094 0.0121 0.9999
vn -0.1029 0.1842 0.9775
vn -0.2270 0.3771 0.8979
vn 0.0255 0.5334 0.8455
vn 0.2312 -0.1717 0.9576
vn 0.1417 -0.0198 0.9897
vn 0.1286 0.3561 0.9255
vn 0.1652 -0.0874 0.9824
vn 0.3651 -0.2592 0.8942
vn 0.3071 0.7135 0.6298
vn 0.4769 0.4692 0.7432
vn 0.3299 0.1042 0.9383
vn 0.5014 0.7260 0.4707
vn -0.9228 0.0075 0.3851
vn -0.9764 0.0711 0.2040
vn -0.8796 0.2372 0.4124
vn -0.8747 0.3920 0.2849
vn -0.9955 0.0942 -0.0140
vn -0.9491 0.3001 -0.0958
vn -0.9802 0.0773 -0.1820
vn -0.9486 0.2038 -0.2421
vn -0.8513 0.3873 -0.3540
vn -0.8392 0.3174 -0.4416
vn -0.8550 -0.0421 0.5169
vn -0.7351 -0.0081 0.6779
vn -0.6701 0.1187 0.7327
vn -0.8187 0.0854 0.5678
vn -0.5386 0.2598 0.8015
vn -0.7110 0.2630 0.6521
vn -0.4903 0.5424 0.6822
vn -0.8377 0.5278 -0.1406
vn -0.6291 0.6159 -0.4742
vn -0.8621 0.1991 -0.4661
vn -0.9380 0.0504 -0.3430
vn -0.5134 0.5908 -0.6224
vn -0.6567 0.3206 -0.6826
vn -0.6136 0.0064 0.7896
vn -0.5714 0.0371 0.8198
vn -0.4446 0.0720 0.8928
vn -0.4667 0.1941 0.8628
vn -0.3870 0.3891 0.8360
vn -0.2445 0.5269 0.8140
vn -0.1244 0.8547 -0.5040
vn -0.0456 0.7435 -0.6672
vn -0.2591 0.5634 -0.7845
vn -0.5752 0.7894 0.2144
vn -0.4711 0.8445 -0.2548
vn -0.0539 0.7336 0.6775
vn -0.2519 0.8876 0.3855
vn -0.0936 0.9907 -0.0990
vn -0.2582 -0.4442 0.8579
vn -0.2087 -0.4278 0.8794
vn -0.2395 -0.4259 0.8725
vn -0.1743 -0.4049 0.8976
vn -0.1624 -0.4148 0.8953
vn -0.1634 -0.4114 0.8967
vn -0.1486 -0.4210 0.8948
vn -0.2201 -0.4199 0.8805
vn -0.2792 -0.4324 0.8574
vn -0.2575 -0.4250 0.8678
vn -0.2850 -0.4400 0.8516
vn -0.2736 -0.4395 0.8555
vn -0.2769 -0.2502 0.9277
vn -0.3145 -0.2963 0.9018
vn -0.2915 -0.3503 0.8901
vn -0.2310 -0.3994 0.8872
vn -0.2783 -0.4028 0.8720
vn -0.3117 -0.3975 0.8630
vn -0.2009 0.7543 0.6251
vn 0.2907 0.4275 0.8560
vn 0.5679 -0.0140 0.8230
vn 0.5971 -0.1014 0.7957
vn 0.4702 0.3454 0.8122
vn 0.5712 -0.0217 0.8205
vn -0.2844 0.4181 0.8627
vn -0.2623 0.5876 0.7655
vn -0.3404 0.8758 0.3422
vn -0.3078 0.7375 0.6012
vn -0.2350 0.8848 0.4023
vn 0.1415 0.7337 0.6645
vn 0.5575 0.1862 0.8090
vn -0.2837 0.8673 0.4091
vn -0.2214 0.7426 0.6321
vn -0.3933 0.9101 0.1308
vn -0.3270 0.9165 0.2305
vn 0.0335 0.8972 0.4404
vn 0.6776 -0.0133 0.7353
vn 0.6431 0.0182 0.7656
vn -0.2017 0.6079 0.7680
vn -0.3319 0.9420 0.0508
vn 0.4471 0.8411 0.3043
vn 0.7568 0.0498 0.6518
vn 0.7643 0.3136 0.5635
vn -0.4075 0.9125 0.0372
vn -0.2364 0.8853 0.4005
vn -0.2652 0.9215 -0.2838
vn -0.4422 0.8458 -0.2984
vn -0.0069 0.9985 0.0551
vn 0.1869 0.6930 0.6963
vn 0.7696 -0.0997 0.6307
vn 0.7597 0.2409 0.6039
vn -0.1230 0.6993 0.7042
vn -0.2332 0.9430 0.2376
vn -0.4349 0.8926 -0.1189
vn -0.4841 0.8153 -0.3178
vn -0.0221 0.9875 -0.1558
vn -0.2386 0.9646 0.1124
vn -0.0623 0.9028 -0.4254
vn -0.2684 0.4967 0.8254
vn -0.1420 0.6672 0.7312
vn -0.0668 0.7746 0.6289
vn -0.1129 0.7853 0.6088
vn -0.0455 0.8517 0.5220
vn -0.0256 0.9359 0.3512
vn -0.3239 0.9458 -0.0232
vn -0.3523 0.9238 -0.1496
vn 0.4394 -0.2654 0.8582
vn 0.2830 -0.2886 0.9147
vn 0.7156 -0.2885 0.6362
vn 0.4928 -0.3252 0.8071
vn 0.6384 -0.3650 0.6777
vn 0.5268 -0.3789 0.7609
vn 0.6969 -0.1826 0.6935
vn 0.6088 -0.4147 0.6763
vn 0.5164 -0.3795 0.7677
vn 0.7410 -0.2544 0.6214
vn 0.6593 -0.0130 0.7518
vn 0.7143 -0.3946 0.5780
vn 0.6760 -0.4593 0.5763
vn 0.7219 -0.0077 0.6919
vn 0.7354 -0.1166 0.6675
vn 0.7672 -0.2475 0.5917
vn 0.6475 -0.4833 0.5892
vn 0.7467 -0.4233 0.5130
vn 0.6974 -0.0426 0.7154
vn 0.7446 -0.0407 0.6663
vn 0.7529 -0.4381 0.4912
vn 0.8067 -0.1477 0.5722
vn 0.7787 0.0487 0.6255
vn 0.7245 -0.4816 0.4930
vn 0.6962 -0.5149 0.5001
vn 0.7463 -0.5044 0.4343
vn -0.8828 -0.2336 -0.4075
vn -0.8763 -0.2145 -0.4315
vn 0.3353 -0.3191 0.8864
vn 0.4173 -0.3293 0.8470
vn 0.4916 -0.3160 0.8115
vn 0.6565 -0.3987 0.6404
vn 0.5897 -0.3858 0.7095
vn -0.8978 -0.1332 -0.4197
vn 0.7252 -0.4362 0.5327
vn 0.6994 -0.5296 0.4800
vn -0.8633 -0.2395 -0.4444
vn -0.8746 -0.1814 -0.4497
vn -0.8413 -0.0654 -0.5365
vn -0.8357 -0.0411 -0.5477
vn 0.7092 -0.3855 0.5902
vn 0.7848 -0.4639 0.4109
vn 0.1336 0.7572 0.6394
vn -0.0359 0.6147 0.7879
vn 0.3197 0.8777 0.3570
vn 0.2040 0.8306 0.5181
vn 0.3953 0.8834 0.2517
vn 0.4567 0.8890 0.0334
vn 0.3921 0.9109 0.1283
vn 0.4232 0.8933 0.1512
vn 0.4564 0.8767 0.1521
vn 0.1496 0.7666 0.6244
vn 0.2822 0.8974 0.3391
vn 0.4312 0.8985 0.0820
vn 0.4417 0.8624 0.2472
vn 0.4878 0.8593 0.1538
vn 0.5161 -0.2938 0.8046
vn 0.5210 0.8370 0.1674
vn 0.4809 0.8760 -0.0357
vn 0.5500 0.8293 0.0993
vn 0.5759 0.8169 -0.0320
vn 0.4237 0.9058 0.0056
vn 0.6544 0.6669 0.3562
vn 0.6532 0.7354 0.1806
vn 0.5332 0.8394 0.1052
vn 0.5335 0.8388 0.1087
vn 0.7157 0.5843 0.3825
vn 0.5931 0.7832 0.1868
vn 0.5884 0.8084 0.0156
vn 0.5505 0.8345 -0.0233
vn 0.7604 0.5498 0.3457
vn 0.6900 0.6934 0.2073
vn 0.5314 0.8417 0.0950
vn -0.1684 -0.3732 0.9124
vn -0.1559 -0.4050 0.9009
vn -0.1515 -0.3738 0.9151
vn -0.1545 -0.4277 0.8906
vn -0.1298 -0.4026 0.9061
vn -0.1533 -0.3727 0.9152
vn -0.1608 -0.3858 0.9085
vn -0.1618 -0.3682 0.9156
vn -0.1958 -0.4096 0.8910
vn -0.1639 -0.4027 0.9005
vn -0.1254 -0.4084 0.9042
vn -0.1827 -0.4218 0.8881
vn 0.5241 0.8508 -0.0386
vn 0.8963 0.2039 0.3937
vn 0.8151 -0.1247 0.5658
vn 0.8247 0.5239 0.2133
vn 0.9027 0.0307 0.4293
vn -0.3888 0.8468 -0.3631
vn -0.5200 0.7190 -0.4611
vn 0.7331 0.6078 0.3051
vn 0.1315 0.9634 -0.2334
vn 0.8181 -0.0060 0.5751
vn 0.8199 -0.1689 0.5470
vn -0.5303 0.7096 -0.4640
vn -0.4529 0.8595 -0.2370
vn -0.2177 0.9730 -0.0763
vn 0.0963 0.6681 0.7378
vn 0.4320 0.1469 0.8898
vn 0.7516 -0.1421 0.6441
vn 0.7598 -0.2140 0.6140
vn 0.7808 -0.1480 0.6070
vn 0.7457 -0.3323 0.5775
vn 0.8302 -0.1475 0.5376
vn 0.7536 0.0767 0.6528
vn 0.8053 0.0869 0.5864
vn 0.7837 0.0227 0.6207
vn 0.7946 -0.2116 0.5690
vn 0.8209 0.0644 0.5675
vn 0.7888 0.0013 0.6146
vn 0.7512 -0.2812 0.5972
vn 0.7434 -0.4163 0.5235
vn 0.7931 -0.1425 0.5922
vn 0.5260 0.8014 -0.2847
vn 0.4639 0.8798 -0.1037
vn 0.5452 0.7057 -0.4524
vn 0.4421 0.8948 -0.0621
vn 0.4292 0.9014 -0.0571
vn 0.4409 0.8948 -0.0700
vn 0.5994 0.7033 -0.3821
vn 0.5355 0.8148 -0.2223
vn 0.6063 0.5904 -0.5328
vn 0.4046 0.9110 -0.0806
vn 0.5331 0.8267 -0.1799
vn 0.5848 0.7107 -0.3912
vn 0.6127 0.5848 -0.5316
vn 0.5297 0.5907 -0.6087
vn 0.5445 0.8350 -0.0792
vn 0.5355 0.8380 -0.1046
vn 0.4055 0.7042 -0.5828
vn 0.4986 0.7055 -0.5036
vn 0.4954 0.7773 -0.3877
vn 0.5587 0.8042 -0.2027
vn 0.3659 0.8152 -0.4490
vn 0.2649 0.8740 -0.4074
vn 0.5625 0.8185 -0.1164
vn 0.4734 0.8368 -0.2751
vn 0.5848 0.8111 0.0088
vn 0.6178 0.7664 -0.1759
vn 0.6182 0.7613 -0.1956
vn 0.2487 0.9178 -0.3095
vn -0.1854 -0.4665 0.8649
vn -0.2711 -0.5416 0.7957
vn -0.2099 -0.5698 0.7945
vn -0.2530 -0.6958 0.6722
vn -0.1522 -0.7120 0.6855
vn -0.1538 -0.8061 0.5714
vn -0.2487 -0.4420 0.8618
vn -0.0467 -0.9864 0.1579
vn -0.0955 -0.9586 0.2682
vn -0.0151 -0.9997 0.0202
vn -0.1371 -0.5758 0.8060
vn -0.0881 -0.9330 0.3490
vn -0.0740 -0.8612 0.5028
vn 0.0162 -0.9916 -0.1285
vn -0.0042 -0.9981 -0.0608
vn -0.1474 -0.4812 0.8641
vn -0.0910 -0.8116 0.5771
vn -0.1296 -0.6742 0.7271
vn -0.0323 -0.9763 0.2141
vn -0.0067 -0.9977 0.0680
vn 0.0091 -0.9879 -0.1546
vn 0.0011 -0.9961 -0.0882
vn 0.1821 0.8244 -0.5359
vn 0.3590 0.8062 -0.4704
vn 0.0698 0.8712 -0.4860
vn -0.0113 0.7923 -0.6100
vn -0.1954 0.8202 -0.5377
vn 0.0442 0.7603 -0.6481
vn 0.2776 0.7113 -0.6457
vn 0.1669 0.6470 -0.7440
vn 0.4145 0.5788 -0.7023
vn 0.3969 0.7004 -0.5932
vn 0.5803 0.5685 -0.5832
vn 0.5458 0.6463 -0.5333
vn 0.4548 0.7466 -0.4856
vn 0.4305 0.8121 -0.3940
vn 0.5865 0.6738 -0.4494
vn 0.4716 0.7809 -0.4096
vn 0.4852 0.7332 -0.4764
vn 0.4012 0.7393 -0.5408
vn 0.5707 0.6231 -0.5348
vn 0.2024 0.8267 -0.5250
vn 0.0635 0.8547 -0.5153
vn -0.0911 0.8947 -0.4372
vn -0.0457 0.8900 -0.4536
vn -0.1249 0.9201 -0.3713
vn 0.2935 0.7675 -0.5700
vn -0.2888 0.8600 -0.4207
vn 0.0291 0.8813 -0.4716
vn -0.4076 0.8309 -0.3788
vn -0.3140 0.8224 -0.4744
vn 0.1238 0.8905 -0.4379
vn -0.0572 0.9529 -0.2977
vn -0.1317 0.9362 -0.3259
vn -0.0365 0.8813 -0.4711
vn 0.1999 0.9389 -0.2804
vn 0.2514 0.8954 -0.3676
vn 0.2511 0.8112 -0.5282
vn 0.4046 0.8744 -0.2679
vn 0.4380 0.8229 -0.3619
vn 0.4093 0.7699 -0.4897
vn -0.0458 0.2845 -0.9576
vn 0.0226 0.8908 -0.4539
vn 0.2844 0.9477 0.1447
vn 0.0685 0.7996 -0.5967
vn 0.2507 0.9670 0.0458
vn 0.0562 0.7431 -0.6668
vn -0.0818 -0.0016 -0.9967
vn 0.0399 0.5517 -0.8331
vn 0.2041 0.9789 0.0129
vn 0.1816 0.9695 -0.1646
vn 0.3328 0.9391 -0.0856
vn 0.2276 0.9073 -0.3535
vn 0.1253 0.4586 -0.8797
vn 0.2212 0.0423 -0.9743
vn 0.3167 0.1587 -0.9351
vn 0.0882 0.0204 -0.9959
vn 0.3664 0.9055 -0.2142
vn 0.3433 0.7848 -0.5159
vn 0.2672 0.3560 -0.8955
vn 0.5102 0.7625 -0.3978
vn 0.3212 0.0266 -0.9466
vn 0.4500 0.3424 -0.8248
vn 0.4805 0.6163 -0.6239
vn 0.4921 0.7887 -0.3685
vn 0.5171 0.1547 -0.8418
vn 0.4151 0.0319 -0.9092
vn 0.6061 0.6113 -0.5089
vn 0.5493 0.6895 -0.4722
vn -0.1315 0.0329 -0.9908
vn -0.1318 -0.0608 -0.9894
vn -0.2485 -0.0129 -0.9685
vn -0.2498 -0.0877 -0.9643
vn 0.0058 -0.0384 -0.9992
vn 0.0315 0.0963 -0.9948
vn -0.0772 0.1562 -0.9847
vn 0.1459 0.1751 -0.9737
vn 0.0220 0.2351 -0.9717
vn 0.1170 0.2789 -0.9532
vn 0.1850 0.0901 -0.9786
vn 0.1403 -0.0184 -0.9899
vn 0.2744 0.0070 -0.9616
vn 0.2767 0.1373 -0.9511
vn 0.4007 0.0935 -0.9114
vn 0.3891 0.2154 -0.8956
vn 0.2619 0.2610 -0.9291
vn 0.4098 0.3222 -0.8534
vn 0.5861 0.0005 -0.8102
vn 0.5463 0.0058 -0.8375
vn 0.4051 -0.0147 -0.9141
vn 0.5151 0.2216 -0.8279
vn 0.5560 0.0810 -0.8272
vn 0.2375 0.6941 -0.6795
vn 0.1375 0.5409 -0.8297
vn 0.1593 0.6216 -0.7670
vn 0.1071 0.4552 -0.8839
vn 0.2424 0.6443 -0.7254
vn 0.0848 0.3557 -0.9308
vn 0.2304 0.5342 -0.8134
vn 0.2406 0.4508 -0.8596
vn 0.1602 0.3664 -0.9166
vn 0.2448 0.6689 -0.7019
vn 0.2930 0.7567 -0.5844
vn 0.1943 0.7367 -0.6478
vn 0.2754 0.3485 -0.8959
vn 0.2423 0.5712 -0.7843
vn 0.3407 0.4132 -0.8445
vn 0.3307 0.4831 -0.8107
vn 0.3167 0.5538 -0.7701
vn 0.4287 0.4938 -0.7565
vn 0.4332 0.4192 -0.7979
vn 0.5023 0.3622 -0.7852
vn 0.5477 0.2723 -0.7911
vn 0.0377 -0.9819 -0.1857
vn 0.0329 -0.9843 -0.1736
vn 0.7699 0.2481 -0.5880
vn 0.7655 0.2589 -0.5891
vn 0.7816 0.2443 -0.5739
vn 0.7546 0.2629 -0.6012
vn 0.7555 0.3561 -0.5500
vn 0.7555 0.3172 -0.5732
vn 0.7761 0.3268 -0.5394
vn 0.7640 0.2648 -0.5883
vn 0.7809 0.2711 -0.5627
vn 0.7519 0.2648 -0.6037
vn 0.4167 0.8949 -0.1600
vn 0.5812 0.7378 -0.3433
vn 0.6432 0.6575 -0.3924
vn 0.3570 0.9275 -0.1105
vn 0.5088 0.8164 -0.2731
vn 0.5258 0.7803 -0.3386
vn 0.6832 0.5607 -0.4678
vn 0.6189 0.6610 -0.4243
vn 0.7265 0.4844 -0.4874
vn 0.4722 0.8379 -0.2738
vn 0.7459 0.3852 -0.5433
vn 0.7547 0.4061 -0.5153
vn 0.4379 0.8692 -0.2294
vn 0.6445 0.5784 -0.5001
vn 0.7043 0.4723 -0.5300
vn 0.5744 0.6927 -0.4362
vn 0.7174 0.4002 -0.5702
vn 0.6568 0.5133 -0.5523
vn 0.7193 0.3533 -0.5982
vn 0.0480 -0.9818 -0.1840
vn 0.0356 -0.9841 -0.1739
vn 0.0877 -0.9757 -0.2009
vn 0.0630 -0.9799 -0.1895
vn 0.0818 -0.9769 -0.1975
vn 0.0476 -0.9802 -0.1922
vn 0.0851 -0.9743 -0.2084
vn 0.1582 -0.9547 -0.2520
vn 0.1309 -0.9649 -0.2275
vn 0.0938 -0.9703 -0.2231
vn 0.2583 -0.9080 -0.3297
vn 0.2289 -0.9271 -0.2968
vn 0.7922 0.2332 -0.5639
vn 0.7888 0.2042 -0.5798
vn 0.8035 0.2126 -0.5561
vn 0.7744 0.2267 -0.5907
vn 0.7791 0.1933 -0.5964
vn 0.7955 0.2404 -0.5563
vn 0.7724 0.2513 -0.5833
vn 0.8263 0.2519 -0.5037
vn 0.7845 0.3664 -0.5003
vn 0.8189 0.2250 -0.5280
vn 0.7969 0.2503 -0.5498
vn -0.5028 -0.0854 0.8602
vn -0.5494 -0.1312 0.8252
vn -0.4613 -0.1843 0.8679
vn -0.5076 -0.2195 0.8332
vn -0.3690 -0.3654 0.8546
vn -0.2988 -0.1351 0.9447
vn -0.3786 -0.2089 0.9017
vn -0.2555 -0.1731 0.9512
vn -0.2351 -0.2736 0.9327
vn -0.0863 -0.2852 0.9546
vn -0.1314 -0.4099 0.9026
vn 0.0164 -0.3852 0.9227
vn -0.1309 -0.1791 0.9751
vn 0.0416 -0.5866 0.8088
vn 0.1603 -0.4226 0.8920
vn 0.0915 -0.3269 0.9406
vn 0.0120 -0.2186 0.9757
vn 0.2269 -0.5458 0.8066
vn -0.4771 0.0065 0.8788
vn -0.6709 -0.0404 0.7404
vn -0.5066 -0.0228 0.8619
vn -0.5767 -0.0714 0.8138
vn -0.4856 0.0469 0.8729
vn -0.4432 0.0154 0.8963
vn -0.4160 0.0496 0.9080
vn -0.3864 0.0077 0.9223
vn -0.4089 -0.0941 0.9077
vn -0.3975 0.0178 0.9174
vn -0.3627 0.0061 0.9319
vn -0.3794 0.0337 0.9246
vn -0.2564 -0.0613 0.9646
vn -0.3531 0.0758 0.9325
vn -0.3250 0.0472 0.9445
vn -0.2680 0.0562 0.9618
vn -0.0811 -0.1080 0.9908
vn -0.1665 -0.0237 0.9858
vn -0.2471 0.0069 0.9690
vn -0.0750 -0.0565 0.9956
vn -0.1355 -0.0348 0.9902
vn -0.2181 0.0305 0.9754
vn -0.4156 0.1106 0.9028
vn -0.3934 0.0683 0.9168
vn -0.3895 0.1019 0.9154
vn -0.3808 0.2736 0.8833
vn -0.3501 0.2887 0.8911
vn -0.3208 0.1401 0.9367
vn -0.3298 0.4399 0.8353
vn -0.2456 0.5022 0.8292
vn -0.2720 0.6011 0.7514
vn -0.1328 0.6905 0.7110
vn -0.3186 0.0688 0.9454
vn -0.2723 0.0648 0.9600
vn -0.2424 0.1240 0.9622
vn -0.2145 0.2741 0.9375
vn -0.2206 0.5878 0.7784
vn -0.1239 0.7804 0.6129
vn -0.0995 0.7295 0.6767
vn -0.2146 -0.4045 0.8890
vn -0.2845 -0.4017 0.8705
vn -0.2037 -0.4395 0.8749
vn -0.1886 -0.3727 0.9086
vn -0.1292 -0.4401 0.8886
vn -0.3039 -0.2989 0.9046
vn -0.3410 -0.1930 0.9200
vn -0.3049 -0.1228 0.9444
vn -0.2494 -0.2014 0.9472
vn -0.3255 -0.3392 0.8826
vn -0.2459 -0.0704 0.9667
vn -0.1908 -0.3037 0.9335
vn -0.1575 -0.1327 0.9786
vn -0.1520 -0.2165 0.9644
vn -0.0785 -0.2581 0.9629
vn -0.0835 -0.3332 0.9392
vn -0.1113 -0.3959 0.9115
vn -0.3521 0.1813 0.9182
vn -0.3829 0.0225 0.9235
vn -0.3504 -0.0313 0.9361
vn -0.3521 0.3652 0.8618
vn -0.3904 0.2464 0.8871
vn -0.3387 0.0901 0.9366
vn -0.3526 0.2206 0.9094
vn -0.4804 0.1069 0.8705
vn -0.4254 0.0659 0.9026
vn -0.2895 0.2139 0.9330
vn -0.2433 0.0216 0.9697
vn -0.2402 0.1173 0.9636
vn -0.2616 0.2128 0.9414
vn -0.2052 0.0076 0.9787
vn -0.1514 -0.0494 0.9872
vn -0.1902 0.2722 0.9433
vn -0.1216 0.0538 0.9911
vn -0.1102 0.1801 0.9774
vn -0.1527 0.3500 0.9242
vn -0.9605 -0.2779 -0.0130
vn -0.8928 -0.4219 0.1576
vn -0.9473 -0.3203 0.0080
vn -0.4276 0.5709 0.7009
vn -0.6534 -0.4452 0.6122
vn -0.8341 -0.3944 0.3857
vn -0.6809 -0.5516 0.4818
vn -0.7764 -0.3235 0.5409
vn -0.8132 -0.5001 0.2977
vn -0.9127 -0.3781 0.1551
vn -0.9337 -0.2165 0.2851
vn -0.8044 -0.2286 0.5484
vn -0.8673 -0.3199 0.3814
vn -0.7196 0.2541 0.6462
vn -0.9884 -0.1513 -0.0159
vn -0.6462 0.4250 0.6339
vn -0.9240 -0.0501 0.3791
vn -0.8550 0.1989 0.4791
vn -0.9636 0.1401 0.2278
vn -0.9806 -0.1114 0.1615
vn -0.4946 0.6155 0.6136
vn -0.9961 -0.0616 -0.0626
vn -0.9789 -0.0954 -0.1806
vn -0.5313 -0.4114 0.7406
vn -0.5198 -0.5768 0.6302
vn -0.6181 -0.5367 0.5743
vn -0.7589 -0.4949 0.4232
vn -0.7274 -0.3939 0.5618
vn -0.6076 -0.3409 0.7173
vn -0.6600 -0.0158 0.7511
vn -0.3879 -0.5247 0.7578
vn -0.3553 -0.6019 0.7152
vn -0.3675 -0.3752 0.8510
vn -0.4935 -0.1837 0.8501
vn -0.4948 -0.4691 0.7315
vn -0.1427 -0.5812 0.8012
vn -0.2500 -0.6070 0.7544
vn -0.2704 -0.5817 0.7672
vn -0.4292 -0.5234 0.7361
vn -0.1625 -0.5332 0.8303
vn -0.2651 -0.5560 0.7878
vn -0.1432 -0.5107 0.8478
vn -0.2082 -0.2767 0.9381
vn -0.0815 -0.6227 0.7782
vn 0.0361 -0.5880 0.8080
vn -0.0227 -0.1280 0.9915
vn -0.1013 0.1305 0.9863
vn -0.0133 -0.3145 0.9492
vn 0.2180 -0.5436 0.8105
vn 0.1849 -0.5131 0.8382
vn -0.0097 -0.5386 0.8425
vn 0.1261 -0.5675 0.8137
vn -0.0287 -0.5914 0.8059
vn 0.0512 -0.4617 0.8855
vn -0.6987 -0.2632 0.6652
vn -0.6614 -0.1554 0.7337
vn -0.6644 -0.0984 0.7409
vn -0.9153 -0.2276 0.3323
vn -0.9573 -0.2635 0.1186
vn -0.9528 -0.1826 -0.2427
vn -0.9172 -0.1685 -0.3610
vn -0.9097 -0.1857 -0.3714
vn -0.5808 -0.2692 0.7682
vn -0.9583 -0.0486 -0.2818
vn -0.6331 -0.0406 0.7730
vn -0.5165 -0.0010 0.8563
vn -0.3165 0.4524 0.8338
vn 0.1677 0.6411 -0.7489
vn -0.1982 0.6305 0.7505
vn -0.0676 0.7705 0.6339
vn 0.0329 0.8135 0.5806
vn 0.2076 0.6741 -0.7088
vn 0.3324 0.5283 -0.7813
vn 0.4491 0.4985 -0.7415
vn 0.3383 0.5319 -0.7763
vn -0.1450 0.7926 0.5922
vn 0.0121 0.8951 0.4456
vn 0.1544 0.9427 0.2956
vn 0.2571 0.7589 -0.5983
vn 0.4320 0.4347 -0.7902
vn 0.4494 0.4647 -0.7629
vn -0.0520 0.8269 0.5599
vn 0.3183 0.9445 -0.0816
vn 0.3156 0.9447 -0.0886
vn 0.3035 0.7159 -0.6289
vn 0.2689 0.4696 -0.8409
vn 0.3051 0.5334 -0.7889
vn 0.3921 0.4701 -0.7908
vn 0.2700 0.4530 -0.8497
vn 0.0174 0.9750 0.2215
vn -0.0883 0.9070 0.4117
vn 0.1036 0.9891 0.1049
vn 0.1937 0.9746 0.1127
vn 0.1982 0.9552 0.2196
vn 0.2394 0.4885 -0.8391
vn 0.2799 0.5208 -0.8065
vn 0.2790 0.4677 -0.8387
vn -0.0350 0.9972 -0.0667
vn -0.2136 0.9768 0.0154
vn 0.1562 0.8527 -0.4985
vn 0.2195 0.6234 -0.7504
vn 0.1951 0.7278 -0.6575
vn 0.2224 0.5739 -0.7882
vn 0.2788 0.5164 -0.8097
vn 0.1066 0.8092 -0.5778
vn 0.0816 0.9390 0.3340
vn 0.1458 0.9738 -0.1743
vn 0.2689 0.9077 0.3221
vn 0.2080 0.8744 0.4384
vn -0.2667 -0.4496 0.8525
vn -0.2286 -0.4387 0.8691
vn -0.1849 -0.4382 0.8797
vn -0.2291 -0.4327 0.8720
vn -0.1957 -0.4382 0.8773
vn -0.2677 -0.4441 0.8551
vn -0.2742 -0.4323 0.8591
vn -0.2359 -0.4477 0.8625
vn -0.2109 -0.4532 0.8661
vn -0.1668 -0.4519 0.8763
vn -0.1563 -0.4500 0.8793
vn -0.1189 -0.4508 0.8847
vn -0.3863 0.7517 0.5346
vn -0.5795 0.7509 0.3167
vn -0.8849 0.4402 0.1523
vn -0.1353 0.8493 0.5103
vn -0.0966 0.8873 0.4510
vn -0.1260 0.9856 0.1127
vn -0.0085 0.9468 0.3216
vn -0.9891 0.0454 -0.1400
vn -0.9741 -0.0270 -0.2246
vn -0.9395 0.3407 -0.0363
vn -0.7380 0.6292 0.2439
vn -0.3722 0.7656 0.5247
vn -0.6776 0.7120 0.1844
vn -0.9870 0.0909 -0.1329
vn -0.9218 0.2031 -0.3301
vn -0.9445 0.0150 -0.3281
vn -0.6898 0.7205 0.0707
vn -0.1939 0.9442 0.2662
vn -0.7569 0.6494 -0.0728
vn -0.9791 0.0477 -0.1976
vn -0.3657 0.9307 0.0084
vn -0.8409 0.4760 -0.2576
vn -0.9394 0.0618 -0.3371
vn -0.1397 0.9840 0.1110
vn -0.6434 0.7623 -0.0697
vn -0.9293 0.1645 -0.3306
vn -0.8917 -0.1751 -0.4175
vn -0.9046 -0.1977 -0.3777
vn -0.8931 -0.1775 -0.4133
vn -0.9411 -0.0502 -0.3343
vn -0.9362 -0.0741 -0.3437
vn -0.9120 -0.1388 -0.3860
vn -0.9253 0.0067 -0.3792
vn -0.9229 -0.0556 -0.3811
vn -0.9118 -0.1321 -0.3889
vn -0.8830 -0.1663 -0.4389
vn -0.8797 -0.2043 -0.4293
vn -0.9138 -0.1459 -0.3791
vn -0.9211 0.0261 -0.3885
vn -0.9085 -0.0202 -0.4173
vn -0.9038 -0.1000 -0.4162
vn -0.8807 -0.0416 -0.4719
vn -0.8577 -0.0672 -0.5097
vn -0.8905 -0.1263 -0.4372
vn -0.8639 -0.0795 -0.4974
vn -0.8883 0.0609 -0.4553
vn -0.8865 0.0775 -0.4562
vn -0.8477 -0.1262 -0.5152
vn -0.8352 -0.0050 -0.5499
vn -0.8736 -0.2043 -0.4417
vn -0.8856 -0.1838 -0.4266
vn -0.8503 -0.1764 -0.4958
vn -0.8800 -0.1757 -0.4412
vn -0.8353 -0.0057 -0.5498
vn -0.7887 0.0642 -0.6115
vn -0.8524 0.0103 -0.5229
vn -0.8983 -0.1995 -0.3915
vn -0.7516 0.2241 -0.6204
vn 0.9553 -0.0173 0.2953
vn 0.8794 -0.1503 0.4518
vn 0.9296 -0.1818 0.3205
vn 0.9730 -0.0953 0.2101
vn -0.0288 0.6133 -0.7893
vn -0.0848 0.6876 -0.7212
vn -0.1874 0.5338 -0.8246
vn 0.0865 0.7212 -0.6873
vn 0.1212 0.6155 -0.7788
vn -0.2453 0.6896 -0.6814
vn -0.4229 0.3819 -0.8217
vn -0.8876 -0.0879 -0.4521
vn -0.8609 -0.1363 -0.4902
vn -0.7718 0.1562 -0.6164
vn -0.8225 -0.0055 -0.5688
vn -0.6529 0.3714 -0.6601
vn 0.0160 0.8035 -0.5951
vn -0.1545 0.7746 -0.6133
vn -0.4506 0.5590 -0.6961
vn -0.2596 0.7070 -0.6579
vn -0.3873 0.6017 -0.6985
vn -0.5416 0.4239 -0.7259
vn -0.5486 0.4546 -0.7017
vn -0.1242 0.7873 -0.6040
vn -0.3167 0.5633 -0.7631
vn 0.1444 0.7414 -0.6553
vn 0.1166 0.8241 -0.5543
vn -0.0433 0.8333 -0.5510
vn 0.0536 0.8573 -0.5120
vn -0.2152 0.7048 -0.6760
vn 0.1690 0.7701 -0.6152
vn 0.0880 0.8878 -0.4517
vn 0.0280 0.8651 -0.5007
vn -0.0868 0.7524 -0.6530
vn -0.3025 0.3928 -0.8684
vn 0.0372 0.4824 -0.8752
vn -0.2539 0.3882 -0.8859
vn 0.8833 -0.0691 0.4637
vn 0.8174 -0.1155 0.5644
vn 0.8127 -0.1666 0.5584
vn 0.8999 0.1038 0.4236
vn 0.8499 0.3321 0.4092
vn 0.8532 0.4249 0.3026
vn 0.6835 0.7175 0.1342
vn 0.2444 0.4829 -0.8408
vn -0.0573 0.3762 -0.9248
vn 0.0612 0.4697 -0.8807
vn 0.2075 0.4238 -0.8817
vn 0.9436 0.1689 0.2847
vn 0.8830 0.4451 0.1488
vn 0.7725 0.6347 0.0172
vn 0.2964 0.5365 -0.7901
vn 0.0260 0.4118 -0.9109
vn -0.1395 0.4894 -0.8608
vn 0.9888 0.0531 0.1393
vn 0.9503 0.2975 0.0922
vn 0.2939 0.5657 -0.7704
vn 0.2385 0.6596 -0.7128
vn 0.1985 0.7041 -0.6818
vn 0.1710 0.7455 -0.6442
vn -0.1711 -0.3787 0.9096
vn -0.1914 -0.3998 0.8964
vn -0.2390 -0.4195 0.8758
vn -0.2158 -0.4271 0.8781
vn -0.1878 -0.3828 0.9045
vn -0.1945 -0.4213 0.8858
vn -0.1691 -0.4033 0.8993
vn -0.5381 0.7557 -0.3733
vn -0.6901 0.5354 -0.4869
vn -0.1801 0.9835 0.0151
vn 0.8917 0.1901 0.4109
vn 0.3981 0.4548 0.7967
vn 0.5520 0.8163 0.1700
vn 0.7644 -0.0597 0.6419
vn -0.3083 0.9348 -0.1764
vn -0.5750 0.7066 -0.4124
vn -0.5024 0.8010 -0.3255
vn -0.6029 0.7916 -0.0993
vn 0.1748 0.8772 0.4471
vn 0.7153 -0.1432 0.6840
vn 0.6918 -0.2480 0.6782
vn 0.4264 0.7172 0.5511
vn 0.5707 0.1092 0.8139
vn -0.1121 0.9936 0.0112
vn -0.2338 0.9617 -0.1433
vn -0.3769 0.8889 -0.2605
vn -0.5973 0.7231 -0.3470
vn -0.4738 0.8235 -0.3121
vn -0.5358 0.8289 -0.1607
vn -0.3834 0.8611 0.3339
vn -0.0139 0.6418 0.7667
vn 0.5991 -0.0705 0.7976
vn 0.7417 -0.2504 0.6222
vn 0.8553 -0.1389 0.4992
vn 0.8327 0.0367 0.5524
vn -0.4092 0.9119 -0.0329
vn -0.8569 0.4317 -0.2819
vn -0.5739 0.7872 -0.2258
vn -0.3865 0.8960 -0.2188
vn -0.3075 0.9117 -0.2723
vn -0.3675 0.8476 -0.3828
vn -0.1681 0.9813 -0.0934
vn 0.2896 0.9469 0.1396
vn -0.7577 0.5073 -0.4105
vn -0.9270 0.1814 -0.3284
vn -0.2639 0.9393 -0.2193
vn -0.4712 0.8182 -0.3293
vn -0.3605 0.8988 -0.2494
vn -0.2648 0.9183 -0.2942
vn -0.1641 0.9427 -0.2906
vn -0.4890 0.7228 -0.4883
vn -0.8313 0.2942 -0.4716
vn -0.2635 0.8960 -0.3573
vn -0.4944 0.4418 -0.7486
vn -0.7064 0.2926 -0.6445
vn -0.2048 0.8058 -0.5557
vn -0.0935 0.9577 -0.2721
vn 0.0510 0.9556 -0.2901
vn 0.8113 -0.1161 0.5730
vn 0.8669 0.1509 0.4751
vn 0.7729 -0.3251 0.5450
vn 0.8386 -0.3615 0.4075
vn 0.7803 -0.3164 0.5395
vn 0.7225 -0.2262 0.6533
vn 0.8057 0.1333 0.5772
vn 0.7819 0.0022 0.6234
vn 0.7888 -0.2463 0.5632
vn 0.8069 0.1514 0.5709
vn 0.7726 -0.1007 0.6268
vn 0.8462 -0.2565 0.4671
vn 0.8048 -0.1724 0.5679
vn 0.8408 0.0939 0.5331
vn 0.8964 -0.1852 0.4027
vn 0.8352 -0.1670 0.5241
vn 0.9305 0.0973 0.3530
vn 0.8918 0.1125 0.4383
vn 0.9155 -0.0775 0.3948
vn 0.8917 -0.1888 0.4113
vn 0.9412 0.1441 0.3056
vn -0.7827 -0.0389 -0.6211
vn -0.8271 0.1197 -0.5492
vn -0.7620 -0.0582 -0.6450
vn -0.8325 0.1386 -0.5365
vn -0.6851 -0.0040 -0.7284
vn -0.7066 0.1713 -0.6866
vn -0.5230 0.1862 -0.8317
vn -0.6263 -0.0322 -0.7789
vn -0.7274 0.1010 -0.6788
vn -0.7168 0.2193 -0.6619
vn -0.5193 0.1592 -0.8396
vn -0.3866 0.0984 -0.9170
vn -0.3373 0.2145 -0.9166
vn -0.5205 0.3296 -0.7877
vn -0.5192 0.2771 -0.8085
vn -0.3196 0.2248 -0.9205
vn -0.4582 0.0707 -0.8861
vn -0.0819 0.1478 -0.9856
vn -0.1681 0.4209 -0.8914
vn -0.2852 0.3138 -0.9057
vn 0.8748 -0.3076 0.3742
vn 0.8132 -0.4469 0.3728
vn 0.9152 -0.2842 0.2856
vn 0.8546 -0.3605 0.3738
vn 0.9628 -0.1697 0.2101
vn 0.9610 -0.1766 0.2130
vn 0.9084 -0.2794 0.3109
vn 0.9973 0.0651 0.0330
vn 0.9952 -0.0118 0.0971
vn 0.9937 -0.0394 0.1046
vn 0.9574 -0.1621 0.2391
vn 0.9241 -0.1948 0.3287
vn 0.9807 0.1873 -0.0565
vn 0.9947 0.1008 0.0194
vn 0.9827 -0.0440 0.1798
vn 0.9891 0.1154 0.0918
vn 0.9602 0.2772 0.0334
vn 0.9285 -0.1152 0.3531
vn 0.9767 0.1145 0.1817
vn -0.7374 0.0753 -0.6713
vn -0.6613 0.2805 -0.6957
vn 0.9688 -0.0040 0.2478
vn 0.9580 -0.0977 0.2696
vn 0.9363 -0.1461 0.3194
vn 0.9708 -0.0074 0.2396
vn 0.9663 0.2266 0.1220
vn 0.9242 0.3561 0.1379
vn -0.6145 0.2260 -0.7559
vn -0.3313 0.4325 -0.8385
vn -0.4987 0.4054 -0.7661
vn -0.3601 0.6023 -0.7124
vn -0.2621 0.3242 -0.9090
vn -0.0923 0.5441 -0.8339
vn -0.1022 0.3882 -0.9159
vn 0.5238 0.8326 -0.1800
vn 0.7171 0.6813 -0.1471
vn 0.6369 0.7680 -0.0669
vn 0.6983 0.7118 -0.0757
vn 0.7522 0.6295 -0.1947
vn 0.5780 0.8030 -0.1454
vn 0.7823 0.6223 0.0260
vn 0.7944 0.6039 0.0653
vn 0.8447 0.5316 -0.0621
vn 0.9582 0.2825 -0.0465
vn 0.8851 0.4304 -0.1772
vn 0.9617 0.2482 -0.1159
vn 0.8353 0.5354 -0.1250
vn 0.8902 0.4556 0.0048
vn -0.1503 -0.5373 0.8299
vn -0.1435 -0.6879 0.7115
vn -0.0680 -0.9332 0.3528
vn -0.0895 -0.8965 0.4340
vn -0.1140 -0.7896 0.6030
vn 0.0156 -0.9935 -0.1128
vn -0.0394 -0.9943 0.0990
vn -0.0247 -0.9991 -0.0355
vn -0.0693 -0.9744 0.2137
vn -0.1118 -0.8691 0.4818
vn -0.0417 -0.9991 0.0013
vn -0.0610 -0.9933 0.0978
vn -0.0795 -0.9577 0.2767
vn 0.6182 0.7579 0.2082
vn 0.7234 -0.1647 0.6705
vn 0.9184 -0.0283 0.3946
vn 0.8644 0.4932 0.0977
vn 0.9731 0.2276 0.0365
vn 0.9389 -0.0639 0.3381
vn 0.9685 -0.1761 0.1760
vn 0.9778 0.0352 0.2065
vn 0.9902 0.0587 0.1265
vn 0.9964 0.0429 0.0726
vn 0.9903 -0.1332 0.0403
vn 0.9969 0.0737 -0.0271
vn 0.9314 0.1018 -0.3494
vn 0.8701 0.4401 -0.2218
vn 0.8178 0.4158 -0.3978
vn 0.9289 0.0236 -0.3695
vn 0.9757 0.0821 -0.2033
vn -0.2406 0.9557 -0.1694
vn -0.0411 0.9793 -0.1982
vn 0.2058 0.9731 -0.1040
vn 0.6816 0.7140 0.1600
vn -0.2584 0.9652 -0.0391
vn 0.0004 0.9994 0.0347
vn 0.8095 0.5709 0.1367
vn 0.4181 0.9012 -0.1142
vn 0.9962 0.0262 -0.0833
vn 0.8615 0.5067 -0.0322
vn 0.4898 0.8313 -0.2628
vn -0.2890 0.9183 -0.2708
vn -0.0372 0.9770 -0.2100
vn 0.2243 0.9225 -0.3142
vn 0.3848 0.8014 -0.4580
vn 0.4543 0.7643 -0.4576
vn -0.0435 0.9571 -0.2864
vn 0.2138 0.8704 -0.4434
vn 0.0578 0.9296 -0.3639
vn 0.3989 0.7584 -0.5155
vn 0.5238 0.5689 -0.6340
vn 0.4656 0.7539 -0.4635
vn 0.4572 0.6462 -0.6111
vn 0.1283 0.9191 -0.3724
vn 0.2841 0.8480 -0.4475
vn 0.4055 0.7247 -0.5571
vn 0.9340 -0.1457 0.3263
vn 0.9651 0.0514 0.2566
vn 0.9837 -0.0647 0.1680
vn 0.9672 -0.0911 0.2370
vn 0.9834 -0.1005 0.1514
vn 0.9878 -0.0007 0.1558
vn 0.9922 0.0855 0.0910
vn 0.9984 -0.0567 -0.0075
vn 0.9752 -0.0234 -0.2200
vn 0.9957 -0.0876 -0.0308
vn 0.9055 0.1656 -0.3907
vn 0.9688 0.0879 -0.2317
vn 0.9375 0.0666 -0.3416
vn 0.9302 -0.0237 -0.3662
vn 0.9971 -0.0262 0.0711
vn 0.9988 -0.0096 -0.0486
vn 0.9919 0.0569 -0.1135
vn 0.9773 -0.0319 -0.2096
vn 0.5177 0.6075 -0.6025
vn 0.6887 0.6384 -0.3438
vn 0.8285 0.5272 -0.1889
vn 0.8421 0.4261 -0.3305
vn 0.7691 0.4575 -0.4463
vn 0.7646 0.3910 -0.5123
vn 0.8670 0.3080 -0.3917
vn 0.7328 0.3520 -0.5823
vn 0.8556 0.2510 -0.4527
vn 0.8010 0.2704 -0.5341
vn 0.6346 0.4983 -0.5907
vn 0.9801 0.1137 0.1626
vn 0.9900 0.0210 0.1393
vn 0.9804 0.1965 0.0161
vn 0.9945 0.0993 0.0336
vn 0.9369 0.3452 -0.0555
vn 0.8985 0.4377 0.0340
vn 0.9820 0.1781 -0.0636
vn 0.9353 0.3065 -0.1769
vn 0.9227 0.2943 -0.2490
vn 0.9438 0.2230 -0.2441
vn 0.9870 0.1079 -0.1193
vn 0.9540 0.1465 -0.2614
vn 0.9279 0.1728 -0.3303
vn 0.8275 0.1942 -0.5267
vn 0.9998 0.0177 0.0032
vn 0.5737 0.6894 -0.4422
vn 0.5646 0.7791 -0.2725
vn 0.6478 0.7530 -0.1154
vn 0.7457 0.6550 -0.1223
vn 0.0227 -0.9854 -0.1687
vn 0.0266 -0.9828 -0.1825
vn 0.6871 0.2816 -0.6697
vn 0.6583 0.3055 -0.6879
vn 0.6956 0.3005 -0.6526
vn 0.6835 0.3586 -0.6358
vn 0.6861 0.3077 -0.6592
vn 0.7311 0.2937 -0.6158
vn 0.7060 0.2693 -0.6550
vn 0.7201 0.2687 -0.6397
vn 0.6563 0.2890 -0.6969
vn 0.6506 0.2805 -0.7057
vn 0.5904 0.3594 -0.7227
vn 0.6070 0.2918 -0.7392
vn 0.6173 0.2783 -0.7359
vn 0.5658 0.3234 -0.7585
vn 0.5627 0.3106 -0.7661
vn 0.6401 0.4582 -0.6167
vn 0.5724 0.5688 -0.5907
vn 0.6079 0.5511 -0.5717
vn 0.6292 0.5282 -0.5702
vn 0.6806 0.4340 -0.5902
vn 0.6671 0.2004 -0.7175
vn 0.6774 0.0281 -0.7351
vn 0.7877 0.0608 -0.6130
vn 0.7490 0.2606 -0.6092
vn 0.8681 0.0204 -0.4959
vn 0.8534 0.2060 -0.4788
vn 0.6460 0.5324 -0.5470
vn 0.6415 0.4364 -0.6309
vn 0.6438 0.6159 -0.4541
vn 0.5781 0.5637 -0.5899
vn 0.6438 0.3466 -0.6822
vn 0.5957 0.4468 -0.6675
vn 0.6612 0.1416 -0.7367
vn 0.6963 0.2334 -0.6787
vn 0.7675 0.1517 -0.6229
vn 0.6928 0.0291 -0.7205
vn 0.7739 0.0538 -0.6310
vn 0.8632 -0.0079 -0.5048
vn 0.8438 0.0283 -0.5359
vn 0.8597 0.1157 -0.4975
vn 0.9205 -0.0084 -0.3906
vn 0.5681 0.4425 -0.6939
vn 0.5889 0.3820 -0.7122
vn 0.7429 0.2863 -0.6051
vn 0.6222 0.3212 -0.7140
vn 0.0608 -0.9748 -0.2147
vn 0.1342 -0.9426 -0.3059
vn 0.0719 -0.9733 -0.2179
vn 0.1131 -0.9618 -0.2491
vn 0.1387 -0.9312 -0.3370
vn 0.0688 -0.9669 -0.2457
vn 0.7271 0.1883 -0.6602
vn 0.7155 0.2127 -0.6655
vn 0.6975 0.1943 -0.6897
vn 0.6753 0.2139 -0.7059
vn 0.6910 0.2447 -0.6802
vn 0.6630 0.2052 -0.7199
vn 0.6603 0.2641 -0.7030
vn 0.6541 0.2322 -0.7199
vn 0.7371 0.2644 -0.6219
vn 0.7224 0.2449 -0.6466
vn 0.7443 0.2433 -0.6220
vn 0.7485 0.2171 -0.6265
vn 0.7054 0.2822 -0.6502
vn 0.7118 0.2889 -0.6401
vn 0.6820 0.2884 -0.6721
vn 0.6378 0.3015 -0.7088
vn 0.7457 0.2592 -0.6138
vn 0.7333 0.2787 -0.6202
vn 0.7267 0.2750 -0.6296
vn 0.2728 -0.9041 -0.3290
vn 0.1528 -0.9558 -0.2511
vn 0.2075 -0.9301 -0.3030
vn 0.3192 -0.8801 -0.3516
vn 0.5666 -0.6435 -0.5147
vn 0.4103 -0.8056 -0.4274
vn 0.7017 -0.4079 -0.5841
vn 0.5164 -0.7095 -0.4796
vn 0.3841 -0.8082 -0.4464
vn 0.5941 -0.6047 -0.5304
vn 0.4528 -0.7657 -0.4569
vn 0.7190 -0.3249 -0.6144
vn 0.7811 -0.1148 -0.6137
vn 0.2021 -0.9146 -0.3503
vn 0.1433 -0.9493 -0.2799
vn 0.2861 -0.8766 -0.3871
vn 0.5462 -0.6386 -0.5421
vn 0.3656 -0.8328 -0.4157
vn 0.7196 -0.3019 -0.6253
vn 0.7551 -0.0616 -0.6528
vn 0.3526 -0.8072 -0.4734
vn 0.5423 -0.6178 -0.5695
vn 0.6928 -0.2608 -0.6724
vn 0.2552 -0.8602 -0.4416
vn 0.3515 -0.7833 -0.5127
vn 0.5345 -0.5705 -0.6236
vn 0.4494 -0.6597 -0.6024
vn 0.5571 -0.4944 -0.6673
vn 0.7182 0.0116 -0.6957
vn 0.6542 -0.1274 -0.7455
vn 0.3841 -0.7417 -0.5499
vn 0.2306 -0.8703 -0.4352
vn 0.5800 -0.3436 -0.7386
vn 0.7763 0.0492 -0.6285
vn 0.8000 0.1674 -0.5762
vn 0.7748 0.1399 -0.6165
vn 0.8013 0.1143 -0.5873
vn 0.7455 0.1827 -0.6410
vn 0.7344 0.1831 -0.6536
vn 0.7472 0.1307 -0.6516
vn 0.7034 0.1572 -0.6932
vn 0.6774 0.1131 -0.7268
vn 0.7081 0.1883 -0.6806
vn 0.6672 0.1957 -0.7187
vn 0.6624 0.1725 -0.7290
vn 0.7718 0.1806 -0.6097
vn 0.7930 0.1795 -0.5821
vn 0.7409 0.1913 -0.6438
vn 0.7618 0.1864 -0.6204
vn 0.1835 -0.2487 0.9510
vn 0.0835 -0.1550 0.9844
vn 0.0156 -0.1023 0.9946
vn 0.3190 -0.4265 0.8464
vn 0.2632 -0.3422 0.9020
vn 0.4252 -0.5274 0.7356
vn 0.3238 -0.2490 0.9128
vn 0.2022 -0.1592 0.9663
vn 0.4768 -0.4155 0.7746
vn 0.4164 -0.3127 0.8537
vn 0.5854 -0.3683 0.7222
vn 0.4553 -0.2631 0.8506
vn 0.3603 -0.1836 0.9146
vn 0.6246 -0.4492 0.6388
vn 0.7270 -0.3562 0.5870
vn 0.5594 -0.2595 0.7873
vn 0.7456 -0.3744 0.5513
vn 0.6479 -0.2717 0.7116
vn 0.7850 -0.3403 0.5177
vn 0.7524 -0.2998 0.5866
vn -0.0340 -0.0457 0.9984
vn -0.1098 -0.0081 0.9939
vn -0.1020 0.0100 0.9947
vn 0.0789 -0.1385 0.9872
vn 0.0665 -0.1202 0.9905
vn -0.0116 -0.0333 0.9994
vn 0.2596 -0.1677 0.9510
vn 0.1893 -0.1584 0.9691
vn 0.1619 -0.1409 0.9767
vn 0.0900 -0.0672 0.9937
vn 0.4314 -0.2159 0.8759
vn 0.2885 -0.2074 0.9347
vn 0.2993 -0.1362 0.9444
vn 0.2752 -0.1079 0.9553
vn 0.4320 -0.2243 0.8735
vn 0.5696 -0.2749 0.7746
vn 0.5089 -0.1929 0.8389
vn 0.6152 -0.2907 0.7328
vn 0.4492 -0.1775 0.8756
vn 0.7109 -0.2533 0.6561
vn 0.6787 -0.2143 0.7025
vn 0.6136 -0.1357 0.7779
vn 0.8134 -0.3430 0.4699
vn 0.8058 -0.2630 0.5305
vn -0.1954 0.0533 0.9793
vn -0.1581 0.1331 0.9784
vn -0.1462 0.2952 0.9442
vn -0.1650 0.5162 0.8404
vn -0.1217 0.2810 0.9520
vn -0.0375 0.4230 0.9054
vn -0.1041 0.6340 0.7663
vn -0.0822 0.7778 0.6231
vn -0.0171 -0.0706 0.9974
vn 0.0342 0.0375 0.9987
vn -0.0591 0.2814 0.9578
vn -0.0786 0.8103 0.5808
vn -0.0502 0.6372 0.7691
vn -0.0640 0.9332 0.3535
vn 0.2451 -0.1390 0.9595
vn 0.2925 -0.1049 0.9505
vn 0.1001 0.1583 0.9823
vn 0.3737 0.5936 0.7127
vn 0.1734 0.7488 0.6397
vn 0.1310 0.7290 0.6718
vn 0.1176 0.9347 0.3354
vn 0.5131 0.0293 0.8578
vn 0.5113 0.3454 0.7870
vn 0.8280 -0.1490 0.5406
vn 0.8284 -0.1031 0.5505
vn 0.7994 0.1506 0.5817
vn 0.8289 -0.2095 0.5187
vn 0.9167 -0.0797 0.3916
vn 0.9269 -0.0558 0.3712
vn 0.8343 0.1642 0.5262
vn 0.6387 0.4223 0.6432
vn 0.3569 0.5788 0.7333
vn 0.8949 -0.1527 0.4193
vn 0.9233 0.2394 0.3002
vn -0.0673 -0.4137 0.9079
vn -0.0753 -0.4477 0.8910
vn -0.0656 -0.4166 0.9067
vn -0.0725 -0.4481 0.8911
vn -0.1127 -0.3817 0.9174
vn -0.1154 -0.4360 0.8925
vn -0.1586 -0.4065 0.8998
vn -0.1695 -0.4426 0.8806
vn -0.0779 -0.1204 0.9897
vn -0.0652 -0.1849 0.9806
vn -0.0606 -0.0528 0.9968
vn -0.0216 -0.1422 0.9896
vn -0.0278 -0.1469 0.9888
vn -0.0414 -0.2120 0.9764
vn -0.0711 -0.2800 0.9574
vn -0.0849 -0.3456 0.9345
vn -0.0614 0.3785 0.9236
vn 0.0708 0.3094 0.9483
vn -0.0098 0.0611 0.9981
vn -0.0134 0.2024 0.9792
vn -0.0074 -0.0511 0.9987
vn 0.0764 0.3121 0.9470
vn 0.0741 0.5100 0.8570
vn 0.0673 0.1617 0.9845
vn 0.0355 0.0460 0.9983
vn 0.1716 0.4843 0.8579
vn 0.1307 0.3245 0.9368
vn 0.1307 0.6714 0.7295
vn 0.0732 0.1204 0.9900
vn 0.1167 0.2218 0.9681
vn 0.1756 0.3704 0.9121
vn 0.0189 0.0289 0.9994
vn -0.0185 -0.0503 0.9986
vn 0.1158 0.2777 0.9537
vn 0.3973 -0.4928 0.7741
vn 0.3878 -0.4687 0.7937
vn 0.3216 -0.4980 0.8054
vn 0.1739 0.0093 0.9847
vn 0.2480 -0.3069 0.9188
vn 0.5682 -0.4253 0.7044
vn 0.5757 -0.4663 0.6717
vn 0.5062 -0.3855 0.7714
vn 0.6579 -0.3349 0.6745
vn 0.4539 -0.2240 0.8625
vn 0.3967 0.1137 0.9109
vn 0.5785 -0.3473 0.7381
vn 0.7299 -0.3711 0.5740
vn 0.7121 -0.4382 0.5485
vn 0.0936 0.6063 0.7897
vn 0.8365 -0.2874 0.4665
vn 0.7605 -0.2482 0.6001
vn 0.2737 0.3625 0.8909
vn 0.5062 -0.0831 0.8584
vn 0.6976 -0.2255 0.6801
vn 0.2308 0.6192 0.7505
vn 0.6227 0.1153 0.7739
vn 0.7713 -0.1715 0.6129
vn 0.8308 -0.1781 0.5272
vn 0.8544 -0.1980 0.4805
vn 0.3400 0.7028 0.6249
vn 0.7930 0.0351 0.6082
vn 0.5968 0.3849 0.7040
vn 0.1344 0.7951 0.5914
vn 0.4582 0.6275 0.6296
vn 0.8941 -0.1639 0.4167
vn 0.9018 -0.0160 0.4319
vn 0.9035 -0.2083 0.3746
vn 0.7452 0.4223 0.5161
vn 0.9312 -0.0915 0.3528
vn 0.7569 0.3511 0.5512
vn 0.9390 -0.1482 0.3104
vn 0.1339 0.8148 0.5640
vn 0.1729 0.8566 0.4862
vn 0.2342 0.6695 0.7049
vn 0.2495 0.5104 0.8230
vn 0.0663 0.8739 0.4815
vn 0.2481 0.7435 0.6210
vn 0.2057 0.8454 0.4930
vn 0.7633 -0.4137 0.4961
vn 0.8295 -0.3609 0.4263
vn 0.8210 -0.3834 0.4230
vn 0.8572 -0.3671 0.3611
vn 0.8638 -0.3922 0.3163
vn 0.9047 -0.2963 0.3061
vn 0.8556 -0.3715 0.3605
vn 0.8839 -0.3832 0.2682
vn 0.8911 -0.3927 0.2275
vn 0.9114 -0.3720 0.1761
vn 0.8985 -0.3736 0.2303
vn 0.9376 -0.2834 0.2015
vn 0.9368 -0.2109 0.2791
vn 0.9495 -0.1932 0.2473
vn 0.9214 -0.3497 0.1693
vn 0.9133 -0.3707 0.1686
vn 0.9177 -0.3660 0.1548
vn 0.8584 -0.3685 0.3569
vn 0.8767 -0.3709 0.3062
vn 0.9087 -0.3455 0.2343
vn 0.9215 -0.3579 0.1506
vn 0.9369 -0.3171 0.1472
vn 0.9692 -0.2222 0.1058
vn 0.9521 -0.2957 0.0775
vn 0.9487 -0.3085 0.0701
vn 0.5564 0.4942 -0.6680
vn 0.8153 0.3199 -0.4826
vn 0.7445 0.3695 -0.5561
vn 0.6411 0.5281 -0.5568
vn 0.3920 0.5763 -0.7171
vn -0.0793 0.8963 0.4363
vn -0.0682 0.8124 0.5791
vn -0.1260 0.9711 0.2027
vn -0.1909 0.9805 -0.0461
vn -0.0735 0.9509 -0.3008
vn 0.2737 0.6339 -0.7234
vn 0.3226 0.4887 -0.8106
vn 0.0009 0.9991 -0.0435
vn 0.0022 0.9623 0.2721
vn 0.1761 0.6984 -0.6937
vn 0.0817 0.8779 -0.4718
vn 0.2511 0.5392 -0.8039
vn 0.2878 0.5518 -0.7827
vn 0.1160 0.9720 -0.2044
vn 0.2905 0.5370 -0.7920
vn 0.2677 0.5816 -0.7682
vn 0.0518 0.9847 0.1663
vn 0.1297 0.9912 0.0254
vn 0.2440 0.4938 -0.8347
vn 0.2949 0.6157 -0.7307
vn 0.2743 0.5153 -0.8119
vn 0.2548 0.9669 -0.0136
vn 0.2820 0.9225 -0.2635
vn 0.3183 0.8160 -0.4826
vn 0.3612 0.5720 -0.7365
vn 0.2374 0.7523 -0.6145
vn 0.2111 0.5135 -0.8317
vn 0.3110 0.6857 -0.6582
vn 0.4197 0.6555 -0.6279
vn 0.4430 0.7913 0.4213
vn 0.4188 0.9076 0.0296
vn 0.3518 0.9055 -0.2375
vn 0.3764 0.5025 -0.7783
vn 0.7924 0.5615 0.2386
vn 0.4987 0.5130 -0.6987
vn 0.5066 0.4348 -0.7445
vn -0.1259 -0.4415 0.8884
vn -0.1578 -0.4329 0.8875
vn -0.1427 -0.4253 0.8937
vn -0.1111 -0.4123 0.9042
vn -0.0998 -0.4261 0.8992
vn -0.0757 -0.4425 0.8936
vn -0.0806 -0.4490 0.8899
vn -0.0803 -0.4364 0.8962
vn -0.0887 -0.4210 0.9027
vn -0.1157 -0.4512 0.8849
vn -0.1254 -0.4407 0.8888
vn -0.1195 -0.4132 0.9028
vn 0.2240 0.8629 0.4531
vn 0.7949 0.4425 0.4151
vn 0.9841 -0.0890 0.1535
vn 0.9638 0.0033 0.2665
vn 0.9885 0.0379 0.1461
vn 0.7807 0.5607 0.2759
vn 0.9955 -0.0514 0.0796
vn 0.9919 0.0593 0.1127
vn 0.0936 0.9314 0.3517
vn 0.1456 0.8964 0.4187
vn 0.1668 0.9377 0.3046
vn 0.7055 0.6589 0.2610
vn 0.6313 0.7369 0.2417
vn 0.9989 0.0292 0.0373
vn 0.9369 0.3251 0.1286
vn 0.5603 0.8027 0.2043
vn 0.0942 0.9393 0.3300
vn 0.1156 0.9642 0.2387
vn 0.4279 0.8812 0.2010
vn 0.9606 -0.2174 0.1731
vn 0.9692 -0.1184 0.2160
vn 0.9894 -0.1179 0.0843
vn 0.9607 -0.1828 0.2089
vn 0.9735 -0.2011 0.1086
vn 0.9807 -0.1870 0.0565
vn 0.9613 -0.2058 0.1833
vn 0.9894 -0.1165 0.0871
vn 0.9116 -0.3759 0.1661
vn 0.9951 0.0884 0.0439
vn 0.9826 -0.1490 0.1105
vn 0.9924 -0.1201 -0.0285
vn 0.9640 -0.2651 0.0216
vn 0.9772 0.0829 -0.1953
vn 0.9875 -0.1209 -0.1012
vn 0.9624 0.2389 -0.1296
vn 0.9919 -0.0342 -0.1221
vn 0.9501 0.0204 -0.3111
vn 0.9920 -0.1042 -0.0713
vn 0.9536 -0.0857 -0.2886
vn 0.9142 0.0861 -0.3961
vn 0.9721 -0.2161 -0.0914
vn 0.9183 0.0576 -0.3916
vn 0.9376 0.1023 -0.3322
vn 0.8813 0.0973 -0.4624
vn 0.7933 0.2245 -0.5659
vn 0.8618 0.1006 -0.4972
vn 0.9654 -0.2594 0.0277
vn 0.9561 -0.2398 0.1685
vn 0.9847 -0.1147 -0.1311
vn 0.9705 -0.1636 -0.1768
vn 0.9481 -0.3006 0.1040
vn 0.1985 0.8246 -0.5297
vn 0.1637 0.8741 -0.4573
vn 0.1187 0.8385 -0.5318
vn 0.2443 0.8587 -0.4505
vn 0.2889 0.8059 -0.5168
vn 0.1695 0.7433 -0.6471
vn 0.2030 0.7678 -0.6077
vn 0.3118 0.7615 -0.5682
vn 0.2711 0.8126 -0.5159
vn 0.3447 0.8202 -0.4565
vn 0.4256 0.7269 -0.5389
vn 0.2751 0.7349 -0.6199
vn 0.3878 0.7197 -0.5759
vn 0.4733 0.7395 -0.4786
vn 0.3698 0.8044 -0.4650
vn 0.4758 0.7282 -0.4934
vn 0.6587 0.5796 -0.4798
vn 0.6138 0.6198 -0.4889
vn 0.6748 0.5516 -0.4902
vn 0.5451 0.6422 -0.5389
vn 0.6051 0.6387 -0.4753
vn 0.8933 0.2033 -0.4009
vn 0.7827 0.4393 -0.4410
vn 0.8787 0.3131 -0.3604
vn 0.7885 0.3810 -0.4829
vn 0.6885 0.4074 -0.6000
vn 0.9056 0.2584 -0.3362
vn 0.9797 0.0657 -0.1896
vn 0.9339 0.2257 -0.2775
vn 0.8647 0.2844 -0.4141
vn 0.7404 0.4892 -0.4610
vn 0.9863 -0.1474 -0.0747
vn 0.9855 -0.0338 -0.1664
vn 0.9903 0.0024 -0.1392
vn 0.9835 -0.1806 0.0081
vn 0.9380 0.1884 -0.2908
vn 0.8065 0.4443 -0.3901
vn 0.9773 0.0272 -0.2103
vn 0.9519 0.1938 -0.2375
vn 0.2349 0.7188 -0.6543
vn -0.1499 -0.4354 0.8877
vn -0.1168 -0.5314 0.8390
vn -0.1586 -0.4927 0.8556
vn -0.1373 -0.4150 0.8994
vn -0.1701 -0.4270 0.8881
vn -0.1323 -0.4199 0.8979
vn -0.2212 0.4377 -0.8715
vn -0.1499 0.7042 -0.6940
vn 0.0095 0.9217 -0.3878
vn 0.0761 0.8580 -0.5081
vn -0.0010 0.6530 -0.7574
vn 0.0035 0.4790 -0.8778
vn 0.1911 0.8065 -0.5595
vn 0.2322 0.4853 -0.8429
vn 0.2946 0.6601 -0.6910
vn 0.2415 0.9073 -0.3443
vn 0.4554 0.4312 -0.7789
vn 0.3333 0.8363 -0.4352
vn 0.5667 0.4413 -0.6958
vn 0.7117 0.4987 -0.4948
vn 0.7127 0.6528 -0.2567
vn 0.5304 0.8105 -0.2484
vn 0.7132 0.3241 -0.6215
vn 0.8363 0.3356 -0.4336
vn 0.4880 0.7276 -0.4821
vn 0.3373 0.8970 -0.2857
vn 0.2794 0.8923 -0.3546
vn 0.9800 0.1786 -0.0876
vn 0.8390 0.5377 0.0835
vn 0.9855 0.0345 -0.1663
vn 0.7455 0.6665 0.0021
vn 0.8829 0.3942 -0.2551
vn 0.5538 0.8323 -0.0249
vn 0.3869 0.9201 -0.0614
vn 0.2998 0.9458 -0.1248
vn 0.3043 0.9394 0.1578
vn 0.2697 0.9509 -0.1518
vn 0.2789 0.8951 -0.3479
vn -0.1662 0.1528 -0.9742
vn -0.1201 0.2538 -0.9598
vn 0.0169 0.3877 -0.9216
vn 0.0961 0.2289 -0.9687
vn 0.1414 0.3212 -0.9364
vn -0.0721 0.2715 -0.9597
vn -0.1285 0.4293 -0.8940
vn 0.2959 0.2574 -0.9199
vn 0.2317 0.3852 -0.8932
vn 0.4749 0.2339 -0.8484
vn 0.4411 0.2343 -0.8663
vn 0.2827 0.2678 -0.9211
vn 0.6673 0.2424 -0.7043
vn 0.4741 0.3362 -0.8138
vn 0.6781 0.2324 -0.6973
vn 0.5613 0.3562 -0.7470
vn 0.7635 0.2095 -0.6110
vn 0.8786 0.1274 -0.4603
vn 0.8150 0.1286 -0.5650
vn 0.6355 0.2703 -0.7232
vn 0.5853 0.2865 -0.7585
vn 0.7767 0.1488 -0.6120
vn 0.9024 0.1032 -0.4183
vn 0.8454 0.2283 -0.4829
vn 0.9013 0.0264 -0.4325
vn 0.6999 0.1773 -0.6919
vn 0.9715 0.1010 -0.2147
vn 0.0324 0.7005 -0.7130
vn 0.1296 0.4814 -0.8669
vn 0.0574 0.3739 -0.9257
vn 0.2383 0.5744 -0.7831
vn 0.2035 0.3634 -0.9091
vn 0.3172 0.6799 -0.6612
vn 0.3543 0.3427 -0.8701
vn 0.3434 0.3768 -0.8603
vn 0.3349 0.4479 -0.8290
vn 0.4945 0.2235 -0.8399
vn 0.5301 0.3496 -0.7725
vn 0.6630 0.2319 -0.7118
vn -0.1025 -0.7751 0.6235
vn -0.0025 -0.9911 -0.1328
vn -0.0481 -0.9850 0.1657
vn -0.0185 -0.9971 -0.0737
vn -0.0581 -0.9298 0.3634
vn -0.0166 -0.9999 0.0024
vn 0.0061 -0.9843 -0.1762
vn -0.0450 -0.9704 0.2371
vn -0.0386 -0.8299 0.5565
vn 0.0014 -0.9879 -0.1553
vn -0.0130 -0.9938 0.1102
vn 0.4563 0.4228 -0.7830
vn 0.5190 0.3342 -0.7867
vn 0.5142 0.4197 -0.7479
vn 0.4714 0.3253 -0.8197
vn 0.5066 0.2883 -0.8126
vn 0.4145 0.3738 -0.8298
vn 0.3892 0.3064 -0.8687
vn 0.4481 0.2834 -0.8478
vn 0.4055 0.2904 -0.8667
vn 0.4587 0.2875 -0.8408
vn 0.3359 0.4794 -0.8108
vn 0.3893 0.4934 -0.7778
vn 0.3228 0.3743 -0.8693
vn 0.2613 0.8438 -0.4688
vn 0.1882 0.9081 -0.3740
vn 0.3442 0.7852 -0.5147
vn 0.4853 0.5518 -0.6782
vn 0.5626 0.4535 -0.6913
vn 0.1840 0.9247 -0.3333
vn 0.3154 0.8055 -0.5017
vn 0.3643 0.7415 -0.5635
vn 0.2678 0.8618 -0.4308
vn 0.3512 0.7227 -0.5952
vn 0.3865 0.6291 -0.6744
vn 0.4318 0.5442 -0.7192
vn 0.2888 0.8125 -0.5065
vn 0.3258 0.7028 -0.6325
vn 0.3232 0.6013 -0.7307
vn 0.0184 -0.9809 -0.1935
vn 0.0150 -0.9842 -0.1763
vn 0.5619 0.2507 -0.7883
vn 0.5625 0.2885 -0.7748
vn 0.5048 0.2731 -0.8189
vn 0.4338 0.2687 -0.8600
vn 0.4710 0.2513 -0.8456
vn 0.6163 0.2646 -0.7417
vn 0.5921 0.3106 -0.7436
vn 0.5396 0.3199 -0.7788
vn 0.5102 0.3202 -0.7982
vn 0.4744 0.3227 -0.8191
vn 0.5162 0.3029 -0.8011
vn 0.4251 0.3301 -0.8428
vn 0.4452 0.3137 -0.8387
vn 0.3711 0.3162 -0.8731
vn 0.4035 0.3096 -0.8610
vn 0.4575 0.2911 -0.8402
vn 0.5733 0.2798 -0.7701
vn 0.6049 0.3077 -0.7345
vn 0.5176 0.2915 -0.8044
vn 0.5549 0.3030 -0.7748
vn 0.5647 0.3238 -0.7592
vn 0.3590 0.2997 -0.8839
vn 0.5598 0.2881 -0.7769
vn 0.0545 -0.9687 -0.2420
vn 0.2641 -0.8211 -0.5059
vn 0.1869 -0.8743 -0.4479
vn 0.1025 -0.9456 -0.3087
vn 0.0953 -0.9411 -0.3243
vn 0.4110 -0.5188 -0.7496
vn 0.3908 -0.6519 -0.6499
vn 0.5382 -0.2290 -0.8111
vn 0.5417 -0.3464 -0.7658
vn 0.5902 -0.0248 -0.8069
vn 0.2689 -0.7539 -0.5995
vn 0.1571 -0.9019 -0.4024
vn 0.4747 -0.4138 -0.7768
vn 0.3123 -0.7461 -0.5881
vn 0.5237 -0.1397 -0.8404
vn 0.6082 0.0911 -0.7886
vn 0.5320 0.0524 -0.8451
vn 0.0587 -0.9583 -0.2795
vn 0.0319 -0.9748 -0.2206
vn 0.4220 -0.4322 -0.7969
vn 0.1414 -0.8932 -0.4268
vn 0.2786 -0.7005 -0.6570
vn 0.4828 -0.1047 -0.8695
vn 0.4278 -0.3823 -0.8190
vn 0.2041 -0.8365 -0.5086
vn 0.0931 -0.9315 -0.3516
vn 0.4481 0.0999 -0.8884
vn 0.4207 -0.0439 -0.9061
vn 0.6361 0.2053 -0.7438
vn 0.6189 0.2127 -0.7561
vn 0.6294 0.2017 -0.7505
vn 0.5693 0.2163 -0.7932
vn 0.5997 0.1663 -0.7828
vn 0.5494 0.1470 -0.8225
vn 0.5499 0.2038 -0.8100
vn 0.5215 0.2297 -0.8218
vn 0.5067 0.2211 -0.8333
vn 0.4815 0.2106 -0.8508
vn 0.4605 0.1702 -0.8712
vn 0.4754 0.2347 -0.8479
vn 0.5701 0.2278 -0.7894
vn 0.6008 0.2325 -0.7648
vn 0.4247 0.2570 -0.8681
vn 0.6342 0.2235 -0.7401
vn 0.5225 0.2502 -0.8151
vn 0.3622 -0.5944 -0.7180
vn 0.6708 0.0378 -0.7406
vn -0.8107 -0.2425 0.5328
vn -0.6323 -0.3157 0.7075
vn -0.6892 -0.2616 0.6757
vn -0.8872 -0.2511 0.3870
vn -0.7427 -0.3531 0.5690
vn -0.5294 -0.2471 0.8116
vn -0.5197 -0.3063 0.7975
vn -0.3594 -0.2543 0.8979
vn -0.4414 -0.3198 0.8384
vn -0.5080 -0.4092 0.7579
vn -0.6733 -0.4696 0.5711
vn -0.5070 -0.4952 0.7055
vn -0.8218 -0.1785 0.5411
vn -0.7918 -0.1355 0.5956
vn -0.6926 -0.1360 0.7084
vn -0.9196 -0.1784 0.3500
vn -0.8494 -0.1743 0.4981
vn -0.6755 -0.1202 0.7275
vn -0.7097 -0.1869 0.6792
vn -0.9277 -0.1868 0.3231
vn -0.4821 -0.1101 0.8692
vn -0.5141 -0.1951 0.8352
vn -0.4096 -0.0934 0.9075
vn -0.5615 -0.1258 0.8178
vn -0.2740 -0.0913 0.9574
vn -0.3384 -0.1615 0.9271
vn -0.2860 -0.1762 0.9419
vn -0.3634 -0.1944 0.9111
vn -0.1568 -0.1519 0.9759
vn -0.1364 -0.0949 0.9861
vn -0.1190 -0.0728 0.9902
vn -0.1548 -0.0498 0.9867
vn -0.9353 -0.1697 0.3106
vn -0.8790 -0.1031 0.4655
vn -0.9740 -0.0319 0.2241
vn -0.9843 -0.1333 0.1159
vn -0.9992 -0.0291 0.0268
vn -0.7464 -0.0982 0.6582
vn -0.6387 -0.1617 0.7523
vn -0.5698 -0.0931 0.8165
vn -0.7777 -0.1950 0.5976
vn -0.9414 -0.1895 0.2789
vn -0.8647 -0.2129 0.4549
vn -0.8639 -0.1807 0.4701
vn -0.6747 -0.1936 0.7123
vn -0.4872 -0.1238 0.8645
vn -0.3585 -0.1165 0.9262
vn -0.5569 -0.1677 0.8134
vn -0.4453 -0.1619 0.8806
vn -0.2059 -0.0898 0.9744
vn -0.3461 -0.0540 0.9366
vn -0.0133 -0.0100 0.9999
vn -0.0781 -0.0485 0.9958
vn -0.3104 -0.1362 0.9408
vn 0.0689 0.0168 0.9975
vn -0.0619 0.0140 0.9980
vn 0.0953 -0.0297 0.9950
vn -0.1552 -0.0625 0.9859
vn 0.0331 -0.0153 0.9993
vn 0.0256 0.0367 0.9990
vn -0.8635 0.0940 0.4956
vn -0.9945 -0.0088 0.1044
vn -0.9825 0.1328 0.1304
vn -0.7138 0.3514 0.6058
vn -0.9919 0.0274 -0.1237
vn -0.9555 0.2894 -0.0569
vn -0.7871 0.5040 0.3556
vn -0.7277 0.0092 0.6858
vn -0.5934 0.2128 0.7763
vn -0.5252 0.5783 0.6242
vn -0.6077 0.6996 0.3759
vn -0.5249 0.0862 0.8468
vn -0.3052 0.0553 0.9507
vn -0.4463 0.1983 0.8726
vn -0.3811 0.4708 0.7956
vn -0.3822 0.9231 -0.0425
vn -0.3763 0.8604 0.3437
vn -0.1427 -0.0168 0.9896
vn -0.1921 0.1236 0.9736
vn -0.3471 0.2908 0.8916
vn -0.2674 0.9129 0.3085
vn -0.4262 0.7398 0.5207
vn -0.1215 0.9905 -0.0642
vn -0.0134 0.0470 0.9988
vn -0.1191 0.2378 0.9640
vn -0.0870 0.5670 0.8191
vn -0.0944 0.8423 0.5307
vn -0.1016 0.9547 0.2798
vn -0.1020 0.9747 0.1987
vn 0.0153 -0.0236 0.9996
vn 0.0302 0.2505 0.9676
vn -0.0188 0.0594 0.9981
vn 0.0323 0.9320 0.3609
vn -0.0022 0.9999 -0.0116
vn -0.2188 -0.4313 0.8753
vn -0.2494 -0.4547 0.8550
vn -0.2454 -0.4157 0.8758
vn -0.1477 -0.3255 0.9339
vn -0.1783 -0.3662 0.9133
vn -0.2017 -0.4038 0.8923
vn -0.1914 -0.4563 0.8690
vn -0.1767 -0.3513 0.9194
vn -0.1517 -0.3137 0.9373
vn -0.1133 -0.2697 0.9563
vn -0.1760 -0.3724 0.9112
vn -0.1166 -0.3162 0.9415
vn -0.0540 -0.1044 0.9931
vn -0.0737 -0.2090 0.9751
vn -0.1108 -0.2668 0.9574
vn -0.0659 -0.1330 0.9889
vn -0.0774 -0.1858 0.9795
vn -0.0229 0.0073 0.9997
vn -0.0389 -0.0501 0.9980
vn 0.2968 0.5851 0.7547
vn 0.2512 0.5023 0.8274
vn 0.0691 0.2690 0.9607
vn 0.1795 0.4384 0.8807
vn 0.3521 0.6814 0.6417
vn 0.3728 0.6291 0.6821
vn 0.0282 0.1930 0.9808
vn 0.2851 0.5630 0.7758
vn -0.0185 0.1351 0.9907
vn 0.1486 0.3001 0.9423
vn 0.1439 0.5202 0.8418
vn 0.1155 0.6481 0.7528
vn 0.0282 0.5972 0.8016
vn -0.1580 0.7624 0.6276
vn 0.4346 0.6930 0.5752
vn -0.2165 0.7769 0.5912
vn -0.1438 0.9012 0.4089
vn 0.1032 0.9057 0.4111
vn 0.5371 0.6897 0.4856
vn -0.1004 0.3421 0.9343
vn -0.4140 0.3392 0.8447
vn -0.9512 -0.0687 0.3008
vn -0.7672 -0.2310 0.5984
vn -0.9447 -0.2220 0.2415
vn -0.7562 0.2827 0.5901
vn -0.9310 -0.0133 0.3648
vn -0.9245 0.3387 0.1750
vn -0.9905 0.1217 0.0641
vn -0.9955 -0.0944 0.0092
vn -0.9479 0.3060 0.0886
vn -0.8396 0.5027 0.2057
vn -0.0762 0.2645 0.9614
vn -0.7943 -0.3039 0.5260
vn -0.6260 -0.3798 0.6811
vn -0.6347 -0.3762 0.6750
vn -0.8590 -0.2704 0.4348
vn -0.5884 -0.1583 0.7929
vn -0.5622 0.1025 0.8206
vn -0.4777 -0.4256 0.7685
vn -0.1274 0.1325 0.9830
vn -0.3479 -0.0658 0.9352
vn -0.5024 -0.2920 0.8138
vn 0.3492 0.7704 0.5334
vn 0.4842 0.6987 0.5267
vn 0.4561 0.7679 0.4497
vn 0.5712 0.7115 0.4092
vn 0.6386 0.6715 0.3758
vn -0.9696 -0.2330 0.0746
vn -0.9093 -0.2819 0.3062
vn -0.9570 -0.2121 0.1978
vn -0.9797 -0.1958 -0.0429
vn -0.9384 -0.2785 0.2047
vn -0.9721 -0.1547 -0.1762
vn -0.9726 -0.2253 -0.0580
vn -0.9400 -0.2989 -0.1643
vn -0.9260 -0.2502 -0.2829
vn -0.9922 -0.0769 -0.0983
vn -0.9913 -0.1185 -0.0575
vn -0.9711 -0.1670 -0.1705
vn -0.9852 -0.0746 -0.1546
vn -0.7868 -0.4235 0.4490
vn -0.8690 -0.3163 0.3804
vn -0.8093 -0.3726 0.4541
vn -0.9858 -0.1614 0.0475
vn -0.9874 -0.1389 0.0760
vn -0.9933 -0.0492 -0.1044
vn -0.9859 -0.0658 -0.1541
vn -0.5332 -0.4122 0.7388
vn -0.9839 -0.1779 0.0169
vn -0.9541 -0.2150 0.2083
vn -0.9687 -0.1973 0.1508
vn -0.9860 -0.1514 -0.0698
vn -0.9766 -0.2122 0.0356
vn -0.9785 -0.1529 -0.1385
vn -0.9801 -0.1032 -0.1697
vn -0.9669 -0.2017 0.1563
vn -0.9781 -0.2068 0.0243
vn -0.9739 -0.2085 -0.0902
vn -0.9749 -0.2051 -0.0870
vn -0.9773 -0.1998 -0.0697
vn -0.8755 -0.3912 -0.2837
vn -0.9396 -0.2922 -0.1781
vn -0.9608 -0.2246 -0.1629
vn -0.9200 -0.3254 -0.2185
vn -0.9118 -0.3132 -0.2656
vn -0.8889 -0.4190 -0.1851
vn -0.9652 -0.2135 -0.1511
vn -0.9024 -0.4020 -0.1550
vn 0.9305 -0.2704 0.2471
vn 0.9273 -0.2225 0.3011
vn 0.8601 -0.2616 0.4380
vn 0.9784 -0.1810 0.0997
vn 0.9366 0.1419 -0.3204
vn 0.9971 -0.0403 -0.0639
vn 0.9812 -0.0052 -0.1927
vn 0.9859 -0.1660 -0.0224
vn 0.9873 0.0102 -0.1582
vn 0.9359 0.1508 -0.3184
vn 0.9951 -0.0981 -0.0097
vn 0.9403 0.1737 -0.2927
vn 0.9767 0.0008 -0.2145
vn 0.9891 -0.1403 -0.0443
vn -0.9899 -0.1404 0.0198
vn -0.9870 -0.1586 -0.0264
vn -0.9768 -0.1743 0.1244
vn -0.9806 -0.0341 -0.1932
vn -0.9864 -0.0400 -0.1597
vn -0.9849 -0.0825 -0.1522
vn -0.9617 0.0340 -0.2720
vn -0.9812 -0.1531 -0.1173
vn -0.9675 -0.0383 -0.2499
vn -0.9046 0.1332 -0.4050
vn -0.9206 0.1615 -0.3556
vn -0.7031 0.4210 -0.5731
vn -0.8433 0.3101 -0.4389
vn -0.9753 -0.1028 -0.1955
vn -0.9491 0.0515 -0.3108
vn -0.8204 0.2387 -0.5195
vn -0.9407 0.0545 -0.3350
vn -0.7991 0.3865 -0.4604
vn -0.7454 0.2976 -0.5965
vn -0.5021 0.4866 -0.7149
vn -0.8002 0.2983 -0.5202
vn -0.4924 0.5024 -0.7107
vn -0.9572 0.0383 -0.2870
vn -0.9200 0.1034 -0.3781
vn -0.4417 0.5449 -0.7127
vn -0.1589 0.5489 -0.8207
vn -0.4013 0.5092 -0.7613
vn -0.2379 0.5954 -0.7674
vn -0.6653 0.3747 -0.6457
vn -0.5070 0.5658 -0.6503
vn -0.1165 0.6450 -0.7552
vn -0.1861 0.6709 -0.7178
vn -0.1449 0.7382 -0.6589
vn -0.3003 0.6702 -0.6787
vn -0.0589 0.7019 -0.7098
vn 0.9814 0.1815 -0.0618
vn 0.9150 -0.0110 0.4032
vn 0.7792 0.5220 -0.3470
vn 0.4716 0.7235 -0.5042
vn 0.6596 0.4267 -0.6187
vn 0.8810 0.1784 -0.4383
vn 0.9621 0.1226 -0.2437
vn 0.9974 -0.0216 0.0680
vn 0.6064 0.3772 -0.6999
vn 0.9433 0.1094 -0.3134
vn 0.6876 0.3514 -0.6354
vn 0.7495 0.3231 -0.5778
vn -0.7833 0.1491 -0.6035
vn -0.9810 0.0710 -0.1807
vn -0.9123 0.3885 -0.1296
vn -0.5241 0.7629 -0.3785
vn -0.5608 0.0797 -0.8241
vn -0.8552 -0.0987 -0.5089
vn -0.3887 0.4163 -0.8219
vn -0.4083 0.5834 -0.7021
vn -0.1789 0.8525 -0.4911
vn -0.0984 0.3498 -0.9317
vn -0.0778 0.5996 -0.7965
vn -0.3642 0.0991 -0.9260
vn -0.6115 0.0121 -0.7912
vn -0.2565 0.3046 -0.9173
vn -0.6329 0.4486 -0.6310
vn 0.0555 0.4412 -0.8957
vn -0.3601 0.3835 -0.8504
vn 0.0216 0.4957 -0.8682
vn -0.1220 0.7372 -0.6646
vn -0.0824 0.8154 -0.5730
vn 0.0545 0.4418 -0.8955
vn -0.0793 0.4670 -0.8807
vn -0.3051 0.5364 -0.7869
vn -0.0705 0.5766 -0.8140
vn -0.0612 0.4102 -0.9099
vn -0.0217 0.7720 -0.6353
vn -0.0162 0.4773 -0.8786
vn -0.0268 0.5352 -0.8443
vn -0.0003 0.5533 -0.8330
vn -0.2057 -0.4294 0.8794
vn -0.1951 -0.4262 0.8834
vn -0.1851 -0.4355 0.8810
vn -0.1839 -0.4060 0.8952
vn -0.2746 -0.4304 0.8599
vn -0.1983 -0.4409 0.8754
vn -0.2621 -0.4094 0.8739
vn -0.2496 -0.3830 0.8894
vn -0.2125 -0.4002 0.8914
vn -0.2583 -0.4316 0.8643
vn -0.2737 -0.4369 0.8569
vn -0.2840 -0.4003 0.8713
vn -0.1500 -0.4596 0.8753
vn -0.2005 -0.4142 0.8878
vn 0.3830 0.8656 0.3226
vn -0.6856 0.7216 0.0959
vn 0.2985 0.8576 0.4188
vn -0.4376 0.8652 0.2447
vn 0.2932 0.8773 0.3800
vn 0.2273 0.9412 0.2501
vn 0.2786 0.9431 0.1816
vn 0.4436 0.8290 0.3406
vn 0.4213 0.8662 0.2687
vn 0.3273 0.9219 0.2071
vn 0.5798 0.7475 0.3242
vn 0.5484 0.7780 0.3065
vn 0.3994 0.8848 0.2400
vn 0.6785 0.6551 0.3325
vn 0.4306 0.8321 0.3496
vn 0.4181 0.8948 0.1563
vn 0.6219 0.7228 0.3012
vn 0.4598 0.8507 0.2546
vn 0.3942 0.7527 0.5272
vn 0.5373 0.7095 0.4560
vn 0.5038 0.7625 0.4059
vn 0.5049 0.7447 0.4364
vn -0.9953 0.0351 -0.0905
vn -0.9843 0.1060 -0.1414
vn -0.7405 0.6713 0.0324
vn -0.9873 -0.0722 -0.1415
vn -0.9826 -0.1106 -0.1493
vn -0.9816 -0.1669 -0.0927
vn -0.5380 0.8230 0.1824
vn -0.2407 0.7882 0.5664
vn -0.8008 0.4809 0.3570
vn -0.3457 0.8790 0.3283
vn -0.9769 0.2135 0.0004
vn -0.9872 -0.0973 -0.1265
vn -0.9637 -0.2338 -0.1292
vn 0.0139 0.9815 0.1907
vn -0.4179 0.8137 0.4040
vn -0.0245 0.8968 0.4418
vn -0.8487 0.4604 0.2603
vn -0.9831 0.1498 0.1050
vn -0.9974 0.0124 -0.0711
vn -0.9703 -0.1830 -0.1581
vn -0.9745 -0.1096 -0.1960
vn -0.9628 -0.0264 -0.2688
vn -0.9145 0.1334 -0.3819
vn -0.9114 0.1761 -0.3719
vn -0.8264 0.2715 -0.4934
vn -0.9016 -0.4024 -0.1590
vn -0.9449 -0.3118 -0.0996
vn -0.9506 -0.2936 -0.1011
vn -0.9393 -0.3213 -0.1203
vn -0.9779 -0.1833 -0.1007
vn -0.9590 -0.0119 -0.2833
vn -0.9731 0.0174 -0.2298
vn -0.8731 0.2255 -0.4323
vn -0.6866 0.4420 -0.5773
vn -0.9652 -0.1047 -0.2397
vn -0.9592 0.0586 -0.2768
vn -0.8562 0.2224 -0.4662
vn -0.8323 0.2287 -0.5049
vn -0.8796 0.0403 -0.4740
vn -0.9364 -0.3475 -0.0483
vn -0.7054 0.4100 -0.5782
vn -0.9526 -0.1668 -0.2546
vn -0.7186 0.3515 -0.6001
vn -0.7716 0.2890 -0.5666
vn -0.9770 -0.1138 -0.1803
vn -0.9327 -0.0956 -0.3478
vn -0.8475 0.1053 -0.5202
vn -0.5431 0.5323 -0.6494
vn -0.4127 0.6365 -0.6515
vn -0.3325 0.6619 -0.6718
vn -0.4669 0.5513 -0.6914
vn -0.6643 0.4210 -0.6176
vn -0.9364 -0.0839 -0.3407
vn -0.7779 0.2332 -0.5836
vn -0.9385 0.0378 -0.3433
vn -0.6824 0.3761 -0.6268
vn -0.5859 0.4669 -0.6624
vn -0.6656 0.4528 -0.5933
vn -0.8585 0.2599 -0.4422
vn -0.7986 0.3232 -0.5076
vn -0.5870 0.5243 -0.6169
vn -0.4160 0.6473 -0.6387
vn -0.2479 0.7346 -0.6316
vn -0.0704 0.7697 -0.6345
vn -0.1142 -0.4524 0.8845
vn -0.1043 -0.5674 0.8168
vn -0.0911 -0.5898 0.8024
vn -0.0909 -0.7423 0.6638
vn -0.0807 -0.6838 0.7252
vn -0.0569 -0.8845 0.4630
vn -0.0838 -0.8953 0.4375
vn -0.1402 -0.4275 0.8931
vn -0.1243 -0.4705 0.8736
vn -0.1022 -0.6883 0.7182
vn -0.0938 -0.5332 0.8408
vn -0.1127 -0.8152 0.5682
vn -0.0543 -0.9287 0.3668
vn -0.1402 -0.4212 0.8961
vn -0.1420 -0.4570 0.8780
vn -0.1609 -0.4562 0.8752
vn -0.1201 -0.4566 0.8815
vn 0.2722 0.9620 0.0229
vn 0.2964 0.9433 0.1491
vn 0.2384 0.8969 -0.3724
vn 0.1936 0.9724 0.1302
vn 0.2661 0.9625 0.0534
vn 0.2568 0.9604 -0.1080
vn 0.1617 0.9793 -0.1220
vn 0.2425 0.9387 -0.2451
vn -0.2574 0.8984 0.3558
vn -0.0800 0.9538 0.2898
vn -0.9380 0.3289 0.1096
vn -0.9724 0.0231 -0.2322
vn -0.7400 0.6714 0.0414
vn -0.9419 0.2125 -0.2603
vn -0.9058 0.0292 -0.4227
vn -0.4111 0.9055 -0.1049
vn -0.8210 0.4418 -0.3616
vn -0.8406 0.1326 -0.5252
vn -0.1074 0.9868 -0.1212
vn -0.6033 0.6835 -0.4110
vn 0.1729 0.9068 -0.3844
vn 0.2271 0.8245 -0.5183
vn 0.0914 0.9442 -0.3163
vn -0.7546 0.1101 -0.6469
vn -0.8596 0.0442 -0.5091
vn -0.6300 0.1068 -0.7692
vn -0.7304 0.3596 -0.5807
vn -0.6618 0.1968 -0.7234
vn -0.7642 -0.0495 -0.6431
vn -0.3042 0.8707 -0.3865
vn -0.5711 0.5009 -0.6504
vn -0.8567 0.1365 -0.4975
vn -0.7260 0.2373 -0.6454
vn -0.5529 0.3456 -0.7582
vn -0.0231 -0.9981 -0.0572
vn -0.0203 -0.9998 0.0061
vn -0.0449 -0.9983 0.0362
vn -0.0020 -0.9926 -0.1215
vn -0.0055 -0.9937 -0.1118
vn 0.2444 0.2994 -0.9223
vn 0.3043 0.3154 -0.8988
vn 0.3061 0.2909 -0.9065
vn 0.2446 0.3175 -0.9162
vn 0.1876 0.3084 -0.9326
vn 0.1827 0.3163 -0.9309
vn 0.1109 0.3038 -0.9463
vn 0.1437 0.3021 -0.9424
vn 0.2794 0.4360 -0.8555
vn 0.3150 0.3159 -0.8950
vn 0.2520 0.3541 -0.9006
vn 0.2515 0.3035 -0.9190
vn 0.2382 0.4270 -0.8723
vn 0.2048 0.5303 -0.8227
vn 0.1882 0.4192 -0.8882
vn 0.1614 0.3801 -0.9107
vn 0.1630 0.5021 -0.8493
vn 0.1254 0.3563 -0.9259
vn 0.1196 0.3352 -0.9345
vn 0.2639 0.7283 -0.6324
vn 0.2492 0.5790 -0.7763
vn 0.2637 0.6522 -0.7107
vn 0.1985 0.7157 -0.6696
vn 0.1659 0.6419 -0.7486
vn 0.0063 -0.9792 -0.2030
vn 0.0546 -0.9212 -0.3852
vn 0.0268 -0.9667 -0.2545
vn 0.0538 -0.9476 -0.3148
vn 0.0165 -0.9554 -0.2948
vn -0.0036 -0.9819 -0.1893
vn 0.3701 0.2720 -0.8883
vn 0.3030 0.2734 -0.9129
vn 0.3627 0.2592 -0.8951
vn 0.1938 0.2824 -0.9395
vn 0.2464 0.2786 -0.9283
vn 0.2309 0.2942 -0.9274
vn 0.2406 0.2687 -0.9327
vn 0.3924 0.2843 -0.8748
vn 0.3366 0.3144 -0.8876
vn 0.3399 0.2866 -0.8957
vn 0.2788 0.2992 -0.9125
vn 0.2921 0.2834 -0.9134
vn 0.2629 0.3237 -0.9089
vn 0.1951 0.3108 -0.9302
vn 0.1745 0.2899 -0.9410
vn 0.1058 -0.9045 -0.4131
vn 0.3012 -0.5883 -0.7505
vn 0.2664 -0.7325 -0.6264
vn 0.3819 -0.2681 -0.8844
vn 0.2628 -0.6437 -0.7188
vn 0.1518 -0.8547 -0.4965
vn 0.3631 -0.3307 -0.8711
vn 0.1967 -0.7610 -0.6182
vn 0.3704 0.1087 -0.9225
vn 0.3297 -0.0617 -0.9421
vn 0.1370 -0.8016 -0.5819
vn 0.0770 -0.8956 -0.4381
vn 0.2547 -0.4220 -0.8701
vn 0.2825 -0.2308 -0.9311
vn 0.1918 -0.6001 -0.7766
vn 0.1727 -0.4815 -0.8592
vn 0.0954 -0.8410 -0.5325
vn 0.1987 -0.1988 -0.9597
vn 0.2777 0.0138 -0.9606
vn 0.2143 0.1765 -0.9607
vn 0.2931 0.1637 -0.9420
vn 0.1407 -0.5503 -0.8230
vn 0.1480 0.1002 -0.9839
vn 0.2206 0.0402 -0.9745
vn 0.4008 0.2412 -0.8839
vn 0.4306 0.2402 -0.8700
vn 0.3593 0.2137 -0.9084
vn 0.3088 0.2351 -0.9216
vn 0.3550 0.2516 -0.9004
vn 0.2961 0.2613 -0.9187
vn 0.2322 0.2440 -0.9416
vn 0.0413 -0.5809 0.8130
vn 0.1741 -0.5518 0.8156
vn 0.0255 -0.5470 0.8368
vn -0.1689 -0.1877 0.9676
vn -0.2542 -0.3125 0.9153
vn -0.3081 -0.4915 0.8146
vn -0.0515 -0.1744 0.9833
vn -0.0790 -0.2494 0.9652
vn -0.0912 -0.3626 0.9275
vn -0.1251 -0.5627 0.8171
vn 0.0614 -0.1592 0.9853
vn 0.0444 -0.2188 0.9748
vn 0.0912 -0.3670 0.9257
vn 0.2024 -0.2609 0.9439
vn 0.1607 -0.1593 0.9741
vn 0.3210 -0.5880 0.7424
vn 0.2856 -0.4543 0.8439
vn 0.2723 -0.1612 0.9486
vn 0.3498 -0.2429 0.9048
vn 0.3028 -0.6336 0.7119
vn 0.2705 -0.6024 0.7510
vn 0.4929 -0.3202 0.8090
vn 0.5609 -0.1770 0.8087
vn 0.4117 -0.1625 0.8967
vn 0.5121 -0.5320 0.6743
vn 0.7243 -0.1586 0.6710
vn 0.6910 -0.2929 0.6608
vn 0.8572 -0.1390 0.4958
vn 0.8017 -0.1913 0.5663
vn -0.0736 -0.1527 0.9855
vn -0.0069 -0.0793 0.9968
vn -0.0021 -0.1028 0.9947
vn -0.0037 -0.1580 0.9874
vn 0.0511 -0.1488 0.9875
vn 0.1161 -0.1031 0.9879
vn 0.0860 -0.0944 0.9918
vn 0.1195 -0.1584 0.9801
vn 0.1386 -0.1486 0.9791
vn 0.1118 -0.0920 0.9895
vn 0.2345 -0.1476 0.9609
vn 0.2579 -0.0995 0.9610
vn 0.2537 -0.1032 0.9618
vn 0.2293 -0.0993 0.9683
vn 0.3486 -0.1292 0.9283
vn 0.4554 -0.1217 0.8819
vn 0.4942 -0.1360 0.8586
vn 0.6352 -0.1242 0.7623
vn 0.6818 -0.1324 0.7194
vn 0.7545 -0.1204 0.6451
vn -0.0606 -0.0234 0.9979
vn -0.0930 0.0508 0.9944
vn -0.1210 0.0637 0.9906
vn -0.0683 0.0429 0.9967
vn -0.0329 0.0031 0.9995
vn 0.0654 -0.0411 0.9970
vn 0.0374 -0.0057 0.9993
vn 0.0751 0.0239 0.9969
vn 0.0883 0.0681 0.9938
vn 0.1721 -0.0461 0.9840
vn 0.1874 0.0349 0.9817
vn 0.4147 -0.1193 0.9021
vn 0.3025 -0.0741 0.9503
vn 0.3465 -0.0195 0.9379
vn 0.6348 -0.1593 0.7561
vn -0.0898 -0.0377 0.9952
vn -0.0451 -0.0105 0.9989
vn -0.0100 0.0927 0.9956
vn 0.0283 0.3152 0.9486
vn 0.0574 0.6338 0.7713
vn 0.0739 0.8532 0.5164
vn 0.0549 0.9483 0.3127
vn 0.0421 0.0517 0.9978
vn 0.0947 0.1463 0.9847
vn 0.0765 0.4055 0.9109
vn 0.1586 0.6774 0.7183
vn 0.1352 0.8557 0.4996
vn 0.2188 0.9441 0.2464
vn 0.1690 0.9644 0.2035
vn 0.0397 0.9981 0.0464
vn 0.1883 0.9697 0.1553
vn 0.1714 0.4042 0.8985
vn 0.1412 0.2071 0.9681
vn 0.1665 0.9026 0.3969
vn 0.0973 0.9314 0.3507
vn 0.1664 0.9410 0.2948
vn -0.0718 0.9090 0.4107
vn 0.2058 0.1701 0.9637
vn 0.0840 0.7302 0.6781
vn -0.0074 0.8599 0.5103
vn 0.0332 0.7522 0.6581
vn -0.0364 0.8367 0.5465
vn -0.0381 0.9436 0.3290
vn 0.2284 0.0803 0.9703
vn 0.2439 0.6418 0.7271
vn 0.2891 0.3254 0.9003
vn -0.1104 -0.4024 0.9088
vn -0.1687 -0.4306 0.8866
vn -0.0839 -0.4250 0.9013
vn -0.0195 -0.3868 0.9220
vn -0.0013 -0.4131 0.9107
vn 0.0476 -0.3643 0.9301
vn -0.0413 -0.2390 0.9702
vn -0.0604 -0.2811 0.9578
vn -0.0912 -0.3613 0.9280
vn -0.0304 -0.3285 0.9440
vn 0.0529 -0.3192 0.9462
vn 0.0081 -0.2794 0.9601
vn 0.0329 -0.2665 0.9633
vn 0.1204 -0.3795 0.9173
vn 0.0981 -0.3447 0.9336
vn -0.0117 0.1343 0.9909
vn -0.0339 -0.1298 0.9910
vn -0.0386 -0.1882 0.9814
vn -0.0174 0.0578 0.9982
vn -0.0888 -0.2304 0.9690
vn -0.0162 -0.0456 0.9988
vn 0.0041 -0.2105 0.9776
vn -0.0058 -0.1306 0.9914
vn -0.0157 -0.0611 0.9980
vn -0.2281 -0.5258 0.8194
vn -0.4348 -0.4168 0.7983
vn -0.2763 -0.4560 0.8460
vn -0.3399 -0.3682 0.8654
vn -0.1778 -0.1689 0.9695
vn -0.0342 -0.4869 0.8728
vn -0.1022 -0.4558 0.8842
vn -0.1832 -0.3783 0.9074
vn -0.0566 0.0465 0.9973
vn -0.0584 -0.1435 0.9879
vn -0.0952 -0.3712 0.9236
vn 0.0317 -0.4269 0.9038
vn -0.0210 -0.3881 0.9214
vn 0.1640 -0.4097 0.8973
vn 0.2349 -0.4687 0.8515
vn 0.1235 -0.3682 0.9215
vn 0.0791 -0.1893 0.9787
vn 0.0673 0.0912 0.9936
vn 0.3007 -0.3421 0.8902
vn 0.2421 -0.2922 0.9252
vn 0.2596 -0.1350 0.9562
vn 0.3897 -0.4112 0.8240
vn 0.3719 -0.4971 0.7839
vn 0.2511 -0.5124 0.8212
vn 0.4696 -0.3368 0.8161
vn 0.1774 0.1261 0.9760
vn 0.0088 0.2715 0.9624
vn 0.3737 -0.1805 0.9098
vn 0.5519 -0.5114 0.6587
vn 0.7826 -0.4650 0.4138
vn 0.5962 -0.4079 0.6915
vn 0.4575 0.0433 0.8882
vn 0.1179 0.3538 0.9279
vn 0.6001 -0.2462 0.7611
vn 0.7522 -0.3768 0.5406
vn 0.7811 -0.4402 0.4428
vn -0.0094 0.2624 0.9649
vn -0.0145 0.1953 0.9806
vn 0.8739 -0.2627 0.4091
vn 0.6878 -0.1882 0.7011
vn 0.4664 0.2802 0.8390
vn 0.8683 -0.0921 0.4875
vn 0.9576 -0.1597 0.2398
vn 0.9481 -0.0661 0.3111
vn 0.8786 0.1906 0.4378
vn 0.9779 -0.1024 0.1825
vn 0.8918 -0.2438 0.3812
vn 0.9272 -0.1355 0.3492
vn 0.9295 -0.2721 0.2490
vn 0.9466 -0.2833 0.1539
vn -0.0394 0.6268 -0.7782
vn 0.0163 0.6503 -0.7595
vn 0.0948 0.6749 -0.7318
vn 0.0122 0.7081 -0.7060
vn 0.3242 0.6475 -0.6897
vn 0.1355 0.7421 -0.6565
vn 0.1828 0.6298 -0.7549
vn 0.3543 0.5443 -0.7604
vn 0.4494 0.5694 -0.6883
vn 0.5067 0.5385 -0.6733
vn -0.0894 0.8100 -0.5796
vn -0.0258 0.4460 -0.8946
vn -0.0499 0.3956 -0.9171
vn -0.0104 0.5182 -0.8552
vn 0.0603 0.9581 -0.2800
vn 0.0899 0.9858 -0.1416
vn 0.0499 0.4060 -0.9125
vn 0.0383 0.6327 -0.7734
vn -0.0002 0.4634 -0.8861
vn 0.0363 0.5910 -0.8059
vn -0.0961 0.9877 -0.1233
vn 0.0449 0.6257 -0.7788
vn -0.0872 0.6280 -0.7733
vn 0.0049 0.3922 -0.9199
vn 0.0119 0.4375 -0.8991
vn 0.0597 0.4933 -0.8678
vn -0.0121 0.9589 -0.2833
vn -0.0416 0.4152 -0.9088
vn 0.2365 0.3375 -0.9111
vn 0.2804 0.4248 -0.8608
vn 0.1552 0.5445 -0.8243
vn -0.0994 -0.4686 0.8778
vn -0.0526 -0.4697 0.8813
vn -0.1836 -0.4415 0.8783
vn -0.1244 -0.4514 0.8836
vn -0.0962 -0.4592 0.8831
vn -0.0708 -0.4502 0.8901
vn -0.0578 -0.4604 0.8858
vn -0.1417 -0.4433 0.8851
vn 0.0121 -0.4463 0.8948
vn 0.0123 -0.4665 0.8844
vn 0.0150 -0.4656 0.8849
vn 0.0748 -0.4002 0.9134
vn 0.9886 0.1026 -0.1104
vn 0.9888 0.1133 -0.0975
vn 0.9763 0.2084 -0.0585
vn 0.9864 0.0718 -0.1477
vn 0.9800 0.1978 0.0204
vn 0.9876 -0.0479 -0.1493
vn 0.9876 0.0779 -0.1366
vn 0.9605 0.2506 -0.1207
vn 0.8632 0.5032 0.0411
vn 0.9657 0.1625 -0.2027
vn 0.9717 0.0398 -0.2328
vn 0.9482 0.0811 -0.3070
vn 0.8996 0.0163 -0.4365
vn -0.3010 0.6476 -0.7000
vn -0.1724 0.7250 -0.6668
vn -0.1344 0.7462 -0.6521
vn -0.1547 0.6835 -0.7133
vn -0.0274 0.7679 -0.6399
vn -0.0341 0.7216 -0.6915
vn 0.1011 0.7506 -0.6530
vn 0.2639 0.6828 -0.6813
vn 0.1283 0.6688 -0.7323
vn 0.4389 0.6647 -0.6046
vn 0.2535 0.7361 -0.6277
vn 0.3992 0.6921 -0.6014
vn 0.4479 0.6094 -0.6542
vn 0.6299 0.5792 -0.5174
vn 0.5890 0.6009 -0.5403
vn 0.6288 0.5143 -0.5832
vn 0.7903 0.3566 -0.4982
vn 0.7008 0.4063 -0.5863
vn 0.9935 -0.0391 -0.1073
vn 0.9908 -0.0851 -0.1050
vn 0.9890 0.0326 -0.1440
vn 0.7531 0.4786 -0.4515
vn 0.9081 0.2791 -0.3120
vn 0.8859 0.3058 -0.3488
vn 0.9531 0.0990 -0.2859
vn 0.9900 -0.0945 -0.1050
vn 0.9886 -0.0006 -0.1508
vn 0.9848 0.0341 -0.1702
vn 0.7785 0.4040 -0.4804
vn 0.9841 -0.0362 -0.1737
vn 0.9916 -0.0557 -0.1169
vn 0.9016 0.1837 -0.3917
vn 0.9774 0.0710 -0.1992
vn 0.9419 0.1241 -0.3120
vn 0.8097 0.2895 -0.5104
vn 0.9568 -0.0255 -0.2896
vn 0.9319 0.0946 -0.3502
vn 0.8877 0.1979 -0.4156
vn 0.0149 0.7786 -0.6274
vn -0.1019 0.7945 -0.5986
vn -0.2128 0.7234 -0.6568
vn -0.0643 0.7722 -0.6321
vn 0.0562 0.7852 -0.6167
vn 0.1064 0.7775 -0.6199
vn 0.3046 0.7239 -0.6191
vn 0.1943 0.7603 -0.6198
vn 0.5304 0.6152 -0.5832
vn 0.6122 0.5099 -0.6043
vn 0.4479 0.6201 -0.6441
vn 0.8030 0.2864 -0.5226
vn 0.7199 0.4253 -0.5485
vn 0.8842 0.1988 -0.4226
vn -0.0577 -0.4591 0.8865
vn -0.0862 -0.4694 0.8788
vn -0.0074 -0.9942 0.1074
vn -0.0277 -0.9601 0.2783
vn -0.0581 -0.8474 0.5277
vn -0.0950 -0.6200 0.7788
vn -0.0633 -0.7501 0.6583
vn -0.0425 -0.6846 0.7277
vn -0.0565 -0.4774 0.8769
vn -0.0472 -0.5678 0.8218
vn -0.0231 -0.8896 0.4562
vn -0.0182 -0.4433 0.8962
vn -0.0208 -0.4984 0.8667
vn 0.0089 -0.4586 0.8886
vn -0.0080 -0.4326 0.9015
vn -0.5626 0.3658 -0.7414
vn -0.4235 0.2200 -0.8788
vn -0.3261 0.1811 -0.9278
vn -0.0858 0.7455 -0.6610
vn -0.3543 0.6768 -0.6453
vn -0.2963 0.4967 -0.8158
vn -0.3706 0.6021 -0.7072
vn 0.0873 0.8055 -0.5861
vn 0.1305 0.6979 -0.7042
vn -0.0611 0.3082 -0.9494
vn -0.0559 0.5251 -0.8492
vn -0.4233 0.5024 -0.7539
vn -0.0980 0.5306 -0.8419
vn 0.0169 0.6518 -0.7582
vn 0.2437 0.2572 -0.9351
vn -0.0296 0.2532 -0.9669
vn 0.2257 0.5543 -0.8011
vn 0.2602 0.4788 -0.8385
vn 0.1704 0.6926 -0.7009
vn 0.0993 0.4421 -0.8914
vn 0.3971 0.2877 -0.8715
vn 0.1724 0.3869 -0.9059
vn 0.3820 0.4643 -0.7991
vn 0.3879 0.5719 -0.7228
vn 0.4978 0.4748 -0.7258
vn 0.5869 0.3383 -0.7356
vn 0.5126 0.2080 -0.8331
vn 0.7551 0.2078 -0.6217
vn 0.6814 0.3970 -0.6149
vn 0.6066 0.5172 -0.6038
vn 0.2831 0.7901 -0.5437
vn 0.4691 0.7265 -0.5022
vn 0.1040 0.7461 -0.6577
vn 0.1475 0.8332 -0.5330
vn 0.8471 0.0880 -0.5241
vn 0.8940 0.2024 -0.3997
vn 0.8388 0.2973 -0.4561
vn 0.9004 0.3356 -0.2768
vn 0.8439 0.4109 -0.3451
vn 0.7410 0.3712 -0.5596
vn 0.7444 0.5056 -0.4361
vn 0.6617 0.7408 -0.1159
vn 0.5146 0.8444 -0.1486
vn 0.4299 0.8661 -0.2550
vn 0.1878 0.9366 -0.2957
vn 0.1430 0.9083 -0.3932
vn -0.3762 0.4954 -0.7830
vn -0.5180 0.4766 -0.7103
vn -0.5691 0.2229 -0.7914
vn -0.2049 0.3692 -0.9065
vn -0.3966 0.3225 -0.8595
vn -0.1948 0.5601 -0.8052
vn -0.0381 0.6472 -0.7614
vn -0.0338 0.4699 -0.8821
vn 0.3583 0.5611 -0.7462
vn 0.1656 0.5455 -0.8216
vn 0.4034 0.3577 -0.8422
vn 0.1599 0.3739 -0.9136
vn 0.5437 0.5030 -0.6718
vn 0.5836 0.3960 -0.7089
vn 0.6102 0.2216 -0.7607
vn 0.7349 0.2153 -0.6431
vn 0.8119 0.2297 -0.5367
vn -0.0066 -1.0000 -0.0071
vn -0.0766 -0.9806 0.1802
vn -0.0061 -0.9938 -0.1114
vn -0.0048 -0.9994 -0.0341
vn -0.0081 -0.9873 -0.1587
vn 0.0463 0.2902 -0.9558
vn 0.0853 0.2942 -0.9519
vn 0.0781 0.2963 -0.9519
vn 0.0700 0.3183 -0.9454
vn 0.1105 0.3011 -0.9472
vn 0.0461 0.3155 -0.9478
vn 0.0376 0.2941 -0.9550
vn 0.0206 0.2809 -0.9595
vn 0.0008 0.3290 -0.9443
vn 0.1209 0.4539 -0.8828
vn 0.0867 0.3919 -0.9159
vn 0.1370 0.6261 -0.7676
vn 0.1061 0.5468 -0.8305
vn 0.0652 0.4835 -0.8729
vn 0.0685 0.5688 -0.8196
vn 0.0237 0.3747 -0.9269
vn 0.0950 0.6489 -0.7549
vn 0.0083 0.5258 -0.8506
vn 0.0479 0.4281 -0.9025
vn 0.1025 -0.7681 -0.6320
vn 0.0588 -0.8578 -0.5106
vn 0.0373 -0.9324 -0.3596
vn 0.0196 -0.8997 -0.4361
vn -0.0054 -0.9732 -0.2297
vn -0.0085 -0.9843 -0.1760
vn -0.0026 -0.9853 -0.1708
vn 0.0198 -0.7686 -0.6394
vn 0.0621 -0.6402 -0.7657
vn -0.0140 -0.9429 -0.3329
vn 0.0144 -0.5504 -0.8348
vn 0.0835 -0.4303 -0.8988
vn 0.1336 0.2702 -0.9535
vn 0.1709 0.2261 -0.9590
vn 0.1835 0.2736 -0.9442
vn 0.0938 0.2782 -0.9559
vn 0.1150 0.2365 -0.9648
vn 0.0502 0.2763 -0.9598
vn 0.0875 0.2834 -0.9550
vn 0.1529 0.2801 -0.9477
vn 0.1161 0.2772 -0.9538
vn 0.1292 0.2871 -0.9491
vn 0.0568 0.2869 -0.9563
vn 0.0902 0.2756 -0.9570
vn 0.0720 0.2741 -0.9590
vn 0.0580 0.2662 -0.9622
vn 0.1265 0.3038 -0.9443
vn 0.0285 0.2767 -0.9605
vn 0.1417 -0.1935 -0.9708
vn 0.1717 -0.0028 -0.9851
vn 0.1123 -0.0340 -0.9931
vn 0.1009 0.1739 -0.9796
vn -0.0344 0.1122 -0.9931
vn 0.0773 0.0952 -0.9924
vn 0.0549 -0.1914 -0.9800
vn 0.0025 -0.3015 -0.9535
vn 0.0130 0.1103 -0.9938
vn 0.0366 -0.0708 -0.9968
vn 0.0146 -0.9866 -0.1625
vn 0.0087 -0.9871 -0.1599
vn 0.0232 -0.9859 -0.1657
vn 0.0427 -0.9895 -0.1384
vn 0.0829 0.9703 0.2275
vn 0.0097 0.9676 0.2524
vn 0.0398 0.9693 0.2425
vn 0.0282 -0.9850 -0.1700
vn 0.0275 -0.9857 -0.1660
vn 0.0322 -0.9851 -0.1690
vn 0.0290 -0.9851 -0.1693
vn 0.7144 0.6541 -0.2486
vn 0.7353 0.6113 -0.2928
vn 0.7566 0.5826 -0.2968
vn 0.6544 0.7153 -0.2453
vn 0.6675 0.6971 -0.2617
vn 0.7870 0.5151 -0.3397
vn 0.7846 0.5157 -0.3441
vn 0.8129 0.4694 -0.3447
vn 0.1552 0.9801 0.1242
vn 0.2022 0.9739 0.1034
vn 0.3026 0.9531 0.0075
vn 0.2575 0.9656 -0.0376
vn 0.4984 0.8580 -0.1242
vn 0.3236 0.9461 0.0089
vn 0.4305 0.8978 -0.0926
vn 0.4388 0.8958 -0.0708
vn 0.4700 0.8631 -0.1848
vn 0.6374 0.7470 -0.1888
vn 0.5900 0.7836 -0.1946
vn 0.5123 0.8444 -0.1568
vn 0.5917 0.7779 -0.2114
vn 0.0698 -0.9893 -0.1278
vn 0.0435 -0.9831 -0.1779
vn 0.0332 -0.9847 -0.1713
vn 0.8397 0.4192 -0.3453
vn 0.8382 0.3939 -0.3770
vn 0.8546 0.3873 -0.3458
vn 0.0400 -0.9838 -0.1746
vn 0.1025 -0.9694 -0.2229
vn 0.0738 -0.9772 -0.1993
vn 0.8473 0.2234 -0.4819
vn 0.8285 0.2327 -0.5094
vn 0.8303 0.2313 -0.5070
vn 0.8605 0.2101 -0.4641
vn 0.8460 0.2130 -0.4888
vn 0.8613 0.2085 -0.4633
vn 0.8274 0.2297 -0.5125
vn 0.8412 0.2200 -0.4940
vn 0.8575 0.2419 -0.4542
vn 0.8830 0.2179 -0.4157
vn 0.8747 0.2474 -0.4169
vn 0.8576 0.2867 -0.4270
vn 0.8381 0.2783 -0.4691
vn 0.8778 0.1959 -0.4372
vn 0.8488 0.3403 -0.4047
vn 0.8770 0.3172 -0.3609
vn 0.8200 0.3991 -0.4102
vn 0.8775 0.2894 -0.3824
vn 0.8332 0.3288 -0.4445
vn 0.0652 -0.9794 -0.1909
vn 0.0390 -0.9832 -0.1785
vn 0.1188 -0.9674 -0.2237
vn 0.1941 -0.9799 -0.0470
vn 0.1405 -0.9610 -0.2382
vn 0.2615 -0.9134 -0.3119
vn 0.2087 -0.9362 -0.2828
vn 0.2296 -0.9289 -0.2905
vn 0.1496 -0.9577 -0.2458
vn 0.4078 -0.8349 -0.3696
vn 0.3549 -0.8581 -0.3709
vn 0.3826 -0.8354 -0.3945
vn 0.5175 -0.7185 -0.4647
vn 0.6649 -0.5630 -0.4908
vn 0.6356 -0.6126 -0.4698
vn 0.7280 -0.4331 -0.5314
vn 0.8534 0.1764 -0.4905
vn 0.8503 0.1444 -0.5061
vn 0.8570 0.1274 -0.4993
vn 0.7972 -0.2782 -0.5357
vn 0.8439 -0.0937 -0.5283
vn 0.8526 0.0530 -0.5199
vn 0.8407 -0.0463 -0.5396
vn 0.8478 0.1925 -0.4941
vn 0.8451 0.1852 -0.5015
vn 0.8529 0.1836 -0.4887
vn 0.8668 0.2080 -0.4532
vn 0.8564 0.2076 -0.4727
vn 0.8593 0.1974 -0.4718
vn 0.8753 0.2080 -0.4365
vn 0.8624 0.2161 -0.4577
vn 0.8693 0.2087 -0.4480
vn 0.8404 0.2214 -0.4947
vn 0.8440 0.2086 -0.4940
vn 0.8986 0.1918 -0.3946
vn 0.8869 0.1897 -0.4212
vn 0.8710 0.2080 -0.4451
vn 0.8805 0.1946 -0.4323
vn 0.8856 0.2432 -0.3957
vn 0.8792 0.2748 -0.3893
vn 0.8933 0.1980 -0.4035
vn 0.8963 0.1815 -0.4045
vn 0.1262 -0.9650 -0.2297
vn 0.2218 -0.9287 -0.2973
vn 0.1614 -0.9491 -0.2704
vn 0.3205 -0.8572 -0.4031
vn 0.2228 -0.9288 -0.2962
vn 0.1701 -0.9529 -0.2511
vn 0.3725 -0.8329 -0.4094
vn 0.6577 -0.5166 -0.5483
vn 0.4553 -0.7824 -0.4250
vn 0.2694 -0.9124 -0.3082
vn 0.4265 -0.7970 -0.4276
vn 0.6930 -0.4451 -0.5671
vn 0.5159 -0.7140 -0.4733
vn 0.3250 -0.8803 -0.3456
vn 0.4536 -0.7847 -0.4224
vn 0.7191 -0.3856 -0.5781
vn 0.5923 -0.6378 -0.4923
vn 0.4344 -0.8012 -0.4116
vn 0.6266 -0.6171 -0.4760
vn 0.6211 -0.5287 -0.5785
vn 0.7919 -0.2750 -0.5452
vn 0.5293 -0.7075 -0.4682
vn 0.3409 -0.8953 -0.2869
vn 0.7914 -0.2425 -0.5612
vn 0.7364 -0.5015 -0.4540
vn 0.7957 -0.2025 -0.5708
vn 0.8242 0.0242 -0.5657
vn 0.7935 -0.1479 -0.5903
vn 0.8379 0.0424 -0.5441
vn 0.8225 -0.0753 -0.5637
vn 0.8430 0.1342 -0.5210
vn 0.8315 0.1362 -0.5386
vn 0.8356 0.1797 -0.5191
vn 0.8281 -0.0449 -0.5587
vn 0.8210 0.1087 -0.5605
vn 0.8125 -0.0199 -0.5827
vn 0.8220 0.1754 -0.5418
vn 0.8049 0.1849 -0.5639
vn 0.8177 0.1896 -0.5435
vn 0.8297 0.2124 -0.5162
vn 0.8156 0.2147 -0.5373
vn 0.8261 0.1964 -0.5282
vn 0.8357 0.1922 -0.5145
vn 0.8101 0.2342 -0.5375
vn 0.8089 0.2355 -0.5387
vn 0.3002 -0.8912 -0.3400
vn 0.4051 -0.8249 -0.3941
vn 0.3622 -0.8626 -0.3532
vn 0.5355 -0.7172 -0.4458
vn 0.6211 -0.6139 -0.4872
vn 0.7277 -0.4450 -0.5219
vn 0.8221 -0.1510 -0.5489
vn 0.5390 -0.6528 -0.5323
vn 0.8346 -0.1313 -0.5350
vn 0.7536 -0.4204 -0.5052
vn 0.7807 -0.3240 -0.5343
vn 0.8476 0.1764 -0.5005
vn 0.3672 -0.8400 -0.3995
vn 0.6801 -0.4657 -0.5662
vn 0.7869 -0.1567 -0.5969
vn 0.8642 -0.1302 0.4860
vn 0.8612 -0.1619 0.4818
vn 0.9403 -0.1164 0.3198
vn 0.9485 -0.1862 0.2564
vn 0.9762 -0.1264 0.1761
vn 0.5100 -0.0968 0.8547
vn 0.3930 -0.0079 0.9195
vn 0.7828 -0.1681 0.5991
vn 0.6563 -0.1163 0.7455
vn 0.5729 -0.0479 0.8182
vn 0.7619 -0.1135 0.6376
vn 0.8552 -0.1212 0.5040
vn 0.8753 -0.1766 0.4502
vn 0.9523 -0.1497 0.2661
vn 0.9234 -0.1002 0.3705
vn 0.9822 -0.0734 0.1728
vn 0.3558 0.0761 0.9315
vn 0.3388 0.1162 0.9337
vn 0.2964 0.7944 0.5302
vn 0.1455 0.9757 0.1639
vn 0.5650 0.8209 0.0835
vn 0.6453 -0.0102 0.7639
vn 0.4600 0.5641 0.6857
vn 0.4681 0.1981 0.8612
vn 0.5985 0.6833 0.4183
vn 0.8326 0.5533 -0.0229
vn 0.8013 0.4619 0.3802
vn 0.7814 0.0631 0.6209
vn 0.6888 0.2623 0.6759
vn 0.9420 -0.0128 0.3354
vn 0.9966 -0.0172 0.0801
vn 0.9007 0.1493 0.4080
vn 0.9765 0.2149 -0.0147
vn 0.1301 -0.3992 0.9076
vn 0.1290 -0.3973 0.9086
vn 0.1273 -0.4040 0.9059
vn 0.0688 -0.3819 0.9217
vn 0.0612 -0.3284 0.9426
vn 0.0612 -0.4083 0.9108
vn 0.1134 -0.3802 0.9179
vn 0.0282 -0.3915 0.9197
vn 0.0277 -0.3189 0.9474
vn -0.0353 -0.3806 0.9241
vn -0.0017 -0.2958 0.9552
vn 0.0008 -0.1519 0.9884
vn 0.0063 -0.2462 0.9692
vn -0.0253 0.0623 0.9977
vn -0.0081 -0.2198 0.9755
vn -0.0189 -0.1369 0.9904
vn -0.0245 0.2207 0.9750
vn -0.0367 -0.0447 0.9983
vn 0.3374 0.5356 0.7741
vn -0.0040 0.5632 0.8263
vn 0.0677 0.6372 0.7677
vn 0.9645 0.1164 0.2369
vn 0.5330 0.5709 0.6245
vn 0.1354 0.6932 0.7079
vn 0.9879 0.0524 0.1462
vn 0.6643 0.5289 0.5282
vn 0.3004 0.7051 0.6423
vn -0.1808 0.6826 0.7081
vn -0.3545 0.8001 0.4839
vn -0.0070 0.3965 0.9180
vn -0.0042 0.4746 0.8802
vn -0.0119 0.5777 0.8162
vn -0.0856 0.6468 0.7578
vn -0.2353 0.7141 0.6594
vn 0.0268 0.6707 0.7413
vn 0.0307 0.7302 0.6826
vn 0.1003 0.6408 0.7612
vn 0.0537 0.5545 0.8304
vn 0.2755 0.6866 0.6728
vn 0.3302 0.7115 0.6202
vn 0.2917 0.7023 0.6494
vn 0.1713 0.6587 0.7326
vn 0.4844 0.6851 0.5440
vn 0.5236 0.7240 0.4491
vn 0.0244 0.5119 0.8587
vn 0.0234 0.5935 0.8045
vn 0.1002 0.7193 0.6874
vn 0.1478 0.7946 0.5888
vn 0.2833 0.7912 0.5420
vn 0.3473 0.7538 0.5578
vn 0.4004 0.8074 0.4334
vn 0.4452 0.8380 0.3155
vn 0.5004 0.7670 0.4017
vn 0.9798 -0.1117 0.1661
vn 0.9603 -0.1869 0.2071
vn 0.9955 -0.0736 0.0600
vn 0.9837 -0.1779 0.0253
vn 0.9955 -0.0946 0.0033
vn 0.9786 -0.1924 0.0724
vn 0.9959 -0.0796 0.0423
vn 0.9982 -0.0542 -0.0263
vn 0.9896 -0.1017 -0.1020
vn 0.9893 -0.0585 0.1339
vn 0.9985 -0.0194 0.0511
vn 0.9985 -0.0353 -0.0414
vn 0.9979 0.0192 -0.0621
vn 0.9999 0.0016 -0.0130
vn 0.7572 0.5706 0.3178
vn 0.9925 0.0484 -0.1120
vn 0.9965 0.0191 -0.0816
vn 0.1405 0.8321 0.5365
vn 0.9881 -0.1290 -0.0839
vn 0.9942 -0.0922 0.0553
vn 0.9928 -0.1122 -0.0427
vn 0.9846 -0.1025 -0.1413
vn 0.9944 -0.0902 -0.0551
vn 0.9870 -0.0806 -0.1392
vn 0.9851 -0.0911 -0.1458
vn 0.9860 -0.0479 -0.1599
vn 0.9870 -0.0609 -0.1487
vn 0.9938 -0.0996 0.0495
vn 0.9889 -0.1461 -0.0285
vn 0.9775 -0.1354 -0.1617
vn 0.9878 -0.1138 -0.1060
vn 0.4095 0.4469 -0.7953
vn 0.6143 0.2698 -0.7415
vn 0.6291 0.4002 -0.6663
vn 0.8417 0.1785 -0.5096
vn 0.7319 0.3982 -0.5530
vn 0.9691 0.0708 -0.2365
vn 0.9677 0.0234 -0.2509
vn 0.9313 0.2045 -0.3014
vn 0.9395 0.0845 -0.3320
vn 0.8001 0.3300 -0.5008
vn 0.9147 0.1436 -0.3778
vn 0.7893 0.3059 -0.5324
vn 0.9822 -0.1755 0.0674
vn 0.9795 -0.1782 0.0942
vn 0.9611 -0.1260 -0.2459
vn 0.9898 -0.0954 -0.1056
vn 0.9795 -0.1568 -0.1263
vn 0.9234 -0.0565 -0.3796
vn 0.9647 -0.0215 -0.2626
vn 0.7573 0.2112 -0.6179
vn 0.9146 0.0602 -0.3998
vn 0.8527 0.1008 -0.5126
vn 0.8103 0.1682 -0.5613
vn 0.9742 -0.0121 -0.2253
vn 0.9916 -0.1166 0.0564
vn 0.9952 -0.0979 -0.0054
vn 0.9669 -0.0619 -0.2476
vn 0.9341 -0.0137 -0.3568
vn 0.9160 0.0123 -0.4009
vn 0.8180 0.0929 -0.5677
vn 0.8413 0.0387 -0.5392
vn 0.3508 0.8667 -0.3547
vn 0.0745 0.5633 -0.8229
vn -0.0403 0.4140 -0.9094
vn 0.2425 0.4183 -0.8753
vn 0.3898 0.5700 -0.7233
vn 0.6129 0.6301 -0.4769
vn 0.5499 0.4754 -0.6867
vn 0.3235 0.4883 -0.8105
vn 0.4244 0.3754 -0.8240
vn 0.7191 0.1701 -0.6738
vn 0.5039 0.2435 -0.8287
vn 0.5080 0.2401 -0.8272
vn 0.2410 0.3514 -0.9047
vn 0.9976 0.0002 -0.0687
vn 0.9579 0.1392 -0.2512
vn 0.7719 0.5192 -0.3667
vn 0.8350 0.3340 -0.4373
vn 0.8787 0.0959 -0.4676
vn 0.7542 0.2721 -0.5976
vn 0.6143 0.3148 -0.7235
vn 0.6983 0.1144 -0.7066
vn 0.0587 -0.4619 0.8850
vn 0.0724 -0.4587 0.8856
vn 0.0345 -0.4463 0.8942
vn 0.0718 -0.4454 0.8925
vn 0.0246 -0.4451 0.8952
vn 0.1173 -0.4321 0.8942
vn 0.1403 -0.3996 0.9059
vn 0.0905 -0.4375 0.8946
vn 0.0815 -0.4109 0.9080
vn 0.0065 -0.4288 0.9034
vn 0.0049 -0.4014 0.9159
vn 0.0562 -0.4078 0.9113
vn -0.0117 -0.4072 0.9133
vn -0.0157 -0.4025 0.9153
vn -0.2660 0.8474 0.4596
vn -0.3153 0.7903 0.5254
vn 0.6812 0.6642 0.3079
vn 0.3503 0.8625 0.3652
vn 0.3377 0.8951 0.2910
vn 0.7690 0.5792 0.2707
vn 0.2059 0.8742 0.4398
vn 0.7225 0.6692 0.1738
vn 0.3896 0.8406 0.3762
vn 0.8476 0.4852 0.2147
vn 0.9944 0.0711 -0.0776
vn 0.6120 0.7347 0.2926
vn 0.9873 0.0596 -0.1471
vn 0.7905 0.5985 0.1301
vn 0.2398 0.8413 0.4844
vn 0.5296 0.8458 0.0644
vn 0.2929 0.9502 0.1064
vn 0.8636 0.4804 0.1531
vn 0.1327 0.9663 0.2207
vn 0.7424 0.6388 0.2018
vn -0.0693 0.9770 0.2014
vn 0.3668 0.9095 0.1958
vn -0.3041 0.8720 0.3835
vn -0.2889 0.9104 0.2961
vn -0.2904 0.9431 0.1618
vn -0.3592 0.9270 0.1082
vn -0.0639 0.9844 0.1641
vn -0.2983 0.8846 0.3586
vn -0.2132 0.9581 0.1910
vn 0.0049 0.9946 0.1041
vn 0.1376 0.9303 0.3401
vn 0.2265 0.9627 0.1479
vn 0.2089 0.9764 0.0545
vn 0.5112 0.7849 0.3503
vn 0.5139 0.8359 0.1927
vn 0.4170 0.9042 0.0922
vn 0.3844 0.9122 0.1420
vn 0.7277 0.6406 0.2449
vn 0.6229 0.7710 0.1321
vn 0.4397 0.8747 0.2038
vn 0.3188 0.8557 0.4075
vn 0.0395 0.9379 0.3445
vn 0.0769 0.9155 0.3948
vn 0.0300 0.9513 0.3069
vn -0.2700 0.8801 0.3906
vn 0.9839 -0.0189 -0.1780
vn 0.9903 -0.0014 -0.1388
vn 0.8415 0.2748 -0.4651
vn 0.9685 0.0801 -0.2357
vn 0.9739 0.1369 -0.1811
vn -0.0116 -0.9172 0.3983
vn -0.0127 -0.7934 0.6086
vn -0.0111 -0.4979 0.8672
vn -0.0120 -0.6530 0.7572
vn -0.0123 -0.8017 0.5976
vn -0.0075 -0.4177 0.9086
vn -0.0179 -0.4079 0.9128
vn 0.0029 -0.4350 0.9004
vn 0.0027 -0.4106 0.9118
vn -0.0228 -0.4081 0.9127
vn 0.2689 0.9574 0.1056
vn 0.2139 0.9752 0.0562
vn 0.1573 0.9836 -0.0879
vn 0.0718 0.7796 -0.6222
vn 0.1162 0.9879 -0.1026
vn 0.0787 0.8706 -0.4856
vn 0.0883 0.9268 -0.3650
vn 0.1035 0.9943 0.0261
vn 0.1150 0.9673 -0.2260
vn 0.1772 0.9840 -0.0172
vn 0.0333 0.8172 -0.5754
vn 0.1928 0.9812 -0.0059
vn 0.0442 0.6864 -0.7259
vn 0.1287 0.9833 -0.1289
vn 0.0865 0.9564 -0.2791
vn 0.0501 0.8926 -0.4480
vn -0.1304 0.9869 0.0945
vn -0.0013 0.9998 0.0220
vn -0.0061 -0.9999 -0.0080
vn -0.0107 -0.9925 -0.1219
vn 0.0112 0.2813 -0.9596
vn -0.0107 0.2716 -0.9624
vn -0.0089 0.2788 -0.9603
vn -0.0216 0.2716 -0.9622
vn -0.0310 0.3217 -0.9463
vn -0.0337 0.2743 -0.9611
vn -0.0738 0.2779 -0.9578
vn 0.0299 0.5960 -0.8024
vn 0.0021 0.6428 -0.7660
vn -0.0281 0.4443 -0.8954
vn -0.0010 0.4557 -0.8901
vn -0.0243 0.5391 -0.8419
vn -0.0271 0.3820 -0.9237
vn -0.0437 0.3537 -0.9343
vn 0.0137 0.7775 -0.6287
vn -0.0229 0.6511 -0.7587
vn -0.0215 -0.8704 -0.4918
vn -0.0124 -0.9844 -0.1753
vn -0.0241 -0.9515 -0.3066
vn -0.0415 -0.7426 -0.6685
vn -0.0440 -0.8810 -0.4710
vn -0.0526 -0.2563 -0.9652
vn -0.0417 -0.5421 -0.8393
vn -0.0619 -0.6592 -0.7494
vn 0.0185 0.2570 -0.9662
vn 0.0569 0.2044 -0.9772
vn -0.0073 0.2731 -0.9620
vn 0.0016 0.2180 -0.9759
vn -0.0311 0.1974 -0.9798
vn -0.0477 0.2647 -0.9631
vn -0.0090 0.2822 -0.9593
vn 0.0203 0.2853 -0.9582
vn -0.0019 0.2669 -0.9637
vn -0.0190 0.2779 -0.9604
vn -0.0331 0.2654 -0.9636
vn 0.0357 0.2716 -0.9617
vn 0.0063 0.2658 -0.9640
vn 0.0066 0.2829 -0.9591
vn -0.0130 0.2758 -0.9611
vn -0.0273 -0.0664 -0.9974
vn -0.0175 0.1803 -0.9835
vn -0.0389 0.0403 -0.9984
vn -0.0247 -0.0266 -0.9993
vn -0.6172 0.5193 -0.5911
vn -0.9252 0.1777 -0.3352
vn -0.9414 0.0796 -0.3276
vn -0.8605 0.2206 -0.4592
vn -0.8495 0.1957 -0.4900
vn -0.6929 0.3318 -0.6401
vn -0.8074 0.0764 -0.5850
vn -0.6613 0.0424 -0.7489
vn -0.9700 -0.0106 -0.2428
vn -0.9204 -0.0138 -0.3907
vn 0.8707 -0.0983 0.4819
vn 0.8459 0.1375 -0.5153
vn 0.9934 0.0357 0.1090
vn 0.9239 -0.0861 0.3728
vn 0.9451 -0.1228 0.3030
vn 0.9716 -0.1688 0.1661
vn -0.6586 0.3190 -0.6815
vn -0.8700 -0.0307 -0.4921
vn -0.7197 0.0816 -0.6894
vn -0.7412 0.0818 -0.6663
vn -0.6475 0.2722 -0.7118
vn -0.4788 0.4834 -0.7329
vn -0.6300 0.2959 -0.7180
vn -0.3000 0.4151 -0.8589
vn -0.8026 0.0768 -0.5915
vn -0.6210 0.2161 -0.7535
vn -0.7752 0.0664 -0.6282
vn -0.9967 -0.0021 -0.0807
vn -0.8380 0.0819 -0.5394
vn -0.6364 0.2014 -0.7446
vn -0.8307 0.0197 -0.5564
vn -0.8618 0.0669 -0.5028
vn -0.2132 0.3231 -0.9220
vn -0.4869 0.2513 -0.8365
vn -0.6499 0.1964 -0.7342
vn -0.7764 0.1050 -0.6214
vn -0.4122 0.2856 -0.8652
vn 0.8770 -0.2521 0.4090
vn 0.8110 -0.3503 0.4687
vn 0.6163 0.4372 0.6550
vn 0.7587 0.2504 0.6014
vn 0.5563 0.0277 0.8305
vn 0.4491 -0.2267 0.8642
vn 0.6934 -0.1140 0.7115
vn 0.8296 0.1800 0.5286
vn 0.7826 -0.1661 0.5999
vn 0.7638 -0.2166 0.6081
vn 0.3643 -0.1568 0.9180
vn 0.7994 -0.2575 0.5428
vn 0.6549 -0.2852 0.6998
vn 0.7237 -0.2705 0.6349
vn 0.6506 -0.3280 0.6850
vn 0.7551 -0.3333 0.5646
vn 0.5743 -0.3070 0.7589
vn 0.6534 -0.2770 0.7045
vn -0.6298 -0.0137 -0.7767
vn -0.4689 0.2685 -0.8414
vn -0.6570 -0.0191 -0.7536
vn -0.5954 0.0955 -0.7977
vn -0.6981 -0.0435 -0.7147
vn -0.5820 0.1361 -0.8017
vn -0.3863 0.3642 -0.8474
vn -0.7397 0.0327 -0.6721
vn -0.7742 0.1043 -0.6243
vn -0.4526 0.2718 -0.8493
vn -0.5725 0.2030 -0.7943
vn 0.5945 -0.3036 0.7446
vn 0.7054 -0.3252 0.6298
vn 0.7031 -0.1195 0.7010
vn 0.6552 -0.3170 0.6857
vn 0.6500 -0.2136 0.7293
vn 0.6674 0.0731 0.7411
vn 0.7067 0.1286 0.6957
vn 0.6495 -0.0729 0.7569
vn 0.6119 0.1361 0.7791
vn 0.7214 0.2041 0.6618
vn 0.6381 0.0023 0.7699
vn 0.5898 -0.1926 0.7843
vn 0.6143 -0.0101 0.7890
vn 0.5428 -0.1353 0.8289
vn -0.1272 0.7582 -0.6395
vn -0.1362 0.7287 -0.6712
vn -0.6315 0.2495 -0.7342
vn -0.4113 0.4565 -0.7890
vn -0.3120 0.4564 -0.8333
vn -0.4400 -0.0392 -0.8971
vn -0.1197 0.7720 -0.6243
vn -0.2710 0.6253 -0.7318
vn -0.5487 0.2186 -0.8070
vn -0.4029 0.3589 -0.8419
vn -0.3938 0.1846 -0.9005
vn -0.4699 0.1832 -0.8635
vn -0.5764 0.0256 -0.8168
vn -0.5209 -0.0395 -0.8527
vn -0.7741 0.4025 0.4887
vn -0.9849 -0.1482 -0.0897
vn -0.9120 -0.2305 0.3394
vn -0.6166 -0.3330 0.7134
vn -0.7840 0.2478 0.5692
vn -0.6478 -0.2450 -0.7214
vn -0.8125 -0.1436 0.5650
vn -0.7194 -0.2445 0.6502
vn -0.7378 -0.2284 0.6351
vn 0.0038 -0.9877 -0.1565
vn -0.1167 0.6832 -0.7209
vn 0.6854 -0.5281 0.5014
vn 0.4621 -0.0484 0.8855
vn -0.4118 -0.3986 0.8195
vn -0.1847 -0.4000 0.8977
vn -0.3421 -0.5662 0.7499
vn -0.2111 0.1282 -0.9690
vn -0.0915 0.8902 0.4463
vn 0.4450 -0.3485 0.8249
vn -0.4361 0.0674 0.8974
vn -0.9742 -0.1851 -0.1293
vn -0.3290 -0.1856 0.9259
vn -0.1214 0.9673 0.2229
vn 0.8040 0.4539 0.3841
vn -0.1483 -0.6236 0.7675
vn -0.3556 0.3828 -0.8527
vn -0.0484 -0.3639 0.9302
vn 0.9416 -0.2525 0.2227
vn 0.8710 -0.2965 0.3918
vn 0.2369 0.6549 -0.7176
vn 0.2299 0.5319 -0.8150
vn -0.1432 -0.4051 0.9030
vn 0.5607 0.6107 -0.5592
vn 0.5119 0.2785 -0.8127
vn 0.4430 0.5484 -0.7092
vn 0.4156 0.6592 -0.6266
vn -0.1167 -0.4722 0.8737
vn -0.0848 0.5347 -0.8408
vn -0.1304 0.3881 -0.9123
vn -0.0006 0.2900 -0.9570
vn 0.0235 0.9507 0.3093
vn 0.0763 0.9881 0.1336
vn 0.0918 -0.9933 -0.0703
vn 0.7889 0.5042 -0.3512
vn 0.0855 0.9893 0.1184
vn 0.2392 0.9704 0.0331
vn 0.2464 0.9688 -0.0252
vn 0.7077 0.6698 -0.2247
vn 0.0349 -0.9847 -0.1706
vn 0.7775 0.5213 -0.3518
vn 0.8553 0.1812 -0.4853
vn 0.9648 0.1630 -0.2062
vn 0.8941 0.2113 -0.3949
vn 0.8630 0.3653 -0.3490
vn -0.0056 -0.9841 0.1774
vn -0.0242 -0.3890 0.9209
vn -0.0266 0.2633 -0.9643
vn -0.0138 -0.9798 -0.1995
vn -0.0124 0.2806 -0.9597
vn -0.5199 0.2187 -0.8258
s 1
usemtl Arch.003
f 11//1 9//2 8//3
f 12//4 241//5 11//1
f 6//6 11//1 5//7
f 13//8 14//9 15//10
f 18//11 5//7 13//8
f 16//12 17//13 19//14
f 20//15 18//11 15//10
f 5//7 21//16 13//8
f 14//9 21//16 22//17
f 14//9 23//18 26//19
f 26//19 15//10 14//9
f 17//13 16//12 26//19
f 17//13 25//20 27//21
f 19//14 27//21 28//22
f 28//22 27//21 29//23
f 31//24 32//25 40//26
f 35//27 34//28 36//29
f 36//29 40//26 39//30
f 34//28 38//31 36//29
f 33//32 37//33 48//34
f 44//35 47//36 43//37
f 42//38 49//39 44//35
f 43//37 42//38 44//35
f 41//40 45//41 49//39
f 44//35 49//39 46//42
f 46//42 2//43 3//44
f 3//44 168//45 47//36
f 47//36 46//42 3//44
f 49//39 1//46 46//42
f 37//33 36//29 1//46
f 43//37 57//47 50//48
f 57//47 51//49 52//50
f 52//50 51//49 53//51
f 47//36 60//52 57//47
f 60//52 56//53 51//49
f 58//54 59//55 54//56
f 54//56 53//51 58//54
f 58//54 62//57 59//55
f 59//55 328//58 63//59
f 63//59 329//60 64//61
f 66//62 12//4 67//63
f 69//64 67//63 70//65
f 70//65 68//66 71//67
f 20//15 16//12 73//68
f 72//69 20//15 74//70
f 76//71 74//70 77//72
f 78//73 74//70 75//74
f 79//75 73//68 28//22
f 78//73 80//76 77//72
f 81//77 80//76 78//73
f 81//77 78//73 75//74
f 81//77 79//75 82//78
f 370//79 71//67 83//80
f 83//80 77//72 84//81
f 84//81 80//76 85//82
f 81//77 82//78 86//83
f 386//84 85//82 87//85
f 87//85 86//83 88//86
f 28//22 29//23 255//87
f 79//75 28//22 89//88
f 89//88 255//87 90//89
f 86//83 89//88 91//90
f 95//91 64//61 331//92
f 96//93 97//94 636//95
f 98//96 99//97 100//98
f 98//96 101//99 176//100
f 96//93 636//95 102//101
f 186//102 176//100 104//103
f 104//103 176//100 101//99
f 109//104 111//105 113//106
f 117//107 114//108 118//109
f 118//109 115//110 119//111
f 114//108 115//110 118//109
f 117//107 118//109 120//112
f 122//113 119//111 123//114
f 128//115 129//116 127//117
f 124//118 126//119 128//115
f 129//116 126//119 112//120
f 129//116 130//121 127//117
f 129//116 131//122 132//123
f 131//122 112//120 117//107
f 130//121 132//123 133//124
f 132//123 121//125 135//126
f 134//127 133//124 136//128
f 135//126 121//125 137//129
f 133//124 137//129 138//130
f 140//131 130//121 134//127
f 140//131 134//127 142//132
f 141//133 142//132 144//134
f 142//132 134//127 145//135
f 143//136 142//132 145//135
f 144//134 143//136 146//137
f 146//137 148//138 149//139
f 150//140 146//137 151//141
f 151//141 146//137 152//142
f 156//143 321//144 789//145
f 154//146 153//147 155//148
f 153//147 159//149 158//150
f 156//143 789//145 159//149
f 39//30 161//151 160//152
f 162//153 166//154 163//155
f 161//151 164//156 162//153
f 162//153 155//148 166//154
f 164//156 154//146 155//148
f 155//148 157//157 166//154
f 163//155 166//154 97//94
f 163//155 97//94 165//158
f 165//158 97//94 96//93
f 166//154 157//157 637//159
f 2//43 169//160 167//161
f 168//45 173//162 4//163
f 1//46 160//152 2//43
f 3//44 2//43 167//161
f 167//161 170//164 171//165
f 168//45 167//161 172//166
f 160//152 162//153 169//160
f 169//160 165//158 174//167
f 172//166 171//165 175//168
f 172//166 177//169 173//162
f 170//164 174//167 171//165
f 169//160 163//155 165//158
f 174//167 96//93 178//170
f 171//165 178//170 98//96
f 4//163 180//171 179//172
f 184//173 185//174 61//175
f 173//162 186//102 180//171
f 185//174 187//176 182//177
f 182//177 61//175 185//174
f 183//178 186//102 189//179
f 190//180 183//178 189//179
f 190//180 192//181 185//174
f 185//174 193//182 187//176
f 189//179 186//102 104//103
f 193//182 185//174 192//181
f 191//183 187//176 193//182
f 104//103 105//184 189//179
f 189//179 103//185 190//180
f 192//181 106//186 193//182
f 193//182 195//187 194//188
f 202//189 201//190 196//191
f 198//192 202//189 197//193
f 205//194 203//195 204//196
f 201//190 200//197 196//191
f 202//189 207//198 201//190
f 203//195 208//199 202//189
f 212//200 209//201 203//195
f 214//202 207//198 215//203
f 214//202 206//204 207//198
f 208//199 216//205 207//198
f 219//206 225//207 218//208
f 209//201 218//208 208//199
f 188//209 217//210 210//211
f 210//211 187//176 188//209
f 220//212 217//210 219//206
f 211//213 219//206 209//201
f 214//202 222//214 221//215
f 222//214 215//203 223//216
f 215//203 222//214 214//202
f 188//209 224//217 217//210
f 218//208 225//207 216//205
f 219//206 217//210 225//207
f 222//214 226//218 221//215
f 223//216 226//218 222//214
f 191//183 228//219 224//217
f 229//220 227//221 223//216
f 225//207 229//220 223//216
f 230//222 226//218 231//223
f 226//218 230//222 107//224
f 235//225 227//221 234//226
f 231//223 226//218 235//225
f 194//188 232//227 228//219
f 234//226 229//220 233//228
f 7//229 236//230 237//231
f 7//229 238//232 236//230
f 8//3 9//2 7//229
f 10//233 246//234 9//2
f 241//5 240//235 10//233
f 243//236 198//192 242//237
f 236//230 108//238 237//231
f 238//232 244//239 236//230
f 246//234 245//240 239//241
f 197//193 196//191 240//235
f 242//237 197//193 241//5
f 236//230 244//239 111//105
f 108//238 236//230 111//105
f 244//239 239//241 245//240
f 200//197 245//240 246//234
f 240//235 200//197 246//234
f 247//242 245//240 206//204
f 206//204 245//240 200//197
f 247//242 116//243 115//110
f 213//244 247//242 206//204
f 116//243 213//244 221//215
f 250//245 237//231 248//246
f 21//16 7//229 250//245
f 250//245 248//246 22//17
f 22//17 21//16 250//245
f 22//17 248//246 23//18
f 249//247 251//248 24//249
f 24//249 23//18 249//247
f 125//250 249//247 124//118
f 249//247 125//250 251//248
f 253//251 25//20 24//249
f 25//20 258//252 254//253
f 254//253 258//252 260//254
f 254//253 260//254 261//255
f 256//256 261//255 263//257
f 139//258 251//248 125//250
f 252//259 262//260 259//261
f 259//261 258//252 252//259
f 264//262 140//131 141//133
f 265//263 259//261 262//260
f 261//255 266//264 267//265
f 265//263 271//266 268//267
f 269//268 272//269 274//270
f 274//270 273//271 275//272
f 276//273 274//270 275//272
f 150//140 270//274 144//134
f 270//274 150//140 277//275
f 271//266 278//276 272//269
f 273//271 279//277 280//278
f 275//272 273//271 281//279
f 275//272 281//279 286//280
f 277//275 150//140 283//281
f 278//276 277//275 284//282
f 278//276 284//282 279//277
f 286//280 281//279 285//283
f 282//284 286//280 287//285
f 283//281 151//141 288//286
f 284//282 288//286 289//287
f 290//288 284//282 289//287
f 291//289 284//282 290//288
f 280//278 291//289 292//290
f 285//283 292//290 293//291
f 294//292 285//283 293//291
f 296//293 298//294 300//295
f 299//296 304//297 303//298
f 299//296 298//294 297//299
f 300//295 886//300 302//301
f 303//298 886//300 298//294
f 306//302 305//303 304//297
f 306//302 304//297 299//296
f 307//304 306//302 301//305
f 476//306 312//307 310//308
f 311//309 310//308 309//310
f 474//311 300//295 312//307
f 310//308 777//312 313//313
f 312//307 302//301 777//312
f 314//314 318//315 315//316
f 315//316 318//315 317//317
f 477//318 311//309 316//319
f 318//315 320//320 319//321
f 316//319 311//309 309//310
f 318//315 309//310 320//320
f 319//321 321//144 156//143
f 321//144 787//322 786//323
f 320//320 322//324 321//144
f 32//25 315//316 323//325
f 92//326 314//314 32//25
f 32//25 30//327 92//326
f 317//317 319//321 324//328
f 324//328 319//321 154//146
f 154//146 156//143 153//147
f 154//146 319//321 156//143
f 40//26 325//329 39//30
f 40//26 323//325 325//329
f 325//329 324//328 161//151
f 181//330 56//53 179//172
f 184//173 56//53 181//330
f 61//175 58//54 184//173
f 62//57 327//331 326//332
f 328//58 59//55 326//332
f 329//60 63//59 328//58
f 329//60 330//333 331//92
f 331//92 64//61 329//60
f 326//332 333//334 328//58
f 328//58 333//334 329//60
f 332//335 330//333 335//336
f 337//337 212//200 205//194
f 365//338 204//196 199//339
f 340//340 337//337 205//194
f 334//341 205//194 365//338
f 330//333 338//342 341//343
f 342//344 339//345 343//346
f 355//347 343//346 344//348
f 330//333 341//343 335//336
f 335//336 345//349 346//350
f 336//351 187//176 210//211
f 348//352 336//351 347//353
f 338//342 336//351 348//352
f 349//354 347//353 211//213
f 350//355 211//213 337//337
f 351//356 348//352 349//354
f 352//357 349//354 350//355
f 338//342 352//357 353//358
f 341//343 338//342 353//358
f 342//344 352//357 339//345
f 354//359 341//343 353//358
f 354//359 342//344 355//347
f 356//360 341//343 354//359
f 356//360 355//347 357//361
f 345//349 356//360 357//361
f 358//362 344//348 359//363
f 360//364 345//349 357//361
f 361//365 357//361 358//362
f 362//366 358//362 359//363
f 362//366 359//363 363//367
f 220//212 336//351 210//211
f 211//213 347//353 220//212
f 360//364 361//365 364//368
f 365//338 243//236 366//369
f 366//369 243//236 66//62
f 367//370 366//369 368//371
f 368//371 66//62 69//64
f 370//79 69//64 70//65
f 71//67 370//79 70//65
f 334//341 365//338 367//370
f 372//372 367//370 369//373
f 369//373 367//370 368//371
f 373//374 369//373 374//375
f 371//376 374//375 369//373
f 374//375 371//376 378//377
f 340//340 334//341 343//346
f 343//346 334//341 372//372
f 344//348 343//346 372//372
f 359//363 344//348 372//372
f 376//378 373//374 377//379
f 378//377 373//374 374//375
f 380//380 378//377 375//381
f 379//382 377//379 378//377
f 381//383 379//382 380//380
f 383//384 363//367 377//379
f 384//385 377//379 379//382
f 486//386 382//387 383//384
f 385//388 379//382 381//383
f 83//80 371//376 370//79
f 375//381 83//80 387//389
f 387//389 386//84 388//390
f 388//390 88//86 389//391
f 388//390 390//392 387//389
f 389//391 392//393 388//390
f 390//392 391//394 393//395
f 393//395 394//396 390//392
f 392//393 395//397 391//394
f 90//89 255//87 256//256
f 398//398 90//89 256//256
f 398//398 256//256 397//399
f 91//90 89//88 398//398
f 91//90 399//400 86//83
f 400//401 91//90 398//398
f 402//402 399//400 400//401
f 389//391 399//400 403//403
f 256//256 263//257 397//399
f 405//404 397//399 404//405
f 401//406 398//398 405//404
f 407//407 401//406 406//408
f 408//409 402//402 401//406
f 409//410 401//406 407//407
f 409//410 407//407 411//411
f 410//412 413//413 411//411
f 412//414 414//415 413//413
f 416//416 414//415 415//417
f 397//399 263//257 420//418
f 404//405 397//399 420//418
f 422//419 420//418 421//420
f 423//421 420//418 422//419
f 423//421 422//419 429//422
f 424//423 404//405 423//421
f 425//424 405//404 424//423
f 426//425 406//408 425//424
f 421//420 269//268 427//426
f 429//422 421//420 427//426
f 430//427 429//422 428//428
f 424//423 429//422 431//429
f 431//429 429//422 430//427
f 425//424 431//429 432//430
f 426//425 412//414 410//412
f 426//425 432//430 412//414
f 427//426 274//270 433//431
f 428//428 433//431 434//432
f 434//432 433//431 276//273
f 435//433 428//428 434//432
f 430//427 435//433 436//434
f 431//429 436//434 437//435
f 432//430 437//435 438//436
f 412//414 438//436 415//417
f 439//437 276//273 282//284
f 434//432 439//437 440//438
f 435//433 440//438 441//439
f 443//440 282//284 287//285
f 442//441 439//437 443//440
f 444//442 440//438 442//441
f 441//439 445//443 437//435
f 446//444 441//439 444//442
f 437//435 447//445 438//436
f 443//440 448//446 442//441
f 443//440 295//447 448//446
f 450//448 442//441 448//446
f 449//449 442//441 450//448
f 451//450 444//442 449//449
f 445//443 452//451 447//445
f 453//452 445//443 446//444
f 447//445 419//453 417//454
f 454//455 447//445 452//451
f 455//456 457//457 296//293
f 455//456 456//458 457//457
f 457//457 297//299 298//294
f 460//459 457//457 458//460
f 462//461 299//296 297//299
f 463//462 462//461 459//463
f 459//463 297//299 460//459
f 465//464 463//462 466//465
f 466//465 459//463 461//466
f 467//467 299//296 462//461
f 468//468 467//467 464//469
f 464//469 462//461 463//462
f 469//470 464//469 465//464
f 307//304 301//305 467//467
f 470//471 467//467 468//468
f 471//472 468//468 469//470
f 475//473 476//306 308//474
f 479//475 316//319 314//314
f 92//326 479//475 314//314
f 478//476 477//318 316//319
f 479//475 478//476 316//319
f 93//477 92//326 30//327
f 95//91 331//92 332//335
f 480//478 332//335 335//336
f 482//479 481//480 346//350
f 483//481 346//350 360//364
f 484//482 482//479 483//481
f 485//483 364//368 361//365
f 486//386 361//365 382//387
f 487//484 483//481 485//483
f 488//485 484//482 487//484
f 486//386 489//486 485//483
f 491//487 485//483 489//486
f 491//487 489//486 490//488
f 492//489 487//484 491//487
f 494//490 491//487 493//491
f 495//492 486//386 383//384
f 496//493 486//386 495//492
f 493//491 490//488 496//493
f 495//492 497//494 496//493
f 384//385 497//494 495//492
f 500//495 496//493 497//494
f 501//496 498//497 385//388
f 494//490 499//498 502//499
f 492//489 494//490 502//499
f 503//500 492//489 502//499
f 504//501 488//485 503//500
f 506//502 497//494 498//497
f 507//503 498//497 501//496
f 508//504 502//499 505//505
f 509//506 381//383 394//396
f 509//506 385//388 381//383
f 514//507 512//508 510//509
f 515//510 512//508 514//507
f 516//511 514//507 511//512
f 517//513 385//388 509//506
f 518//514 509//506 513//515
f 519//516 518//514 513//515
f 519//516 513//515 512//508
f 519//516 512//508 515//510
f 520//517 519//516 521//518
f 521//518 519//516 516//511
f 522//519 501//496 517//513
f 522//519 517//513 518//514
f 523//520 520//517 521//518
f 392//393 389//391 524//521
f 525//522 524//521 403//403
f 526//523 403//403 408//409
f 527//524 408//409 409//410
f 527//524 409//410 411//411
f 511//512 392//393 524//521
f 413//413 414//415 528//525
f 531//526 414//415 416//416
f 418//527 530//528 531//526
f 530//528 532//529 533//530
f 543//531 545//532 544//533
f 544//533 1233//534 546//535
f 545//532 542//536 1233//534
f 550//537 547//538 554//539
f 547//538 549//540 553//541
f 551//542 555//543 552//544
f 555//543 556//545 557//546
f 561//547 650//548 560//549
f 561//547 568//550 562//551
f 562//551 565//552 563//553
f 555//543 567//554 564//555
f 564//555 1240//556 561//547
f 561//547 1240//556 568//550
f 569//557 562//551 568//550
f 569//557 570//558 565//552
f 565//552 571//559 566//560
f 576//561 575//562 536//563
f 576//561 537//564 577//565
f 579//566 577//565 572//567
f 582//568 578//569 579//566
f 573//570 579//566 572//567
f 583//571 580//572 581//573
f 584//574 581//573 582//568
f 584//574 573//570 585//575
f 587//576 581//573 584//574
f 566//560 588//577 574//578
f 593//579 591//580 592//581
f 595//582 593//579 596//583
f 573//570 595//582 597//584
f 598//585 595//582 596//583
f 599//586 598//585 600//587
f 601//588 599//586 602//589
f 603//590 538//591 539//592
f 591//580 537//564 538//591
f 592//581 591//580 603//590
f 593//579 577//565 591//580
f 597//584 585//575 573//570
f 584//574 585//575 604//593
f 589//594 604//593 605//595
f 605//595 604//593 606//596
f 1261//597 606//596 607//598
f 607//598 601//588 608//599
f 594//600 592//581 609//601
f 594//600 610//602 611//603
f 596//583 594//600 613//604
f 598//585 613//604 614//605
f 602//589 600//587 616//606
f 616//606 600//587 615//607
f 603//590 540//608 609//601
f 609//601 540//608 610//602
f 610//602 618//609 619//610
f 619//610 611//603 610//602
f 619//610 618//609 620//611
f 621//612 611//603 612//613
f 615//607 621//612 622//614
f 616//606 623//615 617//616
f 624//617 616//606 615//607
f 624//617 615//607 625//618
f 621//612 612//613 626//619
f 622//614 626//619 627//620
f 615//607 622//614 628//621
f 625//618 628//621 629//622
f 790//623 630//624 631//625
f 631//625 630//624 632//626
f 633//627 631//625 635//628
f 635//628 632//626 634//629
f 97//94 637//159 636//95
f 636//95 640//630 639//631
f 638//632 635//628 637//159
f 641//633 635//628 634//629
f 640//630 643//634 642//635
f 641//633 634//629 643//634
f 643//634 542//536 545//532
f 102//101 636//95 639//631
f 102//101 639//631 646//636
f 99//97 646//636 647//637
f 644//638 645//639 101//99
f 647//637 547//538 550//537
f 647//637 550//537 644//638
f 105//184 104//103 650//548
f 105//184 651//640 103//185
f 650//548 104//103 645//639
f 648//641 105//184 650//548
f 651//640 652//642 192//181
f 654//643 653//644 649//645
f 548//646 560//549 650//548
f 650//548 561//547 648//641
f 561//547 562//551 651//640
f 651//640 648//641 561//547
f 656//647 649//645 653//644
f 656//647 660//648 658//649
f 657//650 661//651 662//652
f 661//651 660//648 666//653
f 663//654 661//651 666//653
f 664//655 661//651 663//654
f 666//653 660//648 665//656
f 665//656 574//578 590//657
f 666//653 665//656 667//658
f 666//653 667//658 668//659
f 663//654 666//653 668//659
f 671//660 120//112 670//661
f 122//113 670//661 120//112
f 670//661 123//114 672//662
f 672//662 123//114 655//663
f 671//660 676//664 675//665
f 673//666 677//667 676//664
f 677//667 673//666 674//668
f 675//665 678//669 679//670
f 676//664 680//671 678//669
f 677//667 659//672 680//671
f 680//671 676//664 677//667
f 679//670 681//673 682//674
f 678//669 683//675 681//673
f 686//676 681//673 683//675
f 685//677 688//678 689//679
f 686//676 690//680 688//678
f 691//681 689//679 688//678
f 694//682 121//125 671//660
f 138//130 692//683 693//684
f 695//685 694//682 671//660
f 692//683 695//685 696//686
f 693//684 696//686 697//687
f 695//685 679//670 698//688
f 696//686 698//688 699//689
f 698//688 701//690 702//691
f 697//687 702//691 703//692
f 679//670 682//674 701//690
f 701//690 698//688 679//670
f 703//692 704//693 705//694
f 701//690 682//674 706//695
f 701//690 706//695 704//693
f 704//693 702//691 701//690
f 707//696 682//674 685//677
f 707//696 706//695 682//674
f 704//693 708//697 709//698
f 704//693 706//695 708//697
f 623//615 624//617 710//699
f 709//698 712//700 713//701
f 706//695 707//696 714//702
f 712//700 709//698 708//697
f 707//696 689//679 715//703
f 707//696 715//703 714//702
f 136//128 693//684 716//704
f 147//705 136//128 717//706
f 148//138 147//705 718//707
f 148//138 718//707 719//708
f 717//706 716//704 720//709
f 136//128 716//704 717//706
f 718//707 721//710 723//711
f 149//139 719//708 724//712
f 722//713 720//709 725//714
f 723//711 722//713 726//715
f 700//716 703//692 727//717
f 720//709 727//717 728//718
f 722//713 725//714 726//715
f 724//712 726//715 729//719
f 728//718 727//717 730//720
f 728//718 730//720 731//721
f 725//714 728//718 731//721
f 726//715 731//721 729//719
f 731//721 730//720 735//722
f 736//723 731//721 735//722
f 737//724 729//719 736//723
f 733//725 713//701 740//726
f 741//727 734//728 740//726
f 742//729 735//722 741//727
f 743//730 737//724 742//729
f 744//731 737//724 743//730
f 146//137 149//139 747//732
f 151//141 152//142 748//733
f 288//286 748//733 749//734
f 748//733 750//735 749//734
f 747//732 724//712 751//736
f 750//735 747//732 751//736
f 749//734 752//737 753//738
f 752//737 754//739 755//740
f 753//738 755//740 757//741
f 751//736 732//742 758//743
f 759//744 754//739 758//743
f 755//740 759//744 761//745
f 762//746 761//745 760//747
f 763//748 732//742 737//724
f 764//749 758//743 763//748
f 761//745 764//749 760//747
f 764//749 763//748 744//731
f 745//750 764//749 744//731
f 746//751 760//747 745//750
f 762//746 760//747 738//752
f 767//753 772//754 771//755
f 769//756 766//757 771//755
f 773//758 772//754 768//759
f 775//760 770//761 772//754
f 773//758 774//762 776//763
f 779//764 302//301 766//757
f 778//765 783//766 780//767
f 784//768 779//764 765//769
f 780//767 1323//770 630//624
f 321//144 786//323 789//145
f 322//324 313//313 787//322
f 787//322 778//765 781//771
f 789//145 781//771 790//623
f 781//771 778//765 780//767
f 158//150 785//772 633//627
f 157//157 158//150 638//632
f 655//663 230//222 793//773
f 230//222 655//663 123//114
f 793//773 231//223 795//774
f 791//775 794//776 796//777
f 796//777 232//227 791//775
f 795//774 234//226 796//777
f 235//225 795//774 231//223
f 195//187 656//647 657//650
f 655//663 793//773 797//778
f 792//779 657//650 798//780
f 797//778 795//774 800//781
f 794//776 799//782 801//783
f 801//783 796//777 794//776
f 801//783 799//782 800//781
f 798//780 657//650 802//784
f 799//782 798//780 804//785
f 805//786 799//782 804//785
f 802//784 657//650 662//652
f 803//787 806//788 807//789
f 807//789 677//667 803//787
f 808//790 802//784 809//791
f 804//785 808//790 809//791
f 810//792 804//785 809//791
f 811//793 805//786 810//792
f 811//793 803//787 805//786
f 814//794 809//791 812//795
f 813//796 811//793 814//794
f 802//784 662//652 664//655
f 802//784 664//655 815//797
f 817//798 812//795 815//797
f 818//799 814//794 817//798
f 819//800 814//794 818//799
f 813//796 819//800 820//801
f 820//801 807//789 813//796
f 820//801 819//800 822//802
f 823//803 818//799 821//804
f 824//805 818//799 823//803
f 825//806 819//800 824//805
f 815//797 664//655 669//807
f 827//808 821//804 826//809
f 828//810 823//803 827//808
f 829//811 824//805 828//810
f 659//672 807//789 816//812
f 684//813 816//812 687//814
f 687//814 816//812 830//815
f 687//814 830//815 690//680
f 830//815 816//812 822//802
f 688//678 830//815 831//816
f 830//815 825//806 833//817
f 832//818 830//815 833//817
f 831//816 830//815 832//818
f 833//817 825//806 829//811
f 835//819 738//752 746//751
f 837//820 835//819 836//821
f 151//141 748//733 288//286
f 840//822 290//288 839//823
f 841//824 291//289 840//822
f 294//292 843//825 287//285
f 289//287 749//734 844//826
f 289//287 844//826 845//827
f 839//823 845//827 846//828
f 840//822 846//828 847//829
f 841//824 847//829 848//830
f 849//831 842//832 293//291
f 849//831 841//824 848//830
f 850//833 842//832 849//831
f 852//834 842//832 850//833
f 845//827 853//835 854//836
f 845//827 854//836 855//837
f 856//838 846//828 855//837
f 857//839 848//830 856//838
f 850//833 857//839 858//840
f 844//826 753//738 860//841
f 861//842 860//841 859//843
f 862//844 853//835 861//842
f 854//836 853//835 863//845
f 864//846 854//836 863//845
f 865//847 864//846 863//845
f 856//838 864//846 865//847
f 866//848 856//838 865//847
f 857//839 856//838 866//848
f 867//849 857//839 866//848
f 868//850 858//840 867//849
f 869//851 757//741 756//852
f 859//843 757//741 869//851
f 863//845 862//844 870//853
f 866//848 865//847 871//854
f 867//849 866//848 871//854
f 873//855 867//849 872//856
f 874//857 756//852 762//746
f 875//858 869//851 874//857
f 862//844 861//842 875//858
f 876//859 862//844 875//858
f 877//860 870//853 876//859
f 872//856 877//860 881//861
f 873//855 881//861 878//862
f 874//857 762//746 738//752
f 879//863 875//858 834//864
f 880//865 876//859 879//863
f 881//861 877//860 876//859
f 881//861 880//865 884//866
f 878//862 884//866 882//867
f 837//820 834//864 835//819
f 838//868 834//864 837//820
f 1613//869 879//863 838//868
f 880//865 879//863 883//870
f 888//871 305//303 306//302
f 888//871 306//302 307//304
f 302//301 886//300 889//872
f 890//873 304//297 891//874
f 304//297 892//875 891//874
f 887//876 892//875 305//303
f 888//871 893//877 887//876
f 890//873 895//878 886//300
f 896//879 890//873 891//874
f 897//880 892//875 887//876
f 895//878 899//881 767//753
f 890//873 900//882 898//883
f 892//875 897//880 901//884
f 901//884 896//879 892//875
f 905//885 893//877 894//886
f 904//887 898//883 900//882
f 900//882 901//884 903//888
f 906//889 901//884 897//880
f 905//885 897//880 893//877
f 774//762 899//881 898//883
f 906//889 903//888 901//884
f 909//890 905//885 902//891
f 774//762 904//887 907//892
f 908//893 904//887 903//888
f 909//890 906//889 905//885
f 776//763 774//762 907//892
f 908//893 1665//894 907//892
f 910//895 908//893 906//889
f 313//313 777//312 778//765
f 419//453 912//896 418//527
f 911//897 917//898 919//899
f 922//900 915//901 920//902
f 924//903 916//904 921//905
f 923//906 918//907 919//899
f 923//906 917//898 924//903
f 922//900 928//908 921//905
f 928//908 920//902 926//909
f 924//903 929//910 923//906
f 927//911 921//905 928//908
f 929//910 925//912 923//906
f 928//908 933//913 927//911
f 932//914 926//909 931//915
f 930//916 934//917 935//918
f 936//919 932//914 931//915
f 938//920 933//913 932//914
f 932//914 937//921 938//920
f 940//922 934//917 933//913
f 933//913 938//920 940//922
f 935//918 939//923 941//924
f 936//919 942//925 943//926
f 943//926 937//921 936//919
f 938//920 944//927 945//928
f 940//922 945//928 946//929
f 939//923 946//929 947//930
f 451//450 949//931 444//442
f 950//932 446//444 949//931
f 295//447 951//933 948//934
f 952//935 843//825 851//936
f 948//934 953//937 450//448
f 449//449 954//938 451//450
f 956//939 451//450 954//938
f 955//940 949//931 956//939
f 452//451 914//941 454//455
f 913//942 453//452 957//943
f 952//935 959//944 951//933
f 953//937 958//945 960//946
f 953//937 961//947 954//938
f 956//939 962//948 955//940
f 963//949 955//940 962//948
f 957//943 916//904 913//942
f 915//901 950//932 963//949
f 959//944 964//950 958//945
f 965//951 959//944 952//935
f 965//951 851//936 868//850
f 960//946 966//952 961//947
f 960//946 964//950 966//952
f 961//947 967//953 962//948
f 967//953 961//947 966//952
f 963//949 920//902 915//901
f 920//902 962//948 967//953
f 969//954 964//950 965//951
f 969//954 868//850 873//855
f 966//952 968//955 970//956
f 873//855 968//955 969//954
f 968//955 971//957 970//956
f 971//957 968//955 873//855
f 970//956 972//958 967//953
f 931//915 967//953 972//958
f 878//862 971//957 873//855
f 971//957 882//867 973//959
f 972//958 936//919 931//915
f 974//960 882//867 885//961
f 942//925 973//959 974//960
f 975//962 307//304 470//471
f 975//962 894//886 888//871
f 977//963 975//962 471//472
f 902//891 894//886 977//963
f 976//964 977//963 472//965
f 980//966 976//964 978//967
f 976//964 980//966 902//891
f 981//968 909//890 980//966
f 500//495 982//969 505//505
f 497//494 984//970 500//495
f 985//971 505//505 982//969
f 986//972 508//504 985//971
f 987//973 504//501 986//972
f 982//969 988//974 985//971
f 990//975 985//971 988//974
f 990//975 988//974 989//976
f 991//977 987//973 986//972
f 983//978 992//979 989//976
f 984//970 993//980 983//978
f 995//981 984//970 506//502
f 996//982 506//502 507//503
f 990//975 992//979 997//983
f 998//984 990//975 997//983
f 999//985 986//972 998//984
f 993//980 1000//986 997//983
f 994//987 1000//986 993//980
f 1002//988 994//987 995//981
f 1002//988 995//981 996//982
f 1003//989 997//983 1000//986
f 999//985 998//984 1003//989
s 0
f 991//990 999//990 1004//990
s 1
f 1001//991 1007//992 1000//986
f 1000//986 1006//993 1003//989
f 1008//994 1007//992 1001//991
f 1007//992 1009//995 1006//993
f 1011//996 1001//991 1002//988
f 1011//996 1002//988 1005//997
f 1012//998 1006//993 1009//995
f 1012//998 1009//995 1010//999
f 1004//1000 999//985 1012//998
f 1008//994 1013//1001 1010//999
f 1015//1002 1010//999 1013//1001
f 1016//1003 1012//998 1015//1002
f 1008//994 1017//1004 1014//1005
f 1011//996 1017//1004 1008//994
f 1013//1001 1019//1006 1015//1002
f 1016//1003 1015//1002 1019//1006
f 523//520 518//514 520//517
f 1020//1007 522//519 518//514
f 1021//1008 523//520 521//518
f 1023//1009 507//503 522//519
f 1025//1010 1023//1009 1020//1007
f 1026//1011 1024//1012 1021//1008
f 1026//1011 1021//1008 1022//1013
f 1027//1014 996//982 1023//1009
f 1005//997 1002//988 996//982
f 1029//1015 1005//997 1027//1014
f 1029//1015 1027//1014 1025//1010
f 1030//1016 1025//1010 1024//1012
f 1031//1017 1028//1018 1033//1019
f 1032//1020 1005//997 1029//1015
f 1034//1021 1011//996 1032//1020
f 1035//1022 1032//1020 1030//1016
f 1038//1023 1030//1016 1031//1017
f 1036//1024 1031//1017 1033//1019
f 1018//1025 1011//996 1034//1021
f 1038//1023 1034//1021 1035//1022
f 1036//1024 1038//1023 1031//1017
f 1041//1026 535//1027 1040//1028
f 912//896 1042//1029 534//1030
f 918//907 912//896 911//897
f 535//1027 1042//1029 1043//1031
f 1041//1026 1040//1028 1044//1032
f 918//907 1049//1033 1042//1029
f 1040//1028 1043//1031 1050//1034
f 1044//1032 1050//1034 1051//1035
f 1046//1036 1052//1037 1045//1038
f 1054//1039 1022//1013 1047//1040
f 1048//1041 1054//1039 1047//1040
f 1049//1033 925//912 1055//1042
f 1056//1043 1049//1033 1055//1042
f 1057//1044 1043//1031 1056//1043
f 1051//1035 1058//1045 1044//1032
f 1059//1046 1026//1011 1054//1039
f 1060//1047 1054//1039 1048//1041
f 1055//1042 930//916 1061//1048
f 1056//1043 1061//1048 1062//1049
f 1063//1050 1056//1043 1062//1049
f 1051//1035 1064//1051 1058//1045
f 1051//1035 1063//1050 1065//1052
f 1053//1053 1066//1054 1052//1037
f 1068//1055 1059//1046 1060//1047
f 1063//1050 1062//1049 1070//1056
f 1071//1057 1066//1054 1053//1053
f 1067//1058 1033//1019 1028//1018
f 1073//1059 1068//1055 1066//1054
f 1066//1054 1071//1057 1073//1059
f 1069//1060 941//924 1074//1061
f 1062//1049 1074//1061 1075//1062
f 1076//1063 1062//1049 1075//1062
f 1070//1056 1076//1063 1077//1064
f 1065//1052 1078//1065 1064//1051
f 1079//1066 1070//1056 1077//1064
f 1080//1067 1064//1051 1078//1065
f 1073//1059 1072//1068 1068//1055
f 1074//1061 947//930 1082//1069
f 1075//1062 1074//1061 1082//1069
f 1083//1070 1075//1062 1082//1069
f 1077//1064 1083//1070 1084//1071
f 1086//1072 1077//1064 1084//1071
f 1080//1067 1073//1059 1071//1057
f 1039//1073 1033//1019 1072//1068
f 1089//1074 1087//1075 1090//1076
f 1088//1077 1089//1074 1092//1078
f 1092//1078 1089//1074 1090//1076
f 1093//1079 1095//1080 1098//1081
f 1099//1082 1098//1081 1097//1083
f 1097//1083 1095//1080 1100//1084
f 1087//1075 1100//1084 1095//1080
f 1102//1085 1097//1083 1101//1086
f 1100//1084 1087//1075 1089//1074
f 1100//1084 1088//1077 1101//1086
f 1103//1087 1102//1085 1104//1088
f 1904//1089 1103//1087 1903//1090
f 1106//1091 567//554 1108//1092
f 1106//1091 1109//1093 1111//1094
f 1111//1094 1109//1093 1110//1095
f 1112//1096 1096//1097 1098//1081
f 1108//1092 1112//1096 1113//1098
f 1108//1092 1113//1098 1114//1099
f 1109//1093 1119//1100 1110//1095
f 1099//1082 1116//1101 1113//1098
f 1113//1098 1112//1096 1099//1082
f 1113//1098 1116//1101 1117//1102
f 1114//1099 1117//1102 1118//1103
f 1119//1100 1122//1104 1115//1105
f 1118//1103 1117//1102 1122//1104
f 1116//1101 1099//1082 1103//1087
f 1117//1102 1116//1101 1123//1106
f 1122//1104 1123//1106 1120//1107
f 1126//1108 1116//1101 1904//1089
f 1120//1107 1123//1106 1124//1109
f 1125//1110 1120//1107 1124//1109
f 537//564 1128//1111 1129//1112
f 1128//1111 1130//1113 1135//1114
f 1260//1115 1115//1105 1143//1116
f 1260//1115 1138//1117 1133//1118
f 1139//1119 1134//1120 1142//1121
f 1140//1122 1135//1114 1139//1119
f 1136//1123 1132//1124 1140//1122
f 1141//1125 1142//1121 1137//1126
f 1137//1126 1142//1121 1134//1120
f 1134//1120 1130//1113 1137//1126
f 1138//1117 1141//1125 1137//1126
f 1140//1122 1146//1127 1144//1128
f 1145//1129 1142//1121 1148//1130
f 1147//1131 1148//1130 1143//1116
f 1143//1116 1148//1130 1141//1125
f 1152//1132 1139//1119 1151//1133
f 1149//1134 1146//1127 1152//1132
f 1122//1104 1121//1135 1147//1131
f 1147//1131 1150//1136 1148//1130
f 1153//1137 1152//1132 1151//1133
f 1158//1138 1153//1137 1157//1139
f 1154//1140 1121//1135 1125//1110
f 1155//1141 1150//1136 1154//1140
f 1155//1141 1156//1142 1157//1139
f 1157//1139 1150//1136 1155//1141
f 1157//1139 1153//1137 1151//1133
f 1159//1143 537//564 1129//1112
f 539//592 1159//1143 1160//1144
f 1159//1143 1131//1145 1162//1146
f 1160//1144 1162//1146 1163//1147
f 1159//1143 1162//1146 1160//1144
f 1162//1146 1132//1124 1164//1148
f 1163//1147 1162//1146 1164//1148
f 1165//1149 1163//1147 1166//1150
f 1167//1151 1164//1148 1144//1128
f 1165//1149 1167//1151 1168//1152
f 1169//1153 1144//1128 1149//1134
f 1170//1154 1144//1128 1169//1153
f 1167//1151 1170//1154 1171//1155
f 1174//1156 1149//1134 1153//1137
f 1170//1154 1173//1157 1171//1155
f 1173//1157 1175//1158 1176//1159
f 1174//1156 1153//1137 1158//1138
f 1174//1156 1172//1160 1169//1153
f 1161//1161 1179//1162 540//608
f 1177//1163 1178//1164 541//1165
f 1179//1162 1161//1161 1160//1144
f 1179//1162 1180//1166 1177//1163
f 1180//1166 1182//1167 1184//1168
f 1181//1169 1180//1166 1183//1170
f 1184//1168 1182//1167 1186//1171
f 1183//1170 1184//1168 1185//1172
f 1182//1167 1168//1152 1186//1171
f 1185//1172 1184//1168 1187//1173
f 1168//1152 1171//1155 1188//1174
f 1184//1168 1186//1171 1189//1175
f 1187//1173 1189//1175 1190//1176
f 1189//1175 1188//1174 1191//1177
f 1188//1174 1176//1159 1192//1178
f 1190//1176 1191//1177 1193//1179
f 1178//1164 1194//1180 1265//1181
f 1194//1180 1183//1170 1185//1172
f 1194//1180 1198//1182 1195//1183
f 1195//1183 1198//1182 1199//1184
f 1197//1185 1196//1186 1199//1184
f 1198//1182 1185//1172 1202//1187
f 1199//1184 1200//1188 1197//1185
f 1197//1185 1200//1188 1201//1189
f 1198//1182 1202//1187 1203//1190
f 1199//1184 1198//1182 1204//1191
f 1202//1187 1190//1176 1205//1192
f 1205//1192 1193//1179 1206//1193
f 1204//1191 1205//1192 1213//1194
f 1200//1188 1204//1191 1210//1195
f 1208//1196 1211//1197 1209//1198
f 1210//1195 1213//1194 1214//1199
f 1211//1197 1210//1195 1215//1200
f 1216//1201 1211//1197 1215//1200
f 1212//1202 1216//1201 1217//1203
f 1221//1204 1220//1205 1330//1206
f 1221//1204 1219//1207 1220//1205
f 1222//1208 1231//1209 1221//1204
f 1330//1206 1333//1210 1221//1204
f 1224//1211 1225//1212 1236//1213
f 1223//1214 1218//1215 1224//1211
f 1224//1211 1218//1215 1225//1212
f 1226//1216 1225//1212 1227//1217
f 1227//1217 1225//1212 1218//1215
f 1219//1207 1227//1217 1218//1215
f 1229//1218 1227//1217 1231//1209
f 1230//1219 1228//1220 1231//1209
f 1231//1209 1228//1220 1229//1218
f 542//536 1224//1211 1233//534
f 1234//1221 1237//1222 1235//1223
f 1237//1222 1236//1213 1226//1216
f 557//546 556//545 1238//1224
f 559//1225 558//1226 1094//1227
f 1238//1224 1094//1227 1096//1097
f 1094//1227 1232//1228 1093//1079
f 1232//1228 1234//1221 1239//1229
f 1235//1223 1095//1080 1239//1229
f 1240//556 1107//1230 1241//1231
f 1241//1231 568//550 1240//556
f 1241//1231 1242//1232 1244//1233
f 1245//1234 1242//1232 1243//1235
f 570//558 1245//1234 1246//1236
f 1246//1236 565//552 570//558
f 1238//1224 1096//1097 1105//1237
f 1107//1230 1111//1094 1242//1232
f 1242//1232 1247//1238 1243//1235
f 1242//1232 1241//1231 1107//1230
f 1247//1238 1111//1094 1115//1105
f 575//562 1133//1118 1127//1239
f 536//563 1127//1239 1128//1111
f 1251//1240 1248//1241 575//562
f 1251//1240 575//562 576//561
f 1252//1242 1250//1243 1251//1240
f 578//569 1251//1240 576//561
f 1253//1244 1243//1235 1249//1245
f 580//572 1249//1245 1252//1242
f 581//573 1252//1242 578//569
f 583//571 1253//1244 580//572
f 1246//1236 1253//1244 1254//1246
f 1254//1246 1253//1244 583//571
f 1254//1246 583//571 586//1247
f 571//559 1254//1246 1255//1248
f 1255//1248 566//560 571//559
f 1256//1249 1254//1246 586//1247
f 1256//1249 587//576 1257//1250
f 588//577 1256//1249 1258//1251
f 590//657 588//577 1258//1251
f 1259//1252 1256//1249 1257//1250
f 1248//1241 1260//1115 1133//1118
f 1249//1245 1247//1238 1260//1115
f 1250//1243 1260//1115 1248//1241
f 541//1165 1178//1164 618//609
f 618//609 1265//1181 620//611
f 620//611 1271//1253 1266//1254
f 626//619 1266//1254 1267//1255
f 627//620 1267//1255 1268//1256
f 628//621 627//620 1269//1257
f 1270//1258 1269//1257 1268//1256
f 1265//1181 1195//1183 1271//1253
f 1271//1253 1275//1259 1266//1254
f 1268//1256 1267//1255 1266//1254
f 1268//1256 1272//1260 1273//1261
f 1268//1256 1273//1261 1274//1262
f 1196//1186 1271//1253 1195//1183
f 1196//1186 1197//1185 1275//1259
f 1275//1259 1278//1263 1276//1264
f 1276//1264 1266//1254 1275//1259
f 1197//1185 1201//1189 1278//1263
f 1272//1260 1279//1265 1280//1266
f 1282//1267 1273//1261 1281//1268
f 1277//1269 1282//1267 1283//1270
f 1278//1263 1207//1271 1279//1265
f 1279//1265 1276//1264 1278//1263
f 1280//1266 1288//1272 1284//1273
f 1285//1274 1280//1266 1284//1273
f 1282//1267 1285//1274 1286//1275
f 1283//1270 1282//1267 1286//1275
f 1279//1265 1207//1271 1287//1276
f 1288//1272 1287//1276 1289//1277
f 1290//1278 1288//1272 1289//1277
f 1283//1270 1291//1279 1461//1280
f 1283//1270 1286//1275 1291//1279
f 1207//1271 1209//1198 1292//1281
f 1289//1277 1287//1276 1293//1282
f 1293//1282 1287//1276 1301//1283
f 1294//1284 1289//1277 1293//1282
f 1295//1285 1294//1284 1296//1286
f 1285//1274 1295//1285 1297//1287
f 1286//1275 1297//1287 1298//1288
f 1292//1281 1212//1202 1300//1289
f 1294//1284 1300//1289 1302//1290
f 1296//1286 1302//1290 1306//1291
f 1303//1292 1212//1202 1217//1203
f 1304//1293 1300//1289 1303//1292
f 1302//1290 1304//1293 1305//1294
f 1297//1287 1306//1291 1307//1295
f 1298//1288 1307//1295 1308//1296
f 1310//1297 1299//1298 1291//1279
f 1291//1279 1308//1296 1310//1297
f 1329//1299 1311//1300 1314//1301
f 1316//1302 1311//1300 1312//1303
f 1312//1303 1313//1304 1315//1305
f 1317//1306 1315//1305 1313//1304
f 1319//1307 1314//1301 1316//1302
f 1323//770 1322//1308 1325//1309
f 1326//1310 1328//1311 1327//1312
f 1324//1313 1311//1300 1328//1311
f 1220//1205 1331//1314 1330//1206
f 1329//1299 1332//1315 1331//1314
f 1330//1206 1331//1314 1333//1210
f 1333//1210 1331//1314 1332//1315
f 1332//1315 1314//1301 1318//1316
f 1332//1315 1318//1316 1334//1317
f 630//624 1336//1318 632//626
f 1336//1318 1326//1310 1335//1319
f 1335//1319 1327//1312 1337//1320
f 1337//1320 1327//1312 1338//1321
f 1339//1322 590//657 1258//1251
f 1339//1322 1259//1252 1340//1323
f 1341//1324 1259//1252 1257//1250
f 1341//1324 1257//1250 605//595
f 1342//1325 1339//1322 1340//1323
f 665//656 1339//1322 1342//1325
f 668//659 667//658 1342//1325
f 669//807 664//655 1343//1326
f 1345//1327 1340//1323 1341//1324
f 1346//1328 1340//1323 1344//1329
f 1347//1330 1344//1329 1345//1327
f 1349//1331 1342//1325 1346//1328
f 1350//1332 1346//1328 1347//1330
f 1351//1333 1342//1325 1349//1331
f 1351//1333 1349//1331 1350//1332
f 1352//1334 668//659 1351//1333
f 669//807 1343//1326 1352//1334
f 1354//1335 1350//1332 1347//1330
f 1356//1336 1351//1333 1354//1335
f 1356//1336 1354//1335 1355//1337
f 1357//1338 1352//1334 1356//1336
f 1358//1339 669//807 1357//1338
f 1361//1340 1356//1336 1359//1341
f 1362//1342 1357//1338 1361//1340
f 1360//1343 1363//1344 1359//1341
f 1364//1345 1360//1343 1353//1346
f 1365//1347 1359//1341 1363//1344
f 1366//1348 1363//1344 1360//1343
f 1367//1349 1361//1340 1365//1347
f 1367//1349 1365//1347 1366//1348
f 1368//1350 1362//1342 1367//1349
f 1370//1351 1372//1352 1369//1353
f 1373//1354 1369//1353 1372//1352
f 1372//1352 1374//1355 1373//1354
f 1264//1356 607//598 1375//1357
f 608//599 1375//1357 607//598
f 1345//1327 1341//1324 1262//1358
f 1377//1359 1263//1360 1264//1356
f 1375//1357 1377//1359 1264//1356
f 1376//1361 1378//1362 1375//1357
f 1378//1362 1380//1363 1377//1359
f 1381//1364 1347//1330 1348//1365
f 1381//1364 1348//1365 1377//1359
f 1379//1366 1380//1363 1378//1362
f 1384//1367 1381//1364 1380//1363
f 1382//1368 1384//1367 1380//1363
f 1383//1369 1353//1346 1381//1364
f 1387//1370 1353//1346 1383//1369
f 1389//1371 1383//1369 1385//1372
f 1391//1373 1385//1372 1386//1374
f 1364//1345 1387//1370 1392//1375
f 1392//1375 1387//1370 1388//1376
f 1394//1377 1389//1371 1390//1378
f 1394//1377 1391//1373 1395//1379
f 1394//1377 1396//1380 1393//1381
f 1395//1379 1397//1382 1394//1377
f 1392//1375 1388//1376 1399//1383
f 1400//1384 1396//1380 1397//1382
f 1401//1385 1397//1382 1398//1386
f 1402//1387 1366//1348 1364//1345
f 1392//1375 1402//1387 1364//1345
f 1399//1383 1402//1387 1392//1375
f 1403//1388 1399//1383 1400//1384
f 1401//1385 1403//1388 1400//1384
f 1402//1387 1399//1383 1404//1389
f 1404//1389 1399//1383 1403//1388
f 1406//1390 1403//1388 1401//1385
f 1407//1391 1370//1351 1402//1387
f 1407//1391 1402//1387 1408//1392
f 623//615 1376//1361 608//599
f 710//699 1409//1393 623//615
f 1416//1394 1409//1393 1411//1395
f 711//1396 1410//1397 1412//1398
f 713//701 712//700 1413//1399
f 714//702 715//703 1414//1400
f 1409//1393 1416//1394 1376//1361
f 1418//1401 1411//1395 711//1396
f 1416//1394 1382//1368 1379//1366
f 1422//1402 1417//1403 1411//1395
f 1426//1404 1386//1374 1421//1405
f 1426//1404 1421//1405 1427//1406
f 1426//1404 1395//1379 1391//1373
f 1398//1386 1395//1379 1426//1404
f 1430//1407 1428//1408 1422//1402
f 1429//1409 1398//1386 1428//1408
f 1430//1407 1429//1409 1428//1408
f 1432//1410 1406//1390 1398//1386
f 1433//1411 1431//1412 1476//1413
f 739//1414 1434//1415 625//618
f 1435//1416 629//622 1269//1257
f 1436//1417 1269//1257 1270//1258
f 1437//1418 1410//1397 1434//1415
f 1438//1419 1435//1416 1436//1417
f 1439//1420 1434//1415 1435//1416
f 1441//1421 742//729 1440//1422
f 743//730 1441//1421 1442//1423
f 744//731 743//730 1442//1423
f 1443//1424 744//731 1442//1423
f 1444//1425 745//750 1443//1424
f 746//751 745//750 1444//1425
f 1436//1417 1270//1258 1445//1426
f 1277//1269 1270//1258 1274//1262
f 1438//1419 1439//1420 1435//1416
f 1438//1419 1445//1426 1446//1427
f 1446//1427 1445//1426 1277//1269
f 1448//1428 1439//1420 1438//1419
f 1448//1428 1438//1419 1446//1427
f 1450//1429 1449//1430 1459//1431
f 1452//1432 1450//1429 1451//1433
f 1444//1425 1443//1424 1452//1432
f 1454//1434 1277//1269 1453//1435
f 1448//1428 1455//1436 1447//1437
f 1448//1428 1454//1434 1456//1438
f 1459//1431 1457//1439 1458//1440
f 1459//1431 1449//1430 1457//1439
f 1454//1434 1461//1280 1456//1438
f 1455//1436 1462//1441 5536//1442
f 1466//1443 1464//1444 1465//1445
f 1460//1446 1458//1440 1466//1443
f 1469//1447 1456//1438 1468//1448
f 1465//1445 1464//1444 1472//1449
f 1462//1441 1474//1450 1463//1451
f 1470//1452 1463//1451 1474//1450
f 1469//1447 1479//1453 1474//1450
f 1453//1435 1277//1269 1283//1270
f 1461//1280 1291//1279 1467//1454
f 1299//1298 1478//1455 1467//1454
f 769//756 771//755 1480//1456
f 773//758 1482//1457 1481//1458
f 1481//1458 775//760 773//758
f 1483//1459 773//758 776//763
f 1485//1460 775//760 1481//1458
f 1487//1461 1481//1458 1482//1457
f 1311//1300 769//756 1480//1456
f 1312//1303 770//761 1488//1462
f 770//761 1484//1463 1489//1464
f 1491//1465 1487//1461 1483//1459
f 1312//1303 1311//1300 1480//1456
f 1488//1462 1489//1464 1313//1304
f 1492//1466 1489//1464 1484//1463
f 1484//1463 1486//1467 1492//1466
f 1493//1468 1486//1467 1485//1460
f 1313//1304 1312//1303 1488//1462
f 1499//1469 1492//1466 1486//1467
f 1495//1470 1490//1471 1491//1465
f 1489//1464 1498//1472 1497//1473
f 1497//1473 1313//1304 1489//1464
f 1501//1474 1498//1472 1499//1469
f 1502//1475 1499//1469 1494//1476
f 1503//1477 1494//1476 1495//1470
f 1504//1478 1495//1470 1496//1479
f 1497//1473 1505//1480 1320//1481
f 1506//1482 1500//1483 1501//1474
f 1324//1313 1322//1308 784//768
f 784//768 765//769 1324//1313
f 1324//1313 769//756 1311//1300
f 826//809 815//797 1508//1484
f 1510//1485 828//810 1509//1486
f 1511//1487 828//810 1510//1485
f 1512//1488 829//811 1511//1487
f 1513//1489 1511//1487 1510//1485
f 1514//1490 1512//1488 1511//1487
f 1515//1491 826//809 1508//1484
f 1516//1492 1509//1486 1515//1491
f 1517//1493 1510//1485 1516//1492
f 1514//1490 1513//1489 1517//1493
f 1519//1494 1514//1490 1517//1493
f 1521//1495 1514//1490 1520//1496
f 1508//1484 1358//1339 1522//1497
f 1524//1498 1516//1492 1515//1491
f 1529//1499 1515//1491 1523//1500
f 1519//1494 1524//1498 1525//1501
f 1520//1496 1519//1494 1525//1501
f 1527//1502 1358//1339 1362//1342
f 1523//1500 1527//1502 1528//1503
f 1530//1504 1524//1498 1529//1499
f 1531//1505 1520//1496 1530//1504
f 1526//1506 1520//1496 1531//1505
f 1527//1502 1368//1350 1533//1507
f 1534//1508 1527//1502 1533//1507
f 1535//1509 1529//1499 1528//1503
f 1535//1509 1528//1503 1534//1508
f 1536//1510 1530//1504 1535//1509
f 1537//1511 1531//1505 1536//1510
f 1538//1512 1526//1506 1537//1511
f 1539//1513 1368//1350 1371//1514
f 1540//1515 1533//1507 1368//1350
f 1541//1516 1534//1508 1540//1515
f 1542//1517 1371//1514 1373//1354
f 1543//1518 1368//1350 1539//1513
f 1540//1515 1543//1518 1544//1519
f 1541//1516 1544//1519 1545//1520
f 1541//1516 1545//1520 1546//1521
f 1547//1522 1373//1354 1374//1355
f 1548//1523 1542//1517 1547//1522
f 1543//1518 1548//1523 1549//1524
f 1544//1519 1549//1524 1550//1525
f 688//678 831//816 1551//1526
f 1553//1527 833//817 1512//1488
f 1554//1528 1552//1529 1553//1527
f 1553//1527 1512//1488 1518//1530
f 1551//1526 831//816 1556//1531
f 1557//1532 832//818 1554//1528
f 1556//1531 831//816 1557//1532
f 1553//1527 1521//1495 1558//1533
f 1551//1526 1555//1534 691//681
f 1562//1535 1551//1526 1556//1531
f 1557//1532 1560//1536 1561//1537
f 1562//1535 1556//1531 1561//1537
f 1560//1536 1558//1533 1521//1495
f 1564//1538 1521//1495 1526//1506
f 1565//1539 1560//1536 1564//1538
f 1566//1540 1561//1537 1565//1539
f 1563//1541 1562//1535 1566//1540
f 1566//1540 1565//1539 1567//1542
f 1568//1543 1559//1544 1563//1541
f 1563//1541 1566//1540 1569//1545
f 1575//1546 1563//1541 1569//1545
f 1570//1547 1564//1538 1532//1548
f 1567//1542 1564//1538 1570//1547
f 1572//1549 1566//1540 1571//1550
f 1569//1545 1566//1540 1572//1549
f 1573//1551 1532//1548 1538//1512
f 1570//1547 1532//1548 1573//1551
f 1571//1550 1567//1542 1574//1552
f 1577//1553 1538//1512 1537//1511
f 1574//1552 1570//1547 1578//1554
f 1579//1555 1569//1545 1572//1549
f 1580//1556 1575//1546 1579//1555
f 1581//1557 1546//1521 1550//1525
f 1420//1558 1415//1559 1555//1534
f 1424//1560 1425//1561 1419//1562
f 1585//1563 1582//1564 1583//1565
f 1559//1544 1583//1565 1420//1558
f 1586//1566 1583//1565 1584//1567
f 1593//1568 1584//1567 1587//1569
f 1585//1563 1586//1566 1590//1570
f 1590//1570 1589//1571 1585//1563
f 1592//1572 1589//1571 1591//1573
f 1591//1573 1590//1570 1594//1574
f 1594//1574 1586//1566 1593//1568
f 1596//1575 1593//1568 1587//1569
f 1595//1576 1593//1568 1596//1575
f 1596//1575 1587//1569 1575//1546
f 1597//1577 1575//1546 1580//1556
f 1606//1578 1596//1575 1597//1577
f 2202//1579 1429//1409 1430//1407
f 1588//1580 1598//1581 1430//1407
f 1431//1412 1599//1582 1588//1580
f 1431//1412 1433//1411 1599//1582
f 1601//1583 1591//1573 1600//1584
f 1602//1585 1591//1573 1601//1583
f 1603//1586 1594//1574 1595//1576
f 1600//1584 1594//1574 1603//1586
f 1604//1587 1600//1584 1603//1586
f 1605//1588 1601//1583 1604//1587
f 1607//1589 1595//1576 1606//1578
f 1607//1589 1603//1586 1595//1576
f 1608//1590 1604//1587 1603//1586
f 1605//1588 1604//1587 2205//1591
f 836//821 746//751 1444//1425
f 1611//1592 1609//1593 1610//1594
f 1611//1592 836//821 1609//1593
f 1612//1595 837//820 1611//1592
f 1613//869 838//868 1612//1595
f 1610//1594 1609//1593 1452//1432
f 1618//1596 1616//1597 1617//1598
f 1619//1599 1618//1596 1617//1598
f 1620//1600 1618//1596 1619//1599
f 1613//869 1612//1595 1618//1596
f 1616//1597 1460//1446 1623//1601
f 1452//1432 1451//1433 1616//1597
f 1617//1598 1623//1601 1624//1602
f 1616//1597 1623//1601 1617//1598
f 1619//1599 1624//1602 1625//1603
f 1626//1604 1619//1599 1625//1603
f 1627//1605 1620//1600 1626//1604
f 1628//1606 1613//869 1620//1600
f 1629//1607 1614//1608 1628//1606
f 1630//1609 1621//1610 1629//1607
f 1623//1601 1466//1443 1631//1611
f 1624//1602 1631//1611 1632//1612
f 1633//1613 1624//1602 1632//1612
f 1634//1614 1626//1604 1633//1613
f 1635//1615 1628//1606 1627//1605
f 1630//1609 1629//1607 1628//1606
f 1637//1616 1471//1617 1636//1618
f 1638//1619 1472//1449 1637//1616
f 1631//1611 1465//1445 1638//1619
f 1640//1620 1637//1616 1639//1621
f 1632//1612 1638//1619 1640//1620
f 1633//1613 1640//1620 1641//1622
f 1642//1623 1633//1613 1641//1622
f 1643//1624 1633//1613 1642//1623
f 1644//1625 1634//1614 1643//1624
f 1645//1626 1627//1605 1644//1625
f 1646//1627 1471//1617 1477//1628
f 1646//1627 1636//1618 1471//1617
f 1647//1629 1639//1621 1636//1618
f 1641//1622 1647//1629 1648//1630
f 1650//1631 1642//1623 1649//1632
f 1645//1626 1644//1625 1643//1624
f 1589//1571 1477//1628 5538//1633
f 1592//1572 1646//1627 1589//1571
f 1653//1634 1651//1635 1646//1627
f 1648//1630 1651//1635 1654//1636
f 1655//1637 1648//1630 1654//1636
f 1641//1622 1648//1630 1649//1632
f 1656//1638 1649//1632 1655//1637
f 1658//1639 1650//1631 1656//1638
f 1659//1640 1592//1572 1602//1585
f 1659//1640 1653//1634 1652//1641
f 1661//1642 1653//1634 1660//1643
f 1656//1638 1654//1636 1661//1642
f 1662//1644 1602//1585 1605//1588
f 1663//1645 1659//1640 1662//1644
f 1661//1642 1660//1643 1663//1645
f 1657//1646 1656//1638 1661//1642
f 883//870 879//863 1613//869
f 1615//1647 883//870 1614//1608
f 884//866 883//870 1615//1647
f 1664//1648 884//866 1615//1647
f 1664//1648 1621//1610 1622//1649
f 1666//1650 1665//894 908//893
f 1668//1651 910//895 909//890
f 1667//1652 1483//1459 1665//894
f 1666//1650 1667//1652 1665//894
f 1668//1651 1666//1650 910//895
f 981//968 1668//1651 909//890
f 1496//1479 1491//1465 1667//1652
f 1668//1651 1504//1478 1669//1653
f 981//968 1504//1478 1668//1651
f 1671//1654 981//968 1670//1655
f 1671//1654 1504//1478 981//968
f 1672//1656 1537//1511 1546//1521
f 1673//1657 1573//1551 1577//1553
f 1674//1658 1573//1551 1673//1657
f 1578//1554 1573//1551 1674//1658
f 1676//1659 1574//1552 1675//1660
f 1677//1661 1571//1550 1676//1659
f 1678//1662 1572//1549 1677//1661
f 1580//1556 1579//1555 1678//1662
f 1679//1663 1673//1657 1672//1656
f 1680//1664 1674//1658 1679//1663
f 1675//1660 1578//1554 1680//1664
f 1678//1662 1677//1661 1681//1665
f 1580//1556 1678//1662 1681//1665
f 1682//1666 1680//1664 1679//1663
f 1677//1661 1676//1659 1683//1667
f 1684//1668 1680//1664 1682//1666
f 1685//1669 1683//1667 1680//1664
f 1686//1670 1683//1667 1685//1669
f 1687//1671 1672//1656 1581//1557
f 1689//1672 1679//1663 1687//1671
f 1691//1673 1580//1556 1690//1674
f 1692//1675 1682//1666 1689//1672
f 1690//1674 1681//1665 1686//1670
f 1693//1676 1684//1668 1692//1675
f 1694//1677 1685//1669 1684//1668
f 1695//1678 1685//1669 1694//1677
f 1685//1669 1695//1678 1696//1679
f 1697//1680 1686//1670 1696//1679
f 1698//1681 1694//1677 1693//1676
f 1699//1682 1695//1678 1694//1677
f 1702//1683 1695//1678 1701//1684
f 1703//1685 1700//1686 1702//1683
f 1704//1687 1701//1684 1699//1682
f 1706//1688 1701//1684 1705//1689
f 1707//1690 1702//1683 1706//1688
f 1708//1691 1605//1588 2205//1591
f 1709//1692 1688//1693 1691//1673
f 1711//1694 1709//1692 1691//1673
f 1711//1694 1691//1673 1697//1680
f 1713//1695 1697//1680 1700//1686
f 1715//1696 1712//1697 1714//1698
f 1703//1685 1713//1695 1700//1686
f 1715//1696 1714//1698 1718//1699
f 1716//1700 1703//1685 1707//1690
f 1720//1701 942//925 1719//1702
f 943//926 1720//1701 1721//1703
f 944//927 1721//1703 1722//1704
f 945//928 1722//1704 1723//1705
f 946//929 1723//1705 1724//1706
f 1726//1707 1719//1702 1664//1648
f 1720//1701 1726//1707 1727//1708
f 1721//1703 1727//1708 1728//1709
f 1721//1703 1729//1710 1722//1704
f 1721//1703 1728//1709 1729//1710
f 1723//1705 1729//1710 1730//1711
f 1725//1712 1730//1711 1731//1713
f 1725//1712 1731//1713 1732//1714
f 1733//1715 1630//1609 1741//1716
f 1733//1715 1741//1716 1734//1717
f 1736//1718 1734//1717 1735//1719
f 1727//1708 1733//1715 1736//1718
f 1728//1709 1736//1718 1737//1720
f 1729//1710 1737//1720 1738//1721
f 1731//1713 1738//1721 1739//1722
f 1732//1714 1731//1713 1740//1723
f 1734//1717 1741//1716 1742//1724
f 1744//1725 1742//1724 1743//1726
f 1735//1719 1734//1717 1744//1725
f 1746//1727 1744//1725 1745//1728
f 1737//1720 1735//1719 1746//1727
f 1738//1721 1746//1727 1747//1729
f 1738//1721 1747//1729 1748//1730
f 1739//1722 1749//1731 1740//1723
f 1739//1722 1748//1730 1749//1731
f 1741//1716 1635//1615 1750//1732
f 1742//1724 1750//1732 1751//1733
f 1745//1728 1743//1726 1752//1734
f 1754//1735 1752//1734 1753//1736
f 1747//1729 1745//1728 1754//1735
f 1756//1737 1753//1736 1755//1738
f 1748//1730 1754//1735 1756//1737
f 1756//1737 1755//1738 1758//1739
f 1756//1737 1749//1731 1748//1730
f 1758//1739 1757//1740 1759//1741
f 1760//1742 1645//1626 1650//1631
f 1761//1743 1635//1615 1645//1626
f 1762//1744 1750//1732 1761//1743
f 1763//1745 1751//1733 1762//1744
f 1764//1746 1751//1733 1763//1745
f 1764//1746 1743//1726 1751//1733
f 1753//1736 1764//1746 1765//1747
f 1755//1738 1753//1736 1765//1747
f 1757//1740 1766//1748 1767//1749
f 1759//1741 1767//1749 1768//1750
f 1769//1751 1658//1639 1657//1646
f 1762//1744 1761//1743 1760//1742
f 1770//1752 1762//1744 1760//1742
f 1770//1752 1763//1745 1762//1744
f 1771//1753 1763//1745 1770//1752
f 1771//1753 1764//1746 1763//1745
f 1766//1748 1765//1747 1771//1753
f 1767//1749 1772//1754 1773//1755
f 1775//1756 1773//1755 1774//1757
f 1768//1750 1773//1755 1775//1756
f 1708//1691 1662//1644 1605//1588
f 1777//1758 1662//1644 1776//1759
f 1777//1758 1657//1646 1663//1645
f 1710//1760 1776//1759 1708//1691
f 1710//1760 1777//1758 1776//1759
f 1778//1761 1760//1742 1769//1751
f 1712//1697 1778//1761 1710//1760
f 1715//1696 1778//1761 1712//1697
f 974//960 1719//1702 942//925
f 1719//1702 974//960 885//961
f 1664//1648 1719//1702 885//961
f 1780//1762 1670//1655 1779//1763
f 1018//1025 1782//1764 1017//1004
f 1014//1005 1784//1765 1019//1006
f 1017//1004 1785//1766 1014//1005
f 1016//1003 1784//1765 1786//1767
f 1787//1768 1782//1764 1783//1769
f 1785//1766 1788//1770 1784//1765
f 1789//1771 1782//1764 1787//1768
f 1786//1767 1784//1765 1788//1770
f 1796//1772 1790//1773 1791//1774
f 1795//1775 1788//1770 1792//1776
f 1794//1777 1795//1775 1796//1772
f 1794//1777 1799//1778 1806//1779
f 1802//1780 1797//1781 1795//1775
f 1801//1782 1798//1783 1793//1784
f 1801//1782 1797//1781 1802//1780
f 1799//1778 1803//1785 1805//1786
f 1806//1779 1805//1786 1813//1787
f 1806//1779 1800//1788 1802//1780
f 1794//1777 1806//1779 1802//1780
f 1800//1788 1801//1782 1802//1780
f 1798//1783 1801//1782 1807//1789
f 1809//1790 1808//1791 1811//1792
f 1804//1793 1811//1792 1803//1785
f 1805//1786 1810//1794 1812//1795
f 1803//1785 1810//1794 1805//1786
f 1813//1787 1800//1788 1806//1779
f 1807//1789 1800//1788 1813//1787
f 1815//1796 1807//1789 1814//1797
f 1816//1798 1705//1689 1704//1687
f 1817//1799 1705//1689 1816//1798
f 1818//1800 1706//1688 1817//1799
f 1820//1801 1816//1798 1819//1802
f 1809//1790 1820//1801 1808//1791
f 1822//1803 1819//1802 1821//1804
f 1808//1791 1820//1801 1822//1803
f 1811//1792 1808//1791 1810//1794
f 1810//1794 1821//1804 1823//1805
f 1807//1789 1824//1806 1814//1797
f 1815//1796 1814//1797 1781//1807
f 1038//1023 1036//1024 1825//1808
f 1825//1808 1783//1769 1037//1809
f 1825//1808 1037//1809 1038//1023
f 1791//1774 1787//1768 1825//1808
f 1827//1810 1825//1808 1826//1811
f 1796//1772 1830//1812 1794//1777
f 1830//1812 1791//1774 1828//1813
f 1829//1814 1831//1815 1830//1812
f 1834//1816 1794//1777 1830//1812
f 1835//1817 1833//1818 1832//1819
f 1835//1817 1830//1812 1831//1815
f 1831//1815 1837//1820 1833//1818
f 1833//1818 1836//1821 1832//1819
f 1838//1822 1804//1793 1799//1778
f 1835//1817 1832//1819 1834//1816
f 1843//1823 1840//1824 1842//1825
f 1836//1821 1841//1826 1843//1823
f 1871//1827 1839//1828 1836//1821
f 1842//1825 1809//1790 1804//1793
f 1843//1823 1838//1822 1832//1819
f 1716//1700 1707//1690 1818//1800
f 1844//1829 1718//1699 1717//1830
f 1872//1831 1718//1699 1844//1829
f 1840//1824 1818//1800 1820//1801
f 1840//1824 1820//1801 1809//1790
f 1841//1826 1716//1700 1840//1824
f 1839//1828 1844//1829 1841//1826
f 1845//1832 1724//1706 1725//1712
f 1083//1070 1845//1832 1085//1833
f 1085//1833 1846//1834 1084//1071
f 1848//1835 1078//1065 1086//1072
f 1086//1072 1846//1834 1848//1835
f 1849//1836 1081//1837 1080//1067
f 1080//1067 1848//1835 1849//1836
f 1850//1838 1039//1073 1081//1837
f 1851//1839 1725//1712 1732//1714
f 1085//1833 1851//1839 1853//1840
f 1847//1841 1852//1842 1846//1834
f 1852//1842 1085//1833 1853//1840
f 1854//1843 1846//1834 1852//1842
f 1856//1844 1036//1024 1850//1838
f 1855//1845 1850//1838 1849//1836
f 1857//1846 1732//1714 1740//1723
f 1853//1840 1858//1847 1852//1842
f 1859//1848 1851//1839 1857//1846
f 1854//1843 1852//1842 1858//1847
f 1855//1845 1860//1849 1861//1850
f 1856//1844 1862//1851 1827//1810
f 1856//1844 1855//1845 1862//1851
f 1857//1846 1749//1731 1864//1852
f 1859//1848 1863//1853 1858//1847
f 1859//1848 1864//1852 1863//1853
f 1865//1854 1860//1849 1858//1847
f 1865//1854 1858//1847 1863//1853
f 1866//1855 1827//1810 1862//1851
f 1864//1852 1749//1731 1758//1739
f 1865//1854 1867//1856 1868//1857
f 1863//1853 1867//1856 1865//1854
f 1868//1857 1860//1849 1865//1854
f 1869//1858 1866//1855 1861//1850
f 1869//1858 1861//1850 1860//1849
f 1869//1858 1860//1849 1868//1857
f 1831//1815 1869//1858 1837//1820
f 1867//1856 1768//1750 1870//1859
f 1759//1741 1768//1750 1867//1856
f 1868//1857 1867//1856 1870//1859
f 1775//1756 1774//1757 1872//1831
f 1871//1827 1870//1859 1775//1756
f 1871//1827 1837//1820 1869//1858
f 1874//1860 1873//1861 1876//1862
f 1875//1863 1876//1862 1877//1864
f 1873//1861 1878//1865 1879//1866
f 1876//1862 1879//1866 1880//1867
f 1877//1864 1880//1867 1881//1868
f 1875//1863 1877//1864 1882//1869
f 1987//1870 1882//1869 1883//1871
f 1884//1872 1883//1871 1885//1873
f 1886//1874 1230//1219 2053//1875
f 1889//1876 1887//1877 2045//1878
f 1889//1876 2045//1878 2049//1879
f 1091//1880 1088//1077 1894//1881
f 1896//1882 1893//1883 1895//1884
f 1896//1882 1895//1884 1897//1885
f 1888//1886 1897//1885 1895//1884
f 1900//1887 1897//1885 1890//1888
f 1898//1889 1897//1885 1900//1887
f 1897//1885 1898//1889 1896//1882
f 1901//1890 1890//1888 1891//1891
f 1900//1887 1890//1888 1901//1890
f 1903//1090 1104//1088 1902//1892
f 1902//1892 1091//1880 1893//1883
f 1904//1089 1903//1090 1907//1893
f 1905//1894 1893//1883 1896//1882
f 1905//1894 1909//1895 1907//1893
f 1909//1895 1905//1894 1908//1896
f 1904//1089 1910//1897 1126//1108
f 1126//1108 1915//1898 1123//1106
f 1123//1106 1911//1899 1124//1109
f 1914//1900 1911//1899 1916//1901
f 1914//1900 1916//1901 1917//1902
f 1915//1898 1910//1897 1906//1903
f 1919//1904 1917//1902 1918//1905
f 1914//1900 1917//1902 1919//1904
f 1916//1901 2297//1906 1920//1907
f 1921//1908 1125//1110 1912//1909
f 1922//1910 1154//1140 1921//1908
f 1156//1142 1155//1141 1922//1910
f 1158//1138 1923//1911 1924//1912
f 1922//1910 1921//1908 1926//1913
f 1928//1914 1156//1142 1927//1915
f 1925//1916 1923//1911 1928//1914
f 1930//1917 1926//1913 1912//1909
f 1931//1918 1926//1913 1930//1917
f 1922//1910 1931//1918 1927//1915
f 1933//1919 1913//1920 1914//1900
f 1930//1917 1912//1909 1933//1919
f 1934//1921 1927//1915 1931//1918
f 1932//1922 1928//1914 1934//1921
f 1928//1914 1932//1922 1929//1923
f 1933//1919 1919//1904 1936//1924
f 1937//1925 1933//1919 1936//1924
f 1938//1926 1931//1918 1930//1917
f 1919//1904 1918//1905 1939//1927
f 1936//1924 1919//1904 1939//1927
f 1937//1925 1936//1924 1941//1928
f 1942//1929 1937//1925 1941//1928
f 1943//1930 1930//1917 1942//1929
f 1944//1931 1938//1926 1943//1930
f 1945//1932 1938//1926 1944//1931
f 1935//1933 1945//1932 1940//1934
f 1947//1935 1941//1928 1946//1936
f 1943//1930 1942//1929 1947//1935
f 1948//1937 1945//1932 1944//1931
f 1918//1905 2300//1938 1939//1927
f 1951//1939 1936//1924 1950//1940
f 1952//1941 1946//1936 1951//1939
f 1954//1942 1947//1935 1952//1941
f 1955//1943 1947//1935 1954//1942
f 1957//1944 1174//1156 1956//1945
f 1175//1158 1957//1944 1958//1946
f 1959//1947 1175//1158 1958//1946
f 1961//1948 1925//1916 1929//1923
f 1962//1949 1957//1944 1961//1948
f 1960//1950 1957//1944 1962//1949
f 1960//1950 1965//1951 1964//1952
f 1960//1950 1964//1952 1963//1953
f 1932//1922 1935//1933 1965//1951
f 1965//1951 1960//1950 1962//1949
f 1963//1953 1964//1952 1966//1954
f 1965//1951 1940//1934 1967//1955
f 1967//1955 1964//1952 1965//1951
f 1967//1955 1969//1956 1970//1957
f 1964//1952 1970//1957 1968//1958
f 1940//1934 1945//1932 1969//1956
f 1968//1958 1972//1959 1971//1960
f 1970//1957 1969//1956 1972//1959
f 1969//1956 1953//1961 1973//1962
f 1191//1177 1192//1178 1974//1963
f 1192//1178 1176//1159 1975//1964
f 1192//1178 1975//1964 1976//1965
f 1977//1966 1958//1946 1960//1950
f 1977//1966 1963//1953 1978//1967
f 1977//1966 1978//1967 1873//1861
f 1874//1860 1977//1966 1873//1861
f 1878//1865 1963//1953 1966//1954
f 1873//1861 1978//1967 1878//1865
f 1966//1954 1968//1958 1979//1968
f 1193//1179 1974//1963 1980//1969
f 1205//1192 1206//1193 1981//1970
f 1213//1194 1981//1970 1982//1971
f 1982//1971 1981//1970 1983//1972
f 1974//1963 1976//1965 1984//1973
f 1980//1969 1984//1973 1985//1974
f 1980//1969 1985//1974 1986//1975
f 1983//1972 1986//1975 1988//1976
f 1985//1974 1987//1870 1989//1977
f 1986//1975 1990//1978 1991//1979
f 1988//1976 1986//1975 1991//1979
f 1989//1977 1987//1870 1884//1872
f 1990//1978 1884//1872 1992//1980
f 1991//1979 1992//1980 1993//1981
f 1992//1980 1884//1872 1885//1873
f 1994//1982 1992//1980 1885//1873
f 1993//1981 1994//1982 1995//1983
f 1215//1200 1214//1199 1999//1984
f 2001//1985 1215//1200 2000//1986
f 1217//1203 2001//1985 2002//1987
f 1214//1199 1982//1971 2003//1988
f 1999//1984 2003//1988 2004//1989
f 2000//1986 2004//1989 2005//1990
f 2001//1985 2005//1990 2006//1991
f 2002//1987 2006//1991 2007//1992
f 2009//1993 2004//1989 2008//1994
f 2005//1990 2009//1993 2010//1995
f 2006//1991 2010//1995 2007//1992
f 2012//1996 1983//1972 1988//1976
f 2013//1997 2003//1988 2012//1996
f 2014//1998 2008//1994 2013//1997
f 2020//1999 2009//1993 2014//1998
f 2016//2000 1988//1976 1991//1979
f 2017//2001 1988//1976 2016//2000
f 2012//1996 2017//2001 2018//2002
f 2013//1997 2018//2002 2019//2003
f 2014//1998 2019//2003 2020//1999
f 2015//2004 2020//1999 2021//2005
f 2011//2006 2020//1999 2015//2004
f 2024//2007 2017//2001 2023//2008
f 2025//2009 2018//2002 2024//2007
f 2020//1999 2025//2009 2021//2005
f 2015//2004 2021//2005 2026//2010
f 2022//2011 2015//2004 2026//2010
f 2027//2012 1991//1979 1993//1981
f 2023//2008 2027//2012 2024//2007
f 1996//2013 2027//2012 1995//1983
f 2025//2009 1996//2013 1997//2014
f 2021//2005 1997//2014 1998//2015
f 2035//2016 2034//2017 2036//2018
f 2036//2018 2037//2019 2035//2016
f 2051//2020 2037//2019 2038//2021
f 2040//2022 2030//2023 2031//2024
f 1222//1208 1221//1204 2041//2025
f 2041//2025 1333//1210 2032//2026
f 2045//1878 2043//2027 2046//2028
f 2043//2027 2045//1878 2044//2029
f 2046//2028 2042//2030 2035//2016
f 2048//2031 2035//2016 2037//2019
f 2049//1879 2047//2032 2050//2033
f 2050//2033 2048//2031 2051//2020
f 1231//1209 2053//1875 1230//1219
f 2053//1875 1222//1208 2043//2027
f 1887//1877 2053//1875 2044//2029
f 2043//2027 2044//2029 2053//1875
f 1887//1877 2044//2029 2045//1878
f 2049//1879 1892//2034 1891//1891
f 1303//1292 2002//1987 2056//2035
f 1305//1294 2056//2035 2057//2036
f 1306//1291 2057//2036 2058//2037
f 2056//2035 2007//1992 2059//2038
f 2062//2039 2056//2035 2059//2038
f 2058//2037 2061//2040 1307//1295
f 2061//2040 1310//1297 1308//1296
f 2059//2038 2011//2006 2060//2041
f 2063//2042 2057//2036 2062//2039
f 1310//1297 2063//2042 2064//2043
f 2059//2038 2066//2044 2067//2045
f 2068//2046 2062//2039 2067//2045
f 2069//2047 2064//2043 2063//2042
f 2069//2047 2063//2042 2068//2046
f 2070//2048 2015//2004 2022//2011
f 2066//2044 2070//2048 2071//2049
f 2072//2050 2067//2045 2071//2049
f 2073//2051 2068//2046 2072//2050
f 2064//2043 2073//2051 2074//2052
f 2075//2053 2070//2048 2022//2011
f 2072//2050 2075//2053 2077//2054
f 2073//2051 2072//2050 2077//2054
f 2073//2051 2077//2054 2078//2055
f 2074//2052 2073//2051 2078//2055
f 2076//2056 2022//2011 2029//2057
f 2075//2053 2022//2011 2076//2056
f 2080//2058 2075//2053 2076//2056
f 2054//2059 2078//2055 2080//2058
f 2079//2060 2078//2055 2054//2059
f 1318//1316 1314//1301 2081//2061
f 1319//1307 1315//1305 2082//2062
f 2085//2063 1321//2064 1320//1481
f 2081//2061 2086//2065 1318//1316
f 2087//2066 2082//2062 2088//2067
f 2082//2062 2089//2068 2088//2067
f 2090//2069 2083//2070 1321//2064
f 2093//2071 2085//2063 2084//2072
f 2091//2073 2086//2065 2095//2074
f 2088//2067 2097//2075 2096//2076
f 2096//2076 2087//2066 2088//2067
f 2089//2068 2098//2077 2097//2075
f 2097//2075 2088//2067 2089//2068
f 2030//2023 2091//2073 2099//2078
f 2095//2074 2099//2078 2091//2073
f 2097//2075 2098//2077 2100//2079
f 2101//2080 2092//2081 2093//2071
f 2097//2075 2100//2079 2105//2082
f 2105//2082 2096//2076 2097//2075
f 2107//2083 2098//2077 2092//2081
f 2107//2083 2100//2079 2098//2077
f 2108//2084 2107//2083 2101//2080
f 2034//2017 1334//1317 1318//1316
f 1334//1317 2034//2017 2032//2026
f 2086//2065 2036//2018 2034//2017
f 1407//1391 2109//2085 1370//1351
f 1432//1410 1405//2086 1406//1390
f 2111//2087 1474//1450 1479//1453
f 2110//2088 1433//1411 1474//1450
f 1469//1447 2112//2089 1479//1453
f 2111//2087 1479//1453 2112//2089
f 2111//2087 2110//2088 1474//1450
f 2132//2090 2133//2091 2112//2089
f 2114//2092 2112//2089 2133//2091
f 2114//2092 2111//2087 2112//2089
f 2115//2093 2111//2087 2114//2092
f 2133//2091 2116//2094 2117//2095
f 2114//2092 2117//2095 2115//2093
f 2122//2096 2113//2097 2115//2093
f 2115//2093 2121//2098 2122//2096
f 2123//2099 2119//2100 2118//2101
f 2120//2102 2124//2103 2125//2104
f 2121//2098 2125//2104 2126//2105
f 2124//2103 2127//2106 2128//2107
f 2125//2104 2128//2107 2129//2108
f 2125//2104 2129//2108 2130//2109
f 2126//2105 2131//2110 2222//2111
f 2131//2110 2126//2105 2130//2109
f 1478//1455 2132//2090 1473//2112
f 2132//2090 2065//2113 2133//2091
f 2134//2114 2064//2043 2074//2052
f 2118//2101 2134//2114 2135//2115
f 2135//2115 2074//2052 2079//2060
f 2118//2101 2135//2115 2123//2099
f 2135//2115 2055//2116 2127//2106
f 2138//2117 1505//1480 1500//1483
f 2136//2118 1507//2119 1502//1475
f 2137//2120 1502//1475 1503//1477
f 2137//2120 1503//1477 1504//1478
f 2138//2117 2084//2072 2085//2063
f 2138//2117 1320//1481 1505//1480
f 2139//2121 2138//2117 1506//1482
f 1507//2119 2139//2121 1506//1482
f 2141//2122 2084//2072 2139//2121
f 2137//2120 2142//2123 2140//2124
f 2101//2080 2093//2071 2141//2122
f 2108//2084 2101//2080 2140//2124
f 2143//2125 2108//2084 2142//2123
f 1550//1525 2144//2126 2145//2127
f 1550//1525 2145//2127 2146//2128
f 2144//2126 1548//1523 2148//2129
f 2145//2127 2149//2130 2150//2131
f 2153//2132 2148//2129 2152//2133
f 2149//2130 2144//2126 2153//2132
f 2146//2128 2150//2131 2154//2134
f 2151//2135 2155//2136 2152//2133
f 2156//2137 2152//2133 2155//2136
f 2157//2138 2153//2132 2156//2137
f 2150//2131 2149//2130 2158//2139
f 2155//2136 2159//2140 2156//2137
f 2149//2130 2157//2138 2161//2141
f 2154//2134 2158//2139 2162//2142
f 2164//2143 2159//2140 2160//2144
f 2191//2145 2160//2144 2163//2146
f 2165//2147 2161//2141 2164//2143
f 2158//2139 2149//2130 2165//2147
f 2166//2148 2162//2142 2158//2139
f 2191//2145 2167//2149 2164//2143
f 2169//2150 2164//2143 2167//2149
f 2158//2139 2165//2147 2169//2150
f 2168//2151 2170//2152 2167//2149
f 2172//2153 2167//2149 2170//2152
f 2174//2154 2171//2155 2173//2156
f 2174//2154 2169//2150 2172//2153
f 2175//2157 2109//2085 1407//1391
f 1408//1392 1405//2086 2176//2158
f 1581//1557 2146//2128 2177//2159
f 1408//1392 2178//2160 2175//2157
f 2176//2158 2179//2161 1408//1392
f 2182//2162 1405//2086 1432//1410
f 2180//2163 2109//2085 2175//2157
f 2182//2162 2179//2161 2176//2158
f 2180//2163 2151//2135 2109//2085
f 2146//2128 2154//2134 2184//2164
f 2178//2160 2185//2165 2181//2166
f 2186//2167 2178//2160 2183//2168
f 2181//2166 2163//2146 2180//2163
f 2185//2165 2188//2169 2181//2166
f 2189//2170 2185//2165 2186//2167
f 2190//2171 2186//2167 2187//2172
f 2192//2173 2188//2169 2189//2170
f 2191//2145 2188//2169 2192//2173
f 2194//2174 2193//2175 2190//2171
f 2192//2173 2168//2151 2191//2145
f 2194//2174 2192//2173 2193//2175
f 2198//2176 2168//2151 2196//2177
f 2199//2178 2196//2177 2194//2174
f 2195//2179 2199//2178 2194//2174
f 2201//2180 1432//1410 1429//1409
f 2204//2181 1598//1581 1599//1582
f 2206//2182 2182//2162 2201//2180
f 2206//2182 2201//2180 2202//1579
f 2208//2183 2202//1579 1598//1581
f 2204//2181 2208//2183 1598//1581
f 2203//2184 2210//2185 2204//2181
f 2203//2184 2110//2088 2210//2185
f 2211//2186 2183//2168 2206//2182
f 2208//2183 2209//2187 2207//2188
f 2204//2181 2212//2189 2208//2183
f 2208//2183 2214//2190 2211//2186
f 2204//2181 2210//2185 2213//2191
f 2214//2190 2187//2172 2211//2186
f 2215//2192 2212//2189 2217//2193
f 2110//2088 2216//2194 2210//2185
f 2218//2195 2210//2185 2216//2194
f 2216//2194 2113//2097 2122//2096
f 2213//2191 2219//2196 2217//2193
f 2215//2192 2220//2197 2214//2190
f 2217//2193 2221//2198 2215//2192
f 2218//2195 2224//2199 2219//2196
f 2218//2195 2223//2200 2225//2201
f 2219//2196 2221//2198 2217//2193
f 2219//2196 2226//2202 2221//2198
f 2224//2199 2226//2202 2219//2196
f 2227//2203 2195//2179 2220//2197
f 2221//2198 2227//2203 2220//2197
f 2228//2204 2142//2123 1671//1654
f 2688//2205 2142//2123 2228//2204
f 2184//2164 2162//2142 2234//2206
f 2236//2207 2233//2208 2235//2209
f 2162//2142 2166//2148 2237//2210
f 2235//2209 2231//2211 2238//2212
f 2240//2213 2234//2206 2243//2214
f 2241//2215 2238//2212 2240//2213
f 2239//2216 2235//2209 2241//2215
f 2234//2206 2237//2210 2243//2214
f 2241//2215 2240//2213 2244//2217
f 1687//1671 1581//1557 2177//2159
f 2247//2218 1689//1672 1687//1671
f 2248//2219 1698//1681 2247//2218
f 2249//2220 1699//1682 1698//1681
f 2250//2221 2249//2220 2248//2219
f 2251//2222 1699//1682 2249//2220
f 1687//1671 2177//2159 2252//2223
f 2253//2224 2247//2218 2252//2223
f 2252//2223 2184//2164 2254//2225
f 2255//2226 2252//2223 2254//2225
f 2288//2227 2253//2224 2255//2226
f 2232//2228 2255//2226 2231//2211
f 2233//2208 2255//2226 2232//2228
f 2205//1591 1608//1590 2256//2229
f 1708//1691 2205//1591 2258//2230
f 2258//2230 2256//2229 2259//2231
f 2261//2232 1709//1692 1711//1694
f 2259//2231 2257//2233 2261//2232
f 2260//2234 2259//2231 1717//1830
f 2262//2235 1711//1694 1713//1695
f 1713//1695 1717//1830 2262//2235
f 1717//1830 1713//1695 1716//1700
f 5018//2236 2266//2237 2269//2238
f 2271//2239 2267//2240 2270//2241
f 2269//2238 2268//2242 2271//2239
f 5018//2236 2274//2243 2272//2244
f 2273//2245 2270//2241 2236//2207
f 2274//2243 2271//2239 2273//2245
f 2274//2243 2276//2246 2275//2247
f 5064//2248 2280//2249 2281//2250
f 2272//2244 2275//2247 5064//2248
f 5064//2248 2281//2250 5065//2251
f 2276//2246 2236//2207 2239//2216
f 2279//2252 2280//2249 2275//2247
f 2278//2253 2242//2254 2279//2252
f 2278//2253 2239//2216 2242//2254
f 2279//2252 2246//2255 2282//2256
f 2280//2249 2279//2252 2282//2256
f 2804//2257 2264//2258 2277//2259
f 2284//2260 2251//2222 2250//2221
f 2285//2261 1704//1687 2251//2222
f 2286//2262 2285//2261 2284//2260
f 1823//1805 2286//2262 2287//2263
f 1812//1795 1823//1805 1824//1806
f 2266//2237 2287//2263 2268//2242
f 1781//1807 1814//1797 2287//2263
f 2288//2227 2250//2221 2253//2224
f 2267//2240 2284//2260 2288//2227
f 2268//2242 2286//2262 2267//2240
f 2270//2241 2288//2227 2230//2264
f 2291//2265 1909//1895 2293//2266
f 2293//2266 1908//1896 2294//2267
f 2294//2267 2436//2268 2289//2269
f 2294//2267 2289//2269 2295//2270
f 2875//2271 2292//2272 2876//2273
f 2292//2272 2294//2267 2296//2274
f 2295//2270 2289//2269 2290//2275
f 2297//1906 1906//1903 2299//2276
f 2299//2276 2291//2265 2302//2277
f 1920//1907 2299//2276 2301//2278
f 2302//2277 2291//2265 2293//2266
f 2300//1938 2298//2279 2308//2280
f 2304//2281 2299//2276 2303//2282
f 2298//2279 2301//2278 2305//2283
f 2308//2280 2305//2283 2306//2284
f 2302//2277 2293//2266 2875//2271
f 2309//2285 2306//2284 2310//2286
f 2321//2287 2317//2288 2318//2289
f 2321//2287 2318//2289 2322//2290
f 2322//2290 2318//2289 2319//2291
f 2322//2290 2319//2291 2364//2292
f 2324//2293 2322//2290 2313//2294
f 2325//2295 2324//2293 2326//2296
f 2314//2297 2324//2293 2313//2294
f 2327//2298 2326//2296 2328//2299
f 2328//2299 2314//2297 2315//2300
f 2327//2298 2328//2299 2329//2301
f 2329//2301 2328//2299 2330//2302
f 2330//2302 2315//2300 2316//2303
f 1879//1866 2332//2304 2333//2305
f 1880//1867 2333//2305 2334//2306
f 2333//2305 2335//2307 2336//2308
f 2336//2308 2517//2309 2337//2310
f 2342//2311 2340//2312 2341//2313
f 2343//2314 2342//2311 2344//2315
f 2345//2316 2344//2315 2346//2317
f 2347//2318 2348//2319 2349//2320
f 2353//2321 2351//2322 2352//2323
f 2353//2321 2352//2323 2347//2318
f 2353//2321 2347//2318 2340//2312
f 2339//2324 2347//2318 2349//2320
f 2314//2297 2312//2325 2354//2326
f 2355//2327 2353//2321 2340//2312
f 2315//2300 2354//2326 2356//2328
f 2356//2328 2354//2326 2357//2329
f 2357//2329 2355//2327 2343//2314
f 2316//2303 2357//2329 2358//2330
f 2358//2330 2343//2314 2359//2331
f 2359//2331 2343//2314 2345//2316
f 2361//2332 2345//2316 2346//2317
f 2362//2333 2358//2330 2363//2334
f 2360//2335 2359//2331 2345//2316
f 2365//2336 2366//2337 2348//2319
f 2348//2319 2367//2338 2350//2339
f 2350//2339 2349//2320 2348//2319
f 2312//2325 2322//2290 2351//2322
f 2352//2323 2364//2292 2365//2336
f 2368//2340 1881//1868 2334//2306
f 1883//1871 2368//2340 2369//2341
f 2368//2340 2336//2308 2371//2342
f 2369//2341 2371//2342 2372//2343
f 2369//2341 2372//2343 2373//2344
f 2337//2310 2371//2342 2336//2308
f 2370//2345 2373//2344 2375//2346
f 2372//2343 2376//2347 2377//2348
f 2378//2349 2373//2344 2377//2348
f 2374//2350 2338//2351 2376//2347
f 2375//2346 2378//2349 2379//2352
f 2381//2353 2378//2349 2380//2354
f 2379//2352 2381//2353 2382//2355
f 2341//2313 2339//2324 2383//2356
f 2341//2313 2383//2356 2385//2357
f 2385//2357 2384//2358 2386//2359
f 2387//2360 2341//2313 2385//2357
f 2388//2361 2385//2357 2386//2359
f 2390//2362 2342//2311 2387//2360
f 2391//2363 2387//2360 2388//2361
f 2391//2363 2388//2361 2403//2364
f 2393//2365 2390//2362 2391//2363
f 2339//2324 2349//2320 2398//2366
f 2398//2366 2350//2339 2394//2367
f 2398//2366 2395//2368 2399//2369
f 2399//2369 2383//2356 2398//2366
f 2399//2369 2396//2370 2400//2371
f 2400//2371 2383//2356 2399//2369
f 2384//2358 2401//2372 2386//2359
f 2403//2364 2402//2373 2404//2374
f 2405//2375 2392//2376 2393//2365
f 2412//2377 2403//2364 2404//2374
f 2406//2378 2405//2375 2393//2365
f 2350//2339 2367//2338 2407//2379
f 2409//2380 2394//2367 2407//2379
f 2409//2380 2407//2379 2850//2381
f 2395//2368 2409//2380 2408//2382
f 2397//2383 2410//2384 2401//2372
f 2412//2377 2411//2385 2413//2386
f 2406//2378 2412//2377 2415//2387
f 2402//2373 2416//2388 2417//2389
f 2401//2372 2418//2390 2419//2391
f 2416//2388 2401//2372 2419//2391
f 2420//2392 2416//2388 2419//2391
f 2417//2389 2411//2385 2404//2374
f 2417//2389 2420//2392 2411//2385
f 2422//2393 2426//2394 2574//2395
f 2423//2396 1892//2034 2424//2397
f 2424//2397 2052//2398 2421//2399
f 2425//2400 2424//2397 2426//2394
f 2427//2401 2425//2400 2428//2402
f 2429//2403 2428//2402 2430//2404
f 2430//2404 2426//2394 2422//2393
f 1899//2405 1896//1882 1898//1889
f 1901//1890 1891//1891 2423//2396
f 2432//2406 1898//1889 2433//2407
f 2433//2407 1900//1887 2431//2408
f 1900//1887 2433//2407 1898//1889
f 2434//2409 2431//2408 2425//2400
f 2289//2269 2432//2406 2290//2275
f 2435//2410 2434//2409 2427//2401
f 1906//1903 1907//1893 1909//1895
f 2436//2268 1899//2405 1898//1889
f 1898//1889 2432//2406 2436//2268
f 1917//1902 1920//1907 2298//2279
f 1918//1905 2298//2279 2300//1938
f 2439//2411 1952//1941 1951//1939
f 2440//2412 1954//1942 2439//2411
f 2441//2413 1948//1937 1955//1943
f 2442//2414 1948//1937 2441//2413
f 2443//2415 1955//1943 2440//2412
f 2444//2416 2442//2414 2441//2413
f 1950//1940 2437//2417 2445//2418
f 2446//2419 1951//1939 2438//2420
f 2447//2421 2439//2411 2446//2419
f 2448//2422 2440//2412 2447//2421
f 2449//2423 2443//2415 2448//2422
f 2441//2413 1955//1943 2449//2423
f 2452//2424 2438//2420 2451//2425
f 2453//2426 2446//2419 2452//2424
f 2454//2427 2447//2421 2453//2426
f 2455//2428 2448//2422 2454//2427
f 2456//2429 2441//2413 2450//2430
f 2450//2430 2449//2423 2455//2428
f 2437//2417 2308//2280 2309//2285
f 2445//2418 2309//2285 2457//2431
f 2451//2425 2445//2418 2457//2431
f 2458//2432 2454//2427 2453//2426
f 2459//2433 2455//2428 2458//2432
f 2460//2434 2455//2428 2459//2433
f 2461//2435 2460//2434 2459//2433
f 2464//2436 2453//2426 2463//2437
f 2465//2438 2458//2432 2464//2436
f 2465//2438 2464//2436 2472//2439
f 2466//2440 2459//2433 2465//2438
f 2467//2441 2461//2435 2466//2440
f 2462//2442 2461//2435 2468//2443
f 2457//2431 2310//2286 2469//2444
f 2464//2436 2463//2437 2471//2445
f 2473//2446 2464//2436 2471//2445
f 2474//2447 2472//2439 2473//2446
f 2475//2448 2466//2440 2472//2439
f 2475//2448 2472//2439 2474//2447
f 2473//2446 2471//2445 2478//2449
f 2474//2447 2476//2450 2475//2448
f 2310//2286 2913//2451 2311//2452
f 2480//2453 2469//2444 2311//2452
f 2470//2454 2480//2453 2481//2455
f 2471//2445 2481//2455 2482//2456
f 2474//2447 2473//2446 2483//2457
f 2474//2447 2483//2457 2484//2458
f 1972//1959 2486//2459 2485//2460
f 2485//2460 1971//1960 1972//1959
f 1973//1962 2442//2414 2488//2461
f 2487//2462 2489//2463 2490//2464
f 2491//2465 2442//2414 2444//2416
f 2491//2465 2489//2463 2488//2461
f 2490//2464 2489//2463 2493//2466
f 2494//2467 2490//2464 2493//2466
f 2491//2465 2444//2416 2456//2429
f 2497//2468 2491//2465 2496//2469
f 2495//2470 2498//2471 2489//2463
f 2456//2429 2450//2430 2460//2434
f 2500//2472 2460//2434 2461//2435
f 2501//2473 2496//2469 2500//2472
f 2502//2474 2497//2468 2501//2473
f 2493//2466 2498//2471 2503//2475
f 2499//2476 2498//2471 2495//2470
f 2502//2474 2501//2473 2504//2477
f 2504//2477 2500//2472 2505//2478
f 2507//2479 2502//2474 2506//2480
f 2504//2477 2505//2478 2510//2481
f 2512//2482 2508//2483 2507//2479
f 2514//2484 2508//2483 2512//2482
f 2331//2485 2316//2303 2513//2486
f 1979//1968 2485//2460 2332//2304
f 2332//2304 2515//2487 2335//2307
f 2485//2460 2487//2462 2515//2487
f 2335//2307 2516//2488 2517//2309
f 2516//2488 2337//2310 2517//2309
f 2516//2488 2494//2467 2518//2489
f 2523//2490 2520//2491 2503//2475
f 2362//2333 2363//2334 2522//2492
f 2529//2493 2503//2475 2511//2494
f 2513//2486 2362//2333 2525//2495
f 2525//2495 2362//2333 2524//2496
f 2526//2497 2522//2492 2527//2498
f 2529//2493 2528//2499 2503//2475
f 2530//2500 2511//2494 2514//2484
f 2532//2501 1885//1873 2531//2502
f 2533//2503 1994//1982 2532//2501
f 1996//2013 2533//2503 1997//2014
f 2532//2501 2534//2504 2535//2505
f 1998//2015 1997//2014 2536//2506
f 2028//2507 2537//2508 2541//2509
f 2531//2502 2375//2346 2538//2510
f 2539//2511 2531//2502 2538//2510
f 2540//2512 2534//2504 2539//2511
f 1997//2014 2540//2512 2536//2506
f 2538//2510 2379//2352 2543//2513
f 2537//2508 2536//2506 2552//2514
f 2544//2515 2338//2351 2518//2489
f 2545//2516 2379//2352 2382//2355
f 2548//2517 2546//2518 2547//2519
f 2542//2520 2541//2509 2548//2517
f 2545//2516 2382//2355 2549//2521
f 2550//2522 2545//2516 2549//2521
f 2551//2523 2545//2516 2550//2522
f 2536//2506 2545//2516 2551//2523
f 2546//2518 2552//2514 2553//2524
f 2541//2509 2552//2514 2546//2518
f 2551//2523 2554//2525 2555//2526
f 2556//2527 2546//2518 2553//2524
f 2547//2519 2556//2527 2557//2528
f 2555//2526 2560//2529 2561//2530
f 2553//2524 2561//2530 2562//2531
f 2552//2514 2555//2526 2553//2524
f 2556//2527 2562//2531 2557//2528
f 2029//2057 2028//2507 2542//2520
f 2563//2532 2637//2533 2564//2534
f 2564//2534 2637//2533 2565//2535
f 2571//2536 2038//2021 2566//2537
f 2566//2537 2040//2022 2563//2532
f 2571//2536 2566//2537 2567//2538
f 2567//2538 2566//2537 2569//2539
f 2569//2539 2563//2532 2564//2534
f 2568//2540 2573//2541 2567//2538
f 2570//2542 2051//2020 2571//2536
f 2421//2399 2570//2542 2571//2536
f 2572//2543 2571//2536 2573//2541
f 2572//2543 2574//2395 2426//2394
f 2575//2544 2475//2448 2476//2450
f 2576//2545 2468//2443 2475//2448
f 2509//2546 2468//2443 2576//2545
f 2577//2547 2576//2545 2575//2544
f 2578//2548 2509//2546 2576//2545
f 2580//2549 2476//2450 2479//2550
f 2582//2551 2577//2547 2581//2552
f 2583//2553 2578//2548 2582//2551
f 2579//2554 2578//2548 2583//2553
f 2479//2550 2585//2555 2580//2549
f 2479//2550 2484//2458 3157//2556
f 2586//2557 2581//2552 2585//2555
f 2587//2558 2582//2551 2586//2557
f 2588//2559 2583//2553 2587//2558
f 2589//2560 2584//2561 2583//2553
f 2590//2562 2505//2478 2509//2546
f 2510//2481 2505//2478 2590//2562
f 2592//2563 2506//2480 2591//2564
f 2579//2554 2590//2562 2509//2546
f 2593//2565 2510//2481 2594//2566
f 2592//2563 2591//2564 2593//2565
f 2593//2565 2594//2566 2595//2567
f 2512//2482 2507//2479 2592//2563
f 2596//2568 2590//2562 2584//2561
f 2594//2566 2590//2562 2596//2568
f 2595//2567 2598//2569 2599//2570
f 2597//2571 2512//2482 2592//2563
f 2600//2572 2512//2482 2597//2571
f 2598//2569 2596//2568 2601//2573
f 2606//2574 2080//2058 2605//2575
f 2604//2576 2054//2059 2606//2574
f 2609//2577 2603//2578 2608//2579
f 2611//2580 2605//2575 2610//2581
f 2607//2582 2606//2574 2611//2580
f 2608//2579 2602//2583 2548//2517
f 2610//2581 2609//2577 2612//2584
f 2611//2580 2613//2585 2614//2586
f 2607//2582 2614//2586 2615//2587
f 2616//2588 2548//2517 2547//2519
f 2617//2589 2608//2579 2616//2588
f 2612//2584 2609//2577 2617//2589
f 2619//2590 2615//2587 2614//2586
f 2614//2586 2618//2591 2619//2590
f 2622//2592 2618//2591 2613//2585
f 2622//2592 2612//2584 2621//2593
f 2623//2594 2619//2590 2618//2591
f 2623//2594 2618//2591 2622//2592
f 2624//2595 2619//2590 2623//2594
f 2625//2596 2616//2588 2557//2528
f 2623//2594 2622//2592 2626//2597
f 2625//2596 2557//2528 3128//2598
f 2621//2593 2617//2589 2625//2596
f 2628//2599 2621//2593 3286//2600
f 2624//2595 2626//2597 2627//2601
f 2602//2583 2029//2057 2542//2520
f 2603//2578 2076//2056 2602//2583
f 2080//2058 2603//2578 2605//2575
f 2630//2602 2104//2603 2629//2604
f 2629//2604 2103//2605 2631//2606
f 2103//2605 2105//2082 2632//2607
f 2563//2532 2102//2608 2630//2602
f 2031//2024 2563//2532 2040//2022
f 2635//2609 2105//2082 2106//2610
f 2636//2611 2106//2610 2107//2083
f 2563//2532 2630//2602 2637//2533
f 2630//2602 2629//2604 2639//2612
f 2632//2607 2634//2613 2640//2614
f 2640//2614 2631//2606 2632//2607
f 2641//2615 2633//2616 2108//2084
f 2639//2612 2642//2617 2630//2602
f 2631//2606 2640//2614 2643//2618
f 2643//2618 2638//2619 2631//2606
f 2637//2533 2630//2602 2642//2617
f 2644//2620 2640//2614 2634//2613
f 2645//2621 2634//2613 2635//2609
f 3310//2622 2633//2616 2641//2615
f 2642//2617 2565//2535 2637//2533
f 2648//2623 2645//2621 2636//2611
f 2652//2624 2650//2625 2651//2626
f 2654//2627 2651//2626 2653//2628
f 2655//2629 2657//2630 2656//2631
f 2659//2632 2657//2630 2658//2633
f 2127//2106 2604//2576 2607//2582
f 2127//2106 2660//2634 2128//2107
f 2661//2635 2129//2108 2128//2107
f 2128//2107 2660//2634 2661//2635
f 2129//2108 2661//2635 2130//2109
f 2662//2636 2130//2109 2661//2635
f 2665//2637 2662//2636 2664//2638
f 2650//2625 2130//2109 2662//2636
f 2615//2587 2660//2634 2607//2582
f 2667//2639 2664//2638 2666//2640
f 2667//2639 2665//2637 2664//2638
f 2650//2625 2662//2636 2665//2637
f 2668//2641 2663//2642 2615//2587
f 2670//2643 2666//2640 2663//2642
f 2663//2642 2668//2641 2670//2643
f 2666//2640 2669//2644 2671//2645
f 2673//2646 2667//2639 2672//2647
f 2665//2637 2651//2626 2650//2625
f 2620//2648 2668//2641 2615//2587
f 2675//2649 2669//2644 2670//2643
f 2670//2643 2674//2650 2675//2649
f 2671//2645 2675//2649 2676//2651
f 2676//2651 2672//2647 2671//2645
f 2673//2646 2653//2628 2651//2626
f 2653//2628 2673//2646 2677//2652
f 2679//2653 2674//2650 2620//2648
f 2679//2653 2620//2648 2624//2595
f 2675//2649 2678//2654 2680//2655
f 2680//2655 2676//2651 2675//2649
f 2655//2629 2677//2652 2681//2656
f 2682//2657 2678//2654 2627//2601
f 2680//2655 2683//2658 2681//2656
f 2683//2658 2680//2655 2682//2657
f 2684//2659 2681//2656 2683//2658
f 2657//2630 2681//2656 2684//2659
f 2685//2660 2627//2601 2626//2597
f 2682//2657 2686//2661 2683//2658
f 2687//2662 2683//2658 2686//2661
f 2658//2633 2684//2659 2687//2662
f 2168//2151 2690//2663 2170//2152
f 2172//2153 2692//2664 2171//2155
f 2173//2156 2171//2155 2692//2664
f 2166//2148 2173//2156 2693//2665
f 2690//2663 2694//2666 2692//2664
f 2696//2667 2692//2664 2694//2666
f 2693//2665 2173//2156 2696//2667
f 2690//2663 2697//2668 2694//2666
f 2695//2669 2698//2670 2690//2663
f 2699//2671 2694//2666 2697//2668
f 2701//2672 2697//2668 2698//2670
f 2703//2673 2699//2671 2701//2672
f 2705//2674 2698//2670 2704//2675
f 2703//2673 2701//2672 2705//2674
f 2704//2675 2707//2676 2706//2677
f 2707//2676 2704//2675 2700//2678
f 2705//2674 2710//2679 2703//2673
f 2708//2680 2704//2675 2709//2681
f 2711//2682 2703//2673 2710//2679
f 2713//2683 2706//2677 2707//2676
f 2709//2681 2712//2684 2715//2685
f 2706//2677 2712//2684 2709//2681
f 2706//2677 2709//2681 2704//2675
f 2714//2686 2708//2680 2715//2685
f 2711//2682 2710//2679 2714//2686
f 2706//2677 2717//2687 2712//2684
f 2713//2683 2719//2688 2706//2677
f 2716//2689 2714//2686 2720//2690
f 2724//2691 2198//2176 2199//2178
f 2726//2692 2691//2693 2197//2694
f 2728//2695 2695//2669 2726//2692
f 2728//2695 2726//2692 2724//2691
f 2729//2696 2724//2691 2723//2697
f 2731//2698 2729//2696 2725//2699
f 2725//2699 2727//2700 2731//2698
f 2733//2701 2730//2702 2729//2696
f 2730//2702 2707//2676 2700//2678
f 2734//2703 2730//2702 2733//2701
f 2733//2701 2731//2698 2735//2704
f 2738//2705 2734//2703 2735//2704
f 2739//2706 2735//2704 2732//2707
f 2732//2707 2736//2708 2739//2706
f 2719//2688 2741//2709 2718//2710
f 2737//2711 2719//2688 2713//2683
f 2738//2705 2743//2712 2742//2713
f 2744//2714 2223//2200 2222//2111
f 2746//2715 2224//2199 2225//2201
f 2745//2716 2225//2201 2223//2200
f 2747//2717 2226//2202 2224//2199
f 2224//2199 2746//2715 2747//2717
f 2748//2718 2746//2715 2745//2716
f 2227//2203 2725//2699 2723//2697
f 2749//2719 2227//2203 2226//2202
f 2746//2715 2748//2718 2750//2720
f 2752//2721 2749//2719 2747//2717
f 2751//2722 2725//2699 2749//2719
f 2754//2723 2649//2724 2753//2725
f 2753//2725 2652//2624 2654//2627
f 2756//2726 2727//2700 2751//2722
f 2751//2722 2752//2721 2756//2726
f 2753//2725 2757//2727 2754//2723
f 2758//2728 2756//2726 2752//2721
f 2752//2721 2755//2729 2758//2728
f 2759//2730 2757//2727 2656//2631
f 2759//2730 2656//2631 2657//2630
f 2759//2730 2755//2729 2757//2727
f 2760//2731 2755//2729 2759//2730
f 2762//2732 2758//2728 2755//2729
f 2736//2708 2761//2733 2740//2734
f 2762//2732 2761//2733 2736//2708
f 2762//2732 2736//2708 2758//2728
f 2744//2714 2222//2111 2131//2110
f 2649//2724 2131//2110 2650//2625
f 3450//2735 2688//2205 2229//2736
f 2769//2737 2802//2738 2803//2739
f 2769//2737 2764//2740 2802//2738
f 2765//2741 2767//2742 2805//2743
f 2770//2744 2769//2737 2766//2745
f 2767//2742 3475//2746 2770//2744
f 2244//2217 2243//2214 2772//2747
f 2773//2748 2245//2749 2241//2215
f 2772//2747 2237//2210 2775//2750
f 2777//2751 2776//2752 2773//2748
f 2773//2748 2244//2217 2777//2751
f 2245//2749 2778//2753 2246//2255
f 2245//2749 2773//2748 2781//2754
f 2246//2255 2778//2753 2774//2755
f 2775//2750 2693//2665 2696//2667
f 2776//2752 2772//2747 2780//2756
f 2768//2757 2765//2741 2779//2758
f 2702//2759 2696//2667 2703//2673
f 2780//2756 2775//2750 2702//2759
f 2778//2753 2781//2754 2783//2760
f 2768//2757 2774//2755 2784//2761
f 2782//2762 2781//2754 2776//2752
f 2782//2762 2702//2759 2711//2682
f 2721//2763 2768//2757 2784//2761
f 2782//2762 2722//2764 2783//2760
f 2722//2764 2784//2761 2783//2760
f 2721//2763 2767//2742 2768//2757
f 2771//2765 2767//2742 2721//2763
f 2785//2766 2229//2736 2263//2767
f 2786//2768 2785//2766 5045//2769
f 2787//2770 2785//2766 2786//2768
f 2763//2771 2229//2736 2785//2766
f 2788//2772 2785//2766 2787//2770
f 2790//2773 2788//2772 2789//2774
f 2791//2775 2763//2771 2788//2772
f 2793//2776 2790//2773 5125//2777
f 2795//2778 2796//2779 2794//2780
f 2797//2781 2799//2782 2796//2779
f 2800//2783 2801//2784 2795//2778
f 2264//2258 2804//2257 2265//2785
f 2804//2257 2283//2786 2805//2743
f 5056//2787 2806//2788 2800//2783
f 2804//2257 2766//2745 2806//2788
f 2806//2788 2803//2739 2800//2783
f 2766//2745 2769//2737 2806//2788
f 2283//2786 2282//2256 2779//2758
f 2813//2789 2812//2790 2817//2791
f 2817//2791 2814//2792 2807//2793
f 2818//2794 2815//2795 2821//2796
f 2815//2795 2807//2793 2820//2797
f 2825//2798 2809//2799 2824//2800
f 2822//2801 2820//2797 2825//2798
f 2824//2800 2809//2799 2810//2802
f 2825//2798 2827//2803 2828//2804
f 2826//2805 2825//2798 2828//2804
f 2824//2800 2811//2806 2827//2803
f 2833//2807 2830//2808 2834//2809
f 2834//2809 2829//2810 2813//2789
f 2832//2811 2835//2812 2836//2813
f 2837//2814 2813//2789 2816//2815
f 2835//2812 2838//2816 2839//2817
f 2835//2812 2839//2817 2840//2818
f 2838//2816 2819//2819 2839//2817
f 2841//2820 2842//2821 2843//2822
f 2819//2819 2823//2823 2844//2824
f 2839//2817 2844//2824 2845//2825
f 2844//2824 2823//2823 2846//2826
f 2845//2825 2846//2826 2847//2827
f 2848//2828 2845//2825 2847//2827
f 2850//2381 2836//2813 2851//2829
f 2851//2829 2852//2830 2854//2831
f 2970//2832 2854//2831 2855//2833
f 2841//2820 2836//2813 2840//2818
f 2854//2831 2841//2820 2860//2834
f 2853//2835 2855//2833 2857//2836
f 2856//2837 2857//2836 2858//2838
f 2841//2820 2843//2822 2859//2839
f 2860//2834 2861//2840 2862//2841
f 2855//2833 2860//2834 2863//2842
f 2857//2836 2863//2842 2864//2843
f 2865//2844 2857//2836 2864//2843
f 2859//2839 2848//2828 2861//2840
f 2860//2834 2862//2841 2863//2842
f 2865//2844 2864//2843 2867//2845
f 2870//2846 2869//2847 2871//2848
f 2872//2849 2870//2846 2873//2850
f 2871//2848 2873//2850 2870//2846
f 2296//2274 2295//2270 2877//2851
f 2878//2852 2296//2274 2877//2851
f 2878//2852 2880//2853 2876//2273
f 2876//2273 2880//2853 2875//2271
f 2880//2853 2878//2852 2879//2854
f 2877//2851 2868//2855 2870//2846
f 2881//2856 2880//2853 2879//2854
f 2882//2857 2877//2851 2872//2849
f 2870//2846 2872//2849 2877//2851
f 2883//2858 2879//2854 2885//2859
f 2887//2860 2882//2857 2886//2861
f 2886//2861 2872//2849 2874//2862
f 2301//2278 2304//2281 2888//2863
f 2891//2864 2302//2277 2890//2865
f 2306//2284 2307//2866 2889//2867
f 2304//2281 2891//2864 2892//2868
f 2305//2283 2888//2863 2893//2869
f 2889//2867 2893//2869 2894//2870
f 2890//2865 2875//2271 2880//2853
f 2894//2870 2893//2869 2895//2871
f 2888//2863 2892//2868 2896//2872
f 2898//2873 2890//2865 2881//2856
f 2892//2868 2898//2873 2899//2874
f 2895//2871 2897//2875 2900//2876
f 2898//2873 2881//2856 2884//2877
f 2896//2872 2899//2874 2901//2878
f 2897//2875 2896//2872 2901//2878
f 2898//2873 2884//2877 2903//2879
f 2899//2874 2903//2879 2904//2880
f 2897//2875 2901//2878 2905//2881
f 2911//2882 2909//2883 2910//2884
f 2311//2452 2913//2451 2915//2885
f 2919//2886 2907//2887 2920//2888
f 2919//2886 2906//2889 2907//2887
f 2922//2890 2907//2887 2908//2891
f 2910//2884 2922//2890 2908//2891
f 2927//2892 2923//2893 2924//2894
f 2911//2882 2924//2894 2909//2883
f 2913//2451 2889//2867 2925//2895
f 2914//2896 2927//2892 2911//2882
f 2929//2897 2913//2451 2925//2895
f 2929//2897 2926//2898 2930//2899
f 2915//2885 2929//2897 2930//2899
f 2931//2900 2926//2898 2928//2901
f 2916//2902 2930//2899 2931//2900
f 2932//2903 2928//2901 2914//2896
f 2932//2903 2914//2896 2917//2904
f 2918//2905 2919//2886 2933//2906
f 2933//2906 2920//2888 2934//2907
f 2933//2906 2919//2886 2920//2888
f 2934//2907 2920//2888 2921//2908
f 2938//2909 2923//2893 2937//2910
f 2938//2909 2934//2907 2921//2908
f 2924//2894 2938//2909 2921//2908
f 2925//2895 2889//2867 2936//2911
f 2923//2893 2936//2911 2937//2910
f 2926//2898 2936//2911 2923//2893
f 2933//2906 2940//2912 2918//2905
f 2934//2907 2939//2913 2933//2906
f 2942//2914 2937//2910 2943//2915
f 2942//2914 2935//2916 2937//2910
f 2936//2911 2895//2871 2943//2915
f 2808//2917 2939//2913 2944//2918
f 2935//2916 2946//2919 2941//2920
f 2949//2921 2945//2922 2950//2923
f 2946//2919 2949//2921 2944//2918
f 2950//2923 2942//2914 2951//2924
f 2948//2925 2810//2802 2808//2917
f 2949//2921 2952//2926 2948//2925
f 2955//2927 2900//2876 2902//2928
f 2951//2924 2955//2927 2956//2929
f 2950//2923 2951//2924 2956//2929
f 2957//2930 2810//2802 2952//2926
f 2959//2931 2953//2932 2958//2933
f 2959//2931 2952//2926 2953//2932
f 2954//2934 2960//2935 2958//2933
f 2954//2934 2958//2933 2953//2932
f 2950//2923 2956//2929 2960//2935
f 2960//2935 2954//2934 2950//2923
f 2318//2289 2961//2936 2962//2937
f 2319//2291 2962//2937 2963//2938
f 2320//2939 2906//2889 2317//2288
f 2908//2891 2907//2887 2323//2940
f 2323//2940 2907//2887 2320//2939
f 2325//2295 2908//2891 2323//2940
f 2964//2941 2910//2884 2325//2295
f 2964//2941 2325//2295 2327//2298
f 2329//2301 2965//2942 2327//2298
f 2331//2485 2966//2943 2329//2301
f 2967//2944 2812//2790 2962//2937
f 2962//2937 2812//2790 2963//2938
f 2961//2936 2918//2905 2967//2944
f 2961//2936 2906//2889 2919//2886
f 2965//2942 2968//2945 2917//2904
f 2807//2793 2918//2905 2940//2912
f 2807//2793 2814//2792 2967//2944
f 2963//2938 2829//2810 2830//2808
f 2830//2808 2319//2291 2963//2938
f 2969//2946 2364//2292 2830//2808
f 2831//2947 2366//2337 2969//2946
f 2832//2811 2367//2338 2831//2947
f 2850//2381 2407//2379 2832//2811
f 2396//2370 2408//2382 2970//2832
f 2410//2384 2396//2370 2971//2948
f 2413//2386 2972//2949 2415//2387
f 2408//2382 2851//2829 2970//2832
f 2410//2384 2974//2950 2975//2951
f 2976//2952 2410//2384 2975//2951
f 2977//2953 2981//2954 2972//2949
f 2980//2955 2978//2956 2972//2949
f 2972//2949 2981//2954 2980//2955
f 2971//2948 2853//2835 2856//2837
f 2983//2957 2971//2948 2856//2837
f 2984//2958 2974//2950 2983//2957
f 2985//2959 2975//2951 2984//2958
f 2981//2954 2977//2953 2987//2960
f 2988//2961 2982//2962 2980//2955
f 2989//2963 2856//2837 2858//2838
f 2983//2957 2989//2963 2984//2958
f 2986//2964 2985//2959 2991//2965
f 2993//2966 2981//2954 2987//2960
f 2993//2966 2986//2964 2991//2965
f 2992//2967 2988//2961 2981//2954
f 2995//2968 3136//2969 2988//2961
f 2988//2961 2994//2970 2995//2968
f 2997//2971 2989//2963 2996//2972
f 2998//2973 2984//2958 2997//2971
f 2999//2974 2990//2975 2998//2973
f 2991//2965 2985//2959 2999//2974
f 2995//2968 2994//2970 3001//2976
f 2996//2972 2858//2838 2865//2844
f 2992//2967 2993//2966 3000//2977
f 3004//2978 3001//2976 2994//2970
f 3007//2979 2998//2973 3005//2980
f 3006//2981 2999//2974 3007//2979
f 3009//2982 3143//2983 3002//2984
f 3008//2985 3002//2984 3001//2976
f 2411//2385 2420//2392 3011//2986
f 3010//2987 2418//2390 2976//2952
f 2420//2392 3010//2987 3012//2988
f 3011//2986 2977//2953 2413//2386
f 3011//2986 2420//2392 3012//2988
f 3013//2989 2976//2952 2979//2990
f 3012//2988 3010//2987 3013//2989
f 2987//2960 2977//2953 3011//2986
f 2986//2964 3013//2989 2979//2990
f 3012//2988 3013//2989 2986//2964
f 2987//2960 3012//2988 2986//2964
f 2574//2395 3014//2991 2422//2393
f 3014//2991 2574//2395 3015//2992
f 3017//2993 3152//2994 3155//2995
f 3018//2996 2422//2393 3014//2991
f 3023//2997 2429//2403 3019//2998
f 3018//2996 3019//2998 2429//2403
f 3019//2998 3018//2996 3020//2999
f 3020//2999 3014//2991 3015//2992
f 3014//2991 3020//2999 3018//2996
f 3020//2999 3021//3000 3019//2998
f 3020//2999 3016//3001 3021//3000
f 2873//2850 3021//3000 3022//3002
f 3023//2997 2435//2410 2427//2401
f 2429//2403 3023//2997 2427//2401
f 2869//2847 2435//2410 3023//2997
f 3023//2997 2871//2848 2869//2847
f 2311//2452 2915//2885 2916//2902
f 3024//3003 2311//2452 2916//2902
f 3025//3004 3024//3003 3030//3005
f 3026//3006 2480//2453 3025//3004
f 2481//2455 2480//2453 3026//3006
f 3027//3007 2481//2455 3026//3006
f 2482//2456 2481//2455 3027//3007
f 3029//3008 2478//2449 3028//3009
f 3030//3005 2916//2902 2931//2900
f 3031//3010 2931//2900 2932//2903
f 3032//3011 2932//2903 2917//2904
f 3033//3012 3030//3005 3031//3010
f 3035//3013 3025//3004 3033//3012
f 3037//3014 3026//3006 3035//3013
f 3038//3015 3035//3013 3034//3016
f 3027//3007 3037//3014 3038//3015
f 3039//3017 3034//3016 3036//3018
f 3040//3019 3038//3015 3039//3017
f 3041//3020 3027//3007 3040//3019
f 3028//3009 2482//2456 3041//3020
f 3043//3021 3040//3019 3042//3022
f 3045//3023 3041//3020 3043//3021
f 3046//3024 3043//3021 3044//3025
f 3047//3026 3028//3009 3045//3023
f 3048//3027 3045//3023 3046//3024
f 3049//3028 3046//3024 3044//3025
f 2968//2945 2965//2942 2966//2943
f 2513//2486 3051//3029 2331//2485
f 3050//3030 2331//2485 3051//3029
f 3051//3029 2513//2486 3052//3031
f 3032//3011 2968//2945 3053//3032
f 3036//3018 3032//3011 3053//3032
f 3056//3033 3050//3030 3054//3034
f 3036//3018 3053//3032 3057//3035
f 3058//3036 3055//3037 3059//3038
f 3059//3038 3052//3031 3060//3039
f 3054//3034 3062//3040 3056//3033
f 3064//3041 3042//3022 3036//3018
f 3065//3042 3063//3043 3058//3036
f 3068//3044 3057//3035 3062//3040
f 3069//3045 3062//3040 3063//3043
f 3049//3028 3044//3025 3064//3041
f 3067//3046 3071//3047 3065//3042
f 3073//3048 3070//3049 3057//3035
f 3071//3047 3067//3046 3074//3050
f 3071//3047 3075//3051 3068//3044
f 3052//3031 2513//2486 2525//2495
f 3052//3031 2525//2495 3060//3039
f 3060//3039 2525//2495 3076//3052
f 3076//3052 2524//2496 2526//2497
f 2530//2500 2529//2493 2511//2494
f 3076//3052 3061//3053 3060//3039
f 3061//3053 3076//3052 3081//3054
f 3081//3054 3077//3055 3082//3056
f 3084//3057 3081//3054 3082//3056
f 3092//3058 3066//3059 3081//3054
f 3093//3060 3092//3058 3084//3057
f 3094//3061 3085//3062 3095//3063
f 3094//3061 3095//3063 3096//3064
f 3089//3065 3097//3066 3090//3067
f 3098//3068 3089//3065 3138//3069
f 3090//3067 3099//3070 5498//3071
f 3091//3072 3072//3073 3067//3046
f 3100//3074 3091//3072 3092//3058
f 3074//3050 3072//3073 3102//3075
f 3103//3076 3100//3074 3093//3060
f 3105//3077 3099//3070 3097//3066
f 3097//3066 3098//3068 3105//3077
f 3104//3078 3101//3079 3099//3070
f 3101//3079 3106//3080 3110//3081
f 3109//3082 3100//3074 3103//3076
f 3107//3083 3109//3082 3103//3076
f 3106//3080 3113//3084 3110//3081
f 3110//3081 3113//3084 3114//3085
f 3111//3086 3105//3077 3098//3068
f 3115//3087 3112//3088 3105//3077
f 3116//3089 3113//3084 3112//3088
f 3114//3085 3113//3084 3117//3090
f 3111//3086 3118//3091 3115//3087
f 3119//3092 3113//3084 3116//3089
f 3117//3090 3120//3093 3121//3094
f 2414//3095 3122//3096 2558//3097
f 3086//3098 3124//3099 3083//3100
f 3126//3101 3125//3102 3124//3099
f 3132//3103 2561//2530 3125//3102
f 2562//2531 2561//2530 3127//3104
f 3128//2598 2562//2531 3127//3104
f 3122//3096 3129//3105 3123//3106
f 2978//2956 3122//3096 2973//3107
f 3131//3108 3123//3106 3129//3105
f 3125//3102 3126//3101 3132//3103
f 3094//3061 3126//3101 3086//3098
f 3133//3109 3132//3103 3126//3101
f 3134//3110 3127//3104 3132//3103
f 3135//3111 3127//3104 3134//3110
f 3131//3108 3137//3112 3130//3113
f 3130//3113 3138//3069 3079//3114
f 3258//3115 3133//3109 3094//3061
f 3139//3116 3134//3110 3133//3109
f 3140//3117 3137//3112 3136//2969
f 3141//3118 3138//3069 3140//3117
f 3138//3069 3141//3118 3142//3119
f 3002//2984 3141//3118 3140//3117
f 3143//2983 3141//3118 3002//2984
f 3143//2983 3142//3119 3141//3118
f 3142//3119 3144//3120 3111//3086
f 3118//3091 3111//3086 3144//3120
f 2565//2535 3146//3121 2564//2534
f 2568//2540 2567//2538 3151//3122
f 3156//3123 2568//2540 3150//3124
f 2569//2539 3151//3122 2567//2538
f 2569//2539 3153//3125 3151//3122
f 3150//3124 3151//3122 3154//3126
f 3151//3122 3153//3125 3154//3126
f 3155//2995 3150//3124 3154//3126
f 3154//3126 3153//3125 3856//3127
f 2574//2395 3156//3123 3015//2992
f 3156//3123 3152//2994 3015//2992
f 2585//2555 3157//2556 3158//3128
f 3159//3129 2585//2555 3158//3128
f 3160//3130 2586//2557 3159//3129
f 3162//3131 2588//2559 3160//3130
f 2589//2560 2588//2559 3162//3131
f 3164//3132 3162//3131 3161//3133
f 3165//3134 2589//2560 3162//3131
f 3157//2556 3029//3008 3166//3135
f 3159//3129 3158//3128 3167//3136
f 3167//3136 3166//3135 3168//3137
f 3164//3132 3169//3138 3170//3139
f 3165//3134 3164//3132 3170//3139
f 2589//2560 3165//3134 3171//3140
f 3163//3141 2589//2560 3171//3140
f 3172//3142 3165//3134 3170//3139
f 3171//3140 3165//3134 3173//3143
f 3175//3144 3029//3008 3047//3026
f 3166//3135 3175//3144 3176//3145
f 3168//3137 3176//3145 3177//3146
f 3169//3138 3168//3137 3178//3147
f 3178//3147 3177//3146 3188//3148
f 3179//3149 3169//3138 3178//3147
f 3180//3150 3170//3139 3179//3149
f 3180//3150 3178//3147 3181//3151
f 3181//3151 3172//3142 3180//3150
f 3182//3152 3173//3143 3181//3151
f 3174//3153 3171//3140 3182//3152
f 3183//3154 3182//3152 3190//3155
f 3184//3156 3047//3026 3048//3027
f 3185//3157 3048//3027 3049//3028
f 3186//3158 3184//3156 3185//3157
f 3194//3159 3175//3144 3186//3158
f 3177//3146 3176//3145 3187//3160
f 3188//3148 3187//3160 3197//3161
f 3189//3162 3178//3147 3188//3148
f 3190//3155 3181//3151 3189//3162
f 3191//3163 3190//3155 3189//3162
f 3195//3164 3186//3158 3193//3165
f 3196//3166 3176//3145 3194//3159
f 3200//3167 3194//3159 3195//3164
f 3197//3161 3196//3166 3198//3168
f 3197//3161 3198//3168 3202//3169
f 3201//3170 3196//3166 3200//3167
f 3204//3171 3200//3167 3199//3172
f 3198//3168 3201//3170 3202//3169
f 3201//3170 3204//3171 3205//3173
f 3207//3174 3204//3171 3203//3175
f 3206//3176 3201//3170 3205//3173
f 3202//3169 3206//3176 3344//3177
f 3207//3174 3206//3176 3205//3173
f 3344//3177 3206//3176 3209//3178
f 2600//2572 2514//2484 2512//2482
f 3213//3179 2598//2569 3212//3180
f 3210//3181 2599//2570 3213//3179
f 3218//3182 2600//2572 3214//3183
f 3211//3184 2584//2561 3163//3141
f 3216//3185 2601//2573 3215//3186
f 3216//3185 3213//3179 3212//3180
f 3217//3187 3210//3181 3213//3179
f 3221//3188 3211//3184 3220//3189
f 3216//3185 3215//3186 3221//3188
f 3223//3190 3210//3181 3222//3191
f 3220//3189 3163//3141 3174//3153
f 3222//3191 3216//3185 3224//3192
f 3226//3193 3222//3191 3225//3194
f 3227//3195 3174//3153 3183//3154
f 3227//3195 3221//3188 3220//3189
f 3228//3196 3224//3192 3221//3188
f 3355//3197 3224//3192 3228//3196
f 3229//3198 3225//3194 3355//3197
f 3226//3193 3225//3194 3229//3198
f 3228//3196 3227//3195 3230//3199
f 3232//3200 3071//3047 3074//3050
f 3233//3201 3070//3049 3073//3048
f 3234//3202 3075//3051 3232//3200
f 3236//3203 3193//3165 3070//3049
f 3237//3204 3233//3201 3075//3051
f 3237//3204 3075//3051 3234//3202
f 3236//3203 3199//3172 3195//3164
f 3239//3205 3236//3203 3233//3201
f 3240//3206 3238//3207 3235//3208
f 3241//3209 3199//3172 3236//3203
f 3242//3210 3239//3205 3237//3204
f 3244//3211 3237//3204 3238//3207
f 3245//3212 3238//3207 3240//3206
f 3241//3209 3203//3175 3199//3172
f 3247//3213 3203//3175 3241//3209
f 3246//3214 3247//3213 3241//3209
f 3242//3210 3250//3215 3246//3214
f 3243//3216 3250//3215 3242//3210
f 3252//3217 3243//3216 3244//3211
f 3247//3213 3207//3174 3203//3175
f 3254//3218 3247//3213 3249//3219
f 3219//3220 2530//2500 3255//3221
f 3256//3222 3087//3223 3219//3220
f 3219//3220 3255//3221 3218//3182
f 3096//3064 3095//3063 3257//3224
f 3259//3225 3088//3226 3256//3222
f 3257//3224 3088//3226 3259//3225
f 3261//3227 3096//3064 3260//3228
f 3262//3229 3257//3224 3259//3225
f 3260//3228 3257//3224 3262//3229
f 3264//3230 3256//3222 3263//3231
f 3259//3225 3256//3222 3264//3230
f 3266//3232 3260//3228 3265//3233
f 3267//3234 3262//3229 3259//3225
f 3265//3233 3262//3229 3268//3235
f 3269//3236 3266//3232 3265//3233
f 3272//3237 3223//3190 3226//3193
f 3274//3238 3269//3236 3268//3235
f 3271//3239 3074//3050 3102//3075
f 3108//3240 3102//3075 3100//3074
f 3273//3241 3263//3231 3272//3237
f 3267//3234 3264//3230 3273//3241
f 3274//3238 3268//3235 3267//3234
f 3274//3238 3267//3234 3273//3241
f 3275//3242 3226//3193 3231//3243
f 3276//3244 3272//3237 3275//3242
f 3277//3245 3270//3246 3274//3238
f 3278//3247 3232//3200 3271//3239
f 3110//3081 3279//3248 3109//3082
f 3110//3081 3114//3085 3117//3090
f 3280//3249 3278//3247 3108//3240
f 3117//3090 3281//3250 3279//3248
f 3280//3249 3240//3206 3278//3247
f 3282//3251 3240//3206 3279//3248
f 3117//3090 3121//3094 3281//3250
f 3281//3250 3283//3252 3279//3248
f 3281//3250 3121//3094 3283//3252
f 3284//3253 3245//3212 3282//3251
f 3282//3251 3283//3252 3284//3253
f 3288//3254 3287//3255 3289//3256
f 3290//3257 3128//2598 3135//3111
f 3291//3258 3285//3259 3290//3257
f 3287//3255 3286//2600 3291//3258
f 3289//3256 3293//3260 3294//3261
f 3290//3257 3134//3110 3295//3262
f 3296//3263 3258//3115 3261//3227
f 3295//3262 3139//3116 3296//3263
f 3298//3264 3296//3263 3297//3265
f 3291//3258 3296//3263 3298//3264
f 3297//3265 3261//3227 3266//3232
f 3292//3266 3297//3265 3299//3267
f 3287//3255 3298//3264 3292//3266
f 3299//3267 3266//3232 3269//3236
f 3299//3267 3269//3236 3270//3246
f 3145//3268 2639//2612 3300//3269
f 2643//2618 2646//3270 3301//3271
f 3301//3271 2647//3272 2643//2618
f 3302//3273 2648//2623 2633//2616
f 3310//2622 3302//3273 2633//2616
f 3303//3274 2646//3270 2644//2620
f 3304//3275 2644//2620 2645//2621
f 3305//3276 3301//3271 2646//3270
f 2647//3272 3301//3271 3306//3277
f 3306//3277 3300//3269 2647//3272
f 3308//3278 3305//3276 3303//3274
f 3309//3279 3307//3280 3305//3276
f 3310//2622 2648//2623 3302//3273
f 3311//3281 3192//3282 3191//3163
f 3312//3283 3183//3154 3192//3282
f 3314//3284 3312//3283 3311//3281
f 3316//3285 3313//3286 3314//3284
f 3317//3287 3315//3288 3313//3286
f 3318//3289 3317//3287 3316//3285
f 3320//3290 3317//3287 3319//3291
f 3321//3292 3319//3291 3318//3289
f 3327//3293 3323//3294 3326//3295
f 3328//3296 3324//3297 3327//3293
f 3329//3298 3191//3163 3197//3161
f 3330//3299 3311//3281 3329//3298
f 3332//3300 3314//3284 3330//3299
f 3334//3301 3331//3302 3333//3303
f 3334//3301 3316//3285 3332//3300
f 3336//3304 3333//3303 3335//3305
f 3336//3304 3318//3289 3334//3301
f 3322//3306 3320//3290 3319//3291
f 3337//3307 3318//3289 3336//3304
f 3338//3308 3337//3307 3335//3305
f 3324//3297 3337//3307 3323//3294
f 3340//3309 3329//3298 3202//3169
f 3340//3309 3331//3302 3332//3300
f 3341//3310 3331//3302 3340//3309
f 3342//3311 3335//3305 3341//3310
f 3338//3308 3343//3312 3339//3313
f 3343//3312 3338//3308 3342//3311
f 3340//3309 3344//3177 3345//3314
f 3345//3314 3341//3310 3340//3309
f 3347//3315 3341//3310 3346//3316
f 3342//3311 3348//3317 3343//3312
f 3343//3312 3349//3318 3435//3319
f 3350//3320 3343//3312 3348//3317
f 3344//3177 3209//3178 3351//3321
f 3345//3314 3351//3321 3346//3316
f 3352//3322 3346//3316 3351//3321
f 3348//3317 3347//3315 3353//3323
f 3313//3286 3227//3195 3183//3154
f 3231//3243 3229//3198 3357//3324
f 3315//3288 3227//3195 3313//3286
f 3315//3288 3230//3199 3227//3195
f 3358//3325 3355//3197 3230//3199
f 3358//3325 3357//3324 3355//3197
f 3360//3326 3231//3243 3359//3327
f 3359//3327 3357//3324 3361//3328
f 3362//3329 3315//3288 3320//3290
f 3361//3328 3358//3325 3362//3329
f 3363//3330 3362//3329 3320//3290
f 3364//3331 3363//3330 3322//3306
f 3325//3332 3364//3331 3322//3306
f 3325//3332 3372//3333 3364//3331
f 3368//3334 3365//3335 3367//3336
f 3369//3337 3325//3332 3328//3296
f 3371//3338 3359//3327 3361//3328
f 3363//3330 3320//3290 3322//3306
f 3372//3333 3361//3328 3364//3331
f 3373//3339 3361//3328 3372//3333
f 3374//3340 3371//3338 3373//3339
f 3366//3341 3373//3339 3372//3333
f 3365//3335 3373//3339 3366//3341
f 2658//2633 3375//3342 2659//2632
f 3377//3343 3382//3344 3383//3345
f 3377//3343 3383//3345 3384//3346
f 3386//3347 3385//3348 3380//3349
f 3380//3349 3387//3350 3388//3351
f 3380//3349 3379//3352 3386//3347
f 3277//3245 3274//3238 3389//3353
f 3400//3354 3389//3353 3276//3244
f 3391//3355 3389//3353 3390//3356
f 3392//3357 3277//3245 3391//3355
f 3382//3344 3381//3358 3392//3357
f 3393//3359 3391//3355 3390//3356
f 3382//3344 3392//3357 3394//3360
f 3397//3361 3393//3359 3396//3362
f 3383//3345 3394//3360 3397//3361
f 3396//3362 3395//3363 3398//3364
f 3384//3346 3397//3361 3385//3348
f 3385//3348 3398//3364 3399//3365
f 3387//3350 3399//3365 3368//3334
f 3388//3351 3368//3334 3356//3366
f 3400//3354 3275//3242 3360//3326
f 3401//3367 3360//3326 3371//3338
f 3390//3356 3400//3354 3401//3367
f 3396//3362 3393//3359 3395//3363
f 3395//3363 3401//3367 3374//3340
f 3399//3365 3374//3340 3365//3335
f 3378//3368 2687//2662 2686//2661
f 2687//2662 3375//3342 2658//2633
f 3403//3369 3288//3254 3402//3370
f 3378//3368 2686//2661 3403//3369
f 3381//3358 3294//3261 3270//3246
f 3402//3370 3294//3261 3404//3371
f 3404//3371 3381//3358 3382//3344
f 3377//3343 3403//3369 3404//3371
f 3310//2622 2641//2615 2689//3372
f 3405//3373 3310//2622 2689//3372
f 3408//3374 3407//3375 3468//3376
f 3412//3377 3413//3378 3411//3379
f 3411//3379 3414//3380 3473//3381
f 3413//3378 3415//3382 3414//3380
f 3415//3382 3410//3383 3408//3374
f 3414//3380 3415//3382 3408//3374
f 3414//3380 3408//3374 3473//3381
f 3415//3382 3966//3384 3418//3385
f 3410//3383 3415//3382 3409//3386
f 3966//3384 3417//3387 3418//3385
f 3415//3382 3418//3385 3409//3386
f 3419//3388 3424//3389 3421//3390
f 3419//3388 2715//2685 2712//2684
f 2720//2690 3420//3391 3423//3392
f 2720//2690 2715//2685 3421//3390
f 2722//2764 3422//3393 2721//2763
f 2722//2764 2716//2689 3423//3392
f 3425//3394 3424//3389 3419//3388
f 3425//3394 3427//3395 3426//3396
f 3427//3395 3425//3394 2717//2687
f 3427//3395 2717//2687 2718//2710
f 3431//3397 3424//3389 3425//3394
f 3426//3396 3429//3398 3428//3399
f 3420//3391 3424//3389 3430//3400
f 3423//3392 3420//3391 3432//3401
f 3328//3296 3428//3399 3429//3398
f 3433//3402 3430//3400 3428//3399
f 3433//3402 3428//3399 3326//3295
f 3434//3403 3420//3391 3430//3400
f 3434//3403 3430//3400 3435//3319
f 3339//3313 3433//3402 3326//3295
f 3339//3313 3326//3295 3338//3308
f 3434//3403 3435//3319 3349//3318
f 3416//3404 3436//3405 3966//3384
f 2743//2712 2740//2734 3437//3406
f 2740//2734 2743//2712 2736//2708
f 2742//2713 2737//2711 2738//2705
f 3439//3407 3438//3408 3437//3406
f 3439//3407 3437//3406 2740//2734
f 2741//2709 3427//3395 2718//2710
f 2742//2713 3427//3395 2741//2709
f 3437//3406 2742//2713 2743//2712
f 3439//3407 3356//3366 3438//3408
f 3440//3409 3426//3396 3427//3395
f 3444//3410 3441//3411 3426//3396
f 3437//3406 3444//3410 3440//3409
f 3438//3408 3442//3412 3444//3410
f 3369//3337 3429//3398 3441//3411
f 3442//3412 3369//3337 3441//3411
f 3443//3413 3367//3336 3370//3414
f 3443//3413 3370//3414 3442//3412
f 3356//3366 3368//3334 3443//3413
f 2762//2732 3376//3415 3445//3416
f 2761//2733 2762//2732 3445//3416
f 3376//3415 3380//3349 3445//3416
f 3445//3416 3447//3417 3446//3418
f 3446//3418 2740//2734 2761//2733
f 3380//3349 3388//3351 3447//3417
f 3380//3349 3447//3417 3445//3416
f 3447//3417 3356//3366 3439//3407
f 3448//3419 3450//2735 2763//2771
f 3450//2735 2689//3372 2688//2205
f 3451//3420 3448//3419 3449//3421
f 3451//3420 3449//3421 3479//3422
f 3454//3423 3452//3424 3451//3420
f 3456//3425 3461//3426 3457//3427
f 3457//3427 3461//3426 3463//3428
f 3461//3426 3462//3429 3463//3428
f 3457//3427 3463//3428 3458//3430
f 3462//3429 3464//3431 4048//3432
f 3465//3433 3460//3434 3524//3435
f 3524//3435 3460//3434 3459//3436
f 3467//3437 3474//3438 3469//3439
f 3468//3376 3469//3439 3474//3438
f 3407//3375 3469//3439 3468//3376
f 3462//3429 3470//3440 3464//3431
f 2769//2737 3471//3441 2764//2740
f 3471//3441 3472//3442 2764//2740
f 3472//3442 3474//3438 3467//3437
f 3472//3442 3467//3437 3466//3443
f 3473//3381 3408//3374 3474//3438
f 3473//3381 3474//3438 3472//3442
f 2770//2744 3471//3441 2769//2737
f 2770//2744 3475//2746 3471//3441
f 3411//3379 3473//3381 3475//2746
f 3473//3381 3471//3441 3475//2746
f 3476//3444 2792//3445 2790//2773
f 3476//3444 2790//2773 2793//2776
f 3479//3422 3449//3421 2791//2775
f 3481//3446 2791//2775 2792//3445
f 3482//3447 2792//3445 3476//3444
f 3484//3448 3476//3444 3477//3449
f 3485//3450 3477//3449 3478//3451
f 3488//3452 3481//3446 3482//3447
f 3489//3453 3482//3447 3483//3454
f 3490//3455 3483//3454 3484//3448
f 3490//3455 3484//3448 3485//3450
f 3486//3456 3490//3455 3485//3450
f 3491//3457 3479//3422 3480//3458
f 3492//3459 3480//3458 3481//3446
f 3493//3460 3487//3461 3488//3452
f 3489//3453 3493//3460 3488//3452
f 3494//3462 3489//3453 3490//3455
f 3495//3463 3494//3462 3490//3455
f 3496//3464 3491//3457 3492//3459
f 3497//3465 3492//3459 3487//3461
f 3497//3465 3487//3461 3493//3460
f 3494//3462 3497//3465 3493//3460
f 3495//3463 3498//3466 3494//3462
f 3500//3467 3451//3420 3491//3457
f 3501//3468 3491//3457 3496//3464
f 3502//3469 3496//3464 3497//3465
f 3498//3466 3502//3469 3497//3465
f 3503//3470 3500//3467 3501//3468
f 3504//3471 3501//3468 3502//3469
f 3498//3466 3504//3471 3502//3469
f 3499//3472 3505//3473 3498//3466
f 3507//3474 3453//3475 3500//3467
f 3508//3476 3503//3470 3504//3471
f 3505//3473 3508//3476 3504//3471
f 3511//3477 3495//3463 3486//3456
f 3510//3478 3513//3479 3512//3480
f 3515//3481 3514//3482 3513//3479
f 3516//3483 3499//3472 3511//3477
f 3518//3484 3519//3485 3499//3472
f 3517//3486 3455//3487 3520//3488
f 3520//3488 3519//3485 3518//3484
f 3517//3486 3520//3488 3518//3484
f 2799//2782 3521//3489 3509//3490
f 3509//3490 3513//3479 3510//3478
f 3509//3490 3521//3489 3513//3479
f 3456//3425 3515//3481 3522//3491
f 3456//3425 3457//3427 3517//3486
f 3517//3486 3457//3427 3455//3487
f 3459//3436 3522//3491 3523//3492
f 3459//3436 3523//3492 2799//2782
f 2802//2738 3465//3433 3524//3435
f 2826//2805 3526//3493 3527//3494
f 2823//2823 3527//3494 3528//3495
f 2828//2804 3529//3496 3530//3497
f 2826//2805 3530//3497 3526//3493
f 2827//2803 3525//3498 3529//3496
f 3527//3494 3531//3499 3532//3500
f 3530//3497 3533//3501 3534//3502
f 3526//3493 3534//3502 3531//3499
f 3531//3499 3527//3494 3526//3493
f 3529//3496 3525//3498 3533//3501
f 3533//3501 3530//3497 3529//3496
f 3531//3499 3536//3503 3537//3504
f 3531//3499 3535//3505 3532//3500
f 3533//3501 3538//3506 3536//3503
f 3533//3501 3536//3503 3534//3502
f 3541//3507 3539//3508 3540//3509
f 3542//3510 3541//3507 3543//3511
f 3544//3512 3542//3510 3543//3511
f 2847//2827 3528//3495 3545//3513
f 2847//2827 3545//3513 3546//3514
f 2848//2828 3546//3514 3547//3515
f 3528//3495 3532//3500 3548//3516
f 3546//3514 3549//3517 3550//3518
f 3548//3516 3535//3505 3551//3519
f 3548//3516 3551//3519 3552//3520
f 3550//3518 3553//3521 3554//3522
f 3551//3519 3535//3505 3555//3523
f 3552//3520 3555//3523 3556//3524
f 3549//3517 3556//3524 3553//3521
f 3539//3508 3555//3523 3535//3505
f 3554//3522 3557//3525 3558//3526
f 3556//3524 3555//3523 3559//3527
f 3553//3521 3559//3527 3557//3525
f 3555//3523 3542//3510 3560//3528
f 3560//3528 3559//3527 3555//3523
f 3544//3512 3560//3528 3542//3510
f 3562//3529 3559//3527 3561//3530
f 3558//3526 3562//3529 3563//3531
f 3560//3528 3544//3512 3561//3530
f 3565//3532 3561//3530 3544//3512
f 3563//3531 3564//3533 3566//3534
f 3565//3532 3567//3535 3568//3536
f 3568//3536 3564//3533 3565//3532
f 2861//2840 2848//2828 3572//3537
f 2862//2841 3572//3537 3573//3538
f 2863//2842 2862//2841 3574//3539
f 2866//3540 2863//2842 3574//3539
f 2864//2843 2866//3540 2867//2845
f 3574//3539 3573//3538 3576//3541
f 3574//3539 3576//3541 3579//3542
f 2867//2845 3577//3543 3578//3544
f 3547//3515 3554//3522 3580//3545
f 3573//3538 3580//3545 3581//3546
f 3576//3541 3581//3546 3582//3547
f 3585//3548 3578//3544 3583//3549
f 3584//3550 3578//3544 3585//3548
f 3581//3546 3586//3551 3587//3552
f 3588//3553 3581//3546 3587//3552
f 3587//3552 3586//3551 3563//3531
f 3583//3549 3579//3542 3589//3554
f 3590//3555 3583//3549 3589//3554
f 3591//3556 3583//3549 3590//3555
f 3585//3548 3591//3556 3592//3557
f 3566//3534 3593//3558 3587//3552
f 3594//3559 3588//3553 3593//3558
f 3566//3534 3595//3560 3597//3561
f 3598//3562 3566//3534 3597//3561
f 3595//3560 3564//3533 3569//3563
f 3599//3564 3597//3561 3595//3560
f 3600//3565 3598//3562 3597//3561
f 3589//3554 3598//3562 3601//3566
f 3602//3567 3589//3554 3601//3566
f 3603//3568 3590//3555 3602//3567
f 3571//3569 3595//3560 3569//3563
f 3604//3570 3602//3567 3601//3566
f 3606//3571 2873//2850 3761//3572
f 2873//2850 3606//3571 2874//2862
f 3607//3573 3761//3572 3763//3574
f 3608//3575 3607//3573 3609//3576
f 3608//3575 3609//3576 3610//3577
f 3610//3577 3609//3576 3605//3578
f 3612//3579 2885//2859 3611//3580
f 2886//2861 2874//2862 3606//3571
f 3613//3581 3612//3579 3614//3582
f 3616//3583 3611//3580 3615//3584
f 3614//3582 3611//3580 3616//3583
f 2887//2860 3615//3584 3611//3580
f 2887//2860 2886//2861 3619//3585
f 3615//3584 2887//2860 3619//3585
f 3620//3586 3607//3573 3608//3575
f 3613//3581 2884//2877 3612//3579
f 2901//2878 2904//2880 3621//3587
f 3622//3588 2905//2881 3621//3587
f 2904//2880 3623//3589 3624//3590
f 3623//3589 3613//3581 3617//3591
f 3621//3587 3624//3590 3626//3592
f 3625//3593 3621//3587 3626//3592
f 3626//3592 3624//3590 3629//3594
f 3623//3589 3617//3591 3628//3595
f 3630//3596 3626//3592 3632//3597
f 3627//3598 3625//3593 3630//3596
f 3629//3594 3623//3589 3631//3599
f 3632//3597 3629//3594 3633//3600
f 3630//3596 3632//3597 3636//3601
f 3635//3602 3617//3591 4161//3603
f 3628//3595 3617//3591 3635//3602
f 3636//3601 3633//3600 4169//3604
f 2811//2806 3637//3605 3525//3498
f 3638//3606 2957//2930 2959//2931
f 2958//2933 3639//3607 3638//3606
f 2958//2933 3638//3606 2959//2931
f 3640//3608 2902//2928 3622//3588
f 3641//3609 2955//2927 3640//3608
f 2960//2935 3641//3609 3639//3607
f 3637//3605 3643//3610 3642//3611
f 3638//3606 3644//3612 3645//3613
f 3645//3613 3642//3611 3643//3610
f 3647//3614 3640//3608 3646//3615
f 3648//3616 3641//3609 3647//3614
f 3639//3607 3648//3616 3644//3612
f 3642//3611 3650//3617 3649//3618
f 3651//3619 3622//3588 3625//3593
f 3644//3612 3648//3616 3645//3613
f 3653//3620 3645//3613 3652//3621
f 3646//3615 3651//3619 3654//3622
f 3655//3623 3646//3615 3654//3622
f 3656//3624 3647//3614 3655//3623
f 3657//3625 3651//3619 3627//3598
f 3658//3626 3654//3622 3657//3625
f 3659//3627 3655//3623 3658//3626
f 3660//3628 3656//3624 3659//3627
f 3661//3629 3652//3621 3660//3628
f 3662//3630 3658//3626 3657//3625
f 3664//3631 3658//3626 3663//3632
f 3660//3628 3659//3627 3664//3631
f 3662//3630 3627//3598 3666//3633
f 3667//3634 3663//3632 3662//3630
f 3668//3635 3660//3628 3665//3636
f 3669//3637 3661//3629 3668//3635
f 3665//3636 3667//3634 3670//3638
f 3672//3639 3670//3638 3671//3640
f 3675//3641 3668//3635 3672//3639
f 3673//3642 3662//3630 3666//3633
f 3674//3643 3667//3634 3673//3642
f 3676//3644 3627//3598 3634//3645
f 3666//3633 3627//3598 3676//3644
f 3677//3646 3673//3642 3666//3633
f 3677//3646 3678//3647 3679//3648
f 3538//3506 3525//3498 3642//3611
f 3538//3506 3533//3501 3525//3498
f 3538//3506 3649//3618 3680//3649
f 3681//3650 3649//3618 3650//3617
f 3680//3649 3540//3509 3536//3503
f 3682//3651 3540//3509 3680//3649
f 3683//3652 3680//3649 3681//3650
f 3685//3653 3680//3649 3683//3652
f 3684//3654 3681//3650 3653//3620
f 3682//3651 3541//3507 3540//3509
f 3688//3655 3541//3507 3682//3651
f 3686//3656 3682//3651 3685//3653
f 3688//3655 3682//3651 3686//3656
f 3689//3657 3688//3655 3686//3656
f 3690//3658 3686//3656 3687//3659
f 3691//3660 3687//3659 3684//3654
f 3690//3658 3687//3659 3691//3660
f 3692//3661 3684//3654 3669//3637
f 3693//3662 3669//3637 3675//3641
f 3695//3663 3689//3657 3690//3658
f 3696//3664 3690//3658 3691//3660
f 3698//3665 3695//3663 3696//3664
f 3694//3666 3543//3511 3688//3655
f 3567//3535 3544//3512 3694//3666
f 3702//3667 3567//3535 3694//3666
f 3703//3668 3694//3666 3689//3657
f 3704//3669 3689//3657 3695//3663
f 3708//3670 3703//3668 3704//3669
f 3709//3671 3703//3668 3708//3670
f 3710//3672 3704//3669 3695//3663
f 3712//3673 3695//3663 3698//3665
f 3710//3672 3695//3663 3712//3673
f 3753//3674 3711//3675 3714//3676
f 3706//3677 3705//3678 3753//3674
f 3718//3679 2865//2844 3575//3680
f 3719//3681 2996//2972 3718//3679
f 3720//3682 3005//2980 3719//3681
f 3721//3683 3005//2980 3720//3682
f 3722//3684 3000//2977 2993//2966
f 3722//3684 3004//2978 3000//2977
f 3004//2978 3728//3685 3008//2985
f 3718//3679 3575//3680 3578//3544
f 3724//3686 3719//3681 3723//3687
f 3721//3683 3725//3688 3006//2981
f 3726//3689 3720//3682 3724//3686
f 3727//3690 3006//2981 3725//3688
f 3727//3690 3728//3685 3722//3684
f 3726//3689 3734//3691 3725//3688
f 3726//3689 3724//3686 3733//3692
f 3728//3685 3727//3690 3735//3693
f 3735//3693 3729//3694 3008//2985
f 3732//3695 3718//3679 3584//3550
f 3733//3692 3723//3687 3736//3696
f 3727//3690 3734//3691 3738//3697
f 3729//3694 3735//3693 3739//3698
f 3735//3693 3738//3697 3742//3699
f 3732//3695 3592//3557 3743//3700
f 3740//3701 3743//3700 3745//3702
f 3740//3701 3736//3696 3743//3700
f 3744//3703 3737//3704 3745//3702
f 3738//3697 3746//3705 3742//3699
f 3705//3678 3699//3706 3739//3698
f 3699//3706 3705//3678 3700//3707
f 3743//3700 3596//3708 3747//3709
f 3748//3710 3743//3700 3747//3709
f 3745//3702 3743//3700 3748//3710
f 3749//3711 3739//3698 3742//3699
f 3750//3712 3596//3708 3602//3567
f 3745//3702 3752//3713 3744//3703
f 3749//3711 3752//3713 3754//3714
f 3753//3674 3705//3678 3749//3711
f 3749//3711 3754//3714 3753//3674
f 3756//3715 3017//2993 3865//3716
f 3867//3717 3758//3718 3757//3719
f 3756//3715 3762//3720 3022//3002
f 3762//3720 3756//3715 3757//3719
f 3763//3574 3761//3572 3764//3721
f 3762//3720 3764//3721 3761//3572
f 3765//3722 3757//3719 3759//3723
f 3609//3576 3763//3574 3764//3721
f 3609//3576 3764//3721 3766//3724
f 3765//3722 3766//3724 3764//3721
f 3766//3724 3765//3722 3768//3725
f 3760//3726 3768//3725 3765//3722
f 3769//3727 3671//3640 3674//3643
f 3771//3728 3672//3639 3671//3640
f 3773//3729 3672//3639 3772//3730
f 3775//3731 3771//3728 3774//3732
f 3773//3729 3772//3730 3775//3731
f 3776//3733 3775//3731 3777//3734
f 3769//3727 3677//3646 3778//3735
f 3779//3736 3769//3727 3778//3735
f 3774//3732 3779//3736 3780//3737
f 3775//3731 3774//3732 3781//3738
f 3783//3739 3777//3734 3781//3738
f 3785//3740 3777//3734 3784//3741
f 3784//3741 3783//3739 3786//3742
f 3779//3736 3778//3735 3787//3743
f 3788//3744 3780//3737 3787//3743
f 3786//3742 3788//3744 3789//3745
f 3790//3746 3675//3641 3770//3747
f 3791//3748 3770//3747 3773//3729
f 3794//3749 3693//3662 3790//3746
f 3790//3746 3791//3748 3796//3750
f 3798//3751 3794//3749 3797//3752
f 3776//3733 3791//3748 3773//3729
f 3796//3750 3791//3748 3782//3753
f 3799//3754 3797//3752 3790//3746
f 3801//3755 3797//3752 3800//3756
f 3802//3757 3797//3752 3801//3755
f 3799//3754 3796//3750 3803//3758
f 3804//3759 3802//3757 3801//3755
f 3809//3760 3782//3753 3785//3740
f 3803//3758 3782//3753 3809//3760
f 3804//3759 3806//3761 3811//3762
f 3808//3763 3805//3764 3804//3759
f 3813//3765 3803//3758 3809//3760
f 3814//3766 3810//3767 3813//3765
f 3814//3766 3804//3759 3811//3762
f 3816//3768 3804//3759 3815//3769
f 3812//3770 3808//3763 3816//3768
f 3793//3771 3816//3768 3792//3772
f 3817//3773 3698//3665 3795//3774
f 3817//3773 3795//3774 3798//3751
f 3818//3775 3817//3773 3802//3757
f 3807//3776 3818//3775 3802//3757
f 3806//3761 3800//3756 3811//3762
f 3804//3759 3801//3755 3806//3761
f 3811//3762 3819//3777 3810//3767
f 3118//3091 3820//3778 3115//3087
f 3115//3087 3821//3779 3116//3089
f 3821//3779 3115//3087 3820//3778
f 3119//3092 3116//3089 3821//3779
f 3119//3092 3822//3780 3120//3093
f 3822//3780 3119//3092 3821//3779
f 3820//3778 3826//3781 3821//3779
f 3821//3779 3827//3782 3822//3780
f 3822//3780 3827//3782 3824//3783
f 3823//3784 3828//3785 3829//3786
f 3820//3778 3829//3786 3826//3781
f 3830//3787 3826//3781 3829//3786
f 3826//3781 3830//3787 3827//3782
f 3831//3788 3827//3782 3830//3787
f 3828//3785 3825//3789 3699//3706
f 3835//3790 3828//3785 3699//3706
f 3835//3790 3699//3706 3700//3707
f 3833//3791 3832//3792 3836//3793
f 3833//3791 3837//3794 3838//3795
f 3839//3796 3833//3791 3838//3795
f 3700//3707 3706//3677 3841//3797
f 3835//3790 3841//3797 3836//3793
f 3842//3798 3836//3793 3841//3797
f 3837//3794 3836//3793 3842//3798
f 3845//3799 3808//3763 3812//3770
f 3843//3800 3844//3801 3846//3802
f 3846//3802 3845//3799 3793//3771
f 3846//3802 3793//3771 3840//3803
f 3717//3804 3716//3805 3848//3806
f 3706//3677 3713//3807 3849//3808
f 3850//3809 3712//3673 3817//3773
f 3851//3810 3712//3673 3850//3809
f 3851//3810 3847//3811 3715//3812
f 3848//3806 3847//3811 3852//3813
f 3849//3808 3717//3804 3853//3814
f 3849//3808 3842//3798 3841//3797
f 3853//3814 3837//3794 3842//3798
f 3854//3815 3817//3773 3818//3775
f 3855//3816 3850//3809 3854//3815
f 3844//3801 3851//3810 3855//3816
f 3843//3800 3852//3813 3844//3801
f 3843//3800 3837//3794 3853//3814
f 3854//3815 3818//3775 3808//3763
f 3855//3816 3845//3799 3844//3801
f 3730//3817 3144//3120 3009//2982
f 3118//3091 3730//3817 3823//3784
f 3730//3817 3825//3789 3823//3784
f 3856//3127 3146//3121 3149//3818
f 3858//3819 3149//3818 3148//3820
f 3149//3818 3860//3821 3856//3127
f 3865//3716 3155//2995 3154//3126
f 3865//3716 3154//3126 3866//3822
f 3866//3822 3154//3126 3856//3127
f 3758//3718 3867//3717 3868//3823
f 3868//3823 3856//3127 3860//3821
f 3208//3824 3870//3825 3206//3176
f 3871//3826 3206//3176 3870//3825
f 3870//3825 3873//3827 3871//3826
f 3874//3828 3208//3824 3872//3829
f 3874//3828 3879//3830 3873//3827
f 3874//3828 3877//3831 3876//3832
f 3878//3833 3873//3827 3879//3830
f 3880//3834 3876//3832 3877//3831
f 3879//3830 3876//3832 3881//3835
f 3884//3836 3876//3832 3880//3834
f 3891//3837 3888//3838 3890//3839
f 3883//3840 3889//3841 3891//3837
f 3885//3842 3890//3839 3892//3843
f 3885//3842 3884//3836 3891//3837
f 3882//3844 3878//3833 3892//3843
f 3894//3845 3784//3741 3893//3846
f 3895//3847 3785//3740 3894//3845
f 3894//3845 3893//3846 3896//3848
f 3886//3849 3896//3848 3898//3850
f 3888//3838 3898//3850 3899//3851
f 3889//3841 3886//3849 3888//3838
f 3890//3839 3899//3851 3900//3852
f 3893//3846 3786//3742 3789//3745
f 3896//3848 3789//3745 3902//3853
f 3900//3852 3899//3851 4462//3854
f 3892//3843 3903//3855 3882//3844
f 3251//3856 3904//3857 3250//3215
f 3904//3857 3907//3858 3249//3219
f 3908//3859 3904//3857 3251//3856
f 3908//3859 3251//3856 3252//3217
f 3906//3860 3252//3217 3248//3861
f 3254//3218 3872//3829 3905//3862
f 3905//3862 3872//3829 3208//3824
f 3911//3863 3907//3858 3908//3859
f 3912//3864 3872//3829 3907//3858
f 3907//3858 3911//3863 3912//3864
f 3915//3865 3912//3864 3911//3863
f 3916//3866 3911//3863 3909//3867
f 3880//3834 3877//3831 3912//3864
f 3919//3868 3915//3865 3916//3866
f 3917//3869 3921//3870 3922//3871
f 3915//3865 3921//3870 3917//3869
f 3922//3871 3883//3840 3884//3836
f 3926//3872 3925//3873 3924//3874
f 3920//3875 3924//3874 3919//3868
f 3914//3876 3926//3872 3920//3875
f 3927//3877 3923//3878 3887//3879
f 3919//3868 3924//3874 3927//3877
f 3919//3868 3927//3877 3921//3870
f 3921//3870 3887//3879 3889//3841
f 3921//3870 3883//3840 3922//3871
f 3928//3880 3809//3760 3895//3847
f 3814//3766 3813//3765 3928//3880
f 3924//3874 3928//3880 3923//3878
f 3925//3873 3814//3766 3924//3874
f 3792//3772 3815//3769 3925//3873
f 3918//3881 3792//3772 3926//3872
f 3923//3878 3895//3847 3897//3882
f 3923//3878 3897//3882 3886//3849
f 3929//3883 3121//3094 3822//3780
f 3929//3883 3283//3252 3121//3094
f 3284//3253 3930//3884 3931//3885
f 3932//3886 3930//3884 3929//3883
f 3932//3886 3929//3883 3824//3783
f 3933//3887 3248//3861 3931//3885
f 3931//3885 3930//3884 3933//3887
f 3824//3783 3934//3888 3932//3886
f 3934//3888 3824//3783 3827//3782
f 3935//3889 3906//3860 3933//3887
f 3933//3887 3936//3890 3935//3889
f 3935//3889 3914//3876 3910//3891
f 3938//3892 3918//3881 3914//3876
f 3940//3893 3939//3894 3938//3892
f 3940//3893 3938//3892 3936//3890
f 3939//3894 3793//3771 3918//3881
f 3840//3803 3793//3771 3939//3894
f 3840//3803 3939//3894 3940//3893
f 3300//3269 3306//3277 3857//3895
f 3943//3896 3304//3275 2648//2623
f 3941//3897 3306//3277 3307//3280
f 3942//3898 3309//3279 3308//3278
f 3943//3896 3308//3278 3304//3275
f 3944//3899 3857//3895 3306//3277
f 3945//3900 3941//3897 3309//3279
f 3946//3901 3943//3896 3310//2622
f 3947//3902 3862//3903 3944//3899
f 3949//3904 3942//3898 3943//3896
f 3950//3905 3947//3902 3941//3897
f 3954//3906 3952//3907 3969//3908
f 3955//3909 3953//3910 3952//3907
f 3957//3911 3955//3909 3954//3906
f 3959//3912 3956//3913 3955//3909
f 3959//3912 3955//3909 3957//3911
f 4001//3914 3998//3915 3956//3913
f 3960//3916 3957//3911 3958//3917
f 3961//3918 3959//3912 3957//3911
f 3963//3919 3351//3321 3962//3920
f 3964//3921 3351//3321 3963//3919
f 3348//3317 3965//3922 3350//3320
f 3965//3922 3354//3923 3349//3318
f 3875//3924 3871//3826 3873//3827
f 3962//3920 3209//3178 3875//3924
f 3353//3323 3965//3922 3348//3317
f 3969//3908 3417//3387 3966//3384
f 3962//3920 3971//3925 3963//3919
f 3967//3926 3963//3919 3971//3925
f 3970//3927 3875//3924 3882//3844
f 3954//3906 3969//3908 3965//3922
f 3971//3925 3974//3928 3967//3926
f 3972//3929 3967//3926 3974//3928
f 3972//3929 3958//3917 3973//3930
f 3958//3917 3954//3906 3973//3930
f 3975//3931 3882//3844 3903//3855
f 3971//3925 3976//3932 3974//3928
f 3958//3917 3977//3933 3960//3916
f 3978//3934 3406//3935 3405//3373
f 3978//3934 3946//3901 3406//3935
f 4051//3936 3983//3937 3984//3938
f 3986//3939 3981//3940 3984//3938
f 4050//3941 3987//3942 3983//3937
f 3987//3942 4050//3941 3470//3440
f 3989//3943 3983//3937 3987//3942
f 3989//3943 3999//3944 3990//3945
f 3983//3937 3991//3946 3984//3938
f 3983//3937 3989//3943 3991//3946
f 3992//3947 3990//3945 4000//3948
f 3992//3947 4000//3948 4002//3949
f 3993//3950 3990//3945 3992//3947
f 3993//3950 3985//3951 3990//3945
f 3995//3952 3994//3953 3409//3386
f 3995//3952 3997//3954 3996//3955
f 3996//3955 3988//3956 3994//3953
f 3996//3955 3994//3953 3995//3952
f 3988//3956 3987//3942 3994//3953
f 3996//3955 3997//3954 3999//3944
f 3988//3956 3999//3944 3989//3943
f 4000//3948 3998//3915 4001//3914
f 3951//3957 4000//3948 4001//3914
f 3418//3385 3417//3387 4003//3958
f 3418//3385 4003//3958 3995//3952
f 3409//3386 3418//3385 3995//3952
f 4003//3958 3953//3910 3997//3954
f 3998//3915 3953//3910 3956//3913
f 4004//3959 3405//3373 3450//2735
f 4006//3960 3454//3423 3453//3475
f 4009//3961 4005//3962 3454//3423
f 4016//3963 4004//3959 4005//3962
f 4014//3964 4009//3961 4006//3960
f 4014//3964 4006//3960 4007//3965
f 4015//3966 4007//3965 4052//3967
f 4010//3968 4015//3966 4052//3967
f 4017//3969 4012//3970 4009//3961
f 4018//3971 4013//3972 4014//3964
f 4015//3966 4018//3971 4014//3964
f 4010//3968 4022//3973 4015//3966
f 4011//3974 4019//3975 4010//3968
f 4021//3976 3979//3977 4004//3959
f 4025//3978 4017//3969 4013//3972
f 4018//3971 4025//3978 4013//3972
f 4023//3979 4021//3976 4016//3963
f 4024//3980 4023//3979 4012//3970
f 4017//3969 4024//3980 4012//3970
f 4026//3981 4025//3978 4022//3973
f 4019//3975 4026//3981 4022//3973
f 4032//3982 4024//3980 4025//3978
f 4026//3981 4032//3982 4025//3978
f 4031//3983 4028//3984 4023//3979
f 4026//3981 4030//3985 4033//3986
f 4034//3987 3520//3488 3455//3487
f 4034//3987 4044//3988 4035//3989
f 4035//3989 4036//3990 4037//3991
f 4036//3990 4035//3989 4044//3988
f 4020//3992 4011//3974 4037//3991
f 4038//3993 4039//3994 4040//3995
f 4038//3993 4037//3991 4036//3990
f 4020//3992 4042//3996 4027//3997
f 4041//3998 4040//3995 4039//3994
f 3455//3487 4044//3988 4034//3987
f 4044//3988 4045//3999 4036//3990
f 4046//4000 4045//3999 4044//3988
f 4039//3994 4036//3990 4045//3999
f 3981//3940 4041//3998 4039//3994
f 3982//4001 4041//3998 3981//3940
f 3462//3429 4048//3432 3463//3428
f 3458//3430 4049//4002 4044//3988
f 4046//4000 4044//3988 4049//4002
f 4051//3936 4046//4000 4050//3941
f 4045//3999 4051//3936 4047//4003
f 3464//3431 3470//3440 4050//3941
f 4050//3941 4048//3432 3464//3431
f 4008//4004 3453//3475 3507//3474
f 4052//3967 3507//3474 3503//3470
f 3508//3476 4052//3967 3503//3470
f 3506//4005 4010//3968 3505//3473
f 3519//3485 4011//3974 3506//4005
f 4054//4006 4057//4007 4058//4008
f 4054//4006 4055//4009 4059//4010
f 4056//4011 4057//4007 4062//4012
f 4060//4013 4062//4012 4066//4014
f 4065//4015 4063//4016 4053//4017
f 4065//4015 4057//4007 4059//4010
f 4071//4018 4068//4019 4069//4020
f 4073//4021 4070//4022 4071//4018
f 4069//4020 4068//4019 4076//4023
f 4068//4019 4075//4024 4076//4023
f 4055//4009 4054//4006 4072//4025
f 4072//4025 4054//4006 4070//4022
f 4078//4026 4076//4023 4080//4027
f 4078//4026 4079//4028 4074//4029
f 4074//4029 4076//4023 4078//4026
f 4058//4008 4080//4027 4075//4024
f 4054//4006 4058//4008 4075//4024
f 4081//4030 4078//4026 4077//4031
f 4064//4032 4056//4011 4061//4033
f 4077//4031 4080//4027 4064//4032
f 4081//4030 4083//4034 4084//4035
f 4081//4030 4084//4035 4082//4036
f 4106//4037 4081//4030 4082//4036
f 4087//4038 4085//4039 4088//4040
f 4089//4041 4087//4038 4090//4042
f 4094//4043 4091//4044 4092//4045
f 4085//4039 4093//4046 4094//4043
f 4086//4047 4067//4048 4095//4049
f 4098//4050 4097//4051 4091//4044
f 4091//4044 4093//4046 4098//4050
f 4093//4046 4069//4020 4098//4050
f 4067//4048 4071//4018 4093//4046
f 4102//4052 4096//4053 4101//4054
f 4102//4052 4099//4055 4127//4056
f 4127//4056 4097//4051 4102//4052
f 4069//4020 4101//4054 4096//4053
f 4104//4057 4099//4055 4103//4058
f 4105//4059 4074//4029 4079//4028
f 4099//4055 4101//4054 4105//4059
f 4108//4060 4103//4058 4110//4061
f 4109//4062 4103//4058 4108//4060
f 4107//4063 4079//4028 4081//4030
f 4107//4063 4110//4061 4103//4058
f 4103//4058 4099//4055 4107//4063
f 4112//4064 4108//4060 4111//4065
f 4088//4040 4114//4066 4116//4067
f 4117//4068 4114//4066 4115//4069
f 4090//4042 4088//4040 4113//4070
f 4120//4071 4117//4068 4118//4072
f 4123//4073 4085//4039 4094//4043
f 4114//4066 4123//4073 4122//4074
f 4118//4072 4124//4075 4125//4076
f 4127//4056 4092//4045 4097//4051
f 4121//4077 4127//4056 4128//4078
f 4122//4074 4128//4078 4129//4079
f 4115//4069 4122//4074 4130//4080
f 4132//4081 4125//4076 4131//4082
f 4127//4056 4100//4083 4128//4078
f 4129//4079 4128//4078 4133//4084
f 4134//4085 4129//4079 4133//4084
f 4136//4086 4124//4075 4135//4087
f 4137//4088 4131//4082 4136//4086
f 4100//4083 4104//4057 4138//4089
f 4133//4084 4138//4089 4139//4090
f 4130//4080 4139//4090 4140//4091
f 4141//4092 4130//4080 4140//4091
f 4142//4093 4135//4087 4141//4092
f 4143//4094 4136//4086 4142//4093
f 4137//4088 4136//4086 4143//4094
f 4144//4095 4104//4057 4109//4062
f 4144//4095 4109//4062 4112//4064
f 4145//4096 4139//4090 4147//4097
f 4142//4093 4141//4092 4148//4098
f 4143//4094 4148//4098 4146//4099
f 4155//4100 4353//4101 4150//4102
f 4152//4103 3608//3575 3610//3577
f 4152//4103 3610//3577 4153//4104
f 4153//4104 3610//3577 4154//4105
f 4154//4105 3605//3578 4155//4100
f 3605//3578 4154//4105 3610//3577
f 4155//4100 3605//3578 4149//4106
f 4154//4105 4156//4107 4153//4104
f 4157//4108 4158//4109 4152//4103
f 4156//4107 4154//4105 4159//4110
f 4155//4100 4159//4110 4154//4105
f 4158//4109 4157//4108 4680//4111
f 3616//3583 3615//3584 4160//4112
f 4160//4112 3615//3584 4163//4113
f 3619//3585 3620//3586 4162//4114
f 3608//3575 4162//4114 3620//3586
f 4161//3603 3616//3583 4160//4112
f 4162//4114 3608//3575 4152//4103
f 4163//4113 3619//3585 4162//4114
f 4160//4112 4163//4113 4164//4115
f 4162//4114 4152//4103 4158//4109
f 4164//4115 4163//4113 4166//4116
f 4162//4114 4166//4116 4163//4113
f 4165//4117 4160//4112 4690//4118
f 4171//4119 3630//3596 4170//4120
f 4169//3604 3631//3599 4172//4121
f 4170//4120 3636//3601 4173//4122
f 4212//4123 4171//4119 4176//4124
f 3635//3602 4161//3603 4165//4117
f 4172//4121 3628//3595 4174//4125
f 4176//4124 4170//4120 4175//4126
f 4174//4125 3635//3602 4168//4127
f 4173//4122 4169//3604 4178//4128
f 4175//4126 4173//4122 4179//4129
f 4175//4126 4181//4130 4182//4131
f 4176//4124 4182//4131 4183//4132
f 4177//4133 4183//4132 4184//4134
f 4185//4135 4177//4133 4184//4134
f 4186//4136 4180//4137 4185//4135
f 4179//4129 4178//4128 4190//4138
f 4181//4130 4190//4138 4191//4139
f 4192//4140 4188//4141 4189//4142
f 4193//4143 4191//4139 4192//4140
f 4182//4131 4191//4139 4193//4143
f 4183//4132 4193//4143 4194//4144
f 4196//4145 4183//4132 4194//4144
f 4197//4146 4194//4144 4195//4147
f 4184//4134 4196//4145 4197//4146
f 4198//4148 4184//4134 4197//4146
f 4199//4149 4185//4135 4198//4148
f 4174//4125 4168//4127 4203//4150
f 4172//4121 4203//4150 4190//4138
f 4205//4151 4201//4152 4202//4153
f 4189//4142 4205//4151 4187//4154
f 4190//4138 4204//4155 4206//4156
f 4191//4139 4206//4156 4188//4141
f 4188//4141 4204//4155 4205//4151
f 4202//4153 4201//4152 4208//4157
f 4203//4150 4168//4127 4209//4158
f 4190//4138 4209//4158 4210//4159
f 4204//4155 4210//4159 4211//4160
f 4204//4155 4211//4160 4201//4152
f 4212//4123 3676//3644 4171//4119
f 3678//3647 4212//4123 4213//4161
f 4213//4161 4214//4162 4215//4163
f 4215//4163 4214//4162 4216//4164
f 4214//4162 4180//4137 4220//4165
f 4222//4166 4221//4167 4217//4168
f 4224//4169 4233//4170 4222//4166
f 4225//4171 4218//4172 4219//4173
f 4225//4171 4219//4173 4226//4174
f 4228//4175 4235//4176 4225//4171
f 4228//4175 4227//4177 4229//4178
f 4233//4170 4230//4179 4231//4180
f 4233//4170 4231//4180 4221//4167
f 4189//4142 4187//4154 4232//4181
f 4189//4142 4233//4170 4223//4182
f 4234//4183 4189//4142 4223//4182
f 4195//4147 4192//4140 4234//4183
f 4236//4184 4197//4146 4195//4147
f 4236//4184 4235//4176 4228//4175
f 4229//4178 4237//4185 4228//4175
f 4230//4179 4063//4016 4059//4010
f 4230//4179 4059//4010 4231//4180
f 4232//4181 4200//4186 4063//4016
f 4187//4154 4202//4153 4232//4181
f 4232//4181 4063//4016 4230//4179
f 4241//4187 4238//4188 4239//4189
f 4243//4190 4240//4191 4241//4187
f 4244//4192 4243//4190 4245//4193
f 4247//4194 4072//4025 4073//4021
f 4248//4195 4217//4168 4247//4194
f 4240//4191 4247//4194 4238//4188
f 4219//4173 4218//4172 4249//4196
f 4249//4196 4248//4195 4250//4197
f 4250//4197 4240//4191 4242//4198
f 4252//4199 4249//4196 4253//4200
f 4253//4200 4249//4196 4254//4201
f 4250//4197 4242//4198 4244//4192
f 4254//4201 4250//4197 4244//4192
f 4217//4168 4055//4009 4072//4025
f 4226//4174 4219//4173 4251//4202
f 4227//4177 4251//4202 4257//4203
f 4257//4203 4251//4202 4252//4199
f 4257//4203 4252//4199 4258//4204
f 4229//4178 4257//4203 4259//4205
f 4258//4204 4253//4200 4255//4206
f 3707//4207 4260//4208 3570//4209
f 4261//4210 3707//4207 3709//3671
f 4265//4211 4262//4212 4264//4213
f 4266//4214 3708//3670 3710//3672
f 4267//4215 3709//3671 4266//4214
f 4268//4216 4263//4217 4267//4215
f 3711//3675 4264//4213 4268//4216
f 4271//4218 4267//4215 4270//4219
f 3713//3807 4267//4215 4271//4218
f 3713//3807 3711//3675 4268//4216
f 4269//4220 3710//3672 3715//3812
f 4270//4219 4266//4214 3716//3805
f 4271//4218 3717//3804 3713//3807
f 4273//4221 4086//4047 4089//4041
f 4275//4222 4272//4223 4273//4221
f 4276//4224 4273//4221 4274//4225
f 4277//4226 4276//4224 4278//4227
f 4264//4213 4261//4210 4263//4217
f 4239//4189 4073//4021 4086//4047
f 4275//4222 4239//4189 4272//4223
f 4280//4228 4275//4222 4277//4226
f 4245//4193 4243//4190 4280//4228
f 4283//4229 4280//4228 4277//4226
f 4284//4230 4278//4227 4279//4231
f 4288//4232 4279//4231 4281//4233
f 4284//4230 4283//4229 4278//4227
f 4246//4234 4245//4193 4287//4235
f 4287//4235 4245//4193 4283//4229
f 4291//4236 4286//4237 4284//4230
f 4288//4232 4281//4233 4282//4238
f 4285//4239 4288//4232 4292//4240
f 4293//4241 4287//4235 4286//4237
f 4291//4236 4293//4241 4286//4237
f 4295//4242 4291//4236 4285//4239
f 4256//4243 4287//4235 4296//4244
f 4290//4245 4298//4246 4289//4247
f 4289//4247 4299//4248 4292//4240
f 4294//4249 4295//4242 4437//4250
f 4289//4247 4301//4251 4299//4248
f 4299//4248 4302//4252 4295//4242
f 4302//4252 4437//4250 4295//4242
f 4440//4253 4303//4254 4302//4252
f 4301//4251 4304//4255 4302//4252
f 4306//4256 3604//3570 4305//4257
f 4307//4258 3750//3712 3604//3570
f 4307//4258 3751//4259 3748//3710
f 4307//4258 3747//3709 3750//3712
f 4311//4260 3751//4259 4307//4258
f 4313//4261 4309//4262 4308//4263
f 4314//4264 3754//3714 3752//3713
f 4314//4264 3752//3713 4311//4260
f 4265//4211 4312//4265 4262//4212
f 4316//4266 4312//4265 4315//4267
f 4316//4266 3753//3674 3754//3714
f 4316//4266 3754//3714 4314//4264
f 4315//4267 4265//4211 3711//3675
f 4317//4268 4119//4269 4120//4071
f 4126//4270 4125//4076 4319//4271
f 4317//4268 4320//4272 4318//4273
f 4317//4268 4126//4270 4321//4274
f 4322//4275 4126//4270 4319//4271
f 4319//4271 4132//4081 4324//4276
f 4321//4274 4325//4277 4320//4272
f 4322//4275 4325//4277 4321//4274
f 4322//4275 4324//4276 4326//4278
f 4320//4272 4329//4279 4328//4280
f 4330//4281 4320//4272 4325//4277
f 4290//4245 4288//4232 4327//4282
f 4326//4278 4332//4283 4325//4277
f 4329//4279 4333//4284 4328//4280
f 4324//4276 4335//4285 4331//4286
f 4324//4276 4137//4088 4336//4287
f 4326//4278 4337//4288 4332//4283
f 4326//4278 4335//4285 4337//4288
f 4325//4277 4338//4289 4330//4281
f 4334//4290 4300//4291 4298//4246
f 4336//4287 4339//4292 4335//4285
f 4336//4287 4146//4099 4340//4293
f 4332//4283 4341//4294 4338//4289
f 4332//4283 4337//4288 4341//4294
f 4338//4289 4342//4295 4334//4290
f 4341//4294 4343//4296 4342//4295
f 4345//4297 4458//4298 4459//4299
f 3760//3726 4347//4300 3768//3725
f 4347//4300 4354//4301 4352//4302
f 4348//4303 4347//4300 4349//4304
f 4344//4305 4349//4304 4347//4300
f 4348//4303 4350//4306 4354//4301
f 4355//4307 4354//4301 4350//4306
f 4350//4306 4348//4303 4351//4308
f 4349//4304 4351//4308 4348//4303
f 4149//4106 3767//4309 4352//4302
f 4352//4302 3768//3725 4347//4300
f 4355//4307 4151//4310 4150//4102
f 4356//4311 4180//4137 4186//4136
f 4359//4312 4186//4136 4199//4149
f 4358//4313 4359//4312 4360//4314
f 3679//3648 4213//4161 4361//4315
f 3787//3743 4361//4315 4362//4316
f 3789//3745 4362//4316 3901//4317
f 4361//4315 4215//4163 4363//4318
f 4362//4316 4363//4318 4364//4319
f 4365//4320 4362//4316 4364//4319
f 4215//4163 4216//4164 4366//4321
f 4364//4319 4363//4318 4366//4321
f 4367//4322 4364//4319 4366//4321
f 4365//4320 4364//4319 4368//4323
f 4369//4324 4220//4165 4356//4311
f 4369//4324 4366//4321 4220//4165
f 4364//4319 4367//4322 4368//4323
f 4368//4323 4367//4322 4370//4325
f 4369//4324 4357//4326 4371//4327
f 4369//4324 4371//4327 4372//4328
f 4373//4329 4369//4324 4372//4328
f 4369//4324 4374//4330 4375//4331
f 4367//4322 4369//4324 4376//4332
f 4377//4333 4199//4149 4236//4184
f 4237//4185 4236//4184 4228//4175
f 4359//4312 4377//4333 4378//4334
f 4378//4334 4377//4333 4237//4185
f 4360//4314 4378//4334 4380//4335
f 4371//4327 4360//4314 4380//4335
f 4381//4336 4379//4337 4382//4338
f 4372//4328 4380//4335 4383//4339
f 4381//4336 4378//4334 4237//4185
f 4385//4340 4372//4328 4383//4339
f 4386//4341 4383//4339 4380//4335
f 4374//4330 4385//4340 4386//4341
f 4388//4342 4374//4330 4386//4341
f 4387//4343 4381//4336 4384//4344
f 4384//4344 4382//4338 4389//4345
f 4390//4346 4375//4331 4388//4342
f 4390//4346 4387//4343 4391//4347
f 4376//4332 4390//4346 4391//4347
f 4392//4348 4376//4332 4391//4347
f 4393//4349 4391//4347 4394//4350
f 4396//4351 4394//4350 4387//4343
f 4396//4351 4387//4343 4384//4344
f 4398//4352 4244//4192 4399//4353
f 4400//4354 4244//4192 4246//4234
f 4401//4355 4400//4354 4256//4243
f 4403//4356 4399//4353 4400//4354
f 4407//4357 4400//4354 4401//4355
f 4259//4205 4258//4204 4404//4358
f 4404//4358 4255//4206 4405//4359
f 4405//4359 4254//4201 4398//4352
f 4406//4360 4404//4358 4405//4359
f 4408//4361 4405//4359 4409//4362
f 4410//4363 4398//4352 4399//4353
f 4410//4363 4402//4364 4411//4365
f 4411//4365 4402//4364 4403//4356
f 4412//4366 4403//4356 4407//4357
f 4408//4361 4409//4362 4413//4367
f 4414//4368 4410//4363 4415//4369
f 4416//4370 4410//4363 4411//4365
f 4417//4371 4413//4367 4414//4368
f 4379//4337 4259//4205 4406//4360
f 4382//4338 4406//4360 4418//4372
f 4418//4372 4405//4359 4408//4361
f 4412//4366 4419//4373 4411//4365
f 4382//4338 4418//4372 4389//4345
f 4389//4345 4418//4372 4408//4361
f 4389//4345 4408//4361 4422//4374
f 4422//4374 4408//4361 4413//4367
f 4415//4369 4416//4370 4423//4375
f 4422//4374 4413//4367 4417//4371
f 4417//4371 4415//4369 4424//4376
f 4395//4377 4422//4374 4425//4378
f 4427//4379 4422//4374 4417//4371
f 4420//4380 4428//4381 4433//4382
f 4434//4383 4421//4384 4420//4380
f 4425//4378 4397//4385 4395//4377
f 4430//4386 4426//4387 4427//4379
f 4431//4388 4427//4379 4424//4376
f 4432//4389 4424//4376 4423//4375
f 4432//4389 4423//4375 4421//4384
f 3716//3805 4269//4220 3847//3811
f 4436//4390 4297//4391 4293//4241
f 4435//4392 4256//4243 4296//4244
f 4437//4250 4293//4241 4294//4249
f 4412//4366 4407//4357 4435//4392
f 4438//4393 4435//4392 4436//4390
f 4438//4393 4437//4250 4439//4394
f 4303//4254 4440//4253 4439//4394
f 4439//4394 4440//4253 4441//4395
f 4438//4393 4428//4381 4420//4380
f 4439//4394 4428//4381 4438//4393
f 4439//4394 4441//4395 4428//4381
f 4440//4253 4304//4255 4442//4396
f 4442//4396 4441//4395 4440//4253
f 3863//4397 3858//3819 4446//4398
f 3861//4399 4446//4398 3858//3819
f 4446//4398 3861//4399 4449//4400
f 3859//4401 3864//4402 4449//4400
f 4449//4400 3861//4399 3859//4401
f 4450//4403 4449//4400 3864//4402
f 4447//4404 3863//4397 4448//4405
f 4452//4406 4446//4398 4449//4400
f 4446//4398 4454//4407 4448//4405
f 4452//4406 4449//4400 4455//4408
f 4456//4409 4449//4400 4450//4403
f 3869//4410 3860//3821 4447//4404
f 4344//4305 3869//4410 4458//4298
f 4458//4298 3869//4410 4447//4404
f 4447//4404 4459//4299 4458//4298
f 4346//4411 4459//4299 4460//4412
f 4460//4412 4447//4404 4453//4413
f 4346//4411 4460//4412 4453//4413
f 3898//3850 3902//3853 4461//4414
f 4462//3854 3899//3851 4461//4414
f 3903//3855 3892//3843 4462//3854
f 3902//3853 3901//4317 4463//4415
f 3975//3931 3903//3855 4466//4416
f 4469//4417 4368//4323 4370//4325
f 4461//4414 4463//4415 4470//4418
f 4464//4419 4470//4418 4471//4420
f 4464//4419 4461//4414 4470//4418
f 4465//4421 4464//4419 4471//4420
f 4472//4422 4376//4332 4392//4348
f 4472//4422 4392//4348 4393//4349
f 4473//4423 4370//4325 4472//4422
f 4470//4418 4463//4415 4469//4417
f 4475//4424 4393//4349 4396//4351
f 4476//4425 4396//4351 4395//4377
f 4477//4426 4472//4422 4475//4424
f 4478//4427 4475//4424 4476//4425
f 4479//4428 4476//4425 4397//4385
f 4480//4429 4473//4423 4477//4426
f 4481//4430 4477//4426 4478//4427
f 4485//4431 4478//4427 4479//4428
f 4482//4432 4469//4417 4480//4429
f 4489//4433 4480//4429 4481//4430
f 4471//4420 4470//4418 4482//4432
f 4466//4416 4483//4434 4468//4435
f 4483//4434 4465//4421 4484//4436
f 4486//4437 4479//4428 4494//4438
f 4488//4439 4485//4431 4486//4437
f 4490//4440 4481//4430 4485//4431
f 4491//4441 4485//4431 4487//4442
f 4492//4443 4482//4432 4489//4433
f 4876//4444 4489//4433 4490//4440
f 4484//4436 4471//4420 4492//4443
f 4429//4445 4425//4378 4426//4387
f 4494//4438 4397//4385 4425//4378
f 4495//4446 4494//4438 4429//4445
f 4431//4388 4429//4445 4430//4386
f 4434//4383 4431//4388 4432//4389
f 4498//4447 4495//4446 4431//4388
f 4498//4447 4486//4437 4495//4446
f 4502//4448 4500//4449 4499//4450
f 4502//4448 3950//3905 3945//3900
f 4499//4450 3947//3902 3950//3905
f 4502//4448 4499//4450 3950//3905
f 3948//4451 4501//4452 4502//4448
f 3949//3904 4501//4452 3948//4451
f 4507//4453 4545//4454 4505//4455
f 4546//4456 4545//4454 4507//4453
f 4504//4457 4507//4453 4508//4458
f 4504//4457 4546//4456 4507//4453
f 4510//4459 4509//4460 4508//4458
f 4511//4461 3961//3918 3960//3916
f 4512//4462 3959//3912 3961//3918
f 4512//4462 3951//3957 3959//3912
f 4513//4463 4512//4462 3961//3918
f 4506//4464 4505//4455 4512//4462
f 4514//4465 3961//3918 4511//4461
f 4515//4466 4514//4465 4511//4461
f 4508//4458 4507//4453 4506//4464
f 4516//4467 4513//4463 4514//4465
f 4513//4463 4517//4468 4508//4458
f 4518//4469 4516//4467 4514//4465
f 4518//4469 4514//4465 4515//4466
f 4508//4458 4519//4470 4520//4471
f 4467//4472 3977//3933 3976//3932
f 3975//3931 4467//4472 3976//3932
f 4521//4473 3960//3916 3977//3933
f 3977//3933 4522//4474 4521//4473
f 4515//4466 4511//4461 4521//4473
f 4474//4475 4467//4472 4468//4435
f 4521//4473 4523//4476 4515//4466
f 4525//4477 3946//3901 3978//3934
f 4526//4478 3980//4479 4524//4480
f 4527//4481 4525//4477 3980//4479
f 4528//4482 3946//3901 4525//4477
f 3986//3939 4532//4483 3982//4001
f 4534//4484 4533//4485 4532//4483
f 4544//4486 4535//4487 4542//4488
f 4544//4486 4536//4489 4535//4487
f 3986//3939 3985//3951 4537//4490
f 4537//4490 3993//3950 4538//4491
f 4537//4490 4532//4483 3986//3939
f 4537//4490 4539//4492 4532//4483
f 4540//4493 4539//4492 4538//4491
f 4534//4484 4532//4483 4539//4492
f 4542//4488 4541//4494 4540//4493
f 4542//4488 4534//4484 4541//4494
f 4547//4495 4538//4491 4545//4454
f 4548//4496 4547//4495 4546//4456
f 4548//4496 4540//4493 4547//4495
f 4509//4460 4548//4496 4504//4457
f 4542//4488 4548//4496 4543//4497
f 4524//4480 3979//3977 4021//3976
f 4549//4498 4021//3976 4028//3984
f 4551//4499 4031//3983 4029//4500
f 4552//4501 4029//4500 4032//3982
f 4033//3986 4552//4501 4032//3982
f 4553//4502 4550//4503 4031//3983
f 4551//4499 4553//4502 4031//3983
f 4552//4501 4033//3986 4554//4504
f 4557//4505 4549//4498 4550//4503
f 4555//4506 4558//4507 4033//3986
f 4559//4508 4556//4509 4549//4498
f 4560//4510 4557//4505 4553//4502
f 4563//4511 4553//4502 4554//4504
f 4558//4507 4563//4511 4554//4504
f 4562//4512 4559//4508 4557//4505
f 4560//4510 4562//4512 4557//4505
f 4565//4513 4559//4508 4562//4512
f 4530//4514 4526//4478 4556//4509
f 4566//4515 4565//4513 4563//4511
f 4564//4516 4566//4515 4563//4511
f 4575//4517 4564//4516 4561//4518
f 4568//4519 4530//4514 4559//4508
f 4565//4513 4568//4519 4559//4508
f 4986//4520 4567//4521 4575//4517
f 4569//4522 4042//3996 4043//4523
f 4570//4524 4027//3997 4569//4522
f 4030//3985 4570//4524 4555//4506
f 4572//4525 4570//4524 4571//4526
f 4574//4527 4572//4525 4571//4526
f 4536//4489 4573//4528 4574//4527
f 4533//4485 4569//4522 4043//4523
f 4533//4485 4043//4523 3982//4001
f 4574//4527 4571//4526 4533//4485
f 4579//4529 4580//4530 4578//4531
f 4584//4532 4060//4013 4585//4533
f 4061//4033 4584//4532 4064//4032
f 4585//4533 4065//4015 4586//4534
f 4066//4014 4585//4533 4060//4013
f 4586//4534 4065//4015 4053//4017
f 4587//4535 4585//4533 4589//4536
f 4588//4537 4586//4534 4577//4538
f 4590//4539 4589//4536 4591//4540
f 4588//4537 4577//4538 4578//4531
f 4591//4540 4589//4536 4592//4541
f 4588//4537 4580//4530 4592//4541
f 4590//4539 4594//4542 4593//4543
f 4592//4541 4595//4544 4596//4545
f 4592//4541 4596//4545 4594//4542
f 4598//4546 4593//4543 4597//4547
f 4594//4542 4596//4545 4597//4547
f 4583//4548 4595//4544 4582//4549
f 4597//4547 4600//4550 4601//4551
f 4601//4551 4599//4552 4597//4547
f 4602//4553 4596//4545 4595//4544
f 4604//4554 4601//4551 4603//4555
f 4606//4556 4603//4555 4605//4557
f 4607//4558 4064//4032 4584//4532
f 4083//4034 4064//4032 4607//4558
f 4609//4559 4082//4036 4608//4560
f 4607//4558 4584//4532 4587//4535
f 4084//4035 4610//4561 4608//4560
f 4084//4035 4608//4560 4082//4036
f 4611//4562 4587//4535 4590//4539
f 4610//4561 4607//4558 4611//4562
f 4609//4559 4612//4563 4613//4564
f 4615//4565 4611//4562 4614//4566
f 4608//4560 4615//4565 4616//4567
f 4611//4562 4593//4543 4614//4566
f 4615//4565 4618//4568 4619//4569
f 4612//4563 4619//4569 4620//4570
f 4612//4563 4617//4571 4613//4564
f 4614//4566 4598//4546 4618//4568
f 4620//4570 4621//4572 4622//4573
f 4618//4568 4599//4552 4623//4574
f 4623//4574 4621//4572 4618//4568
f 4599//4552 4601//4551 4624//4575
f 4625//4576 4622//4573 4623//4574
f 4626//4577 4624//4575 4604//4554
f 4110//4061 4106//4037 4627//4578
f 4627//4578 4082//4036 4609//4559
f 4628//4579 4110//4061 4630//4580
f 4630//4580 4627//4578 4632//4581
f 4628//4579 4632//4581 4633//4582
f 4627//4578 4613//4564 4634//4583
f 4632//4581 4634//4583 4635//4584
f 4633//4582 4635//4584 4636//4585
f 4637//4586 4633//4582 4636//4585
f 4634//4583 4617//4571 4638//4587
f 4635//4584 4638//4587 4636//4585
f 4639//4588 4636//4585 4638//4587
f 4617//4571 4622//4573 4640//4589
f 4640//4589 4638//4587 4617//4571
f 4639//4588 4638//4587 4641//4590
f 4641//4590 4640//4589 4642//4591
f 4643//4592 4640//4589 4622//4573
f 4144//4095 4629//4593 4631//4594
f 4147//4097 4648//4595 4644//4596
f 4645//4597 4145//4096 4644//4596
f 4141//4092 4645//4597 4646//4598
f 4148//4098 4646//4598 4649//4599
f 4650//4600 4631//4594 4633//4582
f 4651//4601 4648//4595 4650//4600
f 4652//4602 4644//4596 4651//4601
f 4653//4603 4644//4596 4652//4602
f 4646//4598 4653//4603 4654//4604
f 4649//4599 4654//4604 4655//4605
f 4649//4599 4655//4605 4656//4606
f 4647//4607 4656//4606 4657//4608
f 4651//4601 4650//4600 4637//4586
f 4658//4609 4651//4601 4662//4610
f 4653//4603 4652//4602 4658//4609
f 4655//4605 4659//4611 4660//4612
f 4656//4606 4660//4612 4661//4613
f 4662//4610 4637//4586 4639//4588
f 4651//4601 4637//4586 4662//4610
f 4661//4613 4660//4612 4664//4614
f 4658//4609 4662//4610 4669//4615
f 4659//4611 4663//4616 4665//4617
f 4660//4612 4665//4617 4666//4618
f 4664//4614 4666//4618 4672//4619
f 4664//4614 4672//4619 4667//4620
f 4668//4621 4639//4588 4642//4591
f 4669//4615 4662//4610 4668//4621
f 4671//4622 4658//4609 4670//4623
f 4666//4618 4663//4616 4671//4622
f 4151//4310 4673//4624 4159//4110
f 4673//4624 4674//4625 4675//4626
f 4676//4627 4673//4624 4675//4626
f 4676//4627 4675//4626 4795//4628
f 4676//4627 4795//4628 4677//4629
f 4683//4630 4158//4109 4681//4631
f 4680//4111 4159//4110 4682//4632
f 4682//4632 4159//4110 4673//4624
f 4684//4633 4682//4632 4676//4627
f 4684//4633 4677//4629 4687//4634
f 4687//4634 4685//4635 4684//4633
f 4685//4635 4687//4634 5213//4636
f 4677//4629 4679//4637 4689//4638
f 4168//4127 4165//4117 4691//4639
f 4693//4640 4166//4116 4692//4641
f 4690//4118 4164//4115 4693//4640
f 4691//4639 4165//4117 4694//4642
f 4167//4643 4692//4641 4166//4116
f 4694//4642 4690//4118 4695//4644
f 4693//4640 4686//4645 4696//4646
f 4690//4118 4696//4646 4695//4644
f 4694//4642 4695//4644 4697//4647
f 4576//4648 4207//4649 4699//4650
f 4200//4186 4586//4534 4053//4017
f 4699//4650 4208//4157 4700//4651
f 4699//4650 4207//4649 4208//4157
f 4168//4127 4691//4639 4209//4158
f 4700//4651 4210//4159 4701//4652
f 4700//4651 4208//4157 4211//4160
f 4703//4653 4699//4650 4702//4654
f 4702//4654 4700//4651 4704//4655
f 4209//4158 4691//4639 4705//4656
f 4701//4652 4705//4656 4706//4657
f 4701//4652 4706//4657 4707//4658
f 4701//4652 4704//4655 4700//4651
f 4708//4659 4704//4655 4709//4660
f 4707//4658 4709//4660 4704//4655
f 4703//4653 4710//4661 4711//4662
f 4711//4662 4579//4529 4703//4653
f 4708//4659 4712//4663 4710//4661
f 4714//4664 4705//4656 4713//4665
f 4714//4664 4709//4660 4707//4658
f 4710//4661 4716//4666 4717//4667
f 4718//4668 4712//4663 4714//4664
f 4711//4662 4715//4669 4719//4670
f 4719//4670 4582//4549 4581//4671
f 4717//4667 4720//4672 4715//4669
f 4722//4673 4713//4665 4721//4674
f 4723//4675 4718//4668 4722//4673
f 4716//4666 4723//4675 4720//4672
f 4715//4669 4724//4676 4719//4670
f 4726//4677 4724//4676 4725//4678
f 4728//4679 4722//4673 4727//4680
f 4729//4681 4723//4675 4728//4679
f 4720//4672 4725//4678 4715//4669
f 4730//4682 4725//4678 4729//4681
f 4726//4677 4732//4683 4724//4676
f 4733//4684 4691//4639 4698//4685
f 4734//4686 4730//4682 4731//4687
f 4735//4688 4728//4679 4727//4680
f 4736//4689 4731//4687 4735//4688
f 4737//4690 4734//4686 4736//4689
f 4739//4691 4736//4689 4738//4692
f 5228//4693 4736//4689 4739//4691
f 4583//4548 4724//4676 4602//4553
f 4740//4694 4603//4555 4732//4683
f 5175//4695 4605//4557 4740//4694
f 4741//4696 4732//4683 4726//4677
f 4742//4697 4732//4683 4741//4696
f 4741//4696 4726//4677 4734//4686
f 5228//4693 4741//4696 4737//4690
f 4744//4698 4301//4251 4300//4291
f 4301//4251 4744//4698 4304//4255
f 4745//4699 4744//4698 4343//4296
f 4745//4699 4748//4700 4746//4701
f 4748//4700 4752//4702 4749//4703
f 4752//4702 4748//4700 4751//4704
f 4751//4704 4753//4705 4755//4706
f 4752//4702 4755//4706 4756//4707
f 4340//4293 4758//4708 4339//4292
f 4758//4708 4146//4099 4647//4607
f 4339//4292 4759//4709 4337//4288
f 4760//4710 4339//4292 4758//4708
f 4342//4295 4744//4698 4300//4291
f 4764//4711 4343//4296 4759//4709
f 4762//4712 4657//4608 4765//4713
f 4766//4714 4760//4710 4763//4715
f 4767//4716 4759//4709 4766//4714
f 4764//4711 4747//4717 4343//4296
f 4771//4718 4768//4719 4765//4713
f 4765//4713 4664//4614 4771//4718
f 4768//4719 4770//4720 4769//4721
f 4776//4722 4767//4716 4769//4721
f 4767//4716 4772//4723 4764//4711
f 4772//4723 4747//4717 4764//4711
f 4771//4718 4667//4620 4773//4724
f 4776//4722 4769//4721 4774//4725
f 4781//4726 4772//4723 4776//4722
f 4779//4727 4750//4728 4772//4723
f 4782//4729 4783//4730 4346//4411
f 4351//4308 4786//4731 4350//4306
f 4786//4731 4345//4297 4346//4411
f 4787//4732 4346//4411 4788//4733
f 4789//4734 4787//4732 4790//4735
f 4787//4732 4789//4734 4794//4736
f 4791//4737 4790//4735 4792//4738
f 4790//4735 4791//4737 4789//4734
f 4792//4738 4790//4735 4784//4739
f 4783//4730 4784//4739 4790//4735
f 4674//4625 4350//4306 4786//4731
f 4350//4306 4674//4625 4151//4310
f 4674//4625 4786//4731 4794//4736
f 4794//4736 4675//4626 4674//4625
f 4675//4626 4794//4736 4789//4734
f 4795//4628 4789//4734 4791//4737
f 4795//4628 4791//4737 4678//4740
f 4802//4741 4799//4742 4801//4743
f 4798//4744 4799//4742 4802//4741
f 4802//4741 4801//4743 4803//4745
f 4805//4746 4798//4744 4804//4747
f 4807//4748 4803//4745 4806//4749
f 4808//4750 4803//4745 4807//4748
f 4808//4750 4804//4747 4802//4741
f 4809//4751 4796//4752 4797//4753
f 4433//4382 4811//4754 4434//4383
f 4810//4755 4812//4756 4811//4754
f 4811//4754 4812//4756 4813//4757
f 4812//4756 4847//4758 4814//4759
f 4815//4760 4817//4761 4926//4762
f 4818//4763 4816//4764 4852//4765
f 4816//4764 4818//4763 4817//4761
f 4819//4766 4817//4761 4818//4763
f 4818//4763 4821//4767 4822//4768
f 4820//4769 4819//4766 4818//4763
f 4818//4763 4822//4768 4820//4769
f 4820//4769 4824//4770 4827//4771
f 4800//4772 4829//4773 4828//4774
f 4858//4775 4832//4776 4835//4777
f 4838//4778 4831//4779 4837//4780
f 4835//4777 4834//4781 4838//4778
f 4821//4767 4835//4777 4842//4782
f 4839//4783 4800//4772 4805//4746
f 4836//4784 4800//4772 4839//4783
f 4841//4785 4837//4780 4840//4786
f 4842//4782 4838//4778 4841//4785
f 4842//4782 4820//4769 4822//4768
f 4843//4787 4836//4784 4839//4783
f 4841//4785 4840//4786 4843//4787
f 4824//4770 4843//4787 4823//4788
f 4824//4770 4820//4769 4842//4782
f 4844//4789 4805//4746 4809//4751
f 4825//4790 4839//4783 4844//4789
f 4826//4791 4839//4783 4825//4790
f 4823//4788 4843//4787 4826//4791
f 4442//4396 4845//4792 4443//4793
f 4444//4794 4443//4793 4846//4795
f 4444//4794 4846//4795 4810//4755
f 4746//4701 4845//4792 4442//4396
f 4847//4758 4810//4755 4846//4795
f 4810//4755 4847//4758 4812//4756
f 4845//4792 4849//4796 4846//4795
f 4849//4796 4816//4764 4815//4760
f 4848//4797 4749//4703 4851//4798
f 4848//4797 4851//4798 4850//4799
f 4852//4765 4850//4799 4851//4798
f 4752//4702 4851//4798 4749//4703
f 4821//4767 4852//4765 4854//4800
f 4757//4801 4853//4802 4752//4702
f 4752//4702 4756//4707 4757//4801
f 4757//4801 4856//4803 4857//4804
f 4757//4801 4854//4800 4853//4802
f 4857//4804 4855//4805 4858//4775
f 4858//4775 4821//4767 4854//4800
f 4863//4806 4453//4413 4861//4807
f 4456//4409 4859//4808 4864//4809
f 4864//4809 4860//4810 4456//4409
f 4451//4811 4862//4812 4865//4813
f 4863//4806 4861//4807 4866//4814
f 4866//4814 4454//4407 4867//4815
f 4454//4407 4866//4814 4861//4807
f 4865//4813 4867//4815 4451//4811
f 4869//4816 4862//4812 4860//4810
f 4870//4817 4866//4814 4871//4818
f 4782//4729 4453//4413 4863//4806
f 4783//4730 4782//4729 4863//4806
f 5412//4819 4863//4806 4868//4820
f 4491//4441 4873//4821 4490//4440
f 4874//4822 4488//4439 4875//4823
f 4484//4436 4877//4824 4483//4434
f 4878//4825 4492//4443 4876//4444
f 4874//4822 4879//4826 4873//4821
f 4879//4826 4876//4444 4873//4821
f 4878//4825 4881//4827 4877//4824
f 4876//4444 4881//4827 4878//4825
f 4493//4828 4882//4829 4474//4475
f 4493//4828 4483//4434 4877//4824
f 4875//4823 4883//4830 4874//4822
f 4885//4831 4880//4832 4879//4826
f 4885//4831 4874//4822 4883//4830
f 4880//4832 4886//4833 4881//4827
f 4877//4824 4887//4834 4493//4828
f 4881//4827 4887//4834 4877//4824
f 4882//4829 4493//4828 4887//4834
f 4889//4835 4883//4830 4884//4836
f 4890//4837 4886//4833 4885//4831
f 4886//4833 4890//4837 4891//4838
f 4886//4833 4891//4838 4887//4834
f 4893//4839 4887//4834 4892//4840
f 4896//4841 4888//4842 4889//4835
f 4895//4843 4890//4837 4888//4842
f 4888//4842 4896//4841 4895//4843
f 4898//4844 4892//4840 4891//4838
f 4891//4838 4897//4845 4898//4844
f 4903//4846 4895//4843 4896//4841
f 4894//4847 4900//4848 4903//4846
f 4897//4845 4902//4849 4904//4850
f 4897//4845 4895//4843 4903//4846
f 4904//4850 4898//4844 4897//4845
f 4905//4851 4893//4839 4898//4844
f 4898//4844 4906//4852 4905//4851
f 4908//4853 4882//4829 4893//4839
f 4893//4839 4907//4854 4908//4853
f 4911//4855 4796//4752 4910//4856
f 4913//4857 4909//4858 4912//4859
f 4900//4848 4910//4856 4913//4857
f 4900//4848 4913//4857 4899//4860
f 4899//4860 4902//4849 4903//4846
f 4914//4861 4902//4849 4899//4860
f 4807//4748 4806//4749 4916//4862
f 4796//4752 4807//4748 4909//4858
f 4796//4752 4909//4858 4910//4856
f 4912//4859 4916//4862 4917//4863
f 4914//4861 4917//4863 4918//4864
f 4906//4852 4918//4864 4919//4865
f 4905//4851 4919//4865 4915//4866
f 4434//4383 4921//4867 4496//4868
f 4498//4447 4496//4868 4921//4867
f 4875//4823 4488//4439 4497//4869
f 4921//4867 4923//4870 4920//4871
f 4920//4871 4923//4870 4875//4823
f 4814//4759 4922//4872 4813//4757
f 4922//4872 4814//4759 4924//4873
f 4922//4872 4925//4874 4923//4870
f 4922//4872 4924//4873 4925//4874
f 4923//4870 4884//4836 4875//4823
f 4923//4870 4925//4874 4884//4836
f 4929//4875 4928//4876 4926//4762
f 4930//4877 4927//4878 4928//4876
f 4889//4835 4927//4878 4930//4877
f 4819//4766 4820//4769 4932//4879
f 4819//4766 4929//4875 4817//4761
f 4929//4875 4932//4879 4931//4880
f 4901//4881 4894//4847 4930//4877
f 4931//4880 4933//4882 4901//4881
f 4934//4883 4826//4791 4825//4790
f 4827//4771 4826//4791 4934//4883
f 4827//4771 4931//4880 4932//4879
f 4933//4882 4911//4855 4900//4848
f 4933//4882 4797//4753 4911//4855
f 4934//4883 4933//4882 4931//4880
f 4797//4753 4844//4789 4809//4751
f 4934//4883 4844//4789 4797//4753
f 4935//4884 4445//4885 4500//4449
f 4936//4886 4935//4884 4501//4452
f 4936//4886 4937//4887 4935//4884
f 4939//4888 4936//4886 4501//4452
f 4942//4889 4979//4890 4941//4891
f 4943//4892 4940//4893 4510//4459
f 4943//4892 4944//4894 4945//4895
f 4945//4895 4941//4891 4943//4892
f 4946//4896 4942//4889 4945//4895
f 4948//4897 4945//4895 4944//4894
f 4949//4898 4517//4468 4516//4467
f 4949//4898 4516//4467 4518//4469
f 4951//4899 4519//4470 4517//4468
f 4518//4469 4950//4900 4952//4901
f 4943//4892 4510//4459 4520//4471
f 4954//4902 4951//4899 4949//4898
f 4951//4899 4943//4892 4520//4471
f 4955//4903 4949//4898 4952//4901
f 4943//4892 4956//4904 4944//4894
f 4952//4901 4953//4905 4955//4903
f 4959//4906 4957//4907 4954//4902
f 4944//4894 4956//4904 4948//4897
f 4515//4466 4523//4476 4950//4900
f 4950//4900 4882//4829 4953//4905
f 4960//4908 4526//4478 4530//4514
f 4961//4909 4529//4910 4526//4478
f 4962//4911 4527//4481 4529//4910
f 4963//4912 4528//4482 4525//4477
f 4528//4482 4938//4913 4503//4914
f 4964//4915 4962//4911 4961//4909
f 4965//4916 4961//4909 4960//4908
f 4966//4917 4963//4912 4527//4481
f 4967//4918 4964//4915 4965//4916
f 4989//4919 4967//4918 4965//4916
f 4971//4920 4996//4921 4531//4922
f 4972//4923 4970//4924 4971//4920
f 4973//4925 4972//4923 4977//4926
f 4974//4927 4531//4922 4544//4486
f 4977//4926 4972//4923 4975//4928
f 4974//4927 4544//4486 4543//4497
f 4975//4928 4974//4927 4978//4929
f 4981//4930 4980//4931 4979//4890
f 4976//4932 4975//4928 4980//4931
f 4982//4933 4976//4932 4980//4931
f 4983//4934 4548//4496 4509//4460
f 4509//4460 4940//4893 4983//4934
f 4983//4934 4543//4497 4548//4496
f 4978//4929 4543//4497 4983//4934
f 4979//4890 4978//4929 4983//4934
f 4979//4890 4942//4889 4981//4930
f 4981//4930 4942//4889 4984//4935
f 4988//4936 4568//4519 4566//4515
f 4985//4937 4988//4936 4566//4515
f 4989//4919 4960//4908 4568//4519
f 4986//4520 4990//4938 4985//4937
f 4991//4939 4986//4520 4987//4940
f 4989//4919 4965//4916 4960//4908
f 4993//4941 4990//4938 4986//4520
f 4992//4942 4968//4943 4989//4919
f 4995//4944 4994//4945 4993//4941
f 4996//4921 4575//4517 4573//4528
f 4996//4921 4987//4940 4986//4520
f 4970//4924 4987//4940 4996//4921
f 4998//4946 980//966 4997//4947
f 5000//4948 1779//1763 4998//4946
f 5000//4948 4998//4946 4999//4949
f 5003//4950 1004//1000 1016//1003
f 5002//4951 5003//4950 5004//4952
f 5008//4953 1779//1763 5000//4948
f 5008//4953 5000//4948 5007//4954
f 5010//4955 5008//4953 5009//4956
f 5011//4957 5014//4958 5012//4959
f 5014//4958 5013//4960 5017//4961
f 5012//4959 5014//4958 5019//4962
f 5015//4963 5019//4962 5020//4964
f 5012//4959 5019//4962 5015//4963
f 5003//4950 1016//1003 1786//1767
f 5004//4952 5003//4950 5022//4965
f 5025//4966 1786//1767 1793//1784
f 5026//4967 5022//4965 5025//4966
s 0
f 5024//4968 5026//4968 5027//4968
s 1
f 5030//4969 5028//4970 5029//4971
f 5027//4972 5026//4967 5028//4970
f 5031//4973 5027//4972 5030//4969
f 5029//4971 5028//4970 1798//1783
f 5033//4974 5030//4969 5032//4975
f 5032//4975 5029//4971 5034//4976
f 5034//4976 1798//1783 1815//1796
f 5013//4960 5034//4976 5036//4977
f 5011//4957 5032//4975 5013//4960
f 5036//4977 1815//1796 1781//1807
f 5037//4978 5010//4955 5009//4956
f 5038//4979 5010//4955 5039//4980
f 5021//4981 5062//4982 5041//4983
f 5045//2769 2263//2767 5043//4984
f 5046//4985 5045//2769 5044//4986
f 5048//4987 5050//4988 5049//4989
f 5053//4990 5055//4991 5052//4992
f 5055//4991 5155//4993 5048//4987
f 5054//4994 5056//2787 5155//4993
f 5061//4995 5058//4996 5057//4997
f 5061//4995 5059//4998 5060//4999
f 5058//4996 5053//4990 5051//5000
f 5061//4995 5054//4994 5053//4990
f 5060//4999 2265//2785 5061//4995
f 2265//2785 5056//2787 5054//4994
f 5017//4961 1781//1807 2266//2237
f 5041//4983 5066//5001 5063//5002
f 5021//4981 5020//4964 5062//4982
f 5014//4958 2272//2244 5064//2248
f 5018//2236 2272//2244 5014//4958
f 5019//4962 5064//2248 5065//2251
f 5019//4962 5065//2251 5067//5003
f 5020//4964 5067//5003 5062//4982
f 5110//5004 5059//4998 5057//4997
f 5063//5002 5059//4998 5110//5004
f 5062//4982 5067//5003 5066//5001
f 5066//5001 5068//5005 5059//4998
f 5067//5003 2277//2259 5068//5005
f 5070//5006 5038//4979 5069//5007
f 5044//4986 5038//4979 5070//5006
f 5072//5008 5070//5006 5071//5009
f 5073//5010 5044//4986 5072//5008
f 5076//5011 5073//5010 5074//5012
f 5078//5013 5075//5014 5073//5010
f 5079//5015 5076//5011 5077//5016
f 5080//5017 5078//5013 5076//5011
f 5087//5018 5076//5011 5079//5015
f 5088//5019 5079//5015 5081//5020
f 5088//5019 5167//5021 5087//5018
f 5086//5022 5166//5023 5085//5024
f 5083//5025 5088//5019 5081//5020
f 5084//5026 5089//5027 5165//5028
f 5097//5029 5092//5030 5091//5031
f 5093//5032 5095//5033 5094//5034
f 5100//5035 5101//5036 5099//5037
f 5099//5037 5101//5036 5095//5033
f 5048//4987 5049//4989 5047//5038
f 5101//5036 5047//5038 5096//5039
f 5101//5036 5096//5039 5095//5033
f 5107//5040 5051//5000 5103//5041
f 5103//5041 5098//5042 5102//5043
f 5102//5043 5098//5042 5100//5035
f 5051//5000 5052//4992 5098//5042
f 5052//4992 5048//4987 5098//5042
f 5105//5044 5057//4997 5058//4996
f 5104//5045 5057//4997 5105//5044
f 5058//4996 5107//5040 5108//5046
f 5108//5046 5107//5040 5109//5047
f 5109//5047 5107//5040 5103//5041
f 5110//5004 5057//4997 5104//5045
f 5113//5048 5045//2769 5046//4985
f 5114//5049 5113//5048 5111//5050
f 5115//5051 5111//5050 5112//5052
f 5117//5053 2786//2768 5113//5048
f 5118//5054 5114//5049 5115//5051
f 5120//5055 5115//5051 5116//5056
f 2789//2774 2787//2770 2786//2768
f 5121//5057 5117//5053 5114//5049
f 5122//5058 5114//5049 5118//5054
f 5124//5059 5118//5054 5119//5060
f 5124//5059 5119//5060 5120//5055
f 5125//2777 2789//2774 5117//5053
f 5126//5061 5117//5053 5121//5057
f 5127//5062 5121//5057 5122//5058
f 5129//5063 5122//5058 5123//5064
f 5129//5063 5123//5064 5124//5059
f 5131//5065 5125//2777 5126//5061
f 5132//5066 5126//5061 5127//5062
f 5128//5067 5132//5066 5127//5062
f 5133//5068 5128//5067 5129//5063
f 5135//5069 5125//2777 5130//5070
f 5135//5069 5130//5070 5131//5065
f 5137//5071 5135//5069 5136//5072
f 5136//5072 5131//5065 5132//5066
f 5133//5068 5136//5072 5132//5066
f 5139//5073 5124//5059 5120//5055
f 5139//5073 5145//5074 5142//5075
f 5172//5076 5145//5074 5140//5077
f 5141//5078 5143//5079 5172//5076
f 5138//5080 5143//5079 5141//5078
f 5142//5075 5129//5063 5124//5059
f 5142//5075 5133//5068 5129//5063
f 5145//5074 5144//5081 5142//5075
f 5144//5081 5137//5071 5133//5068
f 5144//5081 5147//5082 5146//5083
f 5143//5079 5147//5082 5145//5074
f 5151//5084 5147//5082 5143//5079
f 2798//5085 3509//3490 3510//3478
f 5150//5086 3510//3478 5151//5084
f 5049//4989 5153//5087 5047//5038
f 5050//4988 5154//5088 5153//5087
f 5153//5087 5149//5089 5148//5090
f 5047//5038 5153//5087 5096//5039
f 2794//2780 2798//5085 5150//5086
f 5155//4993 5152//5091 5050//4988
f 5156//5092 2795//2778 5152//5091
f 5152//5091 2794//2780 5154//5088
f 5056//2787 5156//5092 5155//4993
f 5112//5052 5046//4985 5075//5014
f 5157//5093 5075//5014 5078//5013
f 5158//5094 5078//5013 5080//5017
f 5159//5095 5112//5052 5157//5093
f 5160//5096 5157//5093 5158//5094
f 5116//5056 5112//5052 5159//5095
f 5161//5097 5159//5095 5160//5096
f 5163//5098 5080//5017 5087//5018
f 5167//5021 5164//5099 5163//5098
f 5164//5099 5167//5021 5083//5025
f 5165//5028 5164//5099 5083//5025
f 5162//5100 5160//5096 5158//5094
f 5163//5098 5170//5101 5169//5102
f 5164//5099 5165//5028 5170//5101
f 5161//5097 5120//5055 5116//5056
f 5169//5102 5161//5097 5160//5096
f 5170//5101 5171//5103 5169//5102
f 5172//5076 5170//5101 5165//5028
f 5089//5027 5172//5076 5165//5028
f 5139//5073 5120//5055 5171//5103
f 5170//5101 5139//5073 5171//5103
f 5172//5076 5140//5077 5170//5101
f 5148//5090 5138//5080 5097//5029
f 5097//5029 5138//5080 5092//5030
f 5092//5030 5138//5080 5168//5104
f 3478//3451 2793//2776 5134//5105
f 5173//5106 5134//5105 5135//5069
f 5174//5107 5173//5106 5137//5071
f 3485//3450 3478//3451 5173//5106
f 5174//5107 3485//3450 5173//5106
f 5146//5083 5174//5107 5137//5071
f 5146//5083 3486//3456 5174//5107
f 3512//3480 3511//3477 5146//5083
f 5176//5108 4626//4577 4606//4556
f 5177//5109 4626//4577 5176//5108
f 5178//5110 4606//4556 5175//4695
f 5178//5110 5176//5108 4606//4556
f 5177//5109 5176//5108 5178//5110
f 5180//5111 5177//5109 5179//5112
f 4640//4589 4643//4592 5181//5113
f 4642//4591 5181//5113 5182//5114
f 5184//5115 4625//4576 5177//5109
f 5181//5113 5183//5116 5185//5117
f 5186//5118 4643//4592 5184//5115
f 5186//5118 5185//5117 5183//5116
f 5188//5119 5184//5115 5187//5120
f 5189//5121 5187//5120 5180//5111
f 5190//5122 5188//5119 5189//5121
f 5191//5123 5190//5122 5189//5121
f 4668//4621 5182//5114 5192//5124
f 4669//4615 5192//5124 5193//5125
f 4670//4623 4669//4615 5193//5125
f 4672//4619 4671//4622 5194//5126
f 5195//5127 4672//4619 5194//5126
f 5196//5128 5195//5127 5194//5126
f 5197//5129 5192//5124 5185//5117
f 5197//5129 5193//5125 5192//5124
f 5199//5130 4670//4623 5198//5131
f 5201//5132 4671//4622 5199//5130
f 5202//5133 5201//5132 5200//5134
f 5197//5129 5188//5119 5203//5135
f 5204//5136 5198//5131 5203//5135
f 5205//5137 5203//5135 5190//5122
f 5205//5137 5204//5136 5203//5135
f 5191//5123 5205//5137 5190//5122
f 5207//5138 5206//5139 5205//5137
f 5208//5140 5200//5134 5206//5139
f 4678//4740 5352//5141 4679//4637
f 4679//4637 5211//5142 5210//5143
f 4687//4634 5214//5144 4688//5145
f 5216//5146 5214//5144 5209//5147
f 4688//5145 5214//5144 5217//5148
f 5217//5148 5215//5149 4688//5145
f 5215//5149 5218//5150 5226//5151
f 5218//5150 5215//5149 5217//5148
f 4696//4646 4686//4645 5219//5152
f 4686//4645 5213//4636 5220//5153
f 4695//4644 5219//5152 4697//4647
f 4698//4685 4694//4642 5221//5154
f 5219//5152 5220//5153 5222//5155
f 5219//5152 5222//5155 5223//5156
f 4698//4685 5221//5154 5224//5157
f 5221//5154 4697//4647 5225//5158
f 5225//5158 4697//4647 5223//5156
f 5229//5159 4735//4688 5227//5160
f 5230//5161 4738//4692 5229//5159
f 5232//5162 4738//4692 5231//5163
f 5233//5164 5232//5162 5231//5163
f 5235//5165 5232//5162 5234//5166
f 5236//5167 5235//5165 5234//5166
f 5240//5168 5236//5167 5239//5169
f 4721//4674 4733//4684 5241//5170
f 4727//4680 5241//5170 5242//5171
f 5238//5172 4727//4680 5242//5171
f 5243//5173 5227//5160 5238//5172
f 5244//5174 5233//5164 5243//5173
f 5245//5175 5243//5173 5238//5172
f 5246//5176 5244//5174 5245//5175
f 4733//4684 4698//4685 5224//5157
f 5248//5177 5238//5172 5247//5178
f 5249//5179 5245//5175 5248//5177
f 5250//5180 5245//5175 5249//5179
f 5241//5170 4733//4684 5224//5157
f 5252//5181 5248//5177 5251//5182
f 5249//5179 5252//5181 5253//5183
f 5250//5180 5253//5183 5254//5184
f 5247//5178 5255//5185 5256//5186
f 5251//5182 5256//5186 5257//5187
f 5258//5188 5251//5182 5257//5187
f 5259//5189 5251//5182 5258//5188
f 5260//5190 5252//5181 5259//5189
f 5253//5183 5260//5190 5261//5191
f 5262//5192 5253//5183 5261//5191
f 5263//5193 5253//5183 5262//5192
f 5265//5194 5175//4695 5264//5195
f 4742//4697 5264//5195 4740//4694
f 5267//5196 5264//5195 5266//5197
f 5268//5198 5264//5195 5267//5196
f 4743//5199 5266//5197 4742//4697
f 4743//5199 5228//4693 5270//5200
f 5271//5201 5267//5196 5270//5200
f 5272//5202 5268//5198 5271//5201
f 5273//5203 5228//4693 4739//4691
f 5275//5204 5273//5203 5232//5162
f 5274//5205 5271//5201 5275//5204
f 5275//5204 5232//5162 5235//5165
f 5277//5206 5275//5204 5276//5207
f 5276//5207 5275//5204 5237//5208
f 5279//5209 5277//5206 5278//5210
f 5281//5211 5244//5174 5246//5176
f 5265//5194 5178//5110 5175//4695
f 5179//5112 5178//5110 5265//5194
f 5269//5212 5282//5213 5268//5198
f 5272//5202 5283//5214 5269//5212
f 5284//5215 5294//5216 5283//5214
f 5285//5217 5272//5202 5274//5205
f 5285//5217 5283//5214 5272//5202
f 5285//5217 5274//5205 5277//5206
f 5287//5218 5286//5219 5284//5215
f 5290//5220 5277//5206 5279//5209
f 5282//5213 5291//5221 5265//5194
f 5293//5222 5179//5112 5291//5221
f 5283//5214 5291//5221 5282//5213
f 5294//5216 5293//5222 5291//5221
f 5296//5223 5293//5222 5295//5224
f 5284//5215 5295//5224 5294//5216
f 5286//5219 5296//5223 5295//5224
f 4754//5225 5297//5226 5303//5227
f 5303//5227 5298//5228 5302//5229
f 5303//5227 4755//4706 4753//4705
f 5304//5230 5286//5219 5289//5231
f 5305//5232 5301//5233 5304//5230
f 5306//5234 5301//5233 5305//5232
f 5302//5229 5298//5228 5306//5234
f 5302//5229 4756//4707 4755//4706
f 5307//5235 5305//5232 5304//5230
f 5306//5234 5305//5232 5308//5236
f 5306//5234 4757//4801 4756//4707
f 5309//5237 5180//5111 5292//5238
f 5309//5237 5292//5238 5293//5222
f 5314//5239 5293//5222 5296//5223
f 5314//5239 5320//5240 5310//5241
f 5315//5242 5311//5243 5320//5240
f 5299//5244 5312//5245 5317//5246
f 5299//5244 5317//5246 5298//5228
f 5297//5226 5316//5247 5299//5244
f 5297//5226 5299//5244 5303//5227
f 5300//5248 5296//5223 5286//5219
f 5301//5233 5314//5239 5300//5248
f 5298//5228 5315//5242 5301//5233
f 5309//5237 5189//5121 5180//5111
f 5318//5249 5189//5121 5309//5237
f 5319//5250 5189//5121 5318//5249
f 5321//5251 5318//5249 5320//5240
f 5322//5252 5319//5250 5321//5251
f 5323//5253 5320//5240 5311//5243
f 5313//5254 5323//5253 5312//5245
f 5324//5255 5321//5251 5323//5253
f 5326//5256 4777//5257 4773//4724
f 5326//5256 4667//4620 5195//5127
f 4778//5258 5327//5259 4774//4725
f 5325//5260 4778//5258 4777//5257
f 4777//5257 5326//5256 5325//5260
f 5327//5259 4776//4722 4774//4725
f 4779//4727 5297//5226 4754//5225
f 5330//5261 5325//5260 5326//5256
f 5329//5262 5327//5259 5328//5263
f 5329//5262 5325//5260 5330//5261
f 5333//5264 5331//5265 5335//5266
f 5333//5264 4781//4726 5327//5259
f 5336//5267 5313//5254 5316//5247
f 5336//5267 5297//5226 4779//4727
f 5336//5267 4779//4727 4780//5268
f 5336//5267 4781//4726 5335//5266
f 5337//5269 5191//5123 5319//5250
f 5338//5270 5191//5123 5337//5269
f 5338//5270 5208//5140 5207//5138
f 5340//5271 5208//5140 5339//5272
f 5340//5271 5329//5262 5330//5261
f 5341//5273 5337//5269 5322//5252
f 5342//5274 5338//5270 5341//5273
f 5342//5274 5331//5265 5332//5275
f 5342//5274 5332//5275 5333//5264
f 5342//5274 5329//5262 5339//5272
f 5334//5276 5324//5255 5313//5254
f 5331//5265 5322//5252 5324//5255
f 5331//5265 5334//5276 5335//5266
f 4784//4739 4785//5277 4793//5278
f 5412//4819 5343//5279 4785//5277
f 5343//5279 5348//5280 4785//5277
f 5344//5281 5348//5280 5343//5279
f 5352//5141 5347//5282 5353//5283
f 5346//5284 4793//5278 5347//5282
f 4793//5278 4785//5277 5348//5280
f 4793//5278 5348//5280 5347//5282
f 5347//5282 5348//5280 5349//5285
f 5349//5285 5351//5286 5350//5287
f 5348//5280 5344//5281 5351//5286
f 5352//5141 5353//5283 5211//5142
f 5211//5142 4679//4637 5352//5141
f 5211//5142 5349//5285 5354//5288
f 5354//5288 5355//5289 5212//5290
f 5212//5290 5216//5146 5354//5288
f 5354//5288 5350//5287 5355//5289
f 5356//5291 5244//5174 5280//5292
f 5357//5293 5263//5193 5361//5294
f 5362//5295 5358//5296 5361//5294
f 5363//5297 5358//5296 5362//5295
f 5360//5298 5358//5296 5364//5299
f 5365//5300 5237//5208 5240//5168
f 5278//5210 5237//5208 5365//5300
f 5367//5301 5365//5300 5366//5302
f 5368//5303 5278//5210 5367//5301
f 4828//4774 5368//5303 4798//4744
f 5370//5304 5366//5302 5369//5305
f 4798//4744 5368//5303 4799//4742
f 4799//4742 5370//5304 5371//5306
f 4801//4743 5371//5306 5372//5307
f 5374//5308 5372//5307 5373//5309
f 4803//4745 4801//4743 5374//5308
f 5376//5310 5373//5309 5375//5311
f 4803//4745 5374//5308 5376//5310
f 4806//4749 5376//5310 5377//5312
f 5366//5302 5356//5291 5378//5313
f 5379//5314 5369//5305 5378//5313
f 5371//5306 5379//5314 5380//5315
f 5372//5307 5380//5315 5381//5316
f 5375//5311 5381//5316 5382//5317
f 5383//5318 5378//5313 5280//5292
f 5380//5315 5383//5318 5384//5319
f 5381//5316 5384//5319 5385//5320
f 5386//5321 5280//5292 5281//5211
f 5384//5319 5386//5321 5387//5322
f 5385//5320 5387//5322 5388//5323
f 5281//5211 5250//5180 5254//5184
f 5281//5211 5254//5184 5389//5324
f 5386//5321 5389//5324 5390//5325
f 5391//5326 5387//5322 5390//5325
f 5388//5323 5391//5326 5392//5327
f 5389//5324 5357//5293 5359//5328
f 5393//5329 5359//5328 5360//5298
f 5392//5327 5393//5329 5394//5330
f 5393//5329 5395//5331 5396//5332
f 5397//5333 5393//5329 5396//5332
f 5398//5334 5394//5330 5397//5333
f 5399//5335 5394//5330 5398//5334
f 5290//5220 4828//4774 4829//4773
f 5290//5220 5287//5218 5285//5217
f 5290//5220 4829//4773 4831//4779
f 5288//5336 5287//5218 5401//5337
f 4832//4776 4830//5338 4855//4805
f 4831//4779 5287//5218 5290//5220
f 4831//4779 5401//5337 5287//5218
f 4832//4776 5400//5339 4833//5340
f 4856//4803 5307//5235 4855//4805
f 5308//5236 5307//5235 4856//4803
f 5308//5236 4856//4803 4757//4801
f 4869//4816 4864//4809 5404//5341
f 5404//5341 4872//5342 4869//4816
f 5407//5343 4867//4815 5406//5344
f 4865//4813 5408//5345 5406//5344
f 4865//4813 5406//5344 4867//4815
f 5405//5346 4871//4818 5407//5343
f 5409//5347 5405//5346 5407//5343
f 5345//5348 5403//5349 5411//5350
f 5414//5351 4806//4749 5377//5312
f 4916//4862 5414//5351 5415//5352
f 4917//4863 5415//5352 5416//5353
f 4907//4854 5417//5354 4908//4853
f 5414//5351 5382//5317 5415//5352
f 5416//5353 5415//5352 5419//5355
f 4919//4865 5416//5353 5419//5355
f 5418//5356 4915//4866 5420//5357
f 5421//5358 5382//5317 5385//5320
f 5419//5355 5415//5352 5421//5358
f 4919//4865 5422//5359 4915//4866
f 5420//5357 4915//4866 5422//5359
f 5421//5358 5385//5320 5388//5323
f 5421//5358 5388//5323 5423//5360
f 5418//5356 5424//5361 5417//5354
f 5423//5360 5388//5323 5425//5362
f 5424//5361 4958//5363 5417//5354
f 5426//5364 5423//5360 5425//5362
f 5420//5357 5422//5359 5427//5365
f 5418//5356 5428//5366 5424//5361
f 5418//5356 5427//5365 5428//5366
f 5429//5367 5394//5330 5399//5335
f 5430//5368 5392//5327 5429//5367
f 5432//5369 4859//4808 4937//4887
f 5431//5370 5432//5369 4937//4887
f 4939//4888 5431//5370 4936//4886
f 5433//5371 4942//4889 4946//4896
f 5436//5372 5434//5373 5433//5371
f 5436//5372 5435//5374 5434//5373
f 5438//5375 5437//5376 4948//4897
f 5438//5375 5440//5377 5437//5376
f 5441//5378 4954//4902 4955//4903
f 5444//5379 5441//5378 4958//5363
f 5444//5379 4959//4906 5441//5378
f 4959//4906 5445//5380 5442//5381
f 5444//5379 5446//5382 4959//4906
f 5443//5383 5448//5384 5438//5375
f 5444//5379 5413//5385 5447//5386
f 5445//5380 5448//5384 5443//5383
f 4953//4905 5417//5354 4958//5363
f 5449//5387 4966//4917 4962//4911
f 4528//4482 5452//5388 4938//4913
f 4963//4912 5452//5388 4528//4482
f 5449//5387 5455//5389 4966//4917
f 5450//5390 5456//5391 5449//5387
f 5457//5392 5453//5393 4968//4943
f 4966//4917 5455//5389 4963//4912
f 5458//5394 5456//5391 5450//5390
f 5460//5395 4969//5396 4973//4925
f 5462//5397 5460//5395 4973//4925
f 5462//5397 5451//5398 5460//5395
f 5462//5397 5459//5399 5451//5398
f 5464//5400 5462//5397 5463//5401
f 5462//5397 5464//5400 5459//5399
f 5461//5402 4973//4925 4976//4932
f 5466//5403 5463//5401 5461//5402
f 5466//5403 5467//5404 5463//5401
f 5467//5404 5466//5403 5471//5405
f 4984//4935 4982//4933 4981//4930
f 4982//4933 5465//5406 4976//4932
f 5466//5403 5465//5406 4984//4935
f 5469//5407 4984//4935 5468//5408
f 5469//5407 5466//5403 4984//4935
f 5468//5408 5470//5409 5469//5407
f 5469//5407 5471//5405 5466//5403
f 5468//5408 5433//5371 5434//5373
f 4993//4941 4969//5396 4995//4944
f 5473//5410 4968//4943 4994//4945
f 4995//4944 5451//5398 5475//5411
f 5476//5412 5474//5413 4995//4944
f 5475//5411 5476//5412 4995//4944
f 5475//5411 5451//5398 5459//5399
f 5476//5412 5473//5410 5474//5413
f 2577//2547 2580//2549 2581//2552
f 1371//1514 1367//1349 1369//1353
f 2156//2137 2161//2141 2157//2138
f 2148//2129 1547//1522 2147//5414
f 1061//1048 935//918 1069//1060
f 4274//4225 5477//5415 4276//4224
f 4276//4224 5477//5415 4279//4231
f 4090//4042 5478//5416 4274//4225
f 5477//5415 4282//4238 4281//4233
f 5479//5417 4282//4238 5477//5415
f 5478//5416 5480//5418 5477//5415
f 5477//5415 5481//5419 5479//5417
f 5481//5419 4282//4238 5479//5417
f 4113//4070 5482//5420 5478//5416
f 5478//5416 5482//5420 5480//5418
f 5480//5418 4323//5421 5481//5419
f 4088//4040 5483//5422 4113//4070
f 4116//4067 4119//4269 5483//5422
f 5482//5420 4320//4272 4328//4280
f 5484//5423 4119//4269 4317//4268
f 5483//5422 5484//5423 5482//5420
f 3601//3566 5485//5424 3604//3570
f 4306//4256 4310//5425 4311//4260
f 4305//4257 5486//5426 4306//4256
f 5486//5426 4309//4262 4310//5425
f 5486//5426 4308//4263 4309//4262
f 5485//5424 3599//3564 5487//5427
f 4308//4263 4312//4265 4313//4261
f 5486//5426 5487//5427 5488//5428
f 4308//4263 4262//4212 4312//4265
f 4308//4263 5488//5428 5489//5429
f 4262//4212 5489//5429 4261//4210
f 3571//3569 4260//4208 5488//5428
f 3076//3052 2526//2497 3077//3055
f 3084//3057 5491//5430 3093//3060
f 5490//5431 2527//2498 2522//2492
f 2527//2498 5494//5432 5493//5433
f 2526//2497 5493//5433 3082//3056
f 3082//3056 5495//5434 3084//3057
f 3099//3070 5497//5435 5498//3071
f 3101//3079 5497//5435 3099//3070
f 5495//5434 5497//5435 5491//5430
f 5493//5433 5496//5436 5495//5434
f 5495//5434 5498//3071 5497//5435
f 5498//3071 3080//5437 3090//3067
f 2360//2335 2361//2332 5499//5438
f 5490//5431 5500//5439 5492//5440
f 5492//5440 5500//5439 5496//5436
f 2389//5441 2392//2376 2346//2317
f 2406//2378 5501//5442 2405//2375
f 2558//3097 5509//5443 2414//3095
f 2346//2317 5501//5442 5502//5444
f 2361//2332 5503//5445 5499//5438
f 3131//3108 5504//5446 3123//3106
f 3130//3113 5505//5447 5504//5446
f 2346//2317 5502//5444 2361//2332
f 5503//5445 5506//5448 5499//5438
f 5499//5438 5505//5447 5500//5439
f 2361//2332 5507//5449 5503//5445
f 5506//5448 5504//5446 5505//5447
f 5502//5444 5509//5443 5507//5449
f 5507//5449 5508//5450 5506//5448
f 5508//5450 3123//3106 5504//5446
f 3123//3106 5508//5450 2558//3097
f 2406//2378 5509//5443 5501//5442
f 3095//3063 5510//5451 3088//3226
f 3078//5452 2528//2499 2529//2493
f 5510//5451 3078//5452 3087//3223
f 3086//3098 3083//3100 3085//3062
f 2382//2355 5512//5453 2549//2521
f 2549//2521 5513//5454 2554//2525
f 2380//2354 5512//5453 2381//2353
f 5514//5455 5513//5454 5512//5453
f 5521//5456 5515//5457 5514//5455
f 5517//5458 3124//3099 3125//3102
f 5517//5458 5518//5459 3124//3099
f 2554//2525 5517//5458 2560//2529
f 5517//5458 5515//5457 5518//5459
f 3124//3099 5519//5460 3083//3100
f 2380//2354 2377//2348 5516//5461
f 5516//5461 2377//2348 2376//2347
f 5510//5451 5522//5462 3078//5452
f 3124//3099 5520//5463 5523//5464
f 5521//5456 2544//2515 5515//5457
f 5515//5457 2544//2515 5520//5463
f 5523//5464 2521//5465 2528//2499
f 5522//5462 5523//5464 5511//5466
f 3083//3100 5519//5460 5522//5462
f 2519//5467 5524//5468 5520//5463
f 5524//5468 5523//5464 5520//5463
f 1422//1402 5525//5469 1430//1407
f 1411//1395 1418//1401 1422//1402
f 5525//5469 1475//5470 1588//1580
f 5526//5471 5528//5472 5525//5469
f 1431//1412 1475//5470 1476//1413
f 5527//5473 5530//5474 5526//5471
f 1475//5470 5531//5475 1476//1413
f 5527//5473 5532//5476 5530//5474
f 1412//1398 5532//5476 1418//1401
f 1437//1418 5533//5477 1412//1398
f 5530//5474 5534//5478 5531//5475
f 5535//5479 5530//5474 5532//5476
f 1447//1437 1437//1418 1439//1420
f 5536//1442 5535//5479 1447//1437
f 1463//1451 5534//5478 5536//1442
f 1423//5480 1414//1400 1419//1562
f 1585//1563 5537//5481 1582//1564
f 1585//1563 5538//1633 5537//5481
f 5539//5482 5538//1633 1477//1628
f 1582//1564 5540//5483 1425//1561
f 1582//1564 5537//5481 5540//5483
f 5537//5481 5541//5484 5540//5483
f 1472//1449 5542//5485 1471//1617
f 1471//1617 5542//5485 1477//1628
f 5542//5485 5539//5482 1477//1628
f 5539//5482 5541//5484 5538//1633
f 1458//1440 5543//5486 1464//1444
f 1464//1444 5544//5487 5542//5485
f 5542//5485 5544//5487 5539//5482
f 5544//5487 5541//5484 5539//5482
f 1441//1421 5546//5488 5545//5489
f 5541//5484 1423//5480 5540//5483
f 5545//5489 1457//1439 1449//1430
f 1457//1439 5547//5490 5543//5486
f 1413//1399 1423//5480 713//701
f 5541//5484 5544//5487 5548//5491
f 1440//1422 741//727 5546//5488
f 5545//5489 5549//5492 5547//5490
f 5546//5488 5549//5492 5545//5489
f 5547//5490 5548//5491 5544//5487
f 5549//5492 5550//5493 5547//5490
f 5547//5490 5550//5493 5548//5491
f 740//726 713//701 5550//5493
f 5550//5493 713//701 5548//5491
f 529//5494 413//413 528//525
f 530//528 5553//5495 529//5494
f 5551//5496 526//523 527//524
f 5552//5497 527//524 413//413
f 1046//1036 1041//1026 1044//1032
f 1046//1036 1045//1038 5559//5498
f 516//511 5561//5499 521//518
f 535//1027 5556//5500 533//530
f 5552//5497 5551//5496 527//524
f 5555//5501 5557//5502 5552//5497
f 5556//5500 5558//5503 5555//5501
f 1041//1026 5559//5498 5556//5500
f 5561//5499 1047//1040 1022//1013
f 1047//1040 5561//5499 5560//5504
f 5559//5498 5562//5505 5558//5503
f 526//523 5551//5496 525//522
f 524//521 525//522 511//512
f 525//522 5557//5502 5563//5506
f 511//512 5563//5506 516//511
f 5554//5507 5560//5504 5561//5499
f 5560//5504 1048//1041 1047//1040
f 11//1 10//233 9//2
f 5//7 11//1 8//3
f 11//1 241//5 10//233
f 12//4 242//237 241//5
f 6//6 12//4 11//1
f 12//4 243//236 242//237
f 18//11 6//6 5//7
f 15//10 18//11 13//8
f 20//15 15//10 16//12
f 5//7 8//3 21//16
f 14//9 13//8 21//16
f 14//9 22//17 23//18
f 26//19 23//18 24//249
f 26//19 24//249 25//20
f 26//19 16//12 15//10
f 17//13 26//19 25//20
f 19//14 17//13 27//21
f 31//24 30//327 32//25
f 33//32 35//27 37//33
f 37//33 35//27 36//29
f 36//29 38//31 40//26
f 38//31 31//24 40//26
f 49//39 33//32 48//34
f 49//39 45//41 33//32
f 42//38 41//40 49//39
f 48//34 37//33 1//46
f 44//35 46//42 47//36
f 46//42 1//46 2//43
f 47//36 168//45 4//163
f 49//39 48//34 1//46
f 1//46 36//29 39//30
f 43//37 47//36 57//47
f 50//48 57//47 52//50
f 57//47 60//52 51//49
f 51//49 56//53 58//54
f 58//54 53//51 51//49
f 59//55 55//5508 54//56
f 60//52 4//163 179//172
f 47//36 4//163 60//52
f 58//54 61//175 62//57
f 59//55 62//57 326//332
f 55//5508 59//55 63//59
f 55//5508 63//59 64//61
f 66//62 243//236 12//4
f 67//63 12//4 6//6
f 65//5509 67//63 6//6
f 65//5509 68//66 67//63
f 69//64 66//62 67//63
f 70//65 67//63 68//66
f 65//5509 6//6 18//11
f 72//69 65//5509 18//11
f 72//69 18//11 20//15
f 73//68 16//12 19//14
f 74//70 20//15 73//68
f 75//74 74//70 73//68
f 76//71 65//5509 72//69
f 76//71 72//69 74//70
f 78//73 77//72 74//70
f 28//22 73//68 19//14
f 65//5509 76//71 68//66
f 79//75 75//74 73//68
f 71//67 68//66 76//71
f 81//77 75//74 79//75
f 83//80 71//67 76//71
f 83//80 76//71 77//72
f 84//81 77//72 80//76
f 85//82 80//76 81//77
f 87//85 85//82 81//77
f 87//85 81//77 86//83
f 89//88 28//22 255//87
f 82//78 79//75 89//88
f 398//398 89//88 90//89
f 86//83 82//78 89//88
f 94//5510 93//477 30//327
f 98//96 178//170 99//97
f 98//96 100//98 101//99
f 99//97 178//170 102//101
f 178//170 96//93 102//101
f 110//5511 115//110 113//106
f 113//106 111//105 110//5511
f 109//104 108//238 111//105
f 114//108 113//106 115//110
f 113//106 114//108 112//120
f 112//120 109//104 113//106
f 117//107 112//120 114//108
f 119//111 115//110 116//243
f 117//107 120//112 121//125
f 122//113 120//112 118//109
f 122//113 118//109 119//111
f 123//114 119//111 107//224
f 108//238 109//104 126//119
f 126//119 124//118 108//238
f 128//115 126//119 129//116
f 128//115 125//250 124//118
f 112//120 126//119 109//104
f 140//131 128//115 127//117
f 131//122 129//116 112//120
f 130//121 129//116 132//123
f 133//124 132//123 135//126
f 121//125 131//122 117//107
f 132//123 131//122 121//125
f 134//127 130//121 133//124
f 133//124 135//126 137//129
f 136//128 133//124 138//130
f 139//258 128//115 140//131
f 140//131 127//117 130//121
f 141//133 140//131 142//132
f 144//134 142//132 143//136
f 264//262 141//133 144//134
f 145//135 136//128 147//705
f 145//135 134//127 136//128
f 143//136 145//135 148//138
f 146//137 143//136 148//138
f 150//140 144//134 146//137
f 155//148 153//147 158//150
f 155//148 158//150 157//157
f 153//147 156//143 159//149
f 160//152 161//151 162//153
f 162//153 164//156 155//148
f 164//156 324//328 154//146
f 97//94 166//154 637//159
f 637//159 157//157 638//632
f 168//45 172//166 173//162
f 168//45 3//44 167//161
f 167//161 169//160 170//164
f 172//166 167//161 171//165
f 2//43 160//152 169//160
f 170//164 169//160 174//167
f 172//166 175//168 177//169
f 169//160 162//153 163//155
f 176//100 175//168 98//96
f 174//167 165//158 96//93
f 171//165 174//167 178//170
f 175//168 171//165 98//96
f 177//169 175//168 176//100
f 180//171 4//163 173//162
f 179//172 180//171 183//178
f 179//172 183//178 181//330
f 173//162 177//169 186//102
f 181//330 183//178 184//173
f 183//178 180//171 186//102
f 190//180 184//173 183//178
f 184//173 190//180 185//174
f 187//176 327//331 182//177
f 186//102 177//169 176//100
f 191//183 188//209 187//176
f 189//179 105//184 103//185
f 190//180 103//185 192//181
f 194//188 191//183 193//182
f 193//182 106//186 195//187
f 197//193 202//189 196//191
f 198//192 204//196 202//189
f 205//194 212//200 203//195
f 199//339 204//196 198//192
f 207//198 206//204 200//197
f 201//190 207//198 200//197
f 202//189 208//199 207//198
f 203//195 209//201 208//199
f 204//196 203//195 202//189
f 214//202 213//244 206//204
f 216//205 215//203 207//198
f 208//199 218//208 216//205
f 209//201 219//206 218//208
f 220//212 210//211 217//210
f 211//213 220//212 219//206
f 212//200 211//213 209//201
f 221//215 213//244 214//202
f 216//205 225//207 223//216
f 216//205 223//216 215//203
f 188//209 191//183 224//217
f 225//207 217//210 224//217
f 221//215 226//218 107//224
f 223//216 227//221 226//218
f 191//183 194//188 228//219
f 224//217 228//219 229//220
f 229//220 225//207 224//217
f 107//224 230//222 123//114
f 235//225 226//218 227//221
f 228//219 232//227 233//228
f 233//228 229//220 228//219
f 234//226 227//221 229//220
f 9//2 239//241 238//232
f 7//229 9//2 238//232
f 10//233 240//235 246//234
f 243//236 199//339 198//192
f 9//2 246//234 239//241
f 241//5 197//193 240//235
f 242//237 198//192 197//193
f 111//105 244//239 110//5511
f 244//239 245//240 247//242
f 244//239 238//232 239//241
f 240//235 196//191 200//197
f 110//5511 244//239 247//242
f 247//242 213//244 116//243
f 247//242 115//110 110//5511
f 107//224 116//243 221//215
f 107//224 119//111 116//243
f 250//245 7//229 237//231
f 21//16 8//3 7//229
f 23//18 248//246 249//247
f 237//231 108//238 124//118
f 248//246 237//231 124//118
f 124//118 249//247 248//246
f 24//249 251//248 252//259
f 25//20 253//251 258//252
f 27//21 25//20 254//253
f 29//23 27//21 254//253
f 252//259 251//248 257//5512
f 252//259 253//251 24//249
f 252//259 258//252 253//251
f 29//23 254//253 261//255
f 256//256 29//23 261//255
f 125//250 128//115 139//258
f 139//258 257//5512 251//248
f 257//5512 139//258 262//260
f 252//259 257//5512 262//260
f 259//261 260//254 258//252
f 264//262 139//258 140//131
f 264//262 262//260 139//258
f 266//264 260//254 259//261
f 261//255 260//254 266//264
f 263//257 261//255 267//265
f 265//263 262//260 270//274
f 265//263 266//264 259//261
f 266//264 265//263 268//267
f 269//268 267//265 266//264
f 269//268 266//264 268//267
f 262//260 264//262 270//274
f 265//263 270//274 271//266
f 272//269 268//267 271//266
f 269//268 268//267 272//269
f 274//270 272//269 273//271
f 144//134 270//274 264//262
f 277//275 271//266 270//274
f 273//271 272//269 279//277
f 281//279 273//271 280//278
f 282//284 276//273 275//272
f 150//140 151//141 283//281
f 277//275 283//281 284//282
f 278//276 271//266 277//275
f 279//277 272//269 278//276
f 285//283 281//279 280//278
f 282//284 275//272 286//280
f 284//282 283//281 288//286
f 291//289 279//277 284//282
f 280//278 279//277 291//289
f 285//283 280//278 292//290
f 294//292 286//280 285//283
f 287//285 286//280 294//292
f 298//294 299//296 303//298
f 300//295 298//294 886//300
f 301//305 306//302 299//296
f 311//309 308//474 310//308
f 308//474 476//306 310//308
f 474//311 296//293 300//295
f 322//324 310//308 313//313
f 310//308 312//307 777//312
f 312//307 300//295 302//301
f 314//314 316//319 318//315
f 477//318 308//474 311//309
f 317//317 318//315 319//321
f 318//315 316//319 309//310
f 319//321 320//320 321//144
f 320//320 309//310 322//324
f 309//310 310//308 322//324
f 321//144 322//324 787//322
f 40//26 32//25 323//325
f 323//325 317//317 324//328
f 323//325 315//316 317//317
f 32//25 314//314 315//316
f 39//30 325//329 161//151
f 161//151 324//328 164//156
f 325//329 323//325 324//328
f 1//46 39//30 160//152
f 179//172 56//53 60//52
f 184//173 58//54 56//53
f 182//177 62//57 61//175
f 62//57 182//177 327//331
f 326//332 327//331 333//334
f 332//335 331//92 330//333
f 365//338 205//194 204//196
f 336//351 333//334 327//331
f 339//345 350//355 337//337
f 340//340 339//345 337//337
f 334//341 340//340 205//194
f 333//334 336//351 338//342
f 330//333 333//334 338//342
f 343//346 339//345 340//340
f 329//60 333//334 330//333
f 355//347 342//344 343//346
f 345//349 335//336 341//343
f 336//351 327//331 187//176
f 337//337 211//213 212//200
f 349//354 348//352 347//353
f 350//355 349//354 211//213
f 351//356 338//342 348//352
f 352//357 351//356 349//354
f 339//345 352//357 350//355
f 338//342 351//356 352//357
f 342//344 353//358 352//357
f 354//359 353//358 342//344
f 356//360 345//349 341//343
f 356//360 354//359 355//347
f 358//362 357//361 355//347
f 358//362 355//347 344//348
f 360//364 346//350 345//349
f 361//365 360//364 357//361
f 362//366 361//365 358//362
f 220//212 347//353 336//351
f 382//387 361//365 362//366
f 365//338 199//339 243//236
f 367//370 365//338 366//369
f 368//371 366//369 66//62
f 369//373 368//371 69//64
f 371//376 369//373 69//64
f 371//376 69//64 370//79
f 372//372 334//341 367//370
f 373//374 372//372 369//373
f 376//378 359//363 372//372
f 376//378 372//372 373//374
f 378//377 377//379 373//374
f 371//376 375//381 378//377
f 380//380 379//382 378//377
f 363//367 359//363 376//378
f 377//379 363//367 376//378
f 383//384 382//387 363//367
f 384//385 383//384 377//379
f 382//387 362//366 363//367
f 385//388 384//385 379//382
f 85//82 386//84 84//81
f 375//381 371//376 83//80
f 387//389 83//80 84//81
f 387//389 84//81 386//84
f 388//390 386//84 87//85
f 388//390 87//85 88//86
f 390//392 375//381 387//389
f 388//390 391//394 390//392
f 388//390 392//393 391//394
f 390//392 380//380 375//381
f 394//396 380//380 390//392
f 391//394 395//397 393//395
f 394//396 381//383 380//380
f 393//395 396//5513 394//396
f 255//87 29//23 256//256
f 405//404 398//398 397//399
f 86//83 399//400 88//86
f 91//90 400//401 399//400
f 401//406 400//401 398//398
f 399//400 389//391 88//86
f 401//406 402//402 400//401
f 402//402 403//403 399//400
f 406//408 401//406 405//404
f 408//409 403//403 402//402
f 409//410 408//409 401//406
f 410//412 407//407 406//408
f 410//412 411//411 407//407
f 410//412 412//414 413//413
f 417//454 416//416 415//417
f 416//416 419//453 418//527
f 419//453 416//416 417//454
f 421//420 263//257 267//265
f 420//418 263//257 421//420
f 423//421 404//405 420//418
f 424//423 405//404 404//405
f 425//424 406//408 405//404
f 426//425 410//412 406//408
f 421//420 267//265 269//268
f 429//422 422//419 421//420
f 428//428 429//422 427//426
f 424//423 423//421 429//422
f 425//424 424//423 431//429
f 426//425 425//424 432//430
f 427//426 269//268 274//270
f 276//273 433//431 274//270
f 428//428 427//426 433//431
f 430//427 428//428 435//433
f 431//429 430//427 436//434
f 432//430 431//429 437//435
f 412//414 415//417 414//415
f 412//414 432//430 438//436
f 434//432 276//273 439//437
f 435//433 434//432 440//438
f 436//434 435//433 441//439
f 437//435 436//434 441//439
f 417//454 415//417 438//436
f 443//440 439//437 282//284
f 442//441 440//438 439//437
f 444//442 441//439 440//438
f 441//439 446//444 445//443
f 437//435 445//443 447//445
f 447//445 417//454 438//436
f 443//440 287//285 295//447
f 449//449 444//442 442//441
f 445//443 453//452 452//451
f 447//445 454//455 419//453
f 458//460 457//457 456//458
f 296//293 457//457 298//294
f 457//457 460//459 297//299
f 460//459 461//466 459//463
f 459//463 462//461 297//299
f 465//464 464//469 463//462
f 466//465 463//462 459//463
f 467//467 301//305 299//296
f 464//469 467//467 462//461
f 469//470 468//468 464//469
f 470//471 307//304 467//467
f 471//472 470//471 468//468
f 472//965 471//472 469//470
f 473//5514 475//473 308//474
f 474//311 455//456 296//293
f 476//306 474//311 312//307
f 477//318 473//5514 308//474
f 346//350 480//478 335//336
f 481//480 480//478 346//350
f 483//481 360//364 364//368
f 482//479 346//350 483//481
f 485//483 483//481 364//368
f 486//386 485//483 361//365
f 487//484 484//482 483//481
f 486//386 490//488 489//486
f 491//487 487//484 485//483
f 492//489 488//485 487//484
f 494//490 492//489 491//487
f 384//385 495//492 383//384
f 496//493 490//488 486//386
f 493//491 491//487 490//488
f 385//388 498//497 384//385
f 384//385 498//497 497//494
f 499//498 493//491 496//493
f 500//495 499//498 496//493
f 494//490 493//491 499//498
f 503//500 488//485 492//489
f 505//505 502//499 499//498
f 500//495 505//505 499//498
f 507//503 506//502 498//497
f 508//504 503//500 502//499
f 396//5513 393//395 395//397
f 392//393 511//512 395//397
f 396//5513 509//506 394//396
f 395//397 510//509 396//5513
f 511//512 510//509 395//397
f 512//508 513//515 396//5513
f 510//509 512//508 396//5513
f 511//512 514//507 510//509
f 513//515 509//506 396//5513
f 516//511 515//510 514//507
f 518//514 517//513 509//506
f 516//511 519//516 515//510
f 517//513 501//496 385//388
f 522//519 507//503 501//496
f 520//517 518//514 519//516
f 524//521 389//391 403//403
f 526//523 525//522 403//403
f 527//524 526//523 408//409
f 527//524 411//411 413//413
f 531//526 530//528 528//525
f 531//526 528//525 414//415
f 529//5494 528//525 530//528
f 418//527 532//529 530//528
f 418//527 531//526 416//416
f 534//1030 535//1027 533//530
f 534//1030 533//530 532//529
f 543//531 642//635 545//532
f 642//635 643//634 545//532
f 544//533 545//532 1233//534
f 550//537 551//542 548//646
f 551//542 550//537 554//539
f 553//541 549//540 543//531
f 552//544 548//646 551//542
f 549//540 642//635 543//531
f 554//539 553//541 559//1225
f 554//539 547//538 553//541
f 553//541 543//531 558//1226
f 559//1225 553//541 558//1226
f 551//542 554//539 556//545
f 555//543 551//542 556//545
f 558//1226 543//531 544//533
f 548//646 552//544 560//549
f 564//555 552//544 555//543
f 564//555 560//549 552//544
f 560//549 564//555 561//547
f 562//551 569//557 565//552
f 563//553 565//552 566//560
f 555//543 557//546 567//554
f 576//561 536//563 537//564
f 579//566 578//569 576//561
f 579//566 576//561 577//565
f 582//568 581//573 578//569
f 573//570 582//568 579//566
f 584//574 582//568 573//570
f 586//1247 583//571 581//573
f 587//576 586//1247 581//573
f 589//594 587//576 584//574
f 574//578 563//553 566//560
f 594//600 593//579 592//581
f 595//582 573//570 572//567
f 595//582 572//567 593//579
f 596//583 593//579 594//600
f 598//585 597//584 595//582
f 599//586 597//584 598//585
f 602//589 599//586 600//587
f 591//580 577//565 537//564
f 603//590 591//580 538//591
f 593//579 572//567 577//565
f 597//584 599//586 585//575
f 604//593 585//575 599//586
f 599//586 601//588 604//593
f 589//594 584//574 604//593
f 606//596 604//593 601//588
f 607//598 606//596 601//588
f 594//600 609//601 610//602
f 613//604 594//600 611//603
f 598//585 596//583 613//604
f 614//605 613//604 611//603
f 600//587 598//585 614//605
f 615//607 600//587 614//605
f 617//616 602//589 616//606
f 603//590 539//592 540//608
f 609//601 592//581 603//590
f 610//602 540//608 541//1165
f 610//602 541//1165 618//609
f 619//610 612//613 611//603
f 612//613 619//610 620//611
f 621//612 614//605 611//603
f 615//607 614//605 621//612
f 602//589 617//616 601//588
f 608//599 601//588 617//616
f 617//616 623//615 608//599
f 616//606 624//617 623//615
f 622//614 621//612 626//619
f 628//621 622//614 627//620
f 625//618 615//607 628//621
f 790//623 781//771 630//624
f 781//771 780//767 630//624
f 635//628 631//625 632//626
f 634//629 632//626 542//536
f 542//536 1335//1319 1223//1214
f 542//536 632//626 1335//1319
f 636//95 637//159 641//633
f 638//632 633//627 635//628
f 640//630 636//95 641//633
f 637//159 635//628 641//633
f 639//631 640//630 642//635
f 640//630 641//633 643//634
f 643//634 634//629 542//536
f 99//97 102//101 646//636
f 100//98 99//97 647//637
f 100//98 647//637 644//638
f 644//638 101//99 100//98
f 639//631 549//540 646//636
f 644//638 550//537 548//646
f 548//646 645//639 644//638
f 549//540 639//631 642//635
f 647//637 646//636 547//538
f 547//538 646//636 549//540
f 101//99 645//639 104//103
f 105//184 648//641 651//640
f 103//185 651//640 192//181
f 654//643 106//186 192//181
f 106//186 654//643 649//645
f 649//645 195//187 106//186
f 654//643 192//181 652//642
f 645//639 548//646 650//548
f 562//551 652//642 651//640
f 652//642 562//551 654//643
f 563//553 654//643 562//551
f 563//553 653//644 654//643
f 657//650 656//647 658//649
f 656//647 653//644 660//648
f 657//650 658//649 661//651
f 653//644 563//553 574//578
f 661//651 658//649 660//648
f 664//655 662//652 661//651
f 660//648 653//644 574//578
f 660//648 574//578 665//656
f 671//660 121//125 120//112
f 670//661 122//113 123//114
f 671//660 670//661 673//666
f 674//668 670//661 672//662
f 674//668 673//666 670//661
f 674//668 672//662 655//663
f 671//660 673//666 676//664
f 674//668 655//663 677//667
f 675//665 676//664 678//669
f 679//670 678//669 681//673
f 678//669 680//671 683//675
f 680//671 659//672 683//675
f 684//813 683//675 659//672
f 681//673 685//677 682//674
f 686//676 685//677 681//673
f 683//675 684//813 687//814
f 687//814 686//676 683//675
f 685//677 686//676 688//678
f 686//676 687//814 690//680
f 692//683 138//130 137//129
f 694//682 137//129 121//125
f 136//128 138//130 693//684
f 695//685 137//129 694//682
f 692//683 137//129 695//685
f 695//685 671//660 675//665
f 693//684 692//683 696//686
f 695//685 675//665 679//670
f 696//686 695//685 698//688
f 697//687 696//686 699//689
f 699//689 698//688 702//691
f 697//687 699//689 702//691
f 700//716 697//687 703//692
f 703//692 702//691 704//693
f 705//694 704//693 709//698
f 710//699 624//617 625//618
f 708//697 706//695 714//702
f 707//696 685//677 689//679
f 714//702 1413//1399 708//697
f 691//681 1415//1559 689//679
f 148//138 145//135 147//705
f 721//710 717//706 720//709
f 147//705 717//706 721//710
f 718//707 147//705 721//710
f 149//139 148//138 719//708
f 716//704 693//684 697//687
f 723//711 721//710 722//713
f 719//708 718//707 723//711
f 724//712 719//708 723//711
f 716//704 697//687 700//716
f 720//709 716//704 700//716
f 722//713 721//710 720//709
f 727//717 720//709 700//716
f 725//714 720//709 728//718
f 724//712 723//711 726//715
f 705//694 727//717 703//692
f 731//721 726//715 725//714
f 727//717 705//694 733//725
f 730//720 727//717 733//725
f 705//694 709//698 733//725
f 734//728 730//720 733//725
f 734//728 735//722 730//720
f 736//723 729//719 731//721
f 737//724 732//742 729//719
f 739//1414 625//618 629//622
f 733//725 709//698 713//701
f 740//726 734//728 733//725
f 741//727 735//722 734//728
f 742//729 736//723 735//722
f 742//729 737//724 736//723
f 744//731 763//748 737//724
f 152//142 146//137 747//732
f 747//732 149//139 724//712
f 750//735 748//733 152//142
f 750//735 152//142 747//732
f 749//734 750//735 752//737
f 751//736 724//712 729//719
f 750//735 751//736 754//739
f 752//737 750//735 754//739
f 756//852 757//741 755//740
f 753//738 752//737 755//740
f 751//736 729//719 732//742
f 758//743 754//739 751//736
f 755//740 754//739 759//744
f 762//746 756//852 761//745
f 756//852 755//740 761//745
f 763//748 758//743 732//742
f 764//749 759//744 758//743
f 761//745 759//744 764//749
f 745//750 760//747 764//749
f 746//751 738//752 760//747
f 766//757 302//301 889//872
f 766//757 895//878 767//753
f 767//753 768//759 772//754
f 767//753 771//755 766//757
f 769//756 765//769 766//757
f 771//755 772//754 770//761
f 773//758 775//760 772//754
f 778//765 777//312 782//5515
f 302//301 779//764 777//312
f 782//5515 777//312 779//764
f 778//765 782//5515 783//766
f 779//764 766//757 765//769
f 782//5515 779//764 784//768
f 783//766 782//5515 784//768
f 780//767 783//766 1323//770
f 789//145 786//323 788//5516
f 787//322 313//313 778//765
f 159//149 789//145 785//772
f 788//5516 786//323 787//322
f 788//5516 787//322 781//771
f 789//145 788//5516 781//771
f 785//772 789//145 790//623
f 638//632 158//150 633//627
f 158//150 159//149 785//772
f 633//627 785//772 631//625
f 631//625 785//772 790//623
f 791//775 194//188 195//187
f 791//775 195//187 792//779
f 793//773 230//222 231//223
f 232//227 194//188 791//775
f 791//775 792//779 794//776
f 796//777 233//228 232//227
f 796//777 234//226 233//228
f 795//774 235//225 234//226
f 195//187 649//645 656//647
f 657//650 792//779 195//187
f 798//780 794//776 792//779
f 797//778 793//773 795//774
f 794//776 798//780 799//782
f 801//783 795//774 796//777
f 801//783 800//781 795//774
f 803//787 655//663 797//778
f 803//787 677//667 655//663
f 805//786 800//781 799//782
f 805//786 797//778 800//781
f 797//778 805//786 803//787
f 807//789 659//672 677//667
f 808//790 798//780 802//784
f 804//785 798//780 808//790
f 810//792 805//786 804//785
f 811//793 806//788 803//787
f 807//789 806//788 813//796
f 812//795 809//791 802//784
f 814//794 810//792 809//791
f 814//794 811//793 810//792
f 806//788 811//793 813//796
f 815//797 812//795 802//784
f 817//798 814//794 812//795
f 819//800 813//796 814//794
f 820//801 816//812 807//789
f 821//804 817//798 815//797
f 821//804 818//799 817//798
f 824//805 819//800 818//799
f 825//806 822//802 819//800
f 826//809 821//804 815//797
f 827//808 823//803 821//804
f 828//810 824//805 823//803
f 829//811 825//806 824//805
f 816//812 684//813 659//672
f 816//812 820//801 822//802
f 688//678 690//680 830//815
f 830//815 822//802 825//806
f 835//819 874//857 738//752
f 835//819 834//864 874//857
f 839//823 290//288 289//287
f 840//822 291//289 290//288
f 841//824 292//290 291//289
f 293//291 292//290 841//824
f 294//292 842//832 843//825
f 294//292 293//291 842//832
f 843//825 295//447 287//285
f 289//287 288//286 749//734
f 839//823 289//287 845//827
f 840//822 839//823 846//828
f 841//824 840//822 847//829
f 849//831 293//291 841//824
f 843//825 852//834 851//936
f 852//834 843//825 842//832
f 845//827 844//826 853//835
f 846//828 845//827 855//837
f 856//838 847//829 846//828
f 848//830 847//829 856//838
f 857//839 849//831 848//830
f 850//833 849//831 857//839
f 852//834 858//840 851//936
f 852//834 850//833 858//840
f 859//843 860//841 753//738
f 844//826 749//734 753//738
f 861//842 853//835 860//841
f 853//835 844//826 860//841
f 862//844 863//845 853//835
f 864//846 855//837 854//836
f 856//838 855//837 864//846
f 867//849 858//840 857//839
f 868//850 851//936 858//840
f 859//843 753//738 757//741
f 875//858 861//842 869//851
f 861//842 859//843 869//851
f 865//847 863//845 870//853
f 871//854 865//847 870//853
f 872//856 867//849 871//854
f 873//855 868//850 867//849
f 874//857 869//851 756//852
f 876//859 870//853 862//844
f 877//860 871//854 870//853
f 872//856 871//854 877//860
f 873//855 872//856 881//861
f 834//864 875//858 874//857
f 879//863 876//859 875//858
f 880//865 881//861 876//859
f 878//862 881//861 884//866
f 838//868 879//863 834//864
f 884//866 880//865 883//870
f 885//961 882//867 884//866
f 304//297 886//300 303//298
f 888//871 887//876 305//303
f 890//873 886//300 304//297
f 304//297 305//303 892//875
f 888//871 894//886 893//877
f 895//878 889//872 886//300
f 892//875 896//879 891//874
f 897//880 887//876 893//877
f 895//878 766//757 889//872
f 895//878 890//873 899//881
f 890//873 896//879 900//882
f 898//883 899//881 890//873
f 901//884 900//882 896//879
f 902//891 905//885 894//886
f 903//888 904//887 900//882
f 905//885 906//889 897//880
f 768//759 767//753 899//881
f 774//762 768//759 899//881
f 904//887 774//762 898//883
f 774//762 773//758 768//759
f 908//893 907//892 904//887
f 906//889 908//893 903//888
f 909//890 910//895 906//889
f 1665//894 776//763 907//892
f 419//453 454//455 911//897
f 419//453 911//897 912//896
f 914//941 911//897 454//455
f 914//941 916//904 917//898
f 916//904 914//941 913//942
f 911//897 914//941 917//898
f 916//904 922//900 921//905
f 922//900 916//904 915//901
f 924//903 917//898 916//904
f 923//906 925//912 918//907
f 923//906 919//899 917//898
f 928//908 922//900 920//902
f 924//903 927//911 929//910
f 927//911 924//903 921//905
f 929//910 930//916 925//912
f 928//908 932//914 933//913
f 932//914 928//908 926//909
f 933//913 934//917 929//910
f 933//913 929//910 927//911
f 930//916 929//910 934//917
f 936//919 937//921 932//914
f 940//922 939//923 934//917
f 935//918 934//917 939//923
f 936//919 973//959 942//925
f 943//926 944//927 937//921
f 938//920 937//921 944//927
f 940//922 938//920 945//928
f 939//923 947//930 941//924
f 939//923 940//922 946//929
f 448//446 295//447 948//934
f 948//934 450//448 448//446
f 949//931 446//444 444//442
f 950//932 453//452 446//444
f 295//447 952//935 951//933
f 952//935 295//447 843//825
f 948//934 951//933 953//937
f 449//449 953//937 954//938
f 953//937 449//449 450//448
f 956//939 949//931 451//450
f 949//931 955//940 950//932
f 957//943 453//452 950//932
f 452//451 913//942 914//941
f 913//942 452//451 453//452
f 951//933 959//944 958//945
f 953//937 951//933 958//945
f 953//937 960//946 961//947
f 956//939 961//947 962//948
f 961//947 956//939 954//938
f 963//949 950//932 955//940
f 957//943 915//901 916//904
f 915//901 957//943 950//932
f 959//944 965//951 964//950
f 965//951 952//935 851//936
f 960//946 958//945 964//950
f 920//902 963//949 962//948
f 969//954 968//955 964//950
f 969//954 965//951 868//850
f 966//952 964//950 968//955
f 970//956 967//953 966//952
f 926//909 920//902 967//953
f 970//956 971//957 972//958
f 931//915 926//909 967//953
f 971//957 878//862 882//867
f 972//958 973//959 936//919
f 973//959 972//958 971//957
f 974//960 973//959 882//867
f 975//962 888//871 307//304
f 471//472 975//962 470//471
f 975//962 977//963 894//886
f 472//965 977//963 471//472
f 979//5517 980//966 978//967
f 977//963 976//964 902//891
f 902//891 980//966 909//890
f 4998//4946 1779//1763 980//966
f 1779//1763 981//968 980//966
f 500//495 983//978 982//969
f 500//495 984//970 983//978
f 506//502 984//970 497//494
f 985//971 508//504 505//505
f 986//972 503//500 508//504
f 986//972 504//501 503//500
f 982//969 989//976 988//974
f 989//976 982//969 983//978
f 990//975 986//972 985//971
f 983//978 993//980 992//979
f 994//987 993//980 984//970
f 995//981 994//987 984//970
f 996//982 995//981 506//502
f 990//975 989//976 992//979
f 993//980 997//983 992//979
f 998//984 986//972 990//975
f 999//985 991//977 986//972
f 994//987 1001//991 1000//986
f 1003//989 998//984 997//983
f 1002//988 1001//991 994//987
f 1000//986 1007//992 1006//993
f 1007//992 1010//999 1009//995
f 1007//992 1008//994 1010//999
f 1011//996 1008//994 1001//991
f 1012//998 1003//989 1006//993
f 999//985 1003//989 1012//998
f 1008//994 1014//1005 1013//1001
f 1015//1002 1012//998 1010//999
f 1016//1003 1004//1000 1012//998
f 1011//996 1018//1025 1017//1004
f 1013//1001 1014//1005 1019//1006
f 523//520 1020//1007 518//514
f 1022//1013 1021//1008 521//518
f 1023//1009 996//982 507//503
f 1020//1007 1023//1009 522//519
f 1021//1008 1024//1012 523//520
f 1024//1012 1020//1007 523//520
f 1025//1010 1027//1014 1023//1009
f 1027//1014 1005//997 996//982
f 1024//1012 1025//1010 1020//1007
f 1028//1018 1024//1012 1026//1011
f 1030//1016 1029//1015 1025//1010
f 1028//1018 1030//1016 1024//1012
f 1031//1017 1030//1016 1028//1018
f 1032//1020 1011//996 1005//997
f 1030//1016 1032//1020 1029//1015
f 1035//1022 1034//1021 1032//1020
f 1038//1023 1035//1022 1030//1016
f 1037//1809 1018//1025 1034//1021
f 1038//1023 1037//1809 1034//1021
f 1036//1024 1033//1019 1039//1073
f 532//529 912//896 534//1030
f 912//896 532//529 418//527
f 1041//1026 5556//5500 535//1027
f 912//896 918//907 1042//1029
f 535//1027 534//1030 1042//1029
f 1040//1028 535//1027 1043//1031
f 918//907 911//897 919//899
f 1043//1031 1042//1029 1049//1033
f 1044//1032 1040//1028 1050//1034
f 1052//1037 1048//1041 1045//1038
f 1046//1036 1053//1053 1052//1037
f 1053//1053 1046//1036 1044//1032
f 1054//1039 1026//1011 1022//1013
f 1049//1033 918//907 925//912
f 1056//1043 1043//1031 1049//1033
f 1057//1044 1050//1034 1043//1031
f 1053//1053 1044//1032 1058//1045
f 1059//1046 1028//1018 1026//1011
f 1060//1047 1059//1046 1054//1039
f 1060//1047 1048//1041 1052//1037
f 1055//1042 925//912 930//916
f 1056//1043 1055//1042 1061//1048
f 1063//1050 1057//1044 1056//1043
f 1050//1034 1057//1044 1063//1050
f 1051//1035 1065//1052 1064//1051
f 1051//1035 1050//1034 1063//1050
f 1053//1053 1058//1045 1064//1051
f 1059//1046 1067//1058 1028//1018
f 1068//1055 1067//1058 1059//1046
f 1066//1054 1068//1055 1060//1047
f 1060//1047 1052//1037 1066//1054
f 1062//1049 1061//1048 1069//1060
f 1065//1052 1063//1050 1070//1056
f 1071//1057 1053//1053 1064//1051
f 1072//1068 1033//1019 1067//1058
f 1068//1055 1072//1068 1067//1058
f 1069//1060 935//918 941//924
f 1062//1049 1069//1060 1074//1061
f 1076//1063 1070//1056 1062//1049
f 1065//1052 1079//1066 1078//1065
f 1079//1066 1065//1052 1070//1056
f 1080//1067 1071//1057 1064//1051
f 1073//1059 1081//1837 1072//1068
f 1074//1061 941//924 947//930
f 1083//1070 1076//1063 1075//1062
f 1077//1064 1076//1063 1083//1070
f 1085//1833 1084//1071 1083//1070
f 1079//1066 1086//1072 1078//1065
f 1086//1072 1079//1066 1077//1064
f 1080//1067 1081//1837 1073//1059
f 1081//1837 1039//1073 1072//1068
f 1096//1097 1094//1227 1093//1079
f 1095//1080 1097//1083 1098//1081
f 1098//1081 1096//1097 1093//1079
f 1095//1080 1093//1079 1239//1229
f 1097//1083 1102//1085 1099//1082
f 1101//1086 1097//1083 1100//1084
f 1100//1084 1089//1074 1088//1077
f 1104//1088 1102//1085 1101//1086
f 1103//1087 1099//1082 1102//1085
f 1903//1090 1103//1087 1104//1088
f 1104//1088 1101//1086 1091//1880
f 1091//1880 1101//1086 1088//1077
f 1108//1092 567//554 1105//1237
f 1106//1091 1108//1092 1109//1093
f 1107//1230 1106//1091 1111//1094
f 1105//1237 1096//1097 1112//1096
f 1108//1092 1105//1237 1112//1096
f 1109//1093 1108//1092 1114//1099
f 1110//1095 1119//1100 1115//1105
f 1115//1105 1111//1094 1110//1095
f 1099//1082 1112//1096 1098//1081
f 1114//1099 1113//1098 1117//1102
f 1119//1100 1114//1099 1118//1103
f 1119//1100 1109//1093 1114//1099
f 1122//1104 1119//1100 1118//1103
f 1122//1104 1120//1107 1121//1135
f 1116//1101 1126//1108 1123//1106
f 1122//1104 1117//1102 1123//1106
f 1904//1089 1116//1101 1103//1087
f 1125//1110 1121//1135 1120//1107
f 537//564 536//563 1128//1111
f 1128//1111 1127//1239 1130//1113
f 1131//1145 1128//1111 1135//1114
f 1129//1112 1128//1111 1131//1145
f 1135//1114 1130//1113 1134//1120
f 1132//1124 1131//1145 1135//1114
f 1130//1113 1133//1118 1137//1126
f 1130//1113 1127//1239 1133//1118
f 1138//1117 1260//1115 1143//1116
f 1139//1119 1135//1114 1134//1120
f 1140//1122 1132//1124 1135//1114
f 1138//1117 1143//1116 1141//1125
f 1137//1126 1133//1118 1138//1117
f 1146//1127 1140//1122 1139//1119
f 1148//1130 1142//1121 1141//1125
f 1145//1129 1139//1119 1142//1121
f 1115//1105 1122//1104 1147//1131
f 1147//1131 1143//1116 1115//1105
f 1151//1133 1139//1119 1145//1129
f 1152//1132 1146//1127 1139//1119
f 1149//1134 1144//1128 1146//1127
f 1147//1131 1121//1135 1150//1136
f 1145//1129 1148//1130 1150//1136
f 1151//1133 1145//1129 1150//1136
f 1153//1137 1149//1134 1152//1132
f 1154//1140 1150//1136 1121//1135
f 1157//1139 1151//1133 1150//1136
f 1159//1143 538//591 537//564
f 539//592 538//591 1159//1143
f 539//592 1160//1144 1161//1161
f 1131//1145 1132//1124 1162//1146
f 1159//1143 1129//1112 1131//1145
f 1164//1148 1132//1124 1136//1123
f 1163//1147 1164//1148 1166//1150
f 1164//1148 1136//1123 1140//1122
f 1144//1128 1164//1148 1140//1122
f 1167//1151 1166//1150 1164//1148
f 1165//1149 1166//1150 1167//1151
f 1170//1154 1167//1151 1144//1128
f 1168//1152 1167//1151 1171//1155
f 1174//1156 1169//1153 1149//1134
f 1170//1154 1169//1153 1172//1160
f 1175//1158 1170//1154 1172//1160
f 1173//1157 1170//1154 1175//1158
f 1161//1161 540//608 539//592
f 540//608 1179//1162 1177//1163
f 1177//1163 541//1165 540//608
f 1160//1144 1163//1147 1179//1162
f 1177//1163 1180//1166 1181//1169
f 1178//1164 1177//1163 1181//1169
f 1178//1164 1181//1169 1194//1180
f 1163//1147 1165//1149 1182//1167
f 1182//1167 1179//1162 1163//1147
f 1180//1166 1179//1162 1182//1167
f 1183//1170 1180//1166 1184//1168
f 1182//1167 1165//1149 1168//1152
f 1186//1171 1168//1152 1188//1174
f 1187//1173 1184//1168 1189//1175
f 1188//1174 1171//1155 1173//1157
f 1189//1175 1186//1171 1188//1174
f 1188//1174 1173//1157 1176//1159
f 1191//1177 1188//1174 1192//1178
f 1190//1176 1189//1175 1191//1177
f 1265//1181 1194//1180 1195//1183
f 1194//1180 1181//1169 1183//1170
f 1194//1180 1185//1172 1198//1182
f 1199//1184 1196//1186 1195//1183
f 1202//1187 1185//1172 1187//1173
f 1204//1191 1198//1182 1203//1190
f 1200//1188 1199//1184 1204//1191
f 1202//1187 1187//1173 1190//1176
f 1203//1190 1202//1187 1205//1192
f 1205//1192 1190//1176 1193//1179
f 1204//1191 1203//1190 1205//1192
f 1201//1189 1200//1188 1208//1196
f 1208//1196 1207//1271 1201//1189
f 1211//1197 1200//1188 1210//1195
f 1211//1197 1208//1196 1200//1188
f 1210//1195 1204//1191 1213//1194
f 1216//1201 1209//1198 1211//1197
f 1212//1202 1209//1198 1216//1201
f 1218//1215 1338//1321 1219//1207
f 1219//1207 1338//1321 1220//1205
f 542//536 1223//1214 1224//1211
f 1223//1214 1337//1320 1218//1215
f 1226//1216 1236//1213 1225//1212
f 1226//1216 1229//1218 1228//1220
f 1229//1218 1226//1216 1227//1217
f 1219//1207 1221//1204 1227//1217
f 1227//1217 1221//1204 1231//1209
f 1232//1228 546//535 1234//1221
f 546//535 1233//534 1234//1221
f 1233//534 1236//1213 1234//1221
f 1234//1221 1235//1223 1239//1229
f 1233//534 1224//1211 1236//1213
f 1235//1223 1087//1075 1095//1080
f 1234//1221 1236//1213 1237//1222
f 1087//1075 1235//1223 1237//1222
f 1237//1222 1226//1216 1087//1075
f 1226//1216 1228//1220 1087//1075
f 1090//1076 1087//1075 1228//1220
f 1230//1219 1090//1076 1228//1220
f 1230//1219 1092//1078 1090//1076
f 556//545 559//1225 1094//1227
f 556//545 554//539 559//1225
f 544//533 546//535 1232//1228
f 558//1226 544//533 1232//1228
f 1238//1224 556//545 1094//1227
f 1094//1227 558//1226 1232//1228
f 1093//1079 1232//1228 1239//1229
f 557//546 1238//1224 567//554
f 564//555 567//554 1240//556
f 1241//1231 569//557 568//550
f 1245//1234 1244//1233 1242//1232
f 569//557 1241//1231 1244//1233
f 1244//1233 570//558 569//557
f 570//558 1244//1233 1245//1234
f 1246//1236 571//559 565//552
f 1238//1224 1105//1237 567//554
f 1106//1091 1240//556 567//554
f 1240//556 1106//1091 1107//1230
f 1242//1232 1111//1094 1247//1238
f 575//562 1248//1241 1133//1118
f 536//563 575//562 1127//1239
f 1251//1240 1250//1243 1248//1241
f 1252//1242 1249//1245 1250//1243
f 578//569 1252//1242 1251//1240
f 1253//1244 1245//1234 1243//1235
f 580//572 1253//1244 1249//1245
f 581//573 580//572 1252//1242
f 1246//1236 1245//1234 1253//1244
f 571//559 1246//1236 1254//1246
f 1255//1248 588//577 566//560
f 1256//1249 1255//1248 1254//1246
f 1256//1249 586//1247 587//576
f 587//576 589//594 1257//1250
f 588//577 1255//1248 1256//1249
f 590//657 574//578 588//577
f 1259//1252 1258//1251 1256//1249
f 1257//1250 589//594 605//595
f 1249//1245 1243//1235 1247//1238
f 1250//1243 1249//1245 1260//1115
f 1260//1115 1247//1238 1115//1105
f 606//596 1261//597 605//595
f 1262//1358 605//595 1261//597
f 607//598 1263//1360 1261//597
f 607//598 1264//1356 1263//1360
f 620//611 1265//1181 1271//1253
f 620//611 626//619 612//613
f 626//619 620//611 1266//1254
f 627//620 626//619 1267//1255
f 1269//1257 627//620 1268//1256
f 1269//1257 629//622 628//621
f 618//609 1178//1164 1265//1181
f 1268//1256 1266//1254 1272//1260
f 1274//1262 1270//1258 1268//1256
f 1196//1186 1275//1259 1271//1253
f 1276//1264 1272//1260 1266//1254
f 1275//1259 1197//1185 1278//1263
f 1272//1260 1276//1264 1279//1265
f 1281//1268 1273//1261 1272//1260
f 1281//1268 1272//1260 1280//1266
f 1282//1267 1274//1262 1273//1261
f 1277//1269 1274//1262 1282//1267
f 1280//1266 1279//1265 1288//1272
f 1285//1274 1281//1268 1280//1266
f 1282//1267 1281//1268 1285//1274
f 1278//1263 1201//1189 1207//1271
f 1288//1272 1279//1265 1287//1276
f 1284//1273 1288//1272 1290//1278
f 1295//1285 1284//1273 1290//1278
f 1207//1271 1208//1196 1209//1198
f 1287//1276 1207//1271 1292//1281
f 1294//1284 1290//1278 1289//1277
f 1295//1285 1290//1278 1294//1284
f 1285//1274 1284//1273 1295//1285
f 1297//1287 1295//1285 1296//1286
f 1286//1275 1298//1288 1291//1279
f 1286//1275 1285//1274 1297//1287
f 1292//1281 1209//1198 1212//1202
f 1301//1283 1287//1276 1292//1281
f 1301//1283 1292//1281 1300//1289
f 1293//1282 1301//1283 1300//1289
f 1294//1284 1293//1282 1300//1289
f 1296//1286 1294//1284 1302//1290
f 1303//1292 1300//1289 1212//1202
f 1302//1290 1300//1289 1304//1293
f 1306//1291 1302//1290 1305//1294
f 1297//1287 1296//1286 1306//1291
f 1298//1288 1297//1287 1307//1295
f 1310//1297 1309//5518 1299//1298
f 1291//1279 1298//1288 1308//1296
f 1316//1302 1314//1301 1311//1300
f 1316//1302 1312//1303 1315//1305
f 1319//1307 1316//1302 1315//1305
f 1317//1306 1497//1473 1321//2064
f 630//624 1323//770 1336//1318
f 1323//770 783//766 1322//1308
f 1325//1309 1322//1308 1326//1310
f 1336//1318 1323//770 1325//1309
f 1322//1308 1324//1313 1326//1310
f 1326//1310 1324//1313 1328//1311
f 1328//1311 1331//1314 1327//1312
f 1329//1299 1328//1311 1311//1300
f 1220//1205 1327//1312 1331//1314
f 1329//1299 1331//1314 1328//1311
f 1332//1315 1329//1299 1314//1301
f 1334//1317 1333//1210 1332//1315
f 632//626 1336//1318 1335//1319
f 1336//1318 1325//1309 1326//1310
f 1337//1320 1338//1321 1218//1215
f 1335//1319 1326//1310 1327//1312
f 1338//1321 1327//1312 1220//1205
f 1223//1214 1335//1319 1337//1320
f 1339//1322 1258//1251 1259//1252
f 1341//1324 1340//1323 1259//1252
f 665//656 590//657 1339//1322
f 1342//1325 667//658 665//656
f 1343//1326 663//654 668//659
f 1343//1326 664//655 663//654
f 1345//1327 1344//1329 1340//1323
f 1346//1328 1342//1325 1340//1323
f 1347//1330 1346//1328 1344//1329
f 1348//1365 1347//1330 1345//1327
f 1350//1332 1349//1331 1346//1328
f 1351//1333 668//659 1342//1325
f 1352//1334 1343//1326 668//659
f 1354//1335 1351//1333 1350//1332
f 1355//1337 1354//1335 1347//1330
f 1353//1346 1355//1337 1347//1330
f 1356//1336 1352//1334 1351//1333
f 1357//1338 669//807 1352//1334
f 1359//1341 1356//1336 1355//1337
f 1360//1343 1359//1341 1355//1337
f 1353//1346 1360//1343 1355//1337
f 1361//1340 1357//1338 1356//1336
f 1362//1342 1358//1339 1357//1338
f 1365//1347 1361//1340 1359//1341
f 1366//1348 1365//1347 1363//1344
f 1364//1345 1366//1348 1360//1343
f 1367//1349 1362//1342 1361//1340
f 1369//1353 1367//1349 1366//1348
f 1370//1351 1369//1353 1366//1348
f 1373//1354 1371//1514 1369//1353
f 1372//1352 1370//1351 1374//1355
f 1262//1358 1341//1324 605//595
f 1262//1358 1261//597 1263//1360
f 608//599 1376//1361 1375//1357
f 1263//1360 1345//1327 1262//1358
f 1377//1359 1345//1327 1263//1360
f 1375//1357 1378//1362 1377//1359
f 1376//1361 1379//1366 1378//1362
f 1377//1359 1348//1365 1345//1327
f 1381//1364 1353//1346 1347//1330
f 1380//1363 1381//1364 1377//1359
f 1379//1366 1382//1368 1380//1363
f 1384//1367 1383//1369 1381//1364
f 1385//1372 1383//1369 1384//1367
f 1385//1372 1384//1367 1382//1368
f 1382//1368 1386//1374 1385//1372
f 1388//1376 1387//1370 1383//1369
f 1389//1371 1388//1376 1383//1369
f 1390//1378 1389//1371 1385//1372
f 1391//1373 1390//1378 1385//1372
f 1364//1345 1353//1346 1387//1370
f 1393//1381 1388//1376 1389//1371
f 1394//1377 1393//1381 1389//1371
f 1394//1377 1390//1378 1391//1373
f 1393//1381 1396//1380 1388//1376
f 1394//1377 1397//1382 1396//1380
f 1395//1379 1398//1386 1397//1382
f 1399//1383 1388//1376 1396//1380
f 1400//1384 1399//1383 1396//1380
f 1401//1385 1400//1384 1397//1382
f 1402//1387 1370//1351 1366//1348
f 1406//1390 1405//2086 1403//1388
f 1408//1392 1402//1387 1404//1389
f 1408//1392 1404//1389 1403//1388
f 1408//1392 1403//1388 1405//2086
f 623//615 1409//1393 1376//1361
f 710//699 711//1396 1409//1393
f 625//618 1410//1397 710//699
f 710//699 1410//1397 711//1396
f 1411//1395 1409//1393 711//1396
f 1413//1399 712//700 708//697
f 1413//1399 714//702 1414//1400
f 715//703 689//679 1415//1559
f 1376//1361 1416//1394 1379//1366
f 1417//1403 1416//1394 1411//1395
f 715//703 1415//1559 1419//1562
f 1414//1400 715//703 1419//1562
f 1415//1559 1420//1558 1419//1562
f 1416//1394 1421//1405 1382//1368
f 1416//1394 1417//1403 1421//1405
f 1422//1402 1427//1406 1417//1403
f 1419//1562 1420//1558 1424//1560
f 1425//1561 1423//5480 1419//1562
f 1421//1405 1386//1374 1382//1368
f 1426//1404 1391//1373 1386//1374
f 1427//1406 1421//1405 1417//1403
f 1398//1386 1426//1404 1427//1406
f 1427//1406 1428//1408 1398//1386
f 1422//1402 1428//1408 1427//1406
f 1398//1386 1406//1390 1401//1385
f 1429//1409 1432//1410 1398//1386
f 625//618 1434//1415 1410//1397
f 1435//1416 739//1414 629//622
f 1436//1417 1435//1416 1269//1257
f 1434//1415 739//1414 1435//1416
f 1437//1418 1412//1398 1410//1397
f 1439//1420 1437//1418 1434//1415
f 1440//1422 742//729 741//727
f 743//730 742//729 1441//1421
f 1443//1424 745//750 744//731
f 1277//1269 1445//1426 1270//1258
f 1438//1419 1436//1417 1445//1426
f 1448//1428 1447//1437 1439//1420
f 1449//1430 1442//1423 1441//1421
f 1450//1429 1442//1423 1449//1430
f 1450//1429 1443//1424 1442//1423
f 1451//1433 1450//1429 1459//1431
f 1452//1432 1443//1424 1450//1429
f 1454//1434 1446//1427 1277//1269
f 1448//1428 1456//1438 1455//1436
f 1448//1428 1446//1427 1454//1434
f 1460//1446 1451//1433 1459//1431
f 1454//1434 1453//1435 1461//1280
f 1462//1441 1455//1436 1456//1438
f 1466//1443 1458//1440 1464//1444
f 1460//1446 1459//1431 1458//1440
f 1456//1438 1467//1454 1468//1448
f 1467//1454 1456//1438 1461//1280
f 1469//1447 1462//1441 1456//1438
f 1473//2112 1469//1447 1468//1448
f 1462//1441 1469//1447 1474//1450
f 1468//1448 1478//1455 1473//2112
f 1476//1413 1470//1452 1474//1450
f 1476//1413 1474//1450 1433//1411
f 1453//1435 1283//1270 1461//1280
f 1291//1279 1299//1298 1467//1454
f 1478//1455 1468//1448 1467//1454
f 1480//1456 771//755 770//761
f 1483//1459 1482//1457 773//758
f 770//761 775//760 1484//1463
f 1486//1467 1484//1463 775//760
f 1485//1460 1486//1467 775//760
f 1487//1461 1485//1460 1481//1458
f 1483//1459 1487//1461 1482//1457
f 1312//1303 1480//1456 770//761
f 1489//1464 1488//1462 770//761
f 1487//1461 1491//1465 1490//1471
f 1487//1461 1490//1471 1485//1460
f 1490//1471 1493//1468 1485//1460
f 1493//1468 1490//1471 1494//1476
f 1493//1468 1499//1469 1486//1467
f 1495//1470 1494//1476 1490//1471
f 1496//1479 1495//1470 1491//1465
f 1489//1464 1492//1466 1498//1472
f 1499//1469 1498//1472 1492//1466
f 1494//1476 1499//1469 1493//1468
f 1497//1473 1317//1306 1313//1304
f 1501//1474 1500//1483 1498//1472
f 1502//1475 1501//1474 1499//1469
f 1503//1477 1502//1475 1494//1476
f 1504//1478 1503//1477 1495//1470
f 1497//1473 1498//1472 1505//1480
f 1320//1481 1321//2064 1497//1473
f 1500//1483 1505//1480 1498//1472
f 1507//2119 1506//1482 1501//1474
f 1502//1475 1507//2119 1501//1474
f 783//766 784//768 1322//1308
f 1324//1313 765//769 769//756
f 1508//1484 815//797 669//807
f 1509//1486 827//808 826//809
f 1509//1486 828//810 827//808
f 1511//1487 829//811 828//810
f 1513//1489 1514//1490 1511//1487
f 1515//1491 1509//1486 826//809
f 1516//1492 1510//1485 1509//1486
f 1517//1493 1513//1489 1510//1485
f 1518//1530 1512//1488 1514//1490
f 1519//1494 1520//1496 1514//1490
f 1521//1495 1518//1530 1514//1490
f 1358//1339 1508//1484 669//807
f 1523//1500 1515//1491 1508//1484
f 1523//1500 1508//1484 1522//1497
f 1524//1498 1517//1493 1516//1492
f 1529//1499 1524//1498 1515//1491
f 1519//1494 1517//1493 1524//1498
f 1520//1496 1526//1506 1521//1495
f 1527//1502 1522//1497 1358//1339
f 1523//1500 1522//1497 1527//1502
f 1529//1499 1523//1500 1528//1503
f 1530//1504 1525//1501 1524//1498
f 1530//1504 1520//1496 1525//1501
f 1527//1502 1362//1342 1368//1350
f 1534//1508 1528//1503 1527//1502
f 1535//1509 1530//1504 1529//1499
f 1536//1510 1531//1505 1530//1504
f 1537//1511 1536//1510 1535//1509
f 1537//1511 1526//1506 1531//1505
f 1538//1512 1532//1548 1526//1506
f 1540//1515 1534//1508 1533//1507
f 1541//1516 1535//1509 1534//1508
f 1541//1516 1537//1511 1535//1509
f 1542//1517 1539//1513 1371//1514
f 1543//1518 1540//1515 1368//1350
f 1541//1516 1540//1515 1544//1519
f 1546//1521 1537//1511 1541//1516
f 1547//1522 1542//1517 1373//1354
f 1548//1523 1539//1513 1542//1517
f 1548//1523 1543//1518 1539//1513
f 1544//1519 1543//1518 1549//1524
f 1545//1520 1544//1519 1550//1525
f 1550//1525 1546//1521 1545//1520
f 691//681 688//678 1551//1526
f 1552//1529 832//818 833//817
f 1512//1488 833//817 829//811
f 1553//1527 1552//1529 833//817
f 1554//1528 832//818 1552//1529
f 1555//1534 1415//1559 691//681
f 1557//1532 831//816 832//818
f 1553//1527 1518//1530 1521//1495
f 1554//1528 1553//1527 1558//1533
f 1551//1526 1559//1544 1555//1534
f 1562//1535 1559//1544 1551//1526
f 1560//1536 1554//1528 1558//1533
f 1557//1532 1554//1528 1560//1536
f 1561//1537 1556//1531 1557//1532
f 1563//1541 1559//1544 1562//1535
f 1564//1538 1560//1536 1521//1495
f 1565//1539 1561//1537 1560//1536
f 1566//1540 1562//1535 1561//1537
f 1567//1542 1565//1539 1564//1538
f 1575//1546 1568//1543 1563//1541
f 1532//1548 1564//1538 1526//1506
f 1571//1550 1566//1540 1567//1542
f 1574//1552 1567//1542 1570//1547
f 1576//5519 1575//1546 1569//1545
f 1577//1553 1573//1551 1538//1512
f 1578//1554 1570//1547 1573//1551
f 1579//1555 1576//5519 1569//1545
f 1579//1555 1575//1546 1576//5519
f 1559//1544 1420//1558 1555//1534
f 1424//1560 1582//1564 1425//1561
f 1583//1565 1424//1560 1420//1558
f 1582//1564 1424//1560 1583//1565
f 1559//1544 1584//1567 1583//1565
f 1568//1543 1584//1567 1559//1544
f 1583//1565 1586//1566 1585//1563
f 1587//1569 1584//1567 1568//1543
f 1575//1546 1587//1569 1568//1543
f 1590//1570 1591//1573 1589//1571
f 1594//1574 1590//1570 1586//1566
f 1593//1568 1586//1566 1584//1567
f 1595//1576 1594//1574 1593//1568
f 1597//1577 1596//1575 1575//1546
f 1430//1407 1598//1581 2202//1579
f 1588//1580 1599//1582 1598//1581
f 1600//1584 1591//1573 1594//1574
f 1602//1585 1592//1572 1591//1573
f 1604//1587 1601//1583 1600//1584
f 1605//1588 1602//1585 1601//1583
f 1606//1578 1595//1576 1596//1575
f 1607//1589 1608//1590 1603//1586
f 1608//1590 2205//1591 1604//1587
f 1609//1593 836//821 1444//1425
f 836//821 835//819 746//751
f 1611//1592 837//820 836//821
f 1612//1595 838//868 837//820
f 1609//1593 1444//1425 1452//1432
f 1610//1594 1452//1432 1616//1597
f 1618//1596 1610//1594 1616//1597
f 1618//1596 1611//1592 1610//1594
f 1618//1596 1612//1595 1611//1592
f 1620//1600 1613//869 1618//1596
f 1621//1610 1615//1647 1614//1608
f 1616//1597 1451//1433 1460//1446
f 1619//1599 1617//1598 1624//1602
f 1626//1604 1620//1600 1619//1599
f 1628//1606 1614//1608 1613//869
f 1629//1607 1621//1610 1614//1608
f 1630//1609 1622//1649 1621//1610
f 1623//1601 1460//1446 1466//1443
f 1624//1602 1623//1601 1631//1611
f 1633//1613 1625//1603 1624//1602
f 1633//1613 1626//1604 1625//1603
f 1634//1614 1627//1605 1626//1604
f 1627//1605 1628//1606 1620//1600
f 1635//1615 1630//1609 1628//1606
f 1637//1616 1472//1449 1471//1617
f 1638//1619 1465//1445 1472//1449
f 1631//1611 1466//1443 1465//1445
f 1640//1620 1638//1619 1637//1616
f 1632//1612 1631//1611 1638//1619
f 1633//1613 1632//1612 1640//1620
f 1643//1624 1634//1614 1633//1613
f 1644//1625 1627//1605 1634//1614
f 1645//1626 1635//1615 1627//1605
f 1639//1621 1637//1616 1636//1618
f 1641//1622 1639//1621 1647//1629
f 1641//1622 1640//1620 1639//1621
f 1650//1631 1643//1624 1642//1623
f 1650//1631 1645//1626 1643//1624
f 1589//1571 1646//1627 1477//1628
f 1651//1635 1636//1618 1646//1627
f 1592//1572 1652//1641 1646//1627
f 1652//1641 1653//1634 1646//1627
f 1647//1629 1636//1618 1651//1635
f 1653//1634 1654//1636 1651//1635
f 1648//1630 1647//1629 1651//1635
f 1655//1637 1649//1632 1648//1630
f 1649//1632 1642//1623 1641//1622
f 1656//1638 1650//1631 1649//1632
f 1659//1640 1652//1641 1592//1572
f 1660//1643 1653//1634 1659//1640
f 1661//1642 1654//1636 1653//1634
f 1656//1638 1655//1637 1654//1636
f 1662//1644 1659//1640 1602//1585
f 1663//1645 1660//1643 1659//1640
f 1657//1646 1661//1642 1663//1645
f 1657//1646 1658//1639 1656//1638
f 1614//1608 883//870 1613//869
f 1664//1648 885//961 884//866
f 1664//1648 1615//1647 1621//1610
f 1665//894 1483//1459 776//763
f 910//895 1666//1650 908//893
f 1667//1652 1491//1465 1483//1459
f 1668//1651 1667//1652 1666//1650
f 1668//1651 1669//1653 1667//1652
f 1667//1652 1669//1653 1496//1479
f 1669//1653 1504//1478 1496//1479
f 1672//1656 1577//1553 1537//1511
f 1675//1660 1574//1552 1578//1554
f 1676//1659 1571//1550 1574//1552
f 1677//1661 1572//1549 1571//1550
f 1678//1662 1579//1555 1572//1549
f 1672//1656 1673//1657 1577//1553
f 1679//1663 1674//1658 1673//1657
f 1680//1664 1578//1554 1674//1658
f 1680//1664 1683//1667 1675//1660
f 1683//1667 1676//1659 1675//1660
f 1690//1674 1580//1556 1681//1665
f 1684//1668 1685//1669 1680//1664
f 1686//1670 1677//1661 1683//1667
f 1686//1670 1681//1665 1677//1661
f 1581//1557 1672//1656 1546//1521
f 1687//1671 1679//1663 1672//1656
f 1689//1672 1682//1666 1679//1663
f 1691//1673 1688//1693 1580//1556
f 1692//1675 1684//1668 1682//1666
f 1693//1676 1694//1677 1684//1668
f 1685//1669 1696//1679 1686//1670
f 1697//1680 1690//1674 1686//1670
f 1697//1680 1691//1673 1690//1674
f 1698//1681 1699//1682 1694//1677
f 1696//1679 1700//1686 1697//1680
f 1699//1682 1701//1684 1695//1678
f 1702//1683 1696//1679 1695//1678
f 1702//1683 1700//1686 1696//1679
f 1704//1687 1705//1689 1701//1684
f 1706//1688 1702//1683 1701//1684
f 1707//1690 1703//1685 1702//1683
f 1688//1693 1597//1577 1580//1556
f 2256//2229 1608//1590 1607//1589
f 1688//1693 1606//1578 1597//1577
f 2257//2233 1607//1589 1606//1578
f 1709//1692 1606//1578 1688//1693
f 1713//1695 1711//1694 1697//1680
f 1716//1700 1713//1695 1703//1685
f 1774//1757 1715//1696 1718//1699
f 943//926 942//925 1720//1701
f 944//927 943//926 1721//1703
f 945//928 944//927 1722//1704
f 946//929 945//928 1723//1705
f 1725//1712 1724//1706 1723//1705
f 947//930 946//929 1724//1706
f 1720//1701 1719//1702 1726//1707
f 1721//1703 1720//1701 1727//1708
f 1723//1705 1722//1704 1729//1710
f 1725//1712 1723//1705 1730//1711
f 1733//1715 1622//1649 1630//1609
f 1733//1715 1664//1648 1622//1649
f 1726//1707 1664//1648 1733//1715
f 1736//1718 1733//1715 1734//1717
f 1727//1708 1726//1707 1733//1715
f 1728//1709 1727//1708 1736//1718
f 1729//1710 1728//1709 1737//1720
f 1730//1711 1729//1710 1738//1721
f 1731//1713 1730//1711 1738//1721
f 1739//1722 1740//1723 1731//1713
f 1744//1725 1734//1717 1742//1724
f 1746//1727 1735//1719 1744//1725
f 1737//1720 1736//1718 1735//1719
f 1738//1721 1737//1720 1746//1727
f 1739//1722 1738//1721 1748//1730
f 1741//1716 1630//1609 1635//1615
f 1742//1724 1741//1716 1750//1732
f 1745//1728 1744//1725 1743//1726
f 1754//1735 1745//1728 1752//1734
f 1747//1729 1746//1727 1745//1728
f 1756//1737 1754//1735 1753//1736
f 1748//1730 1747//1729 1754//1735
f 1756//1737 1758//1739 1749//1731
f 1760//1742 1761//1743 1645//1626
f 1761//1743 1750//1732 1635//1615
f 1762//1744 1751//1733 1750//1732
f 1743//1726 1742//1724 1751//1733
f 1764//1746 1752//1734 1743//1726
f 1753//1736 1752//1734 1764//1746
f 1757//1740 1755//1738 1766//1748
f 1757//1740 1758//1739 1755//1738
f 1759//1741 1757//1740 1767//1749
f 1658//1639 1760//1742 1650//1631
f 1769//1751 1760//1742 1658//1639
f 1771//1753 1765//1747 1764//1746
f 1772//1754 1766//1748 1771//1753
f 1766//1748 1755//1738 1765//1747
f 1767//1749 1766//1748 1772//1754
f 1768//1750 1767//1749 1773//1755
f 1708//1691 1776//1759 1662//1644
f 1777//1758 1663//1645 1662//1644
f 1777//1758 1769//1751 1657//1646
f 1710//1760 1769//1751 1777//1758
f 1710//1760 1778//1761 1769//1751
f 1778//1761 1770//1752 1760//1742
f 1778//1761 1771//1753 1770//1752
f 1715//1696 1772//1754 1778//1761
f 1772//1754 1771//1753 1778//1761
f 1773//1755 1772//1754 1715//1696
f 1774//1757 1773//1755 1715//1696
f 1779//1763 1670//1655 981//968
f 5008//4953 1780//1762 1779//1763
f 1017//1004 1782//1764 1785//1766
f 1783//1769 1782//1764 1018//1025
f 1014//1005 1785//1766 1784//1765
f 1016//1003 1019//1006 1784//1765
f 1785//1766 1789//1771 1788//1770
f 1789//1771 1785//1766 1782//1764
f 1791//1774 1790//1773 1787//1768
f 1789//1771 1792//1776 1788//1770
f 1790//1773 1792//1776 1789//1771
f 1789//1771 1787//1768 1790//1773
f 1793//1784 1786//1767 1788//1770
f 1796//1772 1795//1775 1790//1773
f 1795//1775 1797//1781 1788//1770
f 1792//1776 1790//1773 1795//1775
f 1793//1784 1788//1770 1797//1781
f 1794//1777 1802//1780 1795//1775
f 1801//1782 1793//1784 1797//1781
f 1799//1778 1805//1786 1806//1779
f 1799//1778 1804//1793 1803//1785
f 1800//1788 1807//1789 1801//1782
f 1803//1785 1811//1792 1810//1794
f 1804//1793 1809//1790 1811//1792
f 1805//1786 1812//1795 1813//1787
f 1815//1796 1798//1783 1807//1789
f 1817//1799 1706//1688 1705//1689
f 1818//1800 1707//1690 1706//1688
f 1820//1801 1817//1799 1816//1798
f 1820//1801 1818//1800 1817//1799
f 1822//1803 1820//1801 1819//1802
f 1808//1791 1822//1803 1810//1794
f 1810//1794 1822//1803 1821//1804
f 1812//1795 1810//1794 1823//1805
f 1824//1806 1813//1787 1812//1795
f 1807//1789 1813//1787 1824//1806
f 1037//1809 1783//1769 1018//1025
f 1825//1808 1787//1768 1783//1769
f 1826//1811 1825//1808 1036//1024
f 1828//1813 1791//1774 1825//1808
f 1825//1808 1829//1814 1828//1813
f 1827//1810 1829//1814 1825//1808
f 1856//1844 1827//1810 1826//1811
f 1830//1812 1796//1772 1791//1774
f 1829//1814 1830//1812 1828//1813
f 1829//1814 1827//1810 1831//1815
f 1834//1816 1799//1778 1794//1777
f 1835//1817 1834//1816 1830//1812
f 1835//1817 1831//1815 1833//1818
f 1833//1818 1837//1820 1836//1821
f 1834//1816 1838//1822 1799//1778
f 1834//1816 1832//1819 1838//1822
f 1842//1825 1840//1824 1809//1790
f 1843//1823 1841//1826 1840//1824
f 1836//1821 1839//1828 1841//1826
f 1871//1827 1836//1821 1837//1820
f 1838//1822 1842//1825 1804//1793
f 1838//1822 1843//1823 1842//1825
f 1836//1821 1843//1823 1832//1819
f 1716//1700 1844//1829 1717//1830
f 1872//1831 1774//1757 1718//1699
f 1839//1828 1872//1831 1844//1829
f 1840//1824 1716//1700 1818//1800
f 1841//1826 1844//1829 1716//1700
f 1082//1069 947//930 1724//1706
f 1845//1832 1082//1069 1724//1706
f 1083//1070 1082//1069 1845//1832
f 1085//1833 1847//1841 1846//1834
f 1086//1072 1084//1071 1846//1834
f 1080//1067 1078//1065 1848//1835
f 1850//1838 1036//1024 1039//1073
f 1849//1836 1850//1838 1081//1837
f 1851//1839 1845//1832 1725//1712
f 1085//1833 1845//1832 1851//1839
f 1852//1842 1847//1841 1085//1833
f 1854//1843 1848//1835 1846//1834
f 1854//1843 1855//1845 1849//1836
f 1849//1836 1848//1835 1854//1843
f 1856//1844 1826//1811 1036//1024
f 1857//1846 1851//1839 1732//1714
f 1853//1840 1859//1848 1858//1847
f 1859//1848 1853//1840 1851//1839
f 1854//1843 1858//1847 1860//1849
f 1861//1850 1862//1851 1855//1845
f 1855//1845 1854//1843 1860//1849
f 1856//1844 1850//1838 1855//1845
f 1857//1846 1740//1723 1749//1731
f 1859//1848 1857//1846 1864//1852
f 1861//1850 1866//1855 1862//1851
f 1864//1852 1758//1739 1759//1741
f 1864//1852 1759//1741 1863//1853
f 1863//1853 1759//1741 1867//1856
f 1831//1815 1866//1855 1869//1858
f 1866//1855 1831//1815 1827//1810
f 1868//1857 1870//1859 1869//1858
f 1775//1756 1870//1859 1768//1750
f 1871//1827 1872//1831 1839//1828
f 1871//1827 1775//1756 1872//1831
f 1871//1827 1869//1858 1870//1859
f 1875//1863 1874//1860 1876//1862
f 1876//1862 1873//1861 1879//1866
f 1879//1866 1878//1865 1979//1968
f 1877//1864 1876//1862 1880//1867
f 1882//1869 1877//1864 1881//1868
f 1886//1874 1092//1078 1230//1219
f 1887//1877 1886//1874 2053//1875
f 1888//1886 1886//1874 1887//1877
f 1889//1876 1888//1886 1887//1877
f 1891//1891 1890//1888 1889//1876
f 1891//1891 1889//1876 2049//1879
f 1091//1880 1894//1881 1893//1883
f 1894//1881 1088//1077 1092//1078
f 1886//1874 1894//1881 1092//1078
f 1895//1884 1894//1881 1886//1874
f 1894//1881 1895//1884 1893//1883
f 1888//1886 1895//1884 1886//1874
f 1890//1888 1888//1886 1889//1876
f 1888//1886 1890//1888 1897//1885
f 1902//1892 1104//1088 1091//1880
f 1905//1894 1902//1892 1893//1883
f 1902//1892 1905//1894 1903//1090
f 1907//1893 1903//1090 1905//1894
f 1904//1089 1907//1893 1906//1903
f 1908//1896 1905//1894 1896//1882
f 1899//2405 1908//1896 1896//1882
f 1912//1909 1125//1110 1124//1109
f 1123//1106 1915//1898 1911//1899
f 1124//1109 1911//1899 1912//1909
f 1915//1898 1126//1108 1910//1897
f 1913//1920 1912//1909 1911//1899
f 1916//1901 1911//1899 1915//1898
f 1914//1900 1913//1920 1911//1899
f 1906//1903 1910//1897 1904//1089
f 1916//1901 1915//1898 2297//1906
f 2297//1906 1915//1898 1906//1903
f 1917//1902 1916//1901 1920//1907
f 1921//1908 1154//1140 1125//1110
f 1922//1910 1155//1141 1154//1140
f 1923//1911 1157//1139 1156//1142
f 1158//1138 1157//1139 1923//1911
f 1926//1913 1921//1908 1912//1909
f 1927//1915 1156//1142 1922//1910
f 1928//1914 1923//1911 1156//1142
f 1925//1916 1924//1912 1923//1911
f 1931//1918 1922//1910 1926//1913
f 1929//1923 1925//1916 1928//1914
f 1933//1919 1912//1909 1913//1920
f 1934//1921 1928//1914 1927//1915
f 1933//1919 1914//1900 1919//1904
f 1937//1925 1930//1917 1933//1919
f 1938//1926 1934//1921 1931//1918
f 1938//1926 1932//1922 1934//1921
f 1938//1926 1935//1933 1932//1922
f 1942//1929 1930//1917 1937//1925
f 1943//1930 1938//1926 1930//1917
f 1935//1933 1938//1926 1945//1932
f 1946//1936 1941//1928 1936//1924
f 1947//1935 1942//1929 1941//1928
f 1947//1935 1948//1937 1943//1930
f 1948//1937 1944//1931 1943//1930
f 1948//1937 1949//5520 1945//1932
f 1949//5520 1953//1961 1945//1932
f 1950//1940 1936//1924 1939//1927
f 1951//1939 1946//1936 1936//1924
f 1952//1941 1947//1935 1946//1936
f 1955//1943 1948//1937 1947//1935
f 1957//1944 1172//1160 1174//1156
f 1957//1944 1175//1158 1172//1160
f 1959//1947 1176//1159 1175//1158
f 1924//1912 1174//1156 1158//1138
f 1174//1156 1924//1912 1956//1945
f 1924//1912 1925//1916 1956//1945
f 1961//1948 1956//1945 1925//1916
f 1961//1948 1957//1944 1956//1945
f 1960//1950 1958//1946 1957//1944
f 1932//1922 1961//1948 1929//1923
f 1962//1949 1961//1948 1932//1922
f 1962//1949 1932//1922 1965//1951
f 1965//1951 1935//1933 1940//1934
f 1966//1954 1964//1952 1968//1958
f 1967//1955 1940//1934 1969//1956
f 1964//1952 1967//1955 1970//1957
f 1968//1958 1970//1957 1972//1959
f 1953//1961 1969//1956 1945//1932
f 1973//1962 2486//2459 1969//1956
f 2442//2414 1973//1962 1953//1961
f 1193//1179 1191//1177 1974//1963
f 1975//1964 1176//1159 1959//1947
f 1974//1963 1192//1178 1976//1965
f 1977//1966 1959//1947 1958//1946
f 1975//1964 1959//1947 1977//1966
f 1977//1966 1960//1950 1963//1953
f 1874//1860 1975//1964 1977//1966
f 1874//1860 1976//1965 1975//1964
f 1875//1863 1976//1965 1874//1860
f 1878//1865 1978//1967 1963//1953
f 1979//1968 1878//1865 1966//1954
f 1979//1968 1968//1958 1971//1960
f 1206//1193 1193//1179 1980//1969
f 1213//1194 1205//1192 1981//1970
f 1981//1970 1206//1193 1980//1969
f 1980//1969 1974//1963 1984//1973
f 1981//1970 1980//1969 1986//1975
f 1983//1972 1981//1970 1986//1975
f 1984//1973 1976//1965 1875//1863
f 1985//1974 1984//1973 1987//1870
f 1987//1870 1984//1973 1875//1863
f 1986//1975 1985//1974 1989//1977
f 1987//1870 1875//1863 1882//1869
f 1986//1975 1989//1977 1990//1978
f 1884//1872 1987//1870 1883//1871
f 1990//1978 1989//1977 1884//1872
f 1992//1980 1991//1979 1990//1978
f 1993//1981 1992//1980 1994//1982
f 1215//1200 1210//1195 1214//1199
f 1215//1200 1999//1984 2000//1986
f 2001//1985 1216//1201 1215//1200
f 1217//1203 1216//1201 2001//1985
f 1214//1199 1213//1194 1982//1971
f 1999//1984 1214//1199 2003//1988
f 2000//1986 1999//1984 2004//1989
f 2001//1985 2000//1986 2005//1990
f 2002//1987 2001//1985 2006//1991
f 2003//1988 1982//1971 1983//1972
f 2004//1989 2003//1988 2008//1994
f 2005//1990 2004//1989 2009//1993
f 2011//2006 2007//1992 2010//1995
f 2006//1991 2005//1990 2010//1995
f 2003//1988 1983//1972 2012//1996
f 2013//1997 2008//1994 2003//1988
f 2009//1993 2008//1994 2014//1998
f 2020//1999 2010//1995 2009//1993
f 2011//2006 2010//1995 2020//1999
f 2017//2001 2012//1996 1988//1976
f 2013//1997 2012//1996 2018//2002
f 2019//2003 2014//1998 2013//1997
f 2023//2008 2017//2001 2016//2000
f 2024//2007 2018//2002 2017//2001
f 2025//2009 2019//2003 2018//2002
f 2020//1999 2019//2003 2025//2009
f 2027//2012 2016//2000 1991//1979
f 2023//2008 2016//2000 2027//2012
f 2029//2057 2026//2010 2028//2507
f 2029//2057 2022//2011 2026//2010
f 1995//1983 2027//2012 1993//1981
f 1996//2013 2024//2007 2027//2012
f 2025//2009 2024//2007 1996//2013
f 2021//2005 2025//2009 1997//2014
f 2026//2010 2021//2005 1998//2015
f 2028//2507 2026//2010 1998//2015
f 2035//2016 2033//5521 2034//2017
f 2030//2023 2036//2018 2091//2073
f 2036//2018 2030//2023 2037//2019
f 2039//5522 2037//2019 2030//2023
f 2037//2019 2039//5522 2038//2021
f 2040//2022 2039//5522 2030//2023
f 2041//2025 1221//1204 1333//1210
f 2042//2030 1222//1208 2041//2025
f 2042//2030 2043//2027 1222//1208
f 2033//5521 2042//2030 2041//2025
f 2033//5521 2041//2025 2032//2026
f 2046//2028 2043//2027 2042//2030
f 2035//2016 2042//2030 2033//5521
f 2047//2032 2045//1878 2046//2028
f 2046//2028 2048//2031 2047//2032
f 2048//2031 2046//2028 2035//2016
f 2049//1879 2045//1878 2047//2032
f 2050//2033 2047//2032 2048//2031
f 2051//2020 2048//2031 2037//2019
f 2052//2398 2049//1879 2050//2033
f 1222//1208 2053//1875 1231//1209
f 2049//1879 2052//2398 1892//2034
f 1303//1292 1217//1203 2002//1987
f 1304//1293 1303//1292 2056//2035
f 1305//1294 1304//1293 2056//2035
f 1306//1291 1305//1294 2057//2036
f 1307//1295 1306//1291 2058//2037
f 2056//2035 2002//1987 2007//1992
f 2062//2039 2057//2036 2056//2035
f 2058//2037 2057//2036 2061//2040
f 1308//1296 1307//1295 2061//2040
f 2059//2038 2007//1992 2011//2006
f 2063//2042 2061//2040 2057//2036
f 1310//1297 2064//2043 2065//2113
f 1310//1297 2061//2040 2063//2042
f 2060//2041 2011//2006 2015//2004
f 2066//2044 2060//2041 2015//2004
f 2059//2038 2060//2041 2066//2044
f 2062//2039 2059//2038 2067//2045
f 2063//2042 2062//2039 2068//2046
f 2066//2044 2015//2004 2070//2048
f 2071//2049 2067//2045 2066//2044
f 2068//2046 2067//2045 2072//2050
f 2073//2051 2069//2047 2068//2046
f 2064//2043 2069//2047 2073//2051
f 2075//2053 2071//2049 2070//2048
f 2072//2050 2071//2049 2075//2053
f 2079//2060 2074//2052 2078//2055
f 2080//2058 2077//2054 2075//2053
f 2080//2058 2078//2055 2077//2054
f 2055//2116 2079//2060 2054//2059
f 2081//2061 1314//1301 1319//1307
f 1317//1306 2082//2062 1315//1305
f 1321//2064 2083//2070 1317//1306
f 2083//2070 2082//2062 1317//1306
f 2087//2066 2081//2061 1319//1307
f 2081//2061 2087//2066 2086//2065
f 2087//2066 1319//1307 2082//2062
f 2082//2062 2083//2070 2089//2068
f 2090//2069 2089//2068 2083//2070
f 2085//2063 2090//2069 1321//2064
f 2090//2069 2085//2063 2092//2081
f 2093//2071 2092//2081 2085//2063
f 2095//2074 2086//2065 2087//2066
f 2087//2066 2094//5523 2095//2074
f 2096//2076 2094//5523 2087//2066
f 2089//2068 2090//2069 2098//2077
f 2092//2081 2098//2077 2090//2069
f 2102//2608 2099//2078 2095//2074
f 2104//2603 2095//2074 2094//5523
f 2095//2074 2104//2603 2102//2608
f 2094//5523 2096//2076 2103//2605
f 2094//5523 2103//2605 2104//2603
f 2105//2082 2103//2605 2096//2076
f 2101//2080 2107//2083 2092//2081
f 2031//2024 2030//2023 2099//2078
f 2099//2078 2102//2608 2031//2024
f 2105//2082 2100//2079 2106//2610
f 2107//2083 2106//2610 2100//2079
f 2032//2026 1333//1210 1334//1317
f 2032//2026 2034//2017 2033//5521
f 2086//2065 2034//2017 1318//1316
f 2086//2065 2091//2073 2036//2018
f 1370//1351 2109//2085 1374//1355
f 1469//1447 2132//2090 2112//2089
f 2132//2090 1469//1447 1473//2112
f 2111//2087 2115//2093 2113//2097
f 2114//2092 2133//2091 2117//2095
f 2118//2101 2119//2100 2116//2094
f 2117//2095 2116//2094 2119//2100
f 2119//2100 2120//2102 2117//2095
f 2120//2102 2121//2098 2115//2093
f 2115//2093 2117//2095 2120//2102
f 2123//2099 2124//2103 2119//2100
f 2120//2102 2119//2100 2124//2103
f 2121//2098 2120//2102 2125//2104
f 2126//2105 2222//2111 2122//2096
f 2122//2096 2121//2098 2126//2105
f 2124//2103 2123//2099 2127//2106
f 2125//2104 2124//2103 2128//2107
f 2126//2105 2125//2104 2130//2109
f 1299//1298 1309//5518 1478//1455
f 1309//5518 2132//2090 1478//1455
f 1309//5518 1310//1297 2065//2113
f 2132//2090 1309//5518 2065//2113
f 2134//2114 2065//2113 2064//2043
f 2133//2091 2134//2114 2116//2094
f 2134//2114 2133//2091 2065//2113
f 2135//2115 2134//2114 2074//2052
f 2118//2101 2116//2094 2134//2114
f 2135//2115 2079//2060 2055//2116
f 2135//2115 2127//2106 2123//2099
f 1506//1482 2138//2117 1500//1483
f 2137//2120 2136//2118 1502//1475
f 2138//2117 2085//2063 1320//1481
f 2139//2121 2084//2072 2138//2117
f 1507//2119 2140//2124 2139//2121
f 2136//2118 2140//2124 1507//2119
f 2136//2118 2137//2120 2140//2124
f 2141//2122 2093//2071 2084//2072
f 2140//2124 2141//2122 2139//2121
f 2140//2124 2101//2080 2141//2122
f 2142//2123 2108//2084 2140//2124
f 2144//2126 1549//1524 1548//1523
f 1550//1525 1549//1524 2144//2126
f 2147//5414 1547//1522 1374//1355
f 2109//2085 2147//5414 1374//1355
f 2145//2127 2144//2126 2149//2130
f 2146//2128 2145//2127 2150//2131
f 2109//2085 2151//2135 2147//5414
f 2152//2133 2148//2129 2147//5414
f 2151//2135 2152//2133 2147//5414
f 2153//2132 2144//2126 2148//2129
f 2156//2137 2153//2132 2152//2133
f 2157//2138 2149//2130 2153//2132
f 2154//2134 2150//2131 2158//2139
f 2155//2136 2160//2144 2159//2140
f 2160//2144 2155//2136 2151//2135
f 2164//2143 2161//2141 2159//2140
f 2191//2145 2164//2143 2160//2144
f 2165//2147 2149//2130 2161//2141
f 2191//2145 2168//2151 2167//2149
f 2169//2150 2165//2147 2164//2143
f 2172//2153 2169//2150 2167//2149
f 2174//2154 2172//2153 2171//2155
f 2174//2154 2158//2139 2169//2150
f 2166//2148 2158//2139 2174//2154
f 2175//2157 1407//1391 1408//1392
f 1581//1557 1550//1525 2146//2128
f 1408//1392 2179//2161 2178//2160
f 2182//2162 2176//2158 1405//2086
f 2181//2166 2180//2163 2175//2157
f 2181//2166 2175//2157 2178//2160
f 2183//2168 2178//2160 2179//2161
f 2182//2162 2183//2168 2179//2161
f 2186//2167 2185//2165 2178//2160
f 2187//2172 2186//2167 2183//2168
f 2180//2163 2163//2146 2151//2135
f 2181//2166 2188//2169 2163//2146
f 2163//2146 2160//2144 2151//2135
f 2189//2170 2188//2169 2185//2165
f 2186//2167 2193//2175 2189//2170
f 2190//2171 2193//2175 2186//2167
f 2188//2169 2191//2145 2163//2146
f 2193//2175 2192//2173 2189//2170
f 2195//2179 2194//2174 2190//2171
f 2192//2173 2196//2177 2168//2151
f 2194//2174 2196//2177 2192//2173
f 2198//2176 2197//2694 2168//2151
f 2199//2178 2198//2176 2196//2177
f 2195//2179 2200//5524 2199//2178
f 2202//1579 2201//2180 1429//1409
f 1433//1411 2203//2184 1599//1582
f 2201//2180 2182//2162 1432//1410
f 2203//2184 2204//2181 1599//1582
f 1433//1411 2110//2088 2203//2184
f 2207//2188 2206//2182 2202//1579
f 2208//2183 2207//2188 2202//1579
f 2207//2188 2209//2187 2206//2182
f 2206//2182 2183//2168 2182//2162
f 2209//2187 2211//2186 2206//2182
f 2208//2183 2211//2186 2209//2187
f 2211//2186 2187//2172 2183//2168
f 2208//2183 2212//2189 2214//2190
f 2204//2181 2213//2191 2212//2189
f 2215//2192 2214//2190 2212//2189
f 2216//2194 2110//2088 2113//2097
f 2213//2191 2217//2193 2212//2189
f 2210//2185 2218//2195 2213//2191
f 2214//2190 2190//2171 2187//2172
f 2213//2191 2218//2195 2219//2196
f 2214//2190 2195//2179 2190//2171
f 2214//2190 2220//2197 2195//2179
f 2215//2192 2221//2198 2220//2197
f 2222//2111 2223//2200 2216//2194
f 2216//2194 2122//2096 2222//2111
f 2218//2195 2225//2201 2224//2199
f 2218//2195 2216//2194 2223//2200
f 2227//2203 2200//5524 2195//2179
f 2221//2198 2226//2202 2227//2203
f 2113//2097 2110//2088 2111//2087
f 1504//1478 2142//2123 2137//2120
f 1671//1654 2142//2123 1504//1478
f 1670//1655 2228//2204 1671//1654
f 2229//2736 2228//2204 1670//1655
f 2162//2142 2184//2164 2154//2134
f 2254//2225 2184//2164 2234//2206
f 2231//2211 2254//2225 2234//2206
f 2238//2212 2231//2211 2234//2206
f 2235//2209 2232//2228 2231//2211
f 2235//2209 2233//2208 2232//2228
f 2234//2206 2162//2142 2237//2210
f 2240//2213 2238//2212 2234//2206
f 2241//2215 2235//2209 2238//2212
f 2242//2254 2239//2216 2241//2215
f 2239//2216 2236//2207 2235//2209
f 2245//2749 2242//2254 2241//2215
f 2247//2218 1692//1675 1689//1672
f 2247//2218 1693//1676 1692//1675
f 2247//2218 1698//1681 1693//1676
f 2248//2219 2249//2220 1698//1681
f 2250//2221 2251//2222 2249//2220
f 2251//2222 1704//1687 1699//1682
f 2252//2223 2247//2218 1687//1671
f 2253//2224 2248//2219 2247//2218
f 2253//2224 2250//2221 2248//2219
f 2177//2159 2146//2128 2184//2164
f 2252//2223 2177//2159 2184//2164
f 2255//2226 2253//2224 2252//2223
f 2231//2211 2255//2226 2254//2225
f 2233//2208 2230//2264 2255//2226
f 2230//2264 2288//2227 2255//2226
f 2257//2233 2256//2229 1607//1589
f 2258//2230 2205//1591 2256//2229
f 1709//1692 2257//2233 1606//1578
f 2259//2231 2256//2229 2257//2233
f 2258//2230 2260//2234 1708//1691
f 2260//2234 1710//1760 1708//1691
f 2261//2232 2257//2233 1709//1692
f 2260//2234 2258//2230 2259//2231
f 2262//2235 2261//2232 1711//1694
f 1717//1830 2259//2231 2261//2232
f 1712//1697 1710//1760 2260//2234
f 1717//1830 2261//2232 2262//2235
f 1714//1698 2260//2234 1717//1830
f 1714//1698 1712//1697 2260//2234
f 1718//1699 1714//1698 1717//1830
f 1780//1762 2229//2736 1670//1655
f 2263//2767 2229//2736 1780//1762
f 5060//4999 2264//2258 2265//2785
f 5018//2236 5017//4961 2266//2237
f 2271//2239 2268//2242 2267//2240
f 2269//2238 2266//2237 2268//2242
f 5018//2236 2269//2238 2274//2243
f 2273//2245 2271//2239 2270//2241
f 2274//2243 2269//2238 2271//2239
f 2272//2244 2274//2243 2275//2247
f 2236//2207 2230//2264 2233//2208
f 2236//2207 2270//2241 2230//2264
f 2276//2246 2273//2245 2236//2207
f 2275//2247 2276//2246 2278//2253
f 2274//2243 2273//2245 2276//2246
f 5064//2248 2275//2247 2280//2249
f 5065//2251 2281//2250 2277//2259
f 2279//2252 2275//2247 2278//2253
f 2278//2253 2276//2246 2239//2216
f 2281//2250 2280//2249 2282//2256
f 2277//2259 2281//2250 2283//2786
f 2279//2252 2242//2254 2246//2255
f 2281//2250 2282//2256 2283//2786
f 2804//2257 2277//2259 2283//2786
f 2284//2260 2285//2261 2251//2222
f 2285//2261 1816//1798 1704//1687
f 2285//2261 1819//1802 1816//1798
f 1821//1804 2285//2261 2286//2262
f 1821//1804 1819//1802 2285//2261
f 1823//1805 1821//1804 2286//2262
f 1824//1806 1823//1805 2287//2263
f 1814//1797 1824//1806 2287//2263
f 2266//2237 1781//1807 2287//2263
f 2288//2227 2284//2260 2250//2221
f 2267//2240 2286//2262 2284//2260
f 2268//2242 2287//2263 2286//2262
f 2270//2241 2267//2240 2288//2227
f 2293//2266 1909//1895 1908//1896
f 2294//2267 1908//1896 2436//2268
f 2292//2272 2293//2266 2294//2267
f 2875//2271 2293//2266 2292//2272
f 2296//2274 2294//2267 2295//2270
f 2299//2276 1906//1903 2291//2265
f 1920//1907 2297//1906 2299//2276
f 2298//2279 1920//1907 2301//2278
f 2301//2278 2299//2276 2304//2281
f 2303//2282 2299//2276 2302//2277
f 2308//2280 2298//2279 2305//2283
f 2309//2285 2308//2280 2306//2284
f 2321//2287 2320//2939 2317//2288
f 2324//2293 2323//2940 2320//2939
f 2324//2293 2320//2939 2321//2287
f 2324//2293 2321//2287 2322//2290
f 2312//2325 2313//2294 2322//2290
f 2325//2295 2323//2940 2324//2293
f 2314//2297 2326//2296 2324//2293
f 2327//2298 2325//2295 2326//2296
f 2328//2299 2326//2296 2314//2297
f 2330//2302 2328//2299 2315//2300
f 2331//2485 2329//2301 2330//2302
f 1879//1866 1979//1968 2332//2304
f 1880//1867 1879//1866 2333//2305
f 1881//1868 1880//1867 2334//2306
f 2333//2305 2332//2304 2335//2307
f 2334//2306 2333//2305 2336//2308
f 2336//2308 2335//2307 2517//2309
f 2342//2311 2355//2327 2340//2312
f 2343//2314 2355//2327 2342//2311
f 2345//2316 2343//2314 2344//2315
f 2353//2321 2312//2325 2351//2322
f 2339//2324 2340//2312 2347//2318
f 2341//2313 2340//2312 2339//2324
f 2314//2297 2313//2294 2312//2325
f 2354//2326 2312//2325 2353//2321
f 2355//2327 2354//2326 2353//2321
f 2315//2300 2314//2297 2354//2326
f 2357//2329 2354//2326 2355//2327
f 2316//2303 2315//2300 2356//2328
f 2316//2303 2356//2328 2357//2329
f 2358//2330 2357//2329 2343//2314
f 2361//2332 2360//2335 2345//2316
f 2362//2333 2316//2303 2358//2330
f 2363//2334 2358//2330 2359//2331
f 2360//2335 2363//2334 2359//2331
f 2348//2319 2347//2318 2365//2336
f 2348//2319 2366//2337 2367//2338
f 2351//2322 2322//2290 2364//2292
f 2352//2323 2351//2322 2364//2292
f 2347//2318 2352//2323 2365//2336
f 1882//1869 1881//1868 2368//2340
f 1883//1871 1882//1869 2368//2340
f 2370//2345 1885//1873 1883//1871
f 2368//2340 2334//2306 2336//2308
f 2369//2341 2368//2340 2371//2342
f 2373//2344 1883//1871 2369//2341
f 2370//2345 1883//1871 2373//2344
f 2372//2343 2371//2342 2374//2350
f 2337//2310 2374//2350 2371//2342
f 2372//2343 2374//2350 2376//2347
f 2377//2348 2373//2344 2372//2343
f 2374//2350 2337//2310 2338//2351
f 2375//2346 2373//2344 2378//2349
f 5516//5461 2376//2347 2338//2351
f 2378//2349 2377//2348 2380//2354
f 2379//2352 2378//2349 2381//2353
f 2385//2357 2383//2356 2384//2358
f 2387//2360 2342//2311 2341//2313
f 2388//2361 2387//2360 2385//2357
f 2389//5441 2344//2315 2342//2311
f 2390//2362 2389//5441 2342//2311
f 2391//2363 2390//2362 2387//2360
f 2393//2365 2392//2376 2390//2362
f 2398//2366 2349//2320 2350//2339
f 2383//2356 2339//2324 2398//2366
f 2398//2366 2394//2367 2395//2368
f 2399//2369 2395//2368 2396//2370
f 2400//2371 2384//2358 2383//2356
f 2400//2371 2396//2370 2397//2383
f 2384//2358 2400//2371 2401//2372
f 2402//2373 2388//2361 2386//2359
f 2403//2364 2388//2361 2402//2373
f 2393//2365 2391//2363 2403//2364
f 2412//2377 2393//2365 2403//2364
f 2394//2367 2350//2339 2407//2379
f 2409//2380 2395//2368 2394//2367
f 2408//2382 2409//2380 2850//2381
f 2396//2370 2395//2368 2408//2382
f 2410//2384 2397//2383 2396//2370
f 2401//2372 2400//2371 2397//2383
f 2412//2377 2404//2374 2411//2385
f 2406//2378 2415//2387 2414//3095
f 2406//2378 2393//2365 2412//2377
f 2413//2386 2415//2387 2412//2377
f 2402//2373 2386//2359 2416//2388
f 2417//2389 2404//2374 2402//2373
f 2416//2388 2386//2359 2401//2372
f 2420//2392 2417//2389 2416//2388
f 2423//2396 1891//1891 1892//2034
f 2052//2398 2424//2397 1892//2034
f 2425//2400 2423//2396 2424//2397
f 2572//2543 2424//2397 2421//2399
f 2424//2397 2572//2543 2426//2394
f 2425//2400 2426//2394 2428//2402
f 2429//2403 2427//2401 2428//2402
f 2430//2404 2428//2402 2426//2394
f 2431//2408 1900//1887 1901//1890
f 2431//2408 1901//1890 2423//2396
f 2425//2400 2431//2408 2423//2396
f 2434//2409 2433//2407 2431//2408
f 2290//2275 2432//2406 2433//2407
f 2427//2401 2434//2409 2425//2400
f 2435//2410 2433//2407 2434//2409
f 2433//2407 2435//2410 2290//2275
f 2291//2265 1906//1903 1909//1895
f 2436//2268 1908//1896 1899//2405
f 2289//2269 2436//2268 2432//2406
f 1918//1905 1917//1902 2298//2279
f 2437//2417 1939//1927 2300//1938
f 1950//1940 1939//1927 2437//2417
f 2438//2420 1951//1939 1950//1940
f 2439//2411 1954//1942 1952//1941
f 2440//2412 1955//1943 1954//1942
f 2442//2414 1949//5520 1948//1937
f 2442//2414 1953//1961 1949//5520
f 2438//2420 1950//1940 2445//2418
f 2446//2419 2439//2411 1951//1939
f 2447//2421 2440//2412 2439//2411
f 2448//2422 2443//2415 2440//2412
f 2449//2423 1955//1943 2443//2415
f 2449//2423 2450//2430 2441//2413
f 2437//2417 2300//1938 2308//2280
f 2451//2425 2438//2420 2445//2418
f 2452//2424 2446//2419 2438//2420
f 2453//2426 2447//2421 2446//2419
f 2454//2427 2448//2422 2447//2421
f 2455//2428 2449//2423 2448//2422
f 2445//2418 2437//2417 2309//2285
f 2458//2432 2455//2428 2454//2427
f 2460//2434 2450//2430 2455//2428
f 2469//2444 2451//2425 2457//2431
f 2463//2437 2453//2426 2452//2424
f 2464//2436 2458//2432 2453//2426
f 2465//2438 2459//2433 2458//2432
f 2466//2440 2461//2435 2459//2433
f 2467//2441 2468//2443 2461//2435
f 2457//2431 2309//2285 2310//2286
f 2470//2454 2451//2425 2469//2444
f 2470//2454 2452//2424 2451//2425
f 2473//2446 2472//2439 2464//2436
f 2472//2439 2466//2440 2465//2438
f 2475//2448 2467//2441 2466//2440
f 2475//2448 2468//2443 2467//2441
f 2477//5525 2452//2424 2470//2454
f 2477//5525 2463//2437 2452//2424
f 2471//2445 2463//2437 2477//5525
f 2474//2447 2479//2550 2476//2450
f 2469//2444 2310//2286 2311//2452
f 2480//2453 2470//2454 2469//2444
f 2481//2455 2477//5525 2470//2454
f 2471//2445 2477//5525 2481//2455
f 2478//2449 2471//2445 2482//2456
f 2483//2457 2473//2446 2478//2449
f 1972//1959 1969//1956 2486//2459
f 1973//1962 2487//2462 2486//2459
f 2488//2461 2489//2463 1973//1962
f 2485//2460 2486//2459 2487//2462
f 2487//2462 1973//1962 2489//2463
f 2490//2464 2492//5526 2487//2462
f 2491//2465 2488//2461 2442//2414
f 2494//2467 2492//5526 2490//2464
f 2498//2471 2493//2466 2489//2463
f 2456//2429 2444//2416 2441//2413
f 2495//2470 2489//2463 2491//2465
f 2496//2469 2491//2465 2456//2429
f 2497//2468 2495//2470 2491//2465
f 2499//2476 2495//2470 2497//2468
f 2500//2472 2456//2429 2460//2434
f 2500//2472 2496//2469 2456//2429
f 2501//2473 2497//2468 2496//2469
f 2502//2474 2499//2476 2497//2468
f 2499//2476 2508//2483 2498//2471
f 2500//2472 2461//2435 2462//2442
f 2504//2477 2501//2473 2500//2472
f 2462//2442 2505//2478 2500//2472
f 2506//2480 2502//2474 2504//2477
f 2507//2479 2499//2476 2502//2474
f 2508//2483 2503//2475 2498//2471
f 2505//2478 2462//2442 2509//2546
f 2506//2480 2504//2477 2510//2481
f 2507//2479 2508//2483 2499//2476
f 2331//2485 2330//2302 2316//2303
f 2514//2484 2511//2494 2508//2483
f 1979//1968 1971//1960 2485//2460
f 2332//2304 2485//2460 2515//2487
f 2335//2307 2515//2487 2516//2488
f 2515//2487 2487//2462 2492//5526
f 2492//5526 2516//2488 2515//2487
f 2516//2488 2338//2351 2337//2310
f 2516//2488 2492//5526 2494//2467
f 2338//2351 2516//2488 2518//2489
f 2493//2466 2520//2491 2494//2467
f 2520//2491 2518//2489 2494//2467
f 2519//5467 2518//2489 2520//2491
f 2521//5465 2519//5467 2520//2491
f 2520//2491 2493//2466 2503//2475
f 2508//2483 2511//2494 2503//2475
f 2360//2335 2522//2492 2363//2334
f 2521//5465 2520//2491 2523//2490
f 2503//2475 2528//2499 2523//2490
f 2513//2486 2316//2303 2362//2333
f 2522//2492 2524//2496 2362//2333
f 2526//2497 2524//2496 2522//2492
f 2532//2501 1994//1982 1885//1873
f 2533//2503 1995//1983 1994//1982
f 1996//2013 1995//1983 2533//2503
f 2531//2502 1885//1873 2370//2345
f 2532//2501 2531//2502 2534//2504
f 2535//2505 2533//2503 2532//2501
f 1997//2014 2533//2503 2535//2505
f 2537//2508 1998//2015 2536//2506
f 2028//2507 1998//2015 2537//2508
f 2542//2520 2028//2507 2541//2509
f 2531//2502 2370//2345 2375//2346
f 2539//2511 2534//2504 2531//2502
f 2540//2512 2535//2505 2534//2504
f 1997//2014 2535//2505 2540//2512
f 2538//2510 2375//2346 2379//2352
f 2543//2513 2539//2511 2538//2510
f 2540//2512 2539//2511 2543//2513
f 2544//2515 5516//5461 2338//2351
f 2545//2516 2543//2513 2379//2352
f 2540//2512 2543//2513 2545//2516
f 2536//2506 2540//2512 2545//2516
f 2541//2509 2537//2508 2552//2514
f 2548//2517 2541//2509 2546//2518
f 2552//2514 2536//2506 2551//2523
f 2551//2523 2550//2522 2554//2525
f 2547//2519 2546//2518 2556//2527
f 2553//2524 2555//2526 2561//2530
f 2552//2514 2551//2523 2555//2526
f 2556//2527 2553//2524 2562//2531
f 2566//2537 2038//2021 2039//5522
f 2566//2537 2039//5522 2040//2022
f 2571//2536 2567//2538 2573//2541
f 2569//2539 2566//2537 2563//2532
f 2570//2542 2052//2398 2050//2033
f 2570//2542 2050//2033 2051//2020
f 2051//2020 2038//2021 2571//2536
f 2572//2543 2421//2399 2571//2536
f 2568//2540 2572//2543 2573//2541
f 2574//2395 2572//2543 2568//2540
f 2421//2399 2052//2398 2570//2542
f 2468//2443 2509//2546 2462//2442
f 2575//2544 2576//2545 2475//2448
f 2577//2547 2578//2548 2576//2545
f 2578//2548 2579//2554 2509//2546
f 2580//2549 2575//2544 2476//2450
f 2582//2551 2578//2548 2577//2547
f 2584//2561 2579//2554 2583//2553
f 2479//2550 2474//2447 2484//2458
f 2585//2555 2581//2552 2580//2549
f 2586//2557 2582//2551 2581//2552
f 2587//2558 2583//2553 2582//2551
f 2588//2559 2589//2560 2583//2553
f 2591//2564 2506//2480 2510//2481
f 2592//2563 2507//2479 2506//2480
f 2593//2565 2591//2564 2510//2481
f 2594//2566 2510//2481 2590//2562
f 2592//2563 2593//2565 2595//2567
f 2584//2561 2590//2562 2579//2554
f 2597//2571 2592//2563 2595//2567
f 2598//2569 2594//2566 2596//2568
f 2595//2567 2594//2566 2598//2569
f 2597//2571 2595//2567 2599//2570
f 2601//2573 2596//2568 2584//2561
f 3210//3181 2597//2571 2599//2570
f 2609//2577 2605//2575 2603//2578
f 2606//2574 2054//2059 2080//2058
f 2604//2576 2055//2116 2054//2059
f 2608//2579 2603//2578 2602//2583
f 2610//2581 2605//2575 2609//2577
f 2611//2580 2606//2574 2605//2575
f 2607//2582 2604//2576 2606//2574
f 2548//2517 2602//2583 2542//2520
f 2613//2585 2610//2581 2612//2584
f 2611//2580 2610//2581 2613//2585
f 2611//2580 2614//2586 2607//2582
f 2616//2588 2608//2579 2548//2517
f 2617//2589 2609//2577 2608//2579
f 2618//2591 2614//2586 2613//2585
f 2619//2590 2620//2648 2615//2587
f 2621//2593 2612//2584 2617//2589
f 2622//2592 2613//2585 2612//2584
f 2624//2595 2620//2648 2619//2590
f 2616//2588 2547//2519 2557//2528
f 2625//2596 2617//2589 2616//2588
f 2626//2597 2622//2592 2621//2593
f 3286//2600 2621//2593 2625//2596
f 2628//2599 2626//2597 2621//2593
f 2624//2595 2623//2594 2626//2597
f 2602//2583 2076//2056 2029//2057
f 2603//2578 2080//2058 2076//2056
f 2630//2602 2102//2608 2104//2603
f 2629//2604 2104//2603 2103//2605
f 2632//2607 2631//2606 2103//2605
f 2108//2084 2633//2616 2107//2083
f 2563//2532 2031//2024 2102//2608
f 2632//2607 2105//2082 2634//2613
f 2635//2609 2634//2613 2105//2082
f 2636//2611 2635//2609 2106//2610
f 2633//2616 2636//2611 2107//2083
f 2638//2619 2629//2604 2631//2606
f 2629//2604 2638//2619 2639//2612
f 2645//2621 2644//2620 2634//2613
f 2636//2611 2645//2621 2635//2609
f 2643//2618 2640//2614 2646//3270
f 2644//2620 2646//3270 2640//2614
f 2639//2612 2638//2619 2647//3272
f 2643//2618 2647//3272 2638//2619
f 2633//2616 2648//2623 2636//2611
f 2654//2627 2652//2624 2651//2626
f 2654//2627 2655//2629 2656//2631
f 2655//2629 2654//2627 2653//2628
f 2127//2106 2055//2116 2604//2576
f 2127//2106 2607//2582 2660//2634
f 2660//2634 2663//2642 2661//2635
f 2663//2642 2664//2638 2661//2635
f 2664//2638 2662//2636 2661//2635
f 2650//2625 2131//2110 2130//2109
f 2663//2642 2660//2634 2615//2587
f 2666//2640 2664//2638 2663//2642
f 2670//2643 2669//2644 2666//2640
f 2667//2639 2671//2645 2672//2647
f 2671//2645 2667//2639 2666//2640
f 2665//2637 2673//2646 2651//2626
f 2673//2646 2665//2637 2667//2639
f 2620//2648 2674//2650 2668//2641
f 2670//2643 2668//2641 2674//2650
f 2671//2645 2669//2644 2675//2649
f 2676//2651 2677//2652 2672//2647
f 2677//2652 2673//2646 2672//2647
f 2679//2653 2678//2654 2674//2650
f 2675//2649 2674//2650 2678//2654
f 2680//2655 2681//2656 2676//2651
f 2677//2652 2676//2651 2681//2656
f 2655//2629 2653//2628 2677//2652
f 2679//2653 2624//2595 2627//2601
f 2679//2653 2627//2601 2678//2654
f 2682//2657 2680//2655 2678//2654
f 2657//2630 2655//2629 2681//2656
f 2685//2660 2682//2657 2627//2601
f 2682//2657 2685//2660 2686//2661
f 2687//2662 2684//2659 2683//2658
f 2658//2633 2657//2630 2684//2659
f 2142//2123 2688//2205 2143//2125
f 2143//2125 2641//2615 2108//2084
f 2688//2205 2689//3372 2143//2125
f 2168//2151 2691//2693 2690//2663
f 2172//2153 2690//2663 2692//2664
f 2690//2663 2172//2153 2170//2152
f 2166//2148 2174//2154 2173//2156
f 2691//2693 2695//2669 2690//2663
f 2696//2667 2173//2156 2692//2664
f 2690//2663 2698//2670 2697//2668
f 2699//2671 2696//2667 2694//2666
f 2695//2669 2700//2678 2698//2670
f 2701//2672 2699//2671 2697//2668
f 2703//2673 2696//2667 2699//2671
f 2700//2678 2704//2675 2698//2670
f 2705//2674 2701//2672 2698//2670
f 2705//2674 2708//2680 2710//2679
f 2708//2680 2705//2674 2704//2675
f 2711//2682 2702//2759 2703//2673
f 2709//2681 2715//2685 2708//2680
f 2714//2686 2710//2679 2708//2680
f 2716//2689 2711//2682 2714//2686
f 2706//2677 2719//2688 2717//2687
f 2719//2688 2718//2710 2717//2687
f 2715//2685 2720//2690 2714//2686
f 2197//2694 2691//2693 2168//2151
f 2724//2691 2197//2694 2198//2176
f 2199//2178 2200//5524 2724//2691
f 2726//2692 2695//2669 2691//2693
f 2724//2691 2726//2692 2197//2694
f 2200//5524 2723//2697 2724//2691
f 2729//2696 2728//2695 2724//2691
f 2723//2697 2725//2699 2729//2696
f 2728//2695 2700//2678 2695//2669
f 2729//2696 2730//2702 2728//2695
f 2728//2695 2730//2702 2700//2678
f 2731//2698 2733//2701 2729//2696
f 2731//2698 2727//2700 2732//2707
f 2732//2707 2735//2704 2731//2698
f 2707//2676 2734//2703 2713//2683
f 2730//2702 2734//2703 2707//2676
f 2734//2703 2733//2701 2735//2704
f 2734//2703 2737//2711 2713//2683
f 2738//2705 2737//2711 2734//2703
f 2739//2706 2738//2705 2735//2704
f 2732//2707 2756//2726 2736//2708
f 2736//2708 2743//2712 2739//2706
f 2719//2688 2737//2711 2741//2709
f 2738//2705 2739//2706 2743//2712
f 2744//2714 2745//2716 2223//2200
f 2745//2716 2746//2715 2225//2201
f 2227//2203 2723//2697 2200//5524
f 2744//2714 2748//2718 2745//2716
f 2747//2717 2749//2719 2226//2202
f 2227//2203 2749//2719 2725//2699
f 2748//2718 2744//2714 2649//2724
f 2752//2721 2751//2722 2749//2719
f 2750//2720 2752//2721 2747//2717
f 2747//2717 2746//2715 2750//2720
f 2751//2722 2727//2700 2725//2699
f 2649//2724 2652//2624 2753//2725
f 2652//2624 2649//2724 2650//2625
f 2754//2723 2748//2718 2649//2724
f 2750//2720 2748//2718 2754//2723
f 2754//2723 2757//2727 2750//2720
f 2757//2727 2755//2729 2750//2720
f 2752//2721 2750//2720 2755//2729
f 2756//2726 2732//2707 2727//2700
f 2753//2725 2656//2631 2757//2727
f 2656//2631 2753//2725 2654//2627
f 2758//2728 2736//2708 2756//2726
f 2659//2632 2760//2731 2759//2730
f 2659//2632 2759//2730 2657//2630
f 2760//2731 2762//2732 2755//2729
f 2649//2724 2744//2714 2131//2110
f 2229//2736 2688//2205 2228//2204
f 2763//2771 3450//2735 2229//2736
f 2805//2743 2767//2742 2766//2745
f 2765//2741 2768//2757 2767//2742
f 2766//2745 2767//2742 2770//2744
f 2767//2742 2771//2765 3411//3379
f 2237//2210 2166//2148 2693//2665
f 2772//2747 2243//2214 2237//2210
f 2244//2217 2240//2213 2243//2214
f 2773//2748 2241//2215 2244//2217
f 2246//2255 2242//2254 2245//2749
f 2775//2750 2237//2210 2693//2665
f 2777//2751 2244//2217 2772//2747
f 2245//2749 2781//2754 2778//2753
f 2780//2756 2772//2747 2775//2750
f 2776//2752 2777//2751 2772//2747
f 2781//2754 2773//2748 2776//2752
f 2768//2757 2779//2758 2774//2755
f 2702//2759 2775//2750 2696//2667
f 2778//2753 2784//2761 2774//2755
f 2782//2762 2780//2756 2702//2759
f 2782//2762 2776//2752 2780//2756
f 2783//2760 2784//2761 2778//2753
f 2783//2760 2781//2754 2782//2762
f 2782//2762 2716//2689 2722//2764
f 2716//2689 2782//2762 2711//2682
f 2722//2764 2721//2763 2784//2761
f 2263//2767 5045//2769 2785//2766
f 2788//2772 2763//2771 2785//2766
f 2789//2774 2788//2772 2787//2770
f 5125//2777 2790//2773 2789//2774
f 2792//3445 2791//2775 2788//2772
f 2790//2773 2792//3445 2788//2772
f 2794//2780 2796//2779 2798//5085
f 2795//2778 2797//2781 2796//2779
f 2798//5085 2796//2779 2799//2782
f 2795//2778 2801//2784 2797//2781
f 2801//2784 2802//2738 3524//3435
f 2797//2781 2801//2784 3459//3436
f 5056//2787 2800//2783 5156//5092
f 5156//5092 2800//2783 2795//2778
f 2800//2783 2803//2739 2801//2784
f 2803//2739 2802//2738 2801//2784
f 2265//2785 2806//2788 5056//2787
f 2265//2785 2804//2257 2806//2788
f 2804//2257 2805//2743 2766//2745
f 2806//2788 2769//2737 2803//2739
f 2282//2256 2774//2755 2779//2758
f 2282//2256 2246//2255 2774//2755
f 2779//2758 2765//2741 2805//2743
f 2779//2758 2805//2743 2283//2786
f 2809//2799 2807//2793 2808//2917
f 2810//2802 2809//2799 2808//2917
f 2817//2791 2812//2790 2814//2792
f 2813//2789 2829//2810 2812//2790
f 2817//2791 2815//2795 2816//2815
f 2816//2815 2813//2789 2817//2791
f 2818//2794 2816//2815 2815//2795
f 2816//2815 2818//2794 2819//2819
f 2815//2795 2817//2791 2807//2793
f 2815//2795 2820//2797 2821//2796
f 2818//2794 2821//2796 2822//2801
f 2818//2794 2822//2801 2819//2819
f 2809//2799 2820//2797 2807//2793
f 2823//2823 2819//2819 2822//2801
f 2825//2798 2820//2797 2809//2799
f 2822//2801 2821//2796 2820//2797
f 2826//2805 2823//2823 2822//2801
f 2825//2798 2824//2800 2827//2803
f 2826//2805 2822//2801 2825//2798
f 2824//2800 2810//2802 2811//2806
f 2834//2809 2830//2808 2829//2810
f 2833//2807 2831//2947 2830//2808
f 2834//2809 2837//2814 2833//2807
f 2835//2812 2831//2947 2833//2807
f 2832//2811 2831//2947 2835//2812
f 2837//2814 2834//2809 2813//2789
f 2836//2813 2835//2812 2840//2818
f 2816//2815 2819//2819 2837//2814
f 2833//2807 2837//2814 2838//2816
f 2835//2812 2833//2807 2838//2816
f 2838//2816 2837//2814 2819//2819
f 2840//2818 2839//2817 2842//2821
f 2841//2820 2840//2818 2842//2821
f 2839//2817 2819//2819 2844//2824
f 2842//2821 2839//2817 2845//2825
f 2845//2825 2844//2824 2846//2826
f 2848//2828 2842//2821 2845//2825
f 2848//2828 2843//2822 2842//2821
f 2849//5527 2832//2811 2836//2813
f 2850//2381 2849//5527 2836//2813
f 2851//2829 2836//2813 2852//2830
f 2970//2832 2851//2829 2854//2831
f 2853//2835 2970//2832 2855//2833
f 2841//2820 2852//2830 2836//2813
f 2854//2831 2852//2830 2841//2820
f 2856//2837 2853//2835 2857//2836
f 2860//2834 2841//2820 2859//2839
f 2855//2833 2854//2831 2860//2834
f 2860//2834 2859//2839 2861//2840
f 2857//2836 2855//2833 2863//2842
f 2865//2844 2858//2838 2857//2836
f 2859//2839 2843//2822 2848//2828
f 2864//2843 2863//2842 2866//3540
f 2868//2855 2290//2275 2435//2410
f 2870//2846 2868//2855 2869//2847
f 2874//2862 2872//2849 2873//2850
f 2876//2273 2292//2272 2296//2274
f 2868//2855 2295//2270 2290//2275
f 2877//2851 2295//2270 2868//2855
f 2878//2852 2876//2273 2296//2274
f 2879//2854 2878//2852 2877//2851
f 2877//2851 2882//2857 2879//2854
f 2885//2859 2879//2854 2882//2857
f 2883//2858 2881//2856 2879//2854
f 2883//2858 2884//2877 2881//2856
f 2887//2860 2885//2859 2882//2857
f 2886//2861 2882//2857 2872//2849
f 2304//2281 2303//2282 2891//2864
f 2306//2284 2305//2283 2307//2866
f 2890//2865 2302//2277 2875//2271
f 2891//2864 2303//2282 2302//2277
f 2305//2283 2301//2278 2888//2863
f 2888//2863 2304//2281 2892//2868
f 2307//2866 2305//2283 2893//2869
f 2889//2867 2307//2866 2893//2869
f 2892//2868 2891//2864 2890//2865
f 2893//2869 2888//2863 2896//2872
f 2895//2871 2893//2869 2897//2875
f 2881//2856 2890//2865 2880//2853
f 2892//2868 2890//2865 2898//2873
f 2896//2872 2892//2868 2899//2874
f 2897//2875 2893//2869 2896//2872
f 2902//2928 2900//2876 2897//2875
f 2899//2874 2898//2873 2903//2879
f 2901//2878 2899//2874 2904//2880
f 2902//2928 2897//2875 2905//2881
f 2912//5528 2911//2882 2910//2884
f 2912//5528 2914//2896 2911//2882
f 2310//2286 2306//2284 2913//2451
f 2917//2904 2914//2896 2912//5528
f 2922//2890 2921//2908 2920//2888
f 2922//2890 2920//2888 2907//2887
f 2909//2883 2924//2894 2921//2908
f 2909//2883 2921//2908 2922//2890
f 2910//2884 2909//2883 2922//2890
f 2911//2882 2927//2892 2924//2894
f 2913//2451 2306//2284 2889//2867
f 2928//2901 2926//2898 2927//2892
f 2914//2896 2928//2901 2927//2892
f 2929//2897 2925//2895 2926//2898
f 2915//2885 2913//2451 2929//2897
f 2931//2900 2930//2899 2926//2898
f 2916//2902 2915//2885 2930//2899
f 2932//2903 2931//2900 2928//2901
f 2938//2909 2937//2910 2935//2916
f 2938//2909 2924//2894 2923//2893
f 2938//2909 2935//2916 2934//2907
f 2926//2898 2925//2895 2936//2911
f 2927//2892 2926//2898 2923//2893
f 2933//2906 2939//2913 2940//2912
f 2934//2907 2941//2920 2939//2913
f 2941//2920 2934//2907 2935//2916
f 2943//2915 2937//2910 2936//2911
f 2936//2911 2894//2870 2895//2871
f 2936//2911 2889//2867 2894//2870
f 2808//2917 2940//2912 2939//2913
f 2940//2912 2808//2917 2807//2793
f 2944//2918 2939//2913 2941//2920
f 2941//2920 2946//2919 2944//2918
f 2945//2922 2935//2916 2942//2914
f 2935//2916 2945//2922 2946//2919
f 2947//5529 2943//2915 2895//2871
f 2943//2915 2947//5529 2942//2914
f 2948//2925 2808//2917 2944//2918
f 2944//2918 2949//2921 2948//2925
f 2949//2921 2946//2919 2945//2922
f 2951//2924 2942//2914 2947//5529
f 2950//2923 2945//2922 2942//2914
f 2900//2876 2947//5529 2895//2871
f 2900//2876 2951//2924 2947//5529
f 2948//2925 2952//2926 2810//2802
f 2949//2921 2953//2932 2952//2926
f 2954//2934 2949//2921 2950//2923
f 2949//2921 2954//2934 2953//2932
f 2955//2927 2951//2924 2900//2876
f 2957//2930 2811//2806 2810//2802
f 2959//2931 2957//2930 2952//2926
f 2318//2289 2317//2288 2961//2936
f 2319//2291 2318//2289 2962//2937
f 2320//2939 2907//2887 2906//2889
f 2325//2295 2910//2884 2908//2891
f 2964//2941 2912//5528 2910//2884
f 2965//2942 2964//2941 2327//2298
f 2917//2904 2912//5528 2964//2941
f 2965//2942 2917//2904 2964//2941
f 2966//2943 2965//2942 2329//2301
f 2967//2944 2814//2792 2812//2790
f 2962//2937 2961//2936 2967//2944
f 2963//2938 2812//2790 2829//2810
f 2961//2936 2919//2886 2918//2905
f 2961//2936 2317//2288 2906//2889
f 2807//2793 2967//2944 2918//2905
f 2830//2808 2364//2292 2319//2291
f 2969//2946 2365//2336 2364//2292
f 2969//2946 2830//2808 2831//2947
f 2969//2946 2366//2337 2365//2336
f 2831//2947 2367//2338 2366//2337
f 2832//2811 2407//2379 2367//2338
f 2850//2381 2832//2811 2849//5527
f 2396//2370 2970//2832 2971//2948
f 2418//2390 2401//2372 2410//2384
f 2972//2949 2973//3107 2415//2387
f 2408//2382 2850//2381 2851//2829
f 2410//2384 2971//2948 2974//2950
f 2976//2952 2418//2390 2410//2384
f 2413//2386 2977//2953 2972//2949
f 2972//2949 2978//2956 2973//3107
f 2971//2948 2970//2832 2853//2835
f 2979//2990 2976//2952 2975//2951
f 2980//2955 2982//2962 2978//2956
f 2983//2957 2974//2950 2971//2948
f 2984//2958 2975//2951 2974//2950
f 2985//2959 2979//2990 2975//2951
f 2981//2954 2988//2961 2980//2955
f 2988//2961 3136//2969 2982//2962
f 2983//2957 2856//2837 2989//2963
f 2990//2975 2985//2959 2984//2958
f 2986//2964 2979//2990 2985//2959
f 2993//2966 2992//2967 2981//2954
f 2993//2966 2987//2960 2986//2964
f 2992//2967 2994//2970 2988//2961
f 2996//2972 2989//2963 2858//2838
f 2997//2971 2984//2958 2989//2963
f 2998//2973 2990//2975 2984//2958
f 2999//2974 2985//2959 2990//2975
f 2994//2970 2992//2967 3000//2977
f 3001//2976 3002//2984 2995//2968
f 3003//5530 2997//2971 2996//2972
f 3000//2977 3004//2978 2994//2970
f 3005//2980 2997//2971 3003//5530
f 3005//2980 2998//2973 2997//2971
f 3007//2979 2999//2974 2998//2973
f 2991//2965 3006//2981 2993//2966
f 3006//2981 2991//2965 2999//2974
f 3004//2978 3008//2985 3001//2976
f 3008//2985 3009//2982 3002//2984
f 3010//2987 2419//2391 2418//2390
f 2420//2392 2419//2391 3010//2987
f 2411//2385 3011//2986 2413//2386
f 3013//2989 3010//2987 2976//2952
f 2987//2960 3011//2986 3012//2988
f 3015//2992 3017//2993 3016//3001
f 3017//2993 3015//2992 3152//2994
f 3018//2996 2429//2403 2430//2404
f 3018//2996 2430//2404 2422//2393
f 3023//2997 3019//2998 2871//2848
f 3021//3000 2871//2848 3019//2998
f 3016//3001 3020//2999 3015//2992
f 3022//3002 3021//3000 3016//3001
f 2435//2410 2869//2847 2868//2855
f 2871//2848 3021//3000 2873//2850
f 3024//3003 2480//2453 2311//2452
f 3025//3004 2480//2453 3024//3003
f 3028//3009 2478//2449 2482//2456
f 3029//3008 2483//2457 2478//2449
f 2484//2458 2483//2457 3029//3008
f 3030//3005 3024//3003 2916//2902
f 3031//3010 3030//3005 2931//2900
f 3032//3011 3031//3010 2932//2903
f 3033//3012 3025//3004 3030//3005
f 3034//3016 3033//3012 3031//3010
f 3032//3011 3034//3016 3031//3010
f 3035//3013 3026//3006 3025//3004
f 3034//3016 3035//3013 3033//3012
f 3036//3018 3034//3016 3032//3011
f 3037//3014 3027//3007 3026//3006
f 3038//3015 3037//3014 3035//3013
f 3039//3017 3038//3015 3034//3016
f 3040//3019 3027//3007 3038//3015
f 3041//3020 2482//2456 3027//3007
f 3042//3022 3040//3019 3039//3017
f 3043//3021 3041//3020 3040//3019
f 3044//3025 3043//3021 3042//3022
f 3045//3023 3028//3009 3041//3020
f 3046//3024 3045//3023 3043//3021
f 3047//3026 3029//3008 3028//3009
f 3048//3027 3047//3026 3045//3023
f 3049//3028 3048//3027 3046//3024
f 3050//3030 2966//2943 2331//2485
f 3055//3037 3051//3029 3052//3031
f 3032//3011 2917//2904 2968//2945
f 2966//2943 3053//3032 2968//2945
f 2966//2943 3050//3030 3053//3032
f 3051//3029 3054//3034 3050//3030
f 3051//3029 3055//3037 3054//3034
f 3056//3033 3053//3032 3050//3030
f 3057//3035 3053//3032 3056//3033
f 3058//3036 3054//3034 3055//3037
f 3059//3038 3055//3037 3052//3031
f 3063//3043 3054//3034 3058//3036
f 3061//3053 3059//3038 3060//3039
f 3036//3018 3042//3022 3039//3017
f 3056//3033 3062//3040 3057//3035
f 3054//3034 3063//3043 3062//3040
f 3059//3038 3061//3053 3058//3036
f 3057//3035 3064//3041 3036//3018
f 3065//3042 3058//3036 3061//3053
f 3061//3053 3066//3059 3065//3042
f 3064//3041 3044//3025 3042//3022
f 3067//3046 3065//3042 3066//3059
f 3069//3045 3063//3043 3065//3042
f 3069//3045 3068//3044 3062//3040
f 3070//3049 3049//3028 3064//3041
f 3057//3035 3070//3049 3064//3041
f 3065//3042 3071//3047 3069//3045
f 3068//3044 3073//3048 3057//3035
f 3068//3044 3069//3045 3071//3047
f 3074//3050 3067//3046 3072//3073
f 3075//3051 3073//3048 3068//3044
f 3076//3052 2525//2495 2524//2496
f 2530//2500 3078//5452 2529//2493
f 3081//3054 3076//3052 3077//3055
f 3066//3059 3061//3053 3081//3054
f 3080//5437 3089//3065 3090//3067
f 3089//3065 3080//5437 3079//3114
f 3092//3058 3091//3072 3066//3059
f 3084//3057 3092//3058 3081//3054
f 3067//3046 3066//3059 3091//3072
f 3089//3065 3098//3068 3097//3066
f 3090//3067 3097//3066 3099//3070
f 3100//3074 3072//3073 3091//3072
f 3093//3060 3100//3074 3092//3058
f 3100//3074 3102//3075 3072//3073
f 3107//3083 3103//3076 3093//3060
f 3105//3077 3104//3078 3099//3070
f 3104//3078 3106//3080 3101//3079
f 3101//3079 3110//3081 3107//3083
f 3109//3082 3108//3240 3100//3074
f 3107//3083 3110//3081 3109//3082
f 3105//3077 3112//3088 3104//3078
f 3106//3080 3112//3088 3113//3084
f 3106//3080 3104//3078 3112//3088
f 3111//3086 3115//3087 3105//3077
f 3115//3087 3116//3089 3112//3088
f 3119//3092 3120//3093 3113//3084
f 3117//3090 3113//3084 3120//3093
f 2558//3097 3122//3096 3123//3106
f 2414//3095 2973//3107 3122//3096
f 2973//3107 2414//3095 2415//2387
f 2561//2530 2560//2529 2559//5531
f 3086//3098 3126//3101 3124//3099
f 3125//3102 2561//2530 2559//5531
f 3132//3103 3127//3104 2561//2530
f 3128//2598 2557//2528 2562//2531
f 2978//2956 3129//3105 3122//3096
f 3085//3062 3094//3061 3086//3098
f 3094//3061 3133//3109 3126//3101
f 3133//3109 3134//3110 3132//3103
f 3135//3111 3128//2598 3127//3104
f 2982//2962 3136//2969 3129//3105
f 3129//3105 2978//2956 2982//2962
f 3131//3108 3136//2969 3137//3112
f 3131//3108 3129//3105 3136//2969
f 3138//3069 3089//3065 3079//3114
f 3130//3113 3137//3112 3138//3069
f 3258//3115 3139//3116 3133//3109
f 3140//3117 3138//3069 3137//3112
f 2995//2968 3140//3117 3136//2969
f 3142//3119 3098//3068 3138//3069
f 3140//3117 2995//2968 3002//2984
f 3142//3119 3111//3086 3098//3068
f 3143//2983 3144//3120 3142//3119
f 3143//2983 3009//2982 3144//3120
f 3146//3121 2569//2539 2564//2534
f 3149//3818 3146//3121 2565//2535
f 3148//3820 3145//3268 3147//5532
f 3148//3820 2565//2535 3145//3268
f 2565//2535 3148//3820 3149//3818
f 3150//3124 2568//2540 3151//3122
f 3152//2994 3156//3123 3150//3124
f 3153//3125 2569//2539 3146//3121
f 3155//2995 3152//2994 3150//3124
f 3156//3123 2574//2395 2568//2540
f 2585//2555 2479//2550 3157//2556
f 3159//3129 2586//2557 2585//2555
f 3160//3130 2587//2558 2586//2557
f 3160//3130 2588//2559 2587//2558
f 3161//3133 3162//3131 3160//3130
f 3163//3141 2584//2561 2589//2560
f 3164//3132 3165//3134 3162//3131
f 3157//2556 2484//2458 3029//3008
f 3158//3128 3157//2556 3166//3135
f 3167//3136 3158//3128 3166//3135
f 3167//3136 3169//3138 3160//3130
f 3167//3136 3160//3130 3159//3129
f 3169//3138 3161//3133 3160//3130
f 3164//3132 3161//3133 3169//3138
f 3172//3142 3173//3143 3165//3134
f 3174//3153 3163//3141 3171//3140
f 3175//3144 3166//3135 3029//3008
f 3168//3137 3166//3135 3176//3145
f 3169//3138 3167//3136 3168//3137
f 3178//3147 3168//3137 3177//3146
f 3179//3149 3170//3139 3169//3138
f 3180//3150 3172//3142 3170//3139
f 3180//3150 3179//3149 3178//3147
f 3181//3151 3173//3143 3172//3142
f 3182//3152 3171//3140 3173//3143
f 3183//3154 3174//3153 3182//3152
f 3184//3156 3175//3144 3047//3026
f 3185//3157 3184//3156 3048//3027
f 3186//3158 3175//3144 3184//3156
f 3194//3159 3176//3145 3175//3144
f 3188//3148 3177//3146 3187//3160
f 3189//3162 3181//3151 3178//3147
f 3190//3155 3182//3152 3181//3151
f 3191//3163 3192//3282 3190//3155
f 3183//3154 3190//3155 3192//3282
f 3186//3158 3185//3157 3193//3165
f 3195//3164 3194//3159 3186//3158
f 3196//3166 3187//3160 3176//3145
f 3200//3167 3196//3166 3194//3159
f 3197//3161 3187//3160 3196//3166
f 3197//3161 3189//3162 3188//3148
f 3197//3161 3191//3163 3189//3162
f 3200//3167 3195//3164 3199//3172
f 3204//3171 3201//3170 3200//3167
f 3198//3168 3196//3166 3201//3170
f 3204//3171 3199//3172 3203//3175
f 3207//3174 3205//3173 3204//3171
f 3206//3176 3202//3169 3201//3170
f 3207//3174 3208//3824 3206//3176
f 2600//2572 2597//2571 3210//3181
f 2601//2573 2584//2561 3211//3184
f 3212//3180 2598//2569 2601//2573
f 3213//3179 2599//2570 2598//2569
f 3214//3183 2600//2572 3210//3181
f 3218//3182 2514//2484 2600//2572
f 3215//3186 2601//2573 3211//3184
f 3216//3185 3212//3180 2601//2573
f 3216//3185 3217//3187 3213//3179
f 3219//3220 3218//3182 3214//3183
f 3220//3189 3211//3184 3163//3141
f 3221//3188 3215//3186 3211//3184
f 3222//3191 3217//3187 3216//3185
f 3222//3191 3210//3181 3217//3187
f 3223//3190 3214//3183 3210//3181
f 3224//3192 3216//3185 3221//3188
f 3223//3190 3219//3220 3214//3183
f 3225//3194 3222//3191 3224//3192
f 3226//3193 3223//3190 3222//3191
f 3227//3195 3220//3189 3174//3153
f 3227//3195 3228//3196 3221//3188
f 3355//3197 3225//3194 3224//3192
f 3193//3165 3185//3157 3049//3028
f 3070//3049 3193//3165 3049//3028
f 3231//3243 3226//3193 3229//3198
f 3232//3200 3075//3051 3071//3047
f 3075//3051 3233//3201 3073//3048
f 3235//3208 3234//3202 3232//3200
f 3236//3203 3195//3164 3193//3165
f 3233//3201 3236//3203 3070//3049
f 3238//3207 3237//3204 3234//3202
f 3235//3208 3238//3207 3234//3202
f 3237//3204 3239//3205 3233//3201
f 3239//3205 3241//3209 3236//3203
f 3243//3216 3242//3210 3237//3204
f 3244//3211 3243//3216 3237//3204
f 3245//3212 3244//3211 3238//3207
f 3239//3205 3246//3214 3241//3209
f 3246//3214 3239//3205 3242//3210
f 3245//3212 3248//3861 3244//3211
f 3246//3214 3249//3219 3247//3213
f 3250//3215 3249//3219 3246//3214
f 3243//3216 3251//3856 3250//3215
f 3252//3217 3251//3856 3243//3216
f 3248//3861 3252//3217 3244//3211
f 3247//3213 3253//5533 3207//3174
f 3254//3218 3253//5533 3247//3213
f 3253//5533 3208//3824 3207//3174
f 3255//3221 2530//2500 2514//2484
f 3219//3220 3087//3223 2530//2500
f 3256//3222 3088//3226 3087//3223
f 3255//3221 2514//2484 3218//3182
f 3257//3224 3095//3063 3088//3226
f 3258//3115 3094//3061 3096//3064
f 3260//3228 3096//3064 3257//3224
f 3261//3227 3258//3115 3096//3064
f 3263//3231 3256//3222 3219//3220
f 3265//3233 3260//3228 3262//3229
f 3266//3232 3261//3227 3260//3228
f 3267//3234 3259//3225 3264//3230
f 3267//3234 3268//3235 3262//3229
f 3263//3231 3219//3220 3223//3190
f 3268//3235 3269//3236 3265//3233
f 3272//3237 3263//3231 3223//3190
f 3274//3238 3270//3246 3269//3236
f 3108//3240 3271//3239 3102//3075
f 3273//3241 3264//3230 3263//3231
f 3275//3242 3272//3237 3226//3193
f 3276//3244 3273//3241 3272//3237
f 3271//3239 3232//3200 3074//3050
f 3278//3247 3235//3208 3232//3200
f 3278//3247 3271//3239 3108//3240
f 3109//3082 3279//3248 3108//3240
f 3110//3081 3117//3090 3279//3248
f 3279//3248 3280//3249 3108//3240
f 3240//3206 3235//3208 3278//3247
f 3280//3249 3279//3248 3240//3206
f 3282//3251 3245//3212 3240//3206
f 3284//3253 3248//3861 3245//3212
f 3282//3251 3279//3248 3283//3252
f 3285//3259 2625//2596 3128//2598
f 3286//2600 2625//2596 3285//3259
f 3288//3254 2628//2599 3287//3255
f 3288//3254 2626//2597 2628//2599
f 3290//3257 3285//3259 3128//2598
f 3291//3258 3286//2600 3285//3259
f 2628//2599 3286//2600 3287//3255
f 3293//3260 3287//3255 3292//3266
f 3289//3256 3287//3255 3293//3260
f 3139//3116 3295//3262 3134//3110
f 3290//3257 3135//3111 3134//3110
f 3296//3263 3139//3116 3258//3115
f 3297//3265 3296//3263 3261//3227
f 3291//3258 3295//3262 3296//3263
f 3291//3258 3290//3257 3295//3262
f 3299//3267 3297//3265 3266//3232
f 3292//3266 3298//3264 3297//3265
f 3287//3255 3291//3258 3298//3264
f 3293//3260 3292//3266 3299//3267
f 3270//3246 3294//3261 3299//3267
f 3294//3261 3293//3260 3299//3267
f 3145//3268 2642//2617 2639//2612
f 2647//3272 3300//3269 2639//2612
f 2642//2617 3145//3268 2565//2535
f 3304//3275 3303//3274 2644//2620
f 2648//2623 3304//3275 2645//2621
f 3303//3274 3305//3276 2646//3270
f 3147//5532 3145//3268 3300//3269
f 3306//3277 3301//3271 3307//3280
f 3305//3276 3307//3280 3301//3271
f 3304//3275 3308//3278 3303//3274
f 3308//3278 3309//3279 3305//3276
f 3311//3281 3312//3283 3192//3282
f 3312//3283 3313//3286 3183//3154
f 3314//3284 3313//3286 3312//3283
f 3316//3285 3317//3287 3313//3286
f 3318//3289 3319//3291 3317//3287
f 3320//3290 3315//3288 3317//3287
f 3321//3292 3322//3306 3319//3291
f 3324//3297 3322//3306 3321//3292
f 3324//3297 3325//3332 3322//3306
f 3327//3293 3324//3297 3323//3294
f 3328//3296 3325//3332 3324//3297
f 3329//3298 3311//3281 3191//3163
f 3330//3299 3314//3284 3311//3281
f 3332//3300 3316//3285 3314//3284
f 3334//3301 3332//3300 3331//3302
f 3334//3301 3318//3289 3316//3285
f 3336//3304 3334//3301 3333//3303
f 3335//3305 3337//3307 3336//3304
f 3337//3307 3321//3292 3318//3289
f 3338//3308 3323//3294 3337//3307
f 3324//3297 3321//3292 3337//3307
f 3338//3308 3326//3295 3323//3294
f 3329//3298 3197//3161 3202//3169
f 3340//3309 3330//3299 3329//3298
f 3340//3309 3332//3300 3330//3299
f 3341//3310 3333//3303 3331//3302
f 3341//3310 3335//3305 3333//3303
f 3342//3311 3338//3308 3335//3305
f 3340//3309 3202//3169 3344//3177
f 3345//3314 3346//3316 3341//3310
f 3347//3315 3342//3311 3341//3310
f 3342//3311 3347//3315 3348//3317
f 3343//3312 3350//3320 3349//3318
f 3351//3321 3345//3314 3344//3177
f 3347//3315 3352//3322 3353//3323
f 3352//3322 3347//3315 3346//3316
f 3230//3199 3355//3197 3228//3196
f 3357//3324 3229//3198 3355//3197
f 3315//3288 3358//3325 3230//3199
f 3359//3327 3231//3243 3357//3324
f 3360//3326 3275//3242 3231//3243
f 3358//3325 3361//3328 3357//3324
f 3362//3329 3358//3325 3315//3288
f 3363//3330 3364//3331 3362//3329
f 3325//3332 3366//3341 3372//3333
f 3369//3337 3370//3414 3325//3332
f 3370//3414 3366//3341 3325//3332
f 3370//3414 3367//3336 3366//3341
f 3371//3338 3360//3326 3359//3327
f 3364//3331 3361//3328 3362//3329
f 3373//3339 3371//3338 3361//3328
f 3374//3340 3401//3367 3371//3338
f 3367//3336 3365//3335 3366//3341
f 3365//3335 3374//3340 3373//3339
f 3375//3342 3376//3415 2659//2632
f 3375//3342 3378//3368 3379//3352
f 3375//3342 2687//2662 3378//3368
f 3376//3415 3375//3342 3379//3352
f 3377//3343 3384//3346 3378//3368
f 3386//3347 3384//3346 3385//3348
f 3384//3346 3386//3347 3379//3352
f 3384//3346 3379//3352 3378//3368
f 3380//3349 3376//3415 3379//3352
f 3276//3244 3389//3353 3273//3241
f 3389//3353 3274//3238 3273//3241
f 3277//3245 3381//3358 3270//3246
f 3400//3354 3390//3356 3389//3353
f 3391//3355 3277//3245 3389//3353
f 3392//3357 3381//3358 3277//3245
f 3393//3359 3394//3360 3391//3355
f 3394//3360 3392//3357 3391//3355
f 3397//3361 3394//3360 3393//3359
f 3383//3345 3382//3344 3394//3360
f 3385//3348 3397//3361 3396//3362
f 3384//3346 3383//3345 3397//3361
f 3385//3348 3396//3362 3398//3364
f 3368//3334 3399//3365 3365//3335
f 3387//3350 3385//3348 3399//3365
f 3387//3350 3380//3349 3385//3348
f 3388//3351 3387//3350 3368//3334
f 3400//3354 3276//3244 3275//3242
f 3401//3367 3400//3354 3360//3326
f 3395//3363 3390//3356 3401//3367
f 3395//3363 3393//3359 3390//3356
f 3398//3364 3395//3363 3374//3340
f 3399//3365 3398//3364 3374//3340
f 3288//3254 2685//2660 2626//2597
f 3403//3369 2686//2661 2685//2660
f 3402//3370 3289//3256 3294//3261
f 3402//3370 3288//3254 3289//3256
f 3403//3369 2685//2660 3288//3254
f 3381//3358 3404//3371 3294//3261
f 3404//3371 3403//3369 3402//3370
f 3377//3343 3404//3371 3382//3344
f 3377//3343 3378//3368 3403//3369
f 2689//3372 2641//2615 2143//2125
f 3405//3373 3406//3935 3310//2622
f 3407//3375 3408//3374 3410//3383
f 3411//3379 2771//2765 3412//3377
f 3411//3379 3413//3378 3414//3380
f 3413//3378 3412//3377 3416//3404
f 3416//3404 3415//3382 3413//3378
f 3415//3382 3416//3404 3966//3384
f 3419//3388 3421//3390 2715//2685
f 2717//2687 3425//3394 3419//3388
f 2717//2687 3419//3388 2712//2684
f 2720//2690 3421//3390 3420//3391
f 2716//2689 2720//2690 3423//3392
f 2721//2763 3422//3393 2771//2765
f 2722//2764 3423//3392 3422//3393
f 3420//3391 3421//3390 3424//3389
f 3422//3393 3412//3377 2771//2765
f 3431//3397 3428//3399 3430//3400
f 3431//3397 3430//3400 3424//3389
f 3431//3397 3426//3396 3428//3399
f 3426//3396 3431//3397 3425//3394
f 3422//3393 3423//3392 3432//3401
f 3327//3293 3326//3295 3428//3399
f 3328//3296 3327//3293 3428//3399
f 3433//3402 3435//3319 3430//3400
f 3432//3401 3412//3377 3422//3393
f 3339//3313 3435//3319 3433//3402
f 3420//3391 3436//3405 3432//3401
f 3436//3405 3420//3391 3434//3403
f 3432//3401 3416//3404 3412//3377
f 3435//3319 3339//3313 3343//3312
f 3436//3405 3416//3404 3432//3401
f 3349//3318 3354//3923 3434//3403
f 3436//3405 3434//3403 3354//3923
f 3354//3923 3966//3384 3436//3405
f 2742//2713 2741//2709 2737//2711
f 2742//2713 3440//3409 3427//3395
f 2742//2713 3437//3406 3440//3409
f 3438//3408 3443//3413 3442//3412
f 3438//3408 3356//3366 3443//3413
f 3426//3396 3441//3411 3429//3398
f 3440//3409 3444//3410 3426//3396
f 3444//3410 3442//3412 3441//3411
f 3437//3406 3438//3408 3444//3410
f 3429//3398 3369//3337 3328//3296
f 3442//3412 3370//3414 3369//3337
f 3443//3413 3368//3334 3367//3336
f 2760//2731 2659//2632 3376//3415
f 2762//2732 2760//2731 3376//3415
f 2761//2733 3445//3416 3446//3418
f 3446//3418 3439//3407 2740//2734
f 3447//3417 3388//3351 3356//3366
f 3446//3418 3447//3417 3439//3407
f 3450//2735 3405//3373 2689//3372
f 3449//3421 3448//3419 2763//2771
f 3452//3424 3450//2735 3448//3419
f 3451//3420 3452//3424 3448//3419
f 3453//3475 3454//3423 3451//3420
f 3452//3424 4004//3959 3450//2735
f 3455//3487 3457//3427 3458//3430
f 3460//3434 3461//3426 3459//3436
f 3522//3491 3461//3426 3456//3425
f 3465//3433 3472//3442 3466//3443
f 3465//3433 3466//3443 3460//3434
f 3460//3434 3466//3443 3467//3437
f 3469//3439 3462//3429 3460//3434
f 3467//3437 3469//3439 3460//3434
f 3460//3434 3462//3429 3461//3426
f 3407//3375 3470//3440 3469//3439
f 3462//3429 3469//3439 3470//3440
f 2764//2740 3472//3442 3465//3433
f 3471//3441 3473//3381 3472//3442
f 3474//3438 3408//3374 3468//3376
f 2767//2742 3411//3379 3475//2746
f 2791//2775 3449//3421 2763//2771
f 3477//3449 3476//3444 2793//2776
f 3480//3458 3479//3422 2791//2775
f 3481//3446 3480//3458 2791//2775
f 3482//3447 3481//3446 2792//3445
f 3483//3454 3482//3447 3476//3444
f 3484//3448 3483//3454 3476//3444
f 3485//3450 3484//3448 3477//3449
f 3488//3452 3487//3461 3481//3446
f 3489//3453 3488//3452 3482//3447
f 3490//3455 3489//3453 3483//3454
f 3486//3456 3495//3463 3490//3455
f 3492//3459 3491//3457 3480//3458
f 3487//3461 3492//3459 3481//3446
f 3489//3453 3494//3462 3493//3460
f 3491//3457 3451//3420 3479//3422
f 3497//3465 3496//3464 3492//3459
f 3494//3462 3498//3466 3497//3465
f 3498//3466 3495//3463 3499//3472
f 3501//3468 3500//3467 3491//3457
f 3502//3469 3501//3468 3496//3464
f 3500//3467 3453//3475 3451//3420
f 3504//3471 3503//3470 3501//3468
f 3498//3466 3505//3473 3504//3471
f 3499//3472 3506//4005 3505//3473
f 3503//3470 3507//3474 3500//3467
f 3512//3480 3513//3479 3511//3477
f 3521//3489 3515//3481 3513//3479
f 3511//3477 3513//3479 3516//3483
f 3495//3463 3511//3477 3499//3472
f 3513//3479 3514//3482 3516//3483
f 3514//3482 3517//3486 3518//3484
f 3516//3483 3518//3484 3499//3472
f 3516//3483 3514//3482 3518//3484
f 3499//3472 3519//3485 3506//4005
f 2798//5085 2799//2782 3509//3490
f 2799//2782 3523//3492 3521//3489
f 3521//3489 3523//3492 3515//3481
f 3523//3492 3522//3491 3515//3481
f 3515//3481 3517//3486 3514//3482
f 3515//3481 3456//3425 3517//3486
f 2797//2781 3459//3436 2799//2782
f 3522//3491 3459//3436 3461//3426
f 2802//2738 2764//2740 3465//3433
f 2801//2784 3524//3435 3459//3436
f 2823//2823 2826//2805 3527//3494
f 2828//2804 2827//2803 3529//3496
f 2826//2805 2828//2804 3530//3497
f 2827//2803 2811//2806 3525//3498
f 3528//3495 3527//3494 3532//3500
f 3526//3493 3530//3497 3534//3502
f 3531//3499 3534//3502 3536//3503
f 3531//3499 3537//3504 3535//3505
f 3536//3503 3539//3508 3537//3504
f 3535//3505 3537//3504 3539//3508
f 3539//3508 3536//3503 3540//3509
f 3541//3507 3542//3510 3539//3508
f 2846//2826 2823//2823 3528//3495
f 2847//2827 2846//2826 3528//3495
f 3546//3514 2848//2828 2847//2827
f 3548//3516 3545//3513 3528//3495
f 3545//3513 3548//3516 3549//3517
f 3546//3514 3545//3513 3549//3517
f 3547//3515 3546//3514 3550//3518
f 3548//3516 3532//3500 3535//3505
f 3552//3520 3549//3517 3548//3516
f 3550//3518 3549//3517 3553//3521
f 3552//3520 3551//3519 3555//3523
f 3549//3517 3552//3520 3556//3524
f 3554//3522 3553//3521 3557//3525
f 3553//3521 3556//3524 3559//3527
f 3555//3523 3539//3508 3542//3510
f 3560//3528 3561//3530 3559//3527
f 3562//3529 3557//3525 3559//3527
f 3558//3526 3557//3525 3562//3529
f 3561//3530 3564//3533 3562//3529
f 3563//3531 3562//3529 3564//3533
f 3564//3533 3561//3530 3565//3532
f 3565//3532 3544//3512 3567//3535
f 3568//3536 3569//3563 3564//3533
f 3569//3563 3568//3536 3570//4209
f 3572//3537 2848//2828 3547//3515
f 2862//2841 2861//2840 3572//3537
f 3575//3680 2865//2844 2867//2845
f 3573//3538 3572//3537 3547//3515
f 3574//3539 2862//2841 3573//3538
f 3577//3543 2866//3540 3574//3539
f 2867//2845 2866//3540 3577//3543
f 3578//3544 3575//3680 2867//2845
f 3577//3543 3574//3539 3579//3542
f 3547//3515 3550//3518 3554//3522
f 3573//3538 3547//3515 3580//3545
f 3576//3541 3573//3538 3581//3546
f 3579//3542 3576//3541 3582//3547
f 3583//3549 3577//3543 3579//3542
f 3581//3546 3580//3545 3554//3522
f 3558//3526 3586//3551 3554//3522
f 3583//3549 3578//3544 3577//3543
f 3581//3546 3554//3522 3586//3551
f 3588//3553 3582//3547 3581//3546
f 3586//3551 3558//3526 3563//3531
f 3579//3542 3582//3547 3588//3553
f 3585//3548 3583//3549 3591//3556
f 3592//3557 3584//3550 3585//3548
f 3593//3558 3588//3553 3587//3552
f 3587//3552 3563//3531 3566//3534
f 3594//3559 3579//3542 3588//3553
f 3589//3554 3579//3542 3594//3559
f 3564//3533 3595//3560 3566//3534
f 3596//3708 3592//3557 3591//3556
f 3598//3562 3593//3558 3566//3534
f 3598//3562 3594//3559 3593//3558
f 3599//3564 3600//3565 3597//3561
f 3600//3565 3601//3566 3598//3562
f 3589//3554 3594//3559 3598//3562
f 3602//3567 3590//3555 3589//3554
f 3603//3568 3591//3556 3590//3555
f 3571//3569 3599//3564 3595//3560
f 5485//5424 3600//3565 3599//3564
f 3602//3567 3596//3708 3603//3568
f 3596//3708 3591//3556 3603//3568
f 3607//3573 3606//3571 3761//3572
f 3609//3576 3607//3573 3763//3574
f 3612//3579 2883//2858 2885//2859
f 3611//3580 2885//2859 2887//2860
f 3614//3582 3612//3579 3611//3580
f 3617//3591 3613//3581 3614//3582
f 3618//5534 3606//3571 3607//3573
f 3618//5534 2886//2861 3606//3571
f 3619//3585 2886//2861 3618//5534
f 3620//3586 3618//5534 3607//3573
f 4161//3603 3617//3591 3614//3582
f 3619//3585 3618//5534 3620//3586
f 3612//3579 2884//2877 2883//2858
f 2903//2879 2884//2877 3613//3581
f 2905//2881 2901//2878 3621//3587
f 3622//3588 2902//2928 2905//2881
f 3623//3589 2903//2879 3613//3581
f 2904//2880 2903//2879 3623//3589
f 3621//3587 2904//2880 3624//3590
f 3625//3593 3622//3588 3621//3587
f 3629//3594 3624//3590 3623//3589
f 3627//3598 3651//3619 3625//3593
f 3630//3596 3625//3593 3626//3592
f 3631//3599 3623//3589 3628//3595
f 3632//3597 3626//3592 3629//3594
f 3633//3600 3629//3594 3631//3599
f 3634//3645 3627//3598 3630//3596
f 3636//3601 3632//3597 3633//3600
f 2811//2806 2957//2930 3637//3605
f 3638//3606 3637//3605 2957//2930
f 2958//2933 2960//2935 3639//3607
f 3640//3608 2955//2927 2902//2928
f 3641//3609 2956//2929 2955//2927
f 2960//2935 2956//2929 3641//3609
f 3525//3498 3637//3605 3642//3611
f 3637//3605 3638//3606 3643//3610
f 3638//3606 3639//3607 3644//3612
f 3638//3606 3645//3613 3643//3610
f 3645//3613 3650//3617 3642//3611
f 3646//3615 3640//3608 3622//3588
f 3647//3614 3641//3609 3640//3608
f 3648//3616 3639//3607 3641//3609
f 3651//3619 3646//3615 3622//3588
f 3653//3620 3650//3617 3645//3613
f 3655//3623 3647//3614 3646//3615
f 3656//3624 3648//3616 3647//3614
f 3656//3624 3645//3613 3648//3616
f 3652//3621 3645//3613 3656//3624
f 3657//3625 3654//3622 3651//3619
f 3658//3626 3655//3623 3654//3622
f 3659//3627 3656//3624 3655//3623
f 3660//3628 3652//3621 3656//3624
f 3661//3629 3653//3620 3652//3621
f 3662//3630 3663//3632 3658//3626
f 3664//3631 3659//3627 3658//3626
f 3662//3630 3657//3625 3627//3598
f 3667//3634 3664//3631 3663//3632
f 3665//3636 3660//3628 3664//3631
f 3668//3635 3661//3629 3660//3628
f 3665//3636 3664//3631 3667//3634
f 3672//3639 3665//3636 3670//3638
f 3672//3639 3668//3635 3665//3636
f 3673//3642 3667//3634 3662//3630
f 3674//3643 3670//3638 3667//3634
f 3675//3641 3669//3637 3668//3635
f 3671//3640 3670//3638 3674//3643
f 3677//3646 3674//3643 3673//3642
f 3678//3647 3666//3633 3676//3644
f 3677//3646 3666//3633 3678//3647
f 3538//3506 3642//3611 3649//3618
f 3680//3649 3536//3503 3538//3506
f 3681//3650 3680//3649 3649//3618
f 3685//3653 3682//3651 3680//3649
f 3681//3650 3650//3617 3653//3620
f 3684//3654 3683//3652 3681//3650
f 3688//3655 3543//3511 3541//3507
f 3687//3659 3685//3653 3683//3652
f 3683//3652 3684//3654 3687//3659
f 3669//3637 3684//3654 3653//3620
f 3669//3637 3653//3620 3661//3629
f 3687//3659 3686//3656 3685//3653
f 3690//3658 3689//3657 3686//3656
f 3692//3661 3691//3660 3684//3654
f 3693//3662 3692//3661 3669//3637
f 3697//5535 3691//3660 3692//3661
f 3689//3657 3694//3666 3688//3655
f 3696//3664 3695//3663 3690//3658
f 3697//5535 3696//3664 3691//3660
f 3698//3665 3696//3664 3697//5535
f 3694//3666 3544//3512 3543//3511
f 3701//5536 3568//3536 3567//3535
f 3701//5536 3570//4209 3568//3536
f 3702//3667 3701//5536 3567//3535
f 3703//3668 3702//3667 3694//3666
f 3704//3669 3703//3668 3689//3657
f 3570//4209 3571//3569 3569//3563
f 3707//4207 3570//4209 3701//5536
f 3703//3668 3701//5536 3702//3667
f 3703//3668 3707//4207 3701//5536
f 3710//3672 3708//3670 3704//3669
f 3753//3674 4315//4267 3711//3675
f 3715//3812 3710//3672 3712//3673
f 3706//3677 3753//3674 3714//3676
f 3706//3677 3700//3707 3705//3678
f 3718//3679 2996//2972 2865//2844
f 3719//3681 3003//5530 2996//2972
f 3719//3681 3005//2980 3003//5530
f 3007//2979 3721//3683 3006//2981
f 3721//3683 3007//2979 3005//2980
f 3722//3684 2993//2966 3006//2981
f 3722//3684 3728//3685 3004//2978
f 3723//3687 3719//3681 3718//3679
f 3724//3686 3720//3682 3719//3681
f 3721//3683 3726//3689 3725//3688
f 3726//3689 3721//3683 3720//3682
f 3727//3690 3722//3684 3006//2981
f 3729//3694 3731//5537 3009//2982
f 3009//2982 3008//2985 3729//3694
f 3732//3695 3723//3687 3718//3679
f 3733//3692 3724//3686 3723//3687
f 3727//3690 3725//3688 3734//3691
f 3008//2985 3728//3685 3735//3693
f 3584//3550 3718//3679 3578//3544
f 3736//3696 3723//3687 3732//3695
f 3726//3689 3737//3704 3734//3691
f 3737//3704 3726//3689 3733//3692
f 3735//3693 3727//3690 3738//3697
f 3731//5537 3729//3694 3739//3698
f 3733//3692 3740//3701 3737//3704
f 3740//3701 3733//3692 3736//3696
f 3741//5538 3734//3691 3737//3704
f 3738//3697 3734//3691 3741//5538
f 3739//3698 3735//3693 3742//3699
f 3699//3706 3731//5537 3739//3698
f 3732//3695 3584//3550 3592//3557
f 3743//3700 3736//3696 3732//3695
f 3740//3701 3745//3702 3737//3704
f 3744//3703 3746//3705 3741//5538
f 3744//3703 3741//5538 3737//3704
f 3738//3697 3741//5538 3746//3705
f 3743//3700 3592//3557 3596//3708
f 3744//3703 3749//3711 3742//3699
f 3742//3699 3746//3705 3744//3703
f 3705//3678 3739//3698 3749//3711
f 3750//3712 3747//3709 3596//3708
f 3745//3702 3751//4259 3752//3713
f 3751//4259 3745//3702 3748//3710
f 3749//3711 3744//3703 3752//3713
f 3756//3715 3016//3001 3017//2993
f 3757//3719 3756//3715 3865//3716
f 3865//3716 3867//3717 3757//3719
f 3759//3723 3757//3719 3758//3718
f 3760//3726 3759//3723 3758//3718
f 3758//3718 3755//5539 3760//3726
f 2873//2850 3022//3002 3761//3572
f 3756//3715 3022//3002 3016//3001
f 3022//3002 3762//3720 3761//3572
f 3762//3720 3765//3722 3764//3721
f 3765//3722 3762//3720 3757//3719
f 3759//3723 3760//3726 3765//3722
f 3605//3578 3609//3576 3766//3724
f 3766//3724 3767//4309 3605//3578
f 3770//3747 3675//3641 3672//3639
f 3771//3728 3772//3730 3672//3639
f 3773//3729 3770//3747 3672//3639
f 3775//3731 3772//3730 3771//3728
f 3776//3733 3773//3729 3775//3731
f 3769//3727 3674//3643 3677//3646
f 3779//3736 3671//3640 3769//3727
f 3771//3728 3671//3640 3779//3736
f 3774//3732 3771//3728 3779//3736
f 3780//3737 3781//3738 3774//3732
f 3777//3734 3775//3731 3781//3738
f 3782//3753 3776//3733 3777//3734
f 3784//3741 3777//3734 3783//3739
f 3785//3740 3782//3753 3777//3734
f 3778//3735 3677//3646 3679//3648
f 3780//3737 3779//3736 3787//3743
f 3788//3744 3781//3738 3780//3737
f 3783//3739 3781//3738 3788//3744
f 3786//3742 3783//3739 3788//3744
f 3790//3746 3693//3662 3675//3641
f 3791//3748 3790//3746 3770//3747
f 3794//3749 3692//3661 3693//3662
f 3794//3749 3697//5535 3692//3661
f 3795//3774 3697//5535 3794//3749
f 3795//3774 3698//3665 3697//5535
f 3797//3752 3794//3749 3790//3746
f 3798//3751 3795//3774 3794//3749
f 3776//3733 3782//3753 3791//3748
f 3799//3754 3790//3746 3796//3750
f 3799//3754 3800//3756 3797//3752
f 3802//3757 3798//3751 3797//3752
f 3782//3753 3803//3758 3796//3750
f 3819//3777 3800//3756 3799//3754
f 3804//3759 3805//3764 3802//3757
f 3819//3777 3799//3754 3803//3758
f 3803//3758 3810//3767 3819//3777
f 3808//3763 3807//3776 3805//3764
f 3813//3765 3810//3767 3803//3758
f 3814//3766 3811//3762 3810//3767
f 3814//3766 3815//3769 3804//3759
f 3816//3768 3808//3763 3804//3759
f 3793//3771 3812//3770 3816//3768
f 3817//3773 3712//3673 3698//3665
f 3802//3757 3817//3773 3798//3751
f 3805//3764 3807//3776 3802//3757
f 3811//3762 3800//3756 3819//3777
f 3806//3761 3801//3755 3800//3756
f 3807//3776 3808//3763 3818//3775
f 3822//3780 3121//3094 3120//3093
f 3118//3091 3829//3786 3820//3778
f 3829//3786 3118//3091 3823//3784
f 3821//3779 3826//3781 3827//3782
f 3828//3785 3823//3784 3825//3789
f 3829//3786 3828//3785 3832//3792
f 3830//3787 3832//3792 3833//3791
f 3832//3792 3830//3787 3829//3786
f 3831//3788 3833//3791 3834//5540
f 3833//3791 3831//3788 3830//3787
f 3828//3785 3835//3790 3836//3793
f 3836//3793 3832//3792 3828//3785
f 3833//3791 3836//3793 3837//3794
f 3839//3796 3834//5540 3833//3791
f 3839//3796 3840//3803 3834//5540
f 3700//3707 3841//3797 3835//3790
f 3838//3795 3837//3794 3843//3800
f 3838//3795 3843//3800 3839//3796
f 3846//3802 3844//3801 3845//3799
f 3843//3800 3846//3802 3839//3796
f 3793//3771 3845//3799 3812//3770
f 3846//3802 3840//3803 3839//3796
f 3849//3808 3713//3807 3717//3804
f 3706//3677 3714//3676 3713//3807
f 3706//3677 3849//3808 3841//3797
f 3851//3810 3715//3812 3712//3673
f 3851//3810 3852//3813 3847//3811
f 3853//3814 3717//3804 3848//3806
f 3849//3808 3853//3814 3842//3798
f 3852//3813 3853//3814 3848//3806
f 3854//3815 3850//3809 3817//3773
f 3855//3816 3851//3810 3850//3809
f 3844//3801 3852//3813 3851//3810
f 3843//3800 3853//3814 3852//3813
f 3845//3799 3854//3815 3808//3763
f 3855//3816 3854//3815 3845//3799
f 3730//3817 3118//3091 3144//3120
f 3730//3817 3009//2982 3731//5537
f 3825//3789 3730//3817 3731//5537
f 3699//3706 3825//3789 3731//5537
f 3856//3127 3153//3125 3146//3121
f 3858//3819 3148//3820 3147//5532
f 3859//4401 3147//5532 3857//3895
f 3147//5532 3859//4401 3858//3819
f 3859//4401 3857//3895 3862//3903
f 3859//4401 3861//4399 3858//3819
f 3149//3818 3858//3819 3863//4397
f 3149//3818 3863//4397 3860//3821
f 3859//4401 3862//3903 3864//4402
f 3865//3716 3866//3822 3867//3717
f 3867//3717 3866//3822 3856//3127
f 3868//3823 3867//3717 3856//3127
f 3755//5539 3758//3718 3868//3823
f 3865//3716 3017//2993 3155//2995
f 3871//3826 3209//3178 3206//3176
f 3870//3825 3874//3828 3873//3827
f 3874//3828 3870//3825 3208//3824
f 3874//3828 3876//3832 3879//3830
f 3874//3828 3872//3829 3877//3831
f 3873//3827 3878//3833 3875//3924
f 3879//3830 3881//3835 3878//3833
f 3882//3844 3875//3924 3878//3833
f 3884//3836 3885//3842 3876//3832
f 3881//3835 3876//3832 3885//3842
f 3889//3841 3887//3879 3886//3849
f 3891//3837 3889//3841 3888//3838
f 3883//3840 3891//3837 3884//3836
f 3885//3842 3891//3837 3890//3839
f 3885//3842 3892//3843 3881//3835
f 3892//3843 3878//3833 3881//3835
f 3894//3845 3785//3740 3784//3741
f 3897//3882 3895//3847 3894//3845
f 3886//3849 3894//3845 3896//3848
f 3886//3849 3897//3882 3894//3845
f 3888//3838 3886//3849 3898//3850
f 3890//3839 3888//3838 3899//3851
f 3900//3852 3892//3843 3890//3839
f 3893//3846 3784//3741 3786//3742
f 3902//3853 3789//3745 3901//4317
f 3896//3848 3893//3846 3789//3745
f 3898//3850 3896//3848 3902//3853
f 3250//3215 3904//3857 3249//3219
f 3253//5533 3254//3218 3905//3862
f 3253//5533 3905//3862 3208//3824
f 3908//3859 3907//3858 3904//3857
f 3906//3860 3908//3859 3252//3217
f 3254//3218 3907//3858 3872//3829
f 3254//3218 3249//3219 3907//3858
f 3910//3891 3909//3867 3906//3860
f 3909//3867 3911//3863 3908//3859
f 3908//3859 3906//3860 3909//3867
f 3912//3864 3877//3831 3872//3829
f 3913//5541 3916//3866 3909//3867
f 3913//5541 3910//3891 3914//3876
f 3910//3891 3913//5541 3909//3867
f 3915//3865 3917//3869 3912//3864
f 3916//3866 3915//3865 3911//3863
f 3917//3869 3880//3834 3912//3864
f 3919//3868 3921//3870 3915//3865
f 3920//3875 3919//3868 3916//3866
f 3913//5541 3914//3876 3920//3875
f 3913//5541 3920//3875 3916//3866
f 3922//3871 3884//3836 3880//3834
f 3922//3871 3880//3834 3917//3869
f 3918//3881 3793//3771 3792//3772
f 3920//3875 3926//3872 3924//3874
f 3914//3876 3918//3881 3926//3872
f 3887//3879 3923//3878 3886//3849
f 3921//3870 3927//3877 3887//3879
f 3927//3877 3924//3874 3923//3878
f 3921//3870 3889//3841 3883//3840
f 3895//3847 3809//3760 3785//3740
f 3928//3880 3813//3765 3809//3760
f 3924//3874 3814//3766 3928//3880
f 3925//3873 3815//3769 3814//3766
f 3792//3772 3816//3768 3815//3769
f 3926//3872 3792//3772 3925//3873
f 3923//3878 3928//3880 3895//3847
f 3283//3252 3929//3883 3930//3884
f 3284//3253 3931//3885 3248//3861
f 3284//3253 3283//3252 3930//3884
f 3824//3783 3929//3883 3822//3780
f 3933//3887 3906//3860 3248//3861
f 3932//3886 3936//3890 3930//3884
f 3935//3889 3910//3891 3906//3860
f 3933//3887 3930//3884 3936//3890
f 3934//3888 3831//3788 3937//5542
f 3831//3788 3934//3888 3827//3782
f 3936//3890 3938//3892 3935//3889
f 3932//3886 3937//5542 3936//3890
f 3932//3886 3934//3888 3937//5542
f 3935//3889 3938//3892 3914//3876
f 3834//5540 3940//3893 3937//5542
f 3937//5542 3831//3788 3834//5540
f 3938//3892 3939//3894 3918//3881
f 3940//3893 3936//3890 3937//5542
f 3840//3803 3940//3893 3834//5540
f 3300//3269 3857//3895 3147//5532
f 3310//2622 3943//3896 2648//2623
f 3309//3279 3941//3897 3307//3280
f 3943//3896 3942//3898 3308//3278
f 3941//3897 3944//3899 3306//3277
f 3942//3898 3945//3900 3309//3279
f 3944//3899 3862//3903 3857//3895
f 3947//3902 3864//4402 3862//3903
f 3941//3897 3947//3902 3944//3899
f 3942//3898 3948//4451 3945//3900
f 3949//3904 3948//4451 3942//3898
f 3946//3901 3949//3904 3943//3896
f 3945//3900 3950//3905 3941//3897
f 3954//3906 3955//3909 3952//3907
f 3955//3909 3956//3913 3953//3910
f 3959//3912 4001//3914 3956//3913
f 3960//3916 3961//3918 3957//3911
f 3959//3912 3951//3957 4001//3914
f 3962//3920 3351//3321 3209//3178
f 3964//3921 3352//3322 3351//3321
f 3352//3322 3964//3921 3353//3323
f 3969//3908 3966//3384 3354//3923
f 3965//3922 3969//3908 3354//3923
f 3349//3318 3350//3320 3965//3922
f 3875//3924 3209//3178 3871//3826
f 3964//3921 3967//3926 3968//5543
f 3967//3926 3964//3921 3963//3919
f 3353//3323 3968//5543 3965//3922
f 3968//5543 3353//3323 3964//3921
f 3969//3908 3952//3907 3417//3387
f 3970//3927 3962//3920 3875//3924
f 3962//3920 3970//3927 3971//3925
f 3968//5543 3972//3929 3973//3930
f 3972//3929 3968//5543 3967//3926
f 3973//3930 3954//3906 3965//3922
f 3973//3930 3965//3922 3968//5543
f 3958//3917 3957//3911 3954//3906
f 3975//3931 3970//3927 3882//3844
f 3971//3925 3975//3931 3976//3932
f 3975//3931 3971//3925 3970//3927
f 3974//3928 3976//3932 3972//3929
f 3977//3933 3972//3929 3976//3932
f 3958//3917 3972//3929 3977//3933
f 3979//3977 3978//3934 3405//3373
f 3406//3935 3946//3901 3310//2622
f 3979//3977 3980//4479 3978//3934
f 3984//3938 4047//4003 4051//3936
f 3985//3951 3984//3938 3991//3946
f 3984//3938 3981//3940 4047//4003
f 3985//3951 3986//3939 3984//3938
f 3994//3953 3987//3942 3470//3440
f 3988//3956 3989//3943 3987//3942
f 3989//3943 3990//3945 3991//3946
f 3990//3945 3985//3951 3991//3946
f 3409//3386 3994//3953 3410//3383
f 3410//3383 3994//3953 3407//3375
f 3470//3440 3407//3375 3994//3953
f 3996//3955 3999//3944 3988//3956
f 3997//3954 4000//3948 3999//3944
f 3997//3954 3998//3915 4000//3948
f 3999//3944 4000//3948 3990//3945
f 3951//3957 4002//3949 4000//3948
f 4003//3958 3417//3387 3952//3907
f 3953//3910 4003//3958 3952//3907
f 4003//3958 3997//3954 3995//3952
f 3953//3910 3998//3915 3997//3954
f 4004//3959 3979//3977 3405//3373
f 3454//3423 4005//3962 3452//3424
f 4006//3960 4009//3961 3454//3423
f 4007//3965 4006//3960 3453//3475
f 4005//3962 4004//3959 3452//3424
f 4008//4004 4052//3967 4007//3965
f 4012//3970 4016//3963 4005//3962
f 4009//3961 4012//3970 4005//3962
f 4014//3964 4013//3972 4009//3961
f 4015//3966 4014//3964 4007//3965
f 4013//3972 4017//3969 4009//3961
f 4015//3966 4022//3973 4018//3971
f 4010//3968 4019//3975 4022//3973
f 4011//3974 4020//3992 4019//3975
f 4016//3963 4021//3976 4004//3959
f 4012//3970 4023//3979 4016//3963
f 4018//3971 4022//3973 4025//3978
f 4017//3969 4025//3978 4024//3980
f 4019//3975 4020//3992 4027//3997
f 4023//3979 4028//3984 4021//3976
f 4024//3980 4029//4500 4023//3979
f 4019//3975 4030//3985 4026//3981
f 4027//3997 4030//3985 4019//3975
f 4029//4500 4031//3983 4023//3979
f 4024//3980 4032//3982 4029//4500
f 4032//3982 4026//3981 4033//3986
f 4035//3989 4037//3991 3520//3488
f 4034//3987 4035//3989 3520//3488
f 4020//3992 4037//3991 4038//3993
f 4038//3993 4036//3990 4039//3994
f 4020//3992 4038//3993 4040//3995
f 4040//3995 4042//3996 4020//3992
f 4042//3996 4041//3998 4043//4523
f 4041//3998 4042//3996 4040//3995
f 3455//3487 3458//3430 4044//3988
f 4039//3994 4045//3999 4047//4003
f 4047//4003 3981//3940 4039//3994
f 4043//4523 4041//3998 3982//4001
f 4048//3432 4049//4002 3463//3428
f 3458//3430 3463//3428 4049//4002
f 4049//4002 4048//3432 4050//3941
f 4050//3941 4046//4000 4049//4002
f 3983//3937 4051//3936 4050//3941
f 4051//3936 4045//3999 4046//4000
f 4008//4004 4007//3965 3453//3475
f 4052//3967 4008//4004 3507//3474
f 3508//3476 3505//3473 4052//3967
f 3505//3473 4010//3968 4052//3967
f 3506//4005 4011//3974 4010//3968
f 4011//3974 3520//3488 4037//3991
f 3519//3485 3520//3488 4011//3974
f 4054//4006 4059//4010 4057//4007
f 4056//4011 4062//4012 4060//4013
f 4056//4011 4058//4008 4057//4007
f 4056//4011 4060//4013 4061//4033
f 4066//4014 4062//4012 4057//4007
f 4065//4015 4059//4010 4063//4016
f 4065//4015 4066//4014 4057//4007
f 4073//4021 4072//4025 4070//4022
f 4067//4048 4073//4021 4071//4018
f 4068//4019 4070//4022 4075//4024
f 4071//4018 4070//4022 4068//4019
f 4080//4027 4077//4031 4078//4026
f 4080//4027 4076//4023 4075//4024
f 4074//4029 4069//4020 4076//4023
f 4058//4008 4056//4011 4080//4027
f 4070//4022 4054//4006 4075//4024
f 4081//4030 4079//4028 4078//4026
f 4064//4032 4080//4027 4056//4011
f 4083//4034 4077//4031 4064//4032
f 4081//4030 4077//4031 4083//4034
f 4087//4038 4095//4049 4085//4039
f 4089//4041 4086//4047 4087//4038
f 4090//4042 4087//4038 4088//4040
f 4094//4043 4093//4046 4091//4044
f 4085//4039 4095//4049 4093//4046
f 4095//4049 4067//4048 4093//4046
f 4095//4049 4087//4038 4086//4047
f 4086//4047 4073//4021 4067//4048
f 4097//4051 4092//4045 4091//4044
f 4098//4050 4096//4053 4097//4051
f 4093//4046 4071//4018 4069//4020
f 4102//4052 4097//4051 4096//4053
f 4127//4056 4099//4055 4100//4083
f 4069//4020 4074//4029 4101//4054
f 4096//4053 4098//4050 4069//4020
f 4104//4057 4100//4083 4099//4055
f 4105//4059 4101//4054 4074//4029
f 4099//4055 4102//4052 4101//4054
f 4109//4062 4104//4057 4103//4058
f 4107//4063 4105//4059 4079//4028
f 4107//4063 4099//4055 4105//4059
f 4110//4061 4107//4063 4106//4037
f 4111//4065 4108//4060 4110//4061
f 4112//4064 4109//4062 4108//4060
f 4106//4037 4107//4063 4081//4030
f 4088//4040 4085//4039 4114//4066
f 4117//4068 4116//4067 4114//4066
f 4118//4072 4117//4068 4115//4069
f 4120//4071 4119//4269 4117//4068
f 4094//4043 4092//4045 4121//4077
f 4123//4073 4094//4043 4121//4077
f 4123//4073 4114//4066 4085//4039
f 4122//4074 4123//4073 4121//4077
f 4115//4069 4114//4066 4122//4074
f 4118//4072 4115//4069 4124//4075
f 4126//4270 4120//4071 4118//4072
f 4126//4270 4118//4072 4125//4076
f 4127//4056 4121//4077 4092//4045
f 4122//4074 4121//4077 4128//4078
f 4130//4080 4122//4074 4129//4079
f 4124//4075 4115//4069 4130//4080
f 4131//4082 4125//4076 4124//4075
f 4133//4084 4128//4078 4100//4083
f 4134//4085 4130//4080 4129//4079
f 4135//4087 4124//4075 4130//4080
f 4136//4086 4131//4082 4124//4075
f 4137//4088 4132//4081 4131//4082
f 4133//4084 4100//4083 4138//4089
f 4134//4085 4133//4084 4139//4090
f 4130//4080 4134//4085 4139//4090
f 4141//4092 4135//4087 4130//4080
f 4142//4093 4136//4086 4135//4087
f 4138//4089 4104//4057 4144//4095
f 4140//4091 4139//4090 4145//4096
f 4146//4099 4137//4088 4143//4094
f 4147//4097 4138//4089 4144//4095
f 4139//4090 4138//4089 4147//4097
f 4143//4094 4142//4093 4148//4098
f 4155//4100 4149//4106 4353//4101
f 4157//4108 4152//4103 4153//4104
f 4157//4108 4153//4104 4156//4107
f 4155//4100 4150//4102 4159//4110
f 4680//4111 4157//4108 4156//4107
f 4150//4102 4151//4310 4159//4110
f 4161//3603 3614//3582 3616//3583
f 3619//3585 4163//4113 3615//3584
f 4165//4117 4161//3603 4160//4112
f 4167//4643 4162//4114 4158//4109
f 4162//4114 4167//4643 4166//4116
f 4169//3604 3633//3600 3631//3599
f 4170//4120 3630//3596 3636//3601
f 4171//4119 3634//3645 3630//3596
f 4171//4119 3676//3644 3634//3645
f 4172//4121 3631//3599 3628//3595
f 4173//4122 3636//3601 4169//3604
f 4174//4125 3628//3595 3635//3602
f 4175//4126 4170//4120 4173//4122
f 4176//4124 4171//4119 4170//4120
f 4177//4133 4212//4123 4176//4124
f 4168//4127 3635//3602 4165//4117
f 4178//4128 4169//3604 4172//4121
f 4180//4137 4214//4162 4177//4133
f 4179//4129 4173//4122 4178//4128
f 4175//4126 4179//4129 4181//4130
f 4176//4124 4175//4126 4182//4131
f 4177//4133 4176//4124 4183//4132
f 4185//4135 4180//4137 4177//4133
f 4181//4130 4179//4129 4190//4138
f 4182//4131 4181//4130 4191//4139
f 4194//4144 4193//4143 4192//4140
f 4183//4132 4182//4131 4193//4143
f 4195//4147 4194//4144 4192//4140
f 4196//4145 4184//4134 4183//4132
f 4197//4146 4196//4145 4194//4144
f 4198//4148 4185//4135 4184//4134
f 4199//4149 4186//4136 4185//4135
f 4172//4121 4174//4125 4203//4150
f 4187//4154 4205//4151 4202//4153
f 4189//4142 4188//4141 4205//4151
f 4190//4138 4178//4128 4172//4121
f 4188//4141 4206//4156 4204//4155
f 4191//4139 4190//4138 4206//4156
f 4192//4140 4191//4139 4188//4141
f 4202//4153 4208//4157 4207//4649
f 4202//4153 4207//4649 4200//4186
f 4190//4138 4203//4150 4209//4158
f 4204//4155 4190//4138 4210//4159
f 4201//4152 4211//4160 4208//4157
f 4205//4151 4204//4155 4201//4152
f 3678//3647 3676//3644 4212//4123
f 3679//3648 3678//3647 4213//4161
f 4213//4161 4212//4123 4214//4162
f 4214//4162 4212//4123 4177//4133
f 4217//4168 4221//4167 4055//4009
f 4222//4166 4233//4170 4221//4167
f 4218//4172 4224//4169 4222//4166
f 4225//4171 4224//4169 4218//4172
f 4235//4176 4223//4182 4224//4169
f 4225//4171 4235//4176 4224//4169
f 4227//4177 4225//4171 4226//4174
f 4228//4175 4225//4171 4227//4177
f 4221//4167 4231//4180 4059//4010
f 4221//4167 4059//4010 4055//4009
f 4233//4170 4232//4181 4230//4179
f 4189//4142 4232//4181 4233//4170
f 4224//4169 4223//4182 4233//4170
f 4234//4183 4192//4140 4189//4142
f 4235//4176 4195//4147 4234//4183
f 4235//4176 4234//4183 4223//4182
f 4236//4184 4198//4148 4197//4146
f 4236//4184 4195//4147 4235//4176
f 4236//4184 4199//4149 4198//4148
f 4232//4181 4202//4153 4200//4186
f 4053//4017 4063//4016 4200//4186
f 4239//4189 4238//4188 4073//4021
f 4241//4187 4240//4191 4238//4188
f 4243//4190 4242//4198 4240//4191
f 4244//4192 4242//4198 4243//4190
f 4246//4234 4244//4192 4245//4193
f 4247//4194 4217//4168 4072//4025
f 4238//4188 4247//4194 4073//4021
f 4248//4195 4222//4166 4217//4168
f 4240//4191 4248//4195 4247//4194
f 4248//4195 4218//4172 4222//4166
f 4249//4196 4218//4172 4248//4195
f 4250//4197 4248//4195 4240//4191
f 4252//4199 4251//4202 4249//4196
f 4254//4201 4249//4196 4250//4197
f 4255//4206 4253//4200 4254//4201
f 4251//4202 4219//4173 4249//4196
f 4227//4177 4226//4174 4251//4202
f 4258//4204 4252//4199 4253//4200
f 4229//4178 4227//4177 4257//4203
f 4259//4205 4257//4203 4258//4204
f 5489//5429 4260//4208 3707//4207
f 3709//3671 3707//4207 3703//3668
f 4261//4210 5489//5429 3707//4207
f 4263//4217 4261//4210 3709//3671
f 4266//4214 3709//3671 3708//3670
f 4267//4215 4263//4217 3709//3671
f 4268//4216 4264//4213 4263//4217
f 3711//3675 4265//4211 4264//4213
f 4269//4220 4266//4214 3710//3672
f 4270//4219 4267//4215 4266//4214
f 3713//3807 4268//4216 4267//4215
f 3713//3807 3714//3676 3711//3675
f 3716//3805 4266//4214 4269//4220
f 3717//3804 4270//4219 3716//3805
f 4271//4218 4270//4219 3717//3804
f 4273//4221 4272//4223 4086//4047
f 4274//4225 4273//4221 4089//4041
f 4276//4224 4275//4222 4273//4221
f 4277//4226 4275//4222 4276//4224
f 4279//4231 4278//4227 4276//4224
f 4264//4213 4262//4212 4261//4210
f 4272//4223 4239//4189 4086//4047
f 4275//4222 4241//4187 4239//4189
f 4280//4228 4243//4190 4241//4187
f 4280//4228 4241//4187 4275//4222
f 4283//4229 4245//4193 4280//4228
f 4283//4229 4277//4226 4278//4227
f 4285//4239 4284//4230 4279//4231
f 4288//4232 4285//4239 4279//4231
f 4284//4230 4286//4237 4283//4229
f 4286//4237 4287//4235 4283//4229
f 4290//4245 4289//4247 4288//4232
f 4285//4239 4291//4236 4284//4230
f 4289//4247 4292//4240 4288//4232
f 4291//4236 4294//4249 4293//4241
f 4295//4242 4294//4249 4291//4236
f 4292//4240 4295//4242 4285//4239
f 4256//4243 4246//4234 4287//4235
f 4297//4391 4296//4244 4287//4235
f 4293//4241 4297//4391 4287//4235
f 4292//4240 4299//4248 4295//4242
f 4289//4247 4298//4246 4301//4251
f 4299//4248 4301//4251 4302//4252
f 4302//4252 4303//4254 4437//4250
f 4300//4291 4301//4251 4298//4246
f 4440//4253 4302//4252 4304//4255
f 3604//3570 3750//3712 3602//3567
f 4306//4256 4307//4258 3604//3570
f 4307//4258 3748//3710 3747//3709
f 4311//4260 4307//4258 4306//4256
f 4311//4260 3752//3713 3751//4259
f 4313//4261 4314//4264 4309//4262
f 4314//4264 4310//5425 4309//4262
f 4314//4264 4311//4260 4310//5425
f 4265//4211 4315//4267 4312//4265
f 4316//4266 4313//4261 4312//4265
f 4316//4266 4315//4267 3753//3674
f 4316//4266 4314//4264 4313//4261
f 4126//4270 4317//4268 4120//4071
f 4317//4268 4321//4274 4320//4272
f 4322//4275 4321//4274 4126//4270
f 4319//4271 4125//4076 4132//4081
f 4322//4275 4326//4278 4325//4277
f 4322//4275 4319//4271 4324//4276
f 4323//5421 4328//4280 4327//4282
f 4320//4272 4330//4281 4329//4279
f 4282//4238 4327//4282 4288//4232
f 4282//4238 4323//5421 4327//4282
f 4324//4276 4132//4081 4137//4088
f 4326//4278 4324//4276 4331//4286
f 4329//4279 4330//4281 4333//4284
f 4327//4282 4333//4284 4334//4290
f 4333//4284 4327//4282 4328//4280
f 4290//4245 4334//4290 4298//4246
f 4290//4245 4327//4282 4334//4290
f 4324//4276 4336//4287 4335//4285
f 4326//4278 4331//4286 4335//4285
f 4325//4277 4332//4283 4338//4289
f 4333//4284 4338//4289 4334//4290
f 4338//4289 4333//4284 4330//4281
f 4336//4287 4340//4293 4339//4292
f 4336//4287 4137//4088 4146//4099
f 4339//4292 4337//4288 4335//4285
f 4338//4289 4341//4294 4342//4295
f 4334//4290 4342//4295 4300//4291
f 4344//4305 3755//5539 3869//4410
f 4345//4297 4344//4305 4458//4298
f 4346//4411 4345//4297 4459//4299
f 4347//4300 3760//3726 3755//5539
f 4344//4305 4347//4300 3755//5539
f 4347//4300 4348//4303 4354//4301
f 4351//4308 4349//4304 4344//4305
f 4344//4305 4345//4297 4351//4308
f 3766//3724 3768//3725 3767//4309
f 4149//4106 3605//3578 3767//4309
f 4352//4302 3767//4309 3768//3725
f 4353//4101 4149//4106 4352//4302
f 4354//4301 4353//4101 4352//4302
f 4355//4307 4353//4101 4354//4301
f 4353//4101 4355//4307 4150//4102
f 4355//4307 4350//4306 4151//4310
f 4356//4311 4220//4165 4180//4137
f 4359//4312 4356//4311 4186//4136
f 4357//4326 4356//4311 4359//4312
f 4358//4313 4357//4326 4359//4312
f 3778//3735 3679//3648 4361//4315
f 3787//3743 3778//3735 4361//4315
f 3788//3744 3787//3743 4362//4316
f 3789//3745 3788//3744 4362//4316
f 4361//4315 4213//4161 4215//4163
f 4362//4316 4361//4315 4363//4318
f 3901//4317 4362//4316 4365//4320
f 4363//4318 4215//4163 4366//4321
f 4216//4164 4214//4162 4220//4165
f 4366//4321 4216//4164 4220//4165
f 4358//4313 4371//4327 4357//4326
f 4369//4324 4356//4311 4357//4326
f 4373//4329 4374//4330 4369//4324
f 4367//4322 4366//4321 4369//4324
f 4375//4331 4376//4332 4369//4324
f 4376//4332 4370//4325 4367//4322
f 4377//4333 4359//4312 4199//4149
f 4237//4185 4377//4333 4236//4184
f 4379//4337 4237//4185 4229//4178
f 4360//4314 4359//4312 4378//4334
f 4371//4327 4358//4313 4360//4314
f 4381//4336 4237//4185 4379//4337
f 4372//4328 4371//4327 4380//4335
f 4381//4336 4380//4335 4378//4334
f 4384//4344 4381//4336 4382//4338
f 4385//4340 4373//4329 4372//4328
f 4386//4341 4385//4340 4383//4339
f 4374//4330 4373//4329 4385//4340
f 4387//4343 4386//4341 4380//4335
f 4381//4336 4387//4343 4380//4335
f 4388//4342 4375//4331 4374//4330
f 4387//4343 4388//4342 4386//4341
f 4390//4346 4388//4342 4387//4343
f 4376//4332 4375//4331 4390//4346
f 4393//4349 4392//4348 4391//4347
f 4395//4377 4384//4344 4389//4345
f 4394//4350 4391//4347 4387//4343
f 4396//4351 4393//4349 4394//4350
f 4396//4351 4384//4344 4395//4377
f 4398//4352 4254//4201 4244//4192
f 4400//4354 4399//4353 4244//4192
f 4400//4354 4246//4234 4256//4243
f 4403//4356 4402//4364 4399//4353
f 4407//4357 4403//4356 4400//4354
f 4404//4358 4258//4204 4255//4206
f 4405//4359 4255//4206 4254//4201
f 4406//4360 4259//4205 4404//4358
f 4409//4362 4405//4359 4398//4352
f 4410//4363 4409//4362 4398//4352
f 4410//4363 4399//4353 4402//4364
f 4412//4366 4411//4365 4403//4356
f 4414//4368 4413//4367 4409//4362
f 4414//4368 4409//4362 4410//4363
f 4416//4370 4415//4369 4410//4363
f 4419//4373 4416//4370 4411//4365
f 4379//4337 4229//4178 4259//4205
f 4382//4338 4379//4337 4406//4360
f 4418//4372 4406//4360 4405//4359
f 4412//4366 4420//4380 4419//4373
f 4419//4373 4421//4384 4416//4370
f 4421//4384 4423//4375 4416//4370
f 4417//4371 4414//4368 4415//4369
f 4423//4375 4424//4376 4415//4369
f 4395//4377 4389//4345 4422//4374
f 4426//4387 4425//4378 4422//4374
f 4427//4379 4426//4387 4422//4374
f 4424//4376 4427//4379 4417//4371
f 4420//4380 4421//4384 4419//4373
f 4430//4386 4429//4445 4426//4387
f 4431//4388 4430//4386 4427//4379
f 4432//4389 4431//4388 4424//4376
f 4434//4383 4420//4380 4433//4382
f 4432//4389 4421//4384 4434//4383
f 3847//3811 4269//4220 3715//3812
f 3848//3806 3716//3805 3847//3811
f 4435//4392 4401//4355 4256//4243
f 4297//4391 4435//4392 4296//4244
f 4437//4250 4436//4390 4293//4241
f 4435//4392 4407//4357 4401//4355
f 4297//4391 4436//4390 4435//4392
f 4438//4393 4412//4366 4435//4392
f 4437//4250 4303//4254 4439//4394
f 4438//4393 4436//4390 4437//4250
f 4412//4366 4438//4393 4420//4380
f 4442//4396 4443//4793 4441//4395
f 4443//4793 4444//4794 4441//4395
f 4428//4381 4441//4395 4444//4794
f 4444//4794 4433//4382 4428//4381
f 4447//4404 3860//3821 3863//4397
f 4448//4405 3863//4397 4446//4398
f 4452//4406 4451//4811 4446//4398
f 4453//4413 4447//4404 4448//4405
f 4454//4407 4446//4398 4451//4811
f 4456//4409 4455//4408 4449//4400
f 4457//5544 4448//4405 4454//4407
f 4453//4413 4448//4405 4457//5544
f 3869//4410 3755//5539 3868//3823
f 3869//4410 3868//3823 3860//3821
f 4460//4412 4459//4299 4447//4404
f 3899//3851 3898//3850 4461//4414
f 3900//3852 4462//3854 3892//3843
f 4461//4414 3902//3853 4463//4415
f 3901//4317 4365//4320 4368//4323
f 4464//4419 4462//3854 4461//4414
f 3903//3855 4465//4421 4466//4416
f 4465//4421 3903//3855 4462//3854
f 4463//4415 3901//4317 4368//4323
f 4462//3854 4464//4419 4465//4421
f 3975//3931 4468//4435 4467//4472
f 4468//4435 3975//3931 4466//4416
f 4469//4417 4463//4415 4368//4323
f 4472//4422 4370//4325 4376//4332
f 4473//4423 4469//4417 4370//4325
f 4475//4424 4472//4422 4393//4349
f 4476//4425 4475//4424 4396//4351
f 4397//4385 4476//4425 4395//4377
f 4477//4426 4473//4423 4472//4422
f 4478//4427 4477//4426 4475//4424
f 4479//4428 4478//4427 4476//4425
f 4494//4438 4479//4428 4397//4385
f 4480//4429 4469//4417 4473//4423
f 4481//4430 4480//4429 4477//4426
f 4485//4431 4481//4430 4478//4427
f 4482//4432 4470//4418 4469//4417
f 4489//4433 4482//4432 4480//4429
f 4484//4436 4465//4421 4471//4420
f 4483//4434 4466//4416 4465//4421
f 4486//4437 4485//4431 4479//4428
f 4488//4439 4487//4442 4485//4431
f 4490//4440 4489//4433 4481//4430
f 4491//4441 4490//4440 4485//4431
f 4492//4443 4471//4420 4482//4432
f 4876//4444 4492//4443 4489//4433
f 4468//4435 4493//4828 4474//4475
f 4493//4828 4468//4435 4483//4434
f 4429//4445 4494//4438 4425//4378
f 4431//4388 4495//4446 4429//4445
f 4434//4383 4496//4868 4431//4388
f 4495//4446 4486//4437 4494//4438
f 4496//4868 4498//4447 4431//4388
f 4497//4869 4488//4439 4486//4437
f 4498//4447 4497//4869 4486//4437
f 4502//4448 4501//4452 4500//4449
f 3948//4451 4502//4448 3945//3900
f 3947//3902 4450//4403 3864//4402
f 3947//3902 4445//4885 4450//4403
f 4499//4450 4445//4885 3947//3902
f 4445//4885 4456//4409 4450//4403
f 4445//4885 4499//4450 4500//4449
f 3949//3904 4503//4914 4501//4452
f 4505//4455 4545//4454 3951//3957
f 4508//4458 4509//4460 4504//4457
f 4512//4462 4505//4455 3951//3957
f 4513//4463 4506//4464 4512//4462
f 4506//4464 4507//4453 4505//4455
f 4514//4465 4513//4463 3961//3918
f 4513//4463 4508//4458 4506//4464
f 4516//4467 4517//4468 4513//4463
f 4508//4458 4517//4468 4519//4470
f 4520//4471 4510//4459 4508//4458
f 4467//4472 4522//4474 3977//3933
f 4521//4473 4511//4461 3960//3916
f 4467//4472 4474//4475 4522//4474
f 4521//4473 4522//4474 4474//4475
f 4474//4475 4523//4476 4521//4473
f 3980//4479 4525//4477 3978//3934
f 4524//4480 3980//4479 3979//3977
f 4528//4482 4503//4914 3946//3901
f 4526//4478 4529//4910 3980//4479
f 4531//4922 4573//4528 4536//4489
f 3986//3939 3982//4001 3981//3940
f 4532//4483 4533//4485 3982//4001
f 4534//4484 4574//4527 4533//4485
f 4535//4487 4536//4489 4534//4484
f 4574//4527 4534//4484 4536//4489
f 4544//4486 4531//4922 4536//4489
f 4538//4491 4539//4492 4537//4490
f 4540//4493 4541//4494 4539//4492
f 4541//4494 4534//4484 4539//4492
f 4542//4488 4535//4487 4534//4484
f 4543//4497 4544//4486 4542//4488
f 4002//3949 3993//3950 3992//3947
f 3993//3950 4537//4490 3985//3951
f 4545//4454 4538//4491 4002//3949
f 3993//3950 4002//3949 4538//4491
f 4546//4456 4547//4495 4545//4454
f 4547//4495 4540//4493 4538//4491
f 4504//4457 4548//4496 4546//4456
f 4548//4496 4542//4488 4540//4493
f 4545//4454 4002//3949 3951//3957
f 4549//4498 4524//4480 4021//3976
f 4550//4503 4549//4498 4028//3984
f 4031//3983 4550//4503 4028//3984
f 4552//4501 4551//4499 4029//4500
f 4551//4499 4554//4504 4553//4502
f 4552//4501 4554//4504 4551//4499
f 4030//3985 4555//4506 4033//3986
f 4549//4498 4556//4509 4524//4480
f 4553//4502 4557//4505 4550//4503
f 4033//3986 4558//4507 4554//4504
f 4556//4509 4526//4478 4524//4480
f 4557//4505 4559//4508 4549//4498
f 4563//4511 4560//4510 4553//4502
f 4555//4506 4564//4516 4558//4507
f 4561//4518 4564//4516 4555//4506
f 4560//4510 4563//4511 4562//4512
f 4563//4511 4558//4507 4564//4516
f 4563//4511 4565//4513 4562//4512
f 4559//4508 4530//4514 4556//4509
f 4564//4516 4567//4521 4566//4515
f 4575//4517 4567//4521 4564//4516
f 4027//3997 4042//3996 4569//4522
f 4569//4522 4571//4526 4570//4524
f 4030//3985 4027//3997 4570//4524
f 4570//4524 4561//4518 4555//4506
f 4570//4524 4572//4525 4561//4518
f 4574//4527 4573//4528 4572//4525
f 4573//4528 4561//4518 4572//4525
f 4561//4518 4573//4528 4575//4517
f 4533//4485 4571//4526 4569//4522
f 4577//4538 4586//4534 4576//4648
f 4579//4529 4577//4538 4576//4648
f 4577//4538 4579//4529 4578//4531
f 4579//4529 4581//4671 4580//4530
f 4584//4532 4061//4033 4060//4013
f 4585//4533 4066//4014 4065//4015
f 4587//4535 4584//4532 4585//4533
f 4588//4537 4585//4533 4586//4534
f 4585//4533 4588//4537 4589//4536
f 4590//4539 4587//4535 4589//4536
f 4589//4536 4588//4537 4592//4541
f 4588//4537 4578//4531 4580//4530
f 4591//4540 4592//4541 4594//4542
f 4590//4539 4591//4540 4594//4542
f 4592//4541 4580//4530 4595//4544
f 4580//4530 4581//4671 4582//4549
f 4582//4549 4595//4544 4580//4530
f 4593//4543 4594//4542 4597//4547
f 4598//4546 4597//4547 4599//4552
f 4600//4550 4597//4547 4596//4545
f 4602//4553 4595//4544 4583//4548
f 4602//4553 4600//4550 4596//4545
f 4601//4551 4600//4550 4603//4555
f 4600//4550 4602//4553 4603//4555
f 4606//4556 4604//4554 4603//4555
f 4610//4561 4083//4034 4607//4558
f 4084//4035 4083//4034 4610//4561
f 4611//4562 4607//4558 4587//4535
f 4609//4559 4608//4560 4612//4563
f 4615//4565 4610//4561 4611//4562
f 4615//4565 4608//4560 4610//4561
f 4616//4567 4612//4563 4608//4560
f 4611//4562 4590//4539 4593//4543
f 4615//4565 4614//4566 4618//4568
f 4616//4567 4615//4565 4619//4569
f 4612//4563 4616//4567 4619//4569
f 4612//4563 4620//4570 4617//4571
f 4614//4566 4593//4543 4598//4546
f 4619//4569 4618//4568 4621//4572
f 4620//4570 4619//4569 4621//4572
f 4618//4568 4598//4546 4599//4552
f 4622//4573 4621//4572 4623//4574
f 4623//4574 4599//4552 4624//4575
f 4624//4575 4625//4576 4623//4574
f 4604//4554 4624//4575 4601//4551
f 4627//4578 4106//4037 4082//4036
f 4628//4579 4111//4065 4110//4061
f 4111//4065 4628//4579 4629//4593
f 4629//4593 4112//4064 4111//4065
f 4630//4580 4110//4061 4627//4578
f 4632//4581 4628//4579 4630//4580
f 4633//4582 4629//4593 4628//4579
f 4633//4582 4631//4594 4629//4593
f 4627//4578 4609//4559 4613//4564
f 4632//4581 4627//4578 4634//4583
f 4633//4582 4632//4581 4635//4584
f 4634//4583 4613//4564 4617//4571
f 4635//4584 4634//4583 4638//4587
f 4639//4588 4637//4586 4636//4585
f 4617//4571 4620//4570 4622//4573
f 4640//4589 4641//4590 4638//4587
f 4639//4588 4641//4590 4642//4591
f 4625//4576 4643//4592 4622//4573
f 4144//4095 4112//4064 4629//4593
f 4147//4097 4144//4095 4631//4594
f 4145//4096 4147//4097 4644//4596
f 4645//4597 4140//4091 4145//4096
f 4141//4092 4140//4091 4645//4597
f 4148//4098 4141//4092 4646//4598
f 4648//4595 4147//4097 4631//4594
f 4146//4099 4148//4098 4649//4599
f 4647//4607 4146//4099 4649//4599
f 4650//4600 4648//4595 4631//4594
f 4651//4601 4644//4596 4648//4595
f 4653//4603 4645//4597 4644//4596
f 4646//4598 4645//4597 4653//4603
f 4649//4599 4646//4598 4654//4604
f 4647//4607 4649//4599 4656//4606
f 4637//4586 4650//4600 4633//4582
f 4658//4609 4652//4602 4651//4601
f 4659//4611 4654//4604 4653//4603
f 4655//4605 4654//4604 4659//4611
f 4656//4606 4655//4605 4660//4612
f 4657//4608 4656//4606 4661//4613
f 4663//4616 4653//4603 4658//4609
f 4659//4611 4653//4603 4663//4616
f 4660//4612 4659//4611 4665//4617
f 4664//4614 4660//4612 4666//4618
f 4668//4621 4662//4610 4639//4588
f 4670//4623 4658//4609 4669//4615
f 4671//4622 4663//4616 4658//4609
f 4666//4618 4665//4617 4663//4616
f 4673//4624 4151//4310 4674//4625
f 4676//4627 4682//4632 4673//4624
f 4677//4629 4795//4628 4678//4740
f 4678//4740 4679//4637 4677//4629
f 4156//4107 4159//4110 4680//4111
f 4681//4631 4158//4109 4680//4111
f 4683//4630 4167//4643 4158//4109
f 4684//4633 4680//4111 4682//4632
f 4684//4633 4681//4631 4680//4111
f 4685//4635 4681//4631 4684//4633
f 4685//4635 4683//4630 4681//4631
f 4677//4629 4684//4633 4676//4627
f 4686//4645 4683//4630 4685//4635
f 4686//4645 4685//4635 5213//4636
f 5213//4636 4687//4634 4688//5145
f 4687//4634 4677//4629 4689//4638
f 4690//4118 4160//4112 4164//4115
f 4693//4640 4164//4115 4166//4116
f 4694//4642 4165//4117 4690//4118
f 4167//4643 4683//4630 4692//4641
f 4686//4645 4692//4641 4683//4630
f 4693//4640 4692//4641 4686//4645
f 4690//4118 4693//4640 4696//4646
f 4698//4685 4691//4639 4694//4642
f 4576//4648 4200//4186 4207//4649
f 4200//4186 4576//4648 4586//4534
f 4210//4159 4209//4158 4701//4652
f 4700//4651 4211//4160 4210//4159
f 4699//4650 4703//4653 4576//4648
f 4702//4654 4699//4650 4700//4651
f 4701//4652 4209//4158 4705//4656
f 4701//4652 4707//4658 4704//4655
f 4703//4653 4702//4654 4708//4659
f 4703//4653 4579//4529 4576//4648
f 4708//4659 4702//4654 4704//4655
f 4703//4653 4708//4659 4710//4661
f 4711//4662 4581//4671 4579//4529
f 4708//4659 4709//4660 4712//4663
f 4713//4665 4705//4656 4691//4639
f 4714//4664 4706//4657 4705//4656
f 4707//4658 4706//4657 4714//4664
f 4714//4664 4712//4663 4709//4660
f 4711//4662 4710//4661 4715//4669
f 4710//4661 4712//4663 4716//4666
f 4717//4667 4715//4669 4710//4661
f 4718//4668 4714//4664 4713//4665
f 4718//4668 4716//4666 4712//4663
f 4581//4671 4711//4662 4719//4670
f 4719//4670 4583//4548 4582//4549
f 4717//4667 4716//4666 4720//4672
f 4721//4674 4713//4665 4691//4639
f 4722//4673 4718//4668 4713//4665
f 4716//4666 4718//4668 4723//4675
f 4715//4669 4725//4678 4724//4676
f 4727//4680 4722//4673 4721//4674
f 4728//4679 4723//4675 4722//4673
f 4729//4681 4720//4672 4723//4675
f 4720//4672 4729//4681 4725//4678
f 4730//4682 4726//4677 4725//4678
f 4731//4687 4729//4681 4728//4679
f 4733//4684 4721//4674 4691//4639
f 4730//4682 4729//4681 4731//4687
f 4730//4682 4734//4686 4726//4677
f 4735//4688 4731//4687 4728//4679
f 4736//4689 4734//4686 4731//4687
f 4738//4692 4736//4689 4735//4688
f 5228//4693 4737//4690 4736//4689
f 4583//4548 4719//4670 4724//4676
f 4602//4553 4724//4676 4732//4683
f 4602//4553 4732//4683 4603//4555
f 4740//4694 4605//4557 4603//4555
f 4742//4697 4740//4694 4732//4683
f 4743//5199 4742//4697 4741//4696
f 4737//4690 4741//4696 4734//4686
f 5228//4693 4743//5199 4741//4696
f 4744//4698 4745//4699 4746//4701
f 4746//4701 4304//4255 4744//4698
f 4745//4699 4343//4296 4747//4717
f 4745//4699 4747//4717 4748//4700
f 4748//4700 4749//4703 4746//4701
f 4747//4717 4750//4728 4751//4704
f 4748//4700 4747//4717 4751//4704
f 4754//5225 4753//4705 4750//4728
f 4753//4705 4751//4704 4750//4728
f 4752//4702 4751//4704 4755//4706
f 4758//4708 4340//4293 4146//4099
f 4339//4292 4760//4710 4759//4709
f 4759//4709 4341//4294 4337//4288
f 4758//4708 4762//4712 4761//5545
f 4762//4712 4758//4708 4647//4607
f 4761//5545 4760//4710 4758//4708
f 4341//4294 4759//4709 4343//4296
f 4342//4295 4343//4296 4744//4698
f 4762//4712 4763//4715 4761//5545
f 4762//4712 4647//4607 4657//4608
f 4761//5545 4763//4715 4760//4710
f 4762//4712 4765//4713 4763//4715
f 4760//4710 4766//4714 4759//4709
f 4767//4716 4764//4711 4759//4709
f 4765//4713 4768//4719 4763//4715
f 4765//4713 4657//4608 4661//4613
f 4769//4721 4767//4716 4766//4714
f 4768//4719 4769//4721 4766//4714
f 4766//4714 4763//4715 4768//4719
f 4771//4718 4770//4720 4768//4719
f 4765//4713 4661//4613 4664//4614
f 4771//4718 4773//4724 4770//4720
f 4771//4718 4664//4614 4667//4620
f 4769//4721 4775//5546 4774//4725
f 4775//5546 4769//4721 4770//4720
f 4776//4722 4772//4723 4767//4716
f 4772//4723 4750//4728 4747//4717
f 4773//4724 4777//5257 4770//4720
f 4775//5546 4778//5258 4774//4725
f 4775//5546 4777//5257 4778//5258
f 4777//5257 4775//5546 4770//4720
f 4780//5268 4779//4727 4772//4723
f 4781//4726 4780//5268 4772//4723
f 4779//4727 4754//5225 4750//4728
f 4346//4411 4783//4730 4788//4733
f 5412//4819 4783//4730 4863//4806
f 4783//4730 5412//4819 4784//4739
f 4786//4731 4351//4308 4345//4297
f 4786//4731 4787//4732 4794//4736
f 4787//4732 4786//4731 4346//4411
f 4787//4732 4788//4733 4790//4735
f 4788//4733 4783//4730 4790//4735
f 4791//4737 4792//4738 4793//5278
f 4792//4738 4784//4739 4793//5278
f 4795//4628 4675//4626 4789//4734
f 4678//4740 4791//4737 5346//5284
f 4800//4772 4828//4774 4798//4744
f 4804//4747 4798//4744 4802//4741
f 4805//4746 4800//4772 4798//4744
f 4808//4750 4802//4741 4803//4745
f 4808//4750 4809//4751 4804//4747
f 4809//4751 4805//4746 4804//4747
f 4433//4382 4810//4755 4811//4754
f 4813//4757 4812//4756 4814//4759
f 4815//4760 4814//4759 4847//4758
f 4814//4759 4815//4760 4926//4762
f 4815//4760 4816//4764 4817//4761
f 4818//4763 4852//4765 4821//4767
f 4827//4771 4824//4770 4823//4788
f 4800//4772 4831//4779 4829//4773
f 4835//4777 4832//4776 4833//5340
f 4858//4775 4830//5338 4832//4776
f 4800//4772 4836//4784 4831//4779
f 4836//4784 4837//4780 4831//4779
f 4838//4778 4834//4781 4831//4779
f 4835//4777 4833//5340 4834//4781
f 4821//4767 4858//4775 4835//4777
f 4821//4767 4842//4782 4822//4768
f 4840//4786 4837//4780 4836//4784
f 4841//4785 4838//4778 4837//4780
f 4842//4782 4835//4777 4838//4778
f 4843//4787 4840//4786 4836//4784
f 4824//4770 4841//4785 4843//4787
f 4824//4770 4842//4782 4841//4785
f 4844//4789 4839//4783 4805//4746
f 4826//4791 4843//4787 4839//4783
f 4433//4382 4444//4794 4810//4755
f 4442//4396 4304//4255 4746//4701
f 4846//4795 4443//4793 4845//4792
f 4845//4792 4746//4701 4848//4797
f 4849//4796 4847//4758 4846//4795
f 4847//4758 4849//4796 4815//4760
f 4746//4701 4749//4703 4848//4797
f 4849//4796 4848//4797 4850//4799
f 4848//4797 4849//4796 4845//4792
f 4849//4796 4850//4799 4816//4764
f 4852//4765 4816//4764 4850//4799
f 4752//4702 4853//4802 4851//4798
f 4853//4802 4854//4800 4851//4798
f 4854//4800 4852//4765 4851//4798
f 4857//4804 4856//4803 4855//4805
f 4757//4801 4857//4804 4854//4800
f 4858//4775 4855//4805 4830//5338
f 4857//4804 4858//4775 4854//4800
f 4452//4406 4455//4408 4860//4810
f 4456//4409 4860//4810 4455//4408
f 4451//4811 4452//4406 4862//4812
f 4860//4810 4862//4812 4452//4406
f 4861//4807 4453//4413 4457//5544
f 4457//5544 4454//4407 4861//4807
f 4456//4409 4445//4885 4859//4808
f 4867//4815 4454//4407 4451//4811
f 4868//4820 4863//4806 4866//4814
f 4864//4809 4869//4816 4860//4810
f 4866//4814 4870//4817 4868//4820
f 4867//4815 4871//4818 4866//4814
f 4865//4813 4862//4812 4872//5342
f 4869//4816 4872//5342 4862//4812
f 4782//4729 4346//4411 4453//4413
f 4488//4439 4491//4441 4487//4442
f 4491//4441 4874//4822 4873//4821
f 4874//4822 4491//4441 4488//4439
f 4876//4444 4490//4440 4873//4821
f 4484//4436 4878//4825 4877//4824
f 4878//4825 4484//4436 4492//4443
f 4879//4826 4880//4832 4876//4444
f 4876//4444 4880//4832 4881//4827
f 4875//4823 4884//4836 4883//4830
f 4885//4831 4886//4833 4880//4832
f 4885//4831 4879//4826 4874//4822
f 4881//4827 4886//4833 4887//4834
f 4889//4835 4888//4842 4883//4830
f 4888//4842 4890//4837 4885//4831
f 4885//4831 4883//4830 4888//4842
f 4887//4834 4891//4838 4892//4840
f 4893//4839 4882//4829 4887//4834
f 4895//4843 4897//4845 4890//4837
f 4891//4838 4890//4837 4897//4845
f 4898//4844 4893//4839 4892//4840
f 4903//4846 4900//4848 4899//4860
f 4894//4847 4901//4881 4900//4848
f 4894//4847 4903//4846 4896//4841
f 4897//4845 4903//4846 4902//4849
f 4904//4850 4906//4852 4898//4844
f 4905//4851 4907//4854 4893//4839
f 4911//4855 4797//4753 4796//4752
f 4913//4857 4910//4856 4909//4858
f 4900//4848 4911//4855 4910//4856
f 4899//4860 4913//4857 4912//4859
f 4914//4861 4906//4852 4904//4850
f 4914//4861 4904//4850 4902//4849
f 4907//4854 4905//4851 4915//4866
f 4796//4752 4809//4751 4808//4750
f 4916//4862 4909//4858 4807//4748
f 4796//4752 4808//4750 4807//4748
f 4912//4859 4909//4858 4916//4862
f 4914//4861 4912//4859 4917//4863
f 4914//4861 4899//4860 4912//4859
f 4906//4852 4914//4861 4918//4864
f 4905//4851 4906//4852 4919//4865
f 4434//4383 4811//4754 4921//4867
f 4498//4447 4920//4871 4497//4869
f 4498//4447 4921//4867 4920//4871
f 4920//4871 4875//4823 4497//4869
f 4813//4757 4922//4872 4811//4754
f 4922//4872 4921//4867 4811//4754
f 4921//4867 4922//4872 4923//4870
f 4926//4762 4928//4876 4924//4873
f 4924//4873 4814//4759 4926//4762
f 4928//4876 4927//4878 4925//4874
f 4925//4874 4924//4873 4928//4876
f 4927//4878 4889//4835 4884//4836
f 4927//4878 4884//4836 4925//4874
f 4817//4761 4929//4875 4926//4762
f 4928//4876 4929//4875 4930//4877
f 4896//4841 4889//4835 4894//4847
f 4889//4835 4930//4877 4894//4847
f 4819//4766 4932//4879 4929//4875
f 4901//4881 4933//4882 4900//4848
f 4931//4880 4901//4881 4930//4877
f 4931//4880 4930//4877 4929//4875
f 4827//4771 4823//4788 4826//4791
f 4827//4771 4934//4883 4931//4880
f 4827//4771 4932//4879 4820//4769
f 4933//4882 4934//4883 4797//4753
f 4934//4883 4825//4790 4844//4789
f 4501//4452 4935//4884 4500//4449
f 4935//4884 4859//4808 4445//4885
f 3946//3901 4503//4914 3949//3904
f 4503//4914 4939//4888 4501//4452
f 4938//4913 4939//4888 4503//4914
f 4510//4459 4940//4893 4509//4460
f 4943//4892 4941//4891 4940//4893
f 4945//4895 4942//4889 4941//4891
f 4948//4897 4947//5547 4945//4895
f 4947//5547 4946//4896 4945//4895
f 4949//4898 4951//4899 4517//4468
f 4951//4899 4520//4471 4519//4470
f 4949//4898 4518//4469 4952//4901
f 4952//4901 4950//4900 4953//4905
f 4955//4903 4954//4902 4949//4898
f 4954//4902 4957//4907 4951//4899
f 4951//4899 4956//4904 4943//4892
f 4957//4907 4956//4904 4951//4899
f 4953//4905 4958//5363 4955//4903
f 4950//4900 4518//4469 4515//4466
f 4474//4475 4882//4829 4523//4476
f 4950//4900 4523//4476 4882//4829
f 4953//4905 4882//4829 4908//4853
f 4529//4910 4527//4481 3980//4479
f 4960//4908 4961//4909 4526//4478
f 4961//4909 4962//4911 4529//4910
f 4527//4481 4963//4912 4525//4477
f 4965//4916 4964//4915 4961//4909
f 4962//4911 4966//4917 4527//4481
f 4989//4919 4968//4943 4967//4918
f 4531//4922 4996//4921 4573//4528
f 4971//4920 4970//4924 4996//4921
f 4973//4925 4969//5396 4970//4924
f 4972//4923 4973//4925 4970//4924
f 4974//4927 4971//4920 4531//4922
f 4975//4928 4971//4920 4974//4927
f 4975//4928 4972//4923 4971//4920
f 4976//4932 4977//4926 4975//4928
f 4978//4929 4974//4927 4543//4497
f 4979//4890 4980//4931 4978//4929
f 4980//4931 4975//4928 4978//4929
f 4981//4930 4982//4933 4980//4931
f 4983//4934 4940//4893 4941//4891
f 4983//4934 4941//4891 4979//4890
f 4568//4519 4960//4908 4530//4514
f 4565//4513 4566//4515 4568//4519
f 4567//4521 4985//4937 4566//4515
f 4985//4937 4567//4521 4986//4520
f 4988//4936 4989//4919 4568//4519
f 4985//4937 4990//4938 4988//4936
f 4988//4936 4992//4942 4989//4919
f 4990//4938 4992//4942 4988//4936
f 4991//4939 4993//4941 4986//4520
f 4990//4938 4994//4945 4992//4942
f 4993//4941 4994//4945 4990//4938
f 4996//4921 4986//4520 4575//4517
f 4970//4924 4991//4939 4987//4940
f 4969//5396 4993//4941 4991//4939
f 4991//4939 4970//4924 4969//5396
f 4997//4947 980//966 979//5517
f 5003//4950 5001//5548 1004//1000
f 5002//4951 5001//5548 5003//4950
s 0
f 5005//5549 5022//5549 5023//5549
s 1
f 5007//4954 5000//4948 5006//5550
f 5009//4956 5008//4953 5007//4954
f 5018//2236 5014//4958 5017//4961
f 5014//4958 5011//4957 5013//4960
f 5016//5551 5015//4963 5020//4964
f 5005//5552 5004//4952 5022//4965
f 5025//4966 5003//4950 1786//1767
f 5025//4966 5022//4965 5003//4950
f 5026//4967 5023//5553 5022//4965
f 5026//4967 5024//5554 5023//5553
f 5028//4970 1793//1784 1798//1783
f 5028//4970 5025//4966 1793//1784
f 5028//4970 5026//4967 5025//4966
f 5030//4969 5027//4972 5028//4970
f 5033//4974 5031//4973 5030//4969
f 5034//4976 5029//4971 1798//1783
f 5032//4975 5030//4969 5029//4971
f 5035//5555 5033//4974 5032//4975
f 5036//4977 5034//4976 1815//1796
f 5013//4960 5032//4975 5034//4976
f 5011//4957 5035//5555 5032//4975
f 5017//4961 5036//4977 1781//1807
f 5017//4961 5013//4960 5036//4977
f 5038//4979 5008//4953 5010//4955
f 5040//5556 5038//4979 5039//4980
s 0
f 5020//5557 5021//5557 5016//5557
s 1
f 5043//4984 1780//1762 5008//4953
f 5008//4953 5038//4979 5043//4984
f 5043//4984 2263//2767 1780//1762
f 5044//4986 5043//4984 5038//4979
f 5044//4986 5045//2769 5043//4984
f 5051//5000 5053//4990 5052//4992
f 5052//4992 5055//4991 5048//4987
f 5055//4991 5054//4994 5155//4993
f 5048//4987 5155//4993 5050//4988
f 5057//4997 5059//4998 5061//4995
f 5058//4996 5061//4995 5053//4990
f 5061//4995 2265//2785 5054//4994
f 5053//4990 5054//4994 5055//4991
f 5020//4964 5019//4962 5067//5003
f 5041//4983 5062//4982 5066//5001
f 5019//4962 5014//4958 5064//2248
f 5063//5002 5066//5001 5059//4998
f 5067//5003 5065//2251 2277//2259
f 5066//5001 5067//5003 5068//5005
f 5068//5005 2264//2258 5060//4999
f 5068//5005 2277//2259 2264//2258
f 5068//5005 5060//4999 5059//4998
f 5069//5007 5038//4979 5040//5556
f 5072//5008 5044//4986 5070//5006
f 5074//5012 5073//5010 5072//5008
f 5073//5010 5075//5014 5044//4986
f 5077//5016 5076//5011 5074//5012
f 5075//5014 5046//4985 5044//4986
f 5076//5011 5078//5013 5073//5010
f 5087//5018 5080//5017 5076//5011
f 5081//5020 5079//5015 5077//5016
f 5088//5019 5087//5018 5079//5015
f 5088//5019 5083//5025 5167//5021
f 5083//5025 5084//5026 5165//5028
f 5090//5558 5097//5029 5091//5031
f 5091//5031 5092//5030 5168//5104
f 5091//5031 5168//5104 5086//5022
f 5082//5559 5091//5031 5086//5022
f 5094//5034 5097//5029 5090//5558
f 5094//5034 5095//5033 5097//5029
f 5095//5033 5096//5039 5097//5029
f 5100//5035 5098//5042 5101//5036
f 5093//5032 5099//5037 5095//5033
f 5101//5036 5048//4987 5047//5038
f 5098//5042 5048//4987 5101//5036
f 5103//5041 5051//5000 5098//5042
f 5106//5560 5058//4996 5108//5046
f 5106//5560 5105//5044 5058//4996
f 5107//5040 5058//4996 5051//5000
f 5042//5561 5063//5002 5110//5004
f 5042//5561 5041//4983 5063//5002
f 5112//5052 5111//5050 5046//4985
f 5111//5050 5113//5048 5046//4985
f 5113//5048 2786//2768 5045//2769
f 5115//5051 5114//5049 5111//5050
f 5114//5049 5117//5053 5113//5048
f 5119//5060 5118//5054 5115//5051
f 5120//5055 5119//5060 5115//5051
f 5117//5053 2789//2774 2786//2768
f 5122//5058 5121//5057 5114//5049
f 5123//5064 5122//5058 5118//5054
f 5124//5059 5123//5064 5118//5054
f 5126//5061 5125//2777 5117//5053
f 5127//5062 5126//5061 5121//5057
f 5128//5067 5127//5062 5122//5058
f 5129//5063 5128//5067 5122//5058
f 5131//5065 5130//5070 5125//2777
f 5132//5066 5131//5065 5126//5061
f 5128//5067 5133//5068 5132//5066
f 5134//5105 2793//2776 5125//2777
f 5135//5069 5134//5105 5125//2777
f 5136//5072 5135//5069 5131//5065
f 5137//5071 5173//5106 5135//5069
f 5133//5068 5137//5071 5136//5072
f 5124//5059 5139//5073 5142//5075
f 5139//5073 5140//5077 5145//5074
f 5172//5076 5143//5079 5145//5074
f 5138//5080 5151//5084 5143//5079
f 5142//5075 5144//5081 5133//5068
f 5151//5084 3510//3478 5147//5082
f 5137//5071 5144//5081 5146//5083
f 5145//5074 5147//5082 5144//5081
f 5149//5089 5150//5086 5151//5084
f 5148//5090 5149//5089 5151//5084
f 5138//5080 5148//5090 5151//5084
f 5150//5086 2798//5085 3510//3478
f 5049//4989 5050//4988 5153//5087
f 5050//4988 5152//5091 5154//5088
f 5096//5039 5153//5087 5148//5090
f 5153//5087 5154//5088 5149//5089
f 5149//5089 5154//5088 5150//5086
f 5154//5088 2794//2780 5150//5086
f 5155//4993 5156//5092 5152//5091
f 5152//5091 2795//2778 2794//2780
f 5157//5093 5112//5052 5075//5014
f 5158//5094 5157//5093 5078//5013
f 5162//5100 5158//5094 5080//5017
f 5160//5096 5159//5095 5157//5093
f 5116//5056 5115//5051 5112//5052
f 5161//5097 5116//5056 5159//5095
f 5163//5098 5162//5100 5080//5017
f 5167//5021 5163//5098 5087//5018
f 5086//5022 5168//5104 5166//5023
f 5085//5024 5166//5023 5089//5027
f 5162//5100 5169//5102 5160//5096
f 5163//5098 5169//5102 5162//5100
f 5163//5098 5164//5099 5170//5101
f 5166//5023 5141//5078 5089//5027
f 5161//5097 5171//5103 5120//5055
f 5169//5102 5171//5103 5161//5097
f 5166//5023 5168//5104 5141//5078
f 5089//5027 5141//5078 5172//5076
f 5168//5104 5138//5080 5141//5078
f 5170//5101 5140//5077 5139//5073
f 5097//5029 5096//5039 5148//5090
f 3478//3451 3477//3449 2793//2776
f 5173//5106 3478//3451 5134//5105
f 5174//5107 3486//3456 3485//3450
f 5146//5083 5147//5082 3512//3480
f 5147//5082 3510//3478 3512//3480
f 5146//5083 3511//3477 3486//3456
f 5175//4695 4606//4556 4605//4557
f 4625//4576 4624//4575 4626//4577
f 4606//4556 4626//4577 4604//4554
f 5177//5109 4625//4576 4626//4577
f 5179//5112 5177//5109 5178//5110
f 4642//4591 4640//4589 5181//5113
f 4643//4592 5183//5116 5181//5113
f 5184//5115 4643//4592 4625//4576
f 5182//5114 5181//5113 5185//5117
f 5186//5118 5183//5116 4643//4592
f 5187//5120 5184//5115 5177//5109
f 5188//5119 5186//5118 5184//5115
f 5180//5111 5187//5120 5177//5109
f 5189//5121 5188//5119 5187//5120
f 4668//4621 4642//4591 5182//5114
f 4669//4615 4668//4621 5192//5124
f 4672//4619 4666//4618 4671//4622
f 4667//4620 4672//4619 5195//5127
f 5192//5124 5182//5114 5185//5117
f 5186//5118 5197//5129 5185//5117
f 5197//5129 5198//5131 5193//5125
f 5198//5131 4670//4623 5193//5125
f 5199//5130 4671//4622 4670//4623
f 5200//5134 5201//5132 5199//5130
f 5201//5132 5194//5126 4671//4622
f 5202//5133 5196//5128 5201//5132
f 5196//5128 5194//5126 5201//5132
f 5197//5129 5186//5118 5188//5119
f 5203//5135 5198//5131 5197//5129
f 5204//5136 5199//5130 5198//5131
f 5190//5122 5203//5135 5188//5119
f 5205//5137 5206//5139 5204//5136
f 5206//5139 5200//5134 5204//5136
f 5200//5134 5199//5130 5204//5136
f 5191//5123 5207//5138 5205//5137
f 5207//5138 5208//5140 5206//5139
f 5208//5140 5202//5133 5200//5134
f 5210//5143 5209//5147 4679//4637
f 5209//5147 5210//5143 5216//5146
f 5211//5142 5216//5146 5210//5143
f 4687//4634 4689//4638 5214//5144
f 4689//4638 4679//4637 5209//5147
f 5209//5147 5214//5144 4689//4638
f 5213//4636 4688//5145 5215//5149
f 5214//5144 5216//5146 5217//5148
f 5217//5148 5216//5146 5212//5290
f 4695//4644 4696//4646 5219//5152
f 5221//5154 4694//4642 4697//4647
f 5220//5153 5213//4636 5215//5149
f 5219//5152 4686//4645 5220//5153
f 4697//4647 5219//5152 5223//5156
f 5215//5149 5226//5151 5220//5153
f 5222//5155 5220//5153 5226//5151
f 5227//5160 4735//4688 4727//4680
f 5229//5159 4738//4692 4735//4688
f 5230//5161 5231//5163 4738//4692
f 5232//5162 4739//4691 4738//4692
f 5233//5164 5234//5166 5232//5162
f 5236//5167 5237//5208 5235//5165
f 5238//5172 5227//5160 4727//4680
f 5230//5161 5229//5159 5227//5160
f 5233//5164 5231//5163 5230//5161
f 5239//5169 5234//5166 5233//5164
f 5236//5167 5234//5166 5239//5169
f 5240//5168 5237//5208 5236//5167
f 4727//4680 4721//4674 5241//5170
f 5243//5173 5230//5161 5227//5160
f 5233//5164 5230//5161 5243//5173
f 5244//5174 5239//5169 5233//5164
f 5244//5174 5240//5168 5239//5169
f 5245//5175 5244//5174 5243//5173
f 5247//5178 5238//5172 5242//5171
f 5248//5177 5245//5175 5238//5172
f 5250//5180 5246//5176 5245//5175
f 5251//5182 5248//5177 5247//5178
f 5249//5179 5248//5177 5252//5181
f 5250//5180 5249//5179 5253//5183
f 5255//5185 5242//5171 5241//5170
f 5247//5178 5242//5171 5255//5185
f 5251//5182 5247//5178 5256//5186
f 5259//5189 5252//5181 5251//5182
f 5253//5183 5252//5181 5260//5190
f 5263//5193 5254//5184 5253//5183
f 5264//5195 5175//4695 4740//4694
f 4742//4697 5266//5197 5264//5195
f 5268//5198 5265//5194 5264//5195
f 4743//5199 5270//5200 5266//5197
f 5270//5200 5267//5196 5266//5197
f 5271//5201 5268//5198 5267//5196
f 5272//5202 5269//5212 5268//5198
f 5273//5203 5270//5200 5228//4693
f 5274//5205 5272//5202 5271//5201
f 5232//5162 5273//5203 4739//4691
f 5275//5204 5270//5200 5273//5203
f 5275//5204 5271//5201 5270//5200
f 5277//5206 5274//5205 5275//5204
f 5237//5208 5275//5204 5235//5165
f 5278//5210 5277//5206 5276//5207
f 5281//5211 5280//5292 5244//5174
f 5250//5180 5281//5211 5246//5176
f 5268//5198 5282//5213 5265//5194
f 5269//5212 5283//5214 5282//5213
f 5285//5217 5284//5215 5283//5214
f 5284//5215 5286//5219 5295//5224
f 5285//5217 5287//5218 5284//5215
f 5287//5218 5288//5336 5286//5219
f 5288//5336 5289//5231 5286//5219
f 5290//5220 5285//5217 5277//5206
f 5179//5112 5265//5194 5291//5221
f 5292//5238 5180//5111 5179//5112
f 5293//5222 5292//5238 5179//5112
f 5283//5214 5294//5216 5291//5221
f 5294//5216 5295//5224 5293//5222
f 4754//5225 5303//5227 4753//4705
f 5303//5227 5299//5244 5298//5228
f 5303//5227 5302//5229 4755//4706
f 5304//5230 5300//5248 5286//5219
f 5304//5230 5301//5233 5300//5248
f 5306//5234 5298//5228 5301//5233
f 5302//5229 5306//5234 4756//4707
f 5307//5235 5304//5230 5289//5231
f 5307//5235 5308//5236 5305//5232
f 5306//5234 5308//5236 4757//4801
f 5293//5222 5310//5241 5309//5237
f 5314//5239 5310//5241 5293//5222
f 5314//5239 5315//5242 5320//5240
f 5315//5242 5312//5245 5311//5243
f 5316//5247 5313//5254 5312//5245
f 5317//5246 5312//5245 5315//5242
f 5299//5244 5316//5247 5312//5245
f 5300//5248 5314//5239 5296//5223
f 5301//5233 5315//5242 5314//5239
f 5298//5228 5317//5246 5315//5242
f 5319//5250 5191//5123 5189//5121
f 5320//5240 5318//5249 5309//5237
f 5321//5251 5319//5250 5318//5249
f 5310//5241 5320//5240 5309//5237
f 5323//5253 5321//5251 5320//5240
f 5312//5245 5323//5253 5311//5243
f 5324//5255 5322//5252 5321//5251
f 5313//5254 5324//5255 5323//5253
f 5326//5256 5195//5127 5196//5128
f 5326//5256 4773//4724 4667//4620
f 4778//5258 5328//5263 5327//5259
f 5325//5260 5328//5263 4778//5258
f 5327//5259 4781//4726 4776//4722
f 5330//5261 5196//5128 5202//5133
f 5330//5261 5326//5256 5196//5128
f 5329//5262 5333//5264 5327//5259
f 5329//5262 5328//5263 5325//5260
f 5333//5264 5332//5275 5331//5265
f 5333//5264 5335//5266 4781//4726
f 5336//5267 5334//5276 5313//5254
f 5336//5267 5316//5247 5297//5226
f 5336//5267 5335//5266 5334//5276
f 5336//5267 4780//5268 4781//4726
f 5338//5270 5207//5138 5191//5123
f 5338//5270 5339//5272 5208//5140
f 5340//5271 5202//5133 5208//5140
f 5340//5271 5339//5272 5329//5262
f 5340//5271 5330//5261 5202//5133
f 5322//5252 5337//5269 5319//5250
f 5341//5273 5338//5270 5337//5269
f 5342//5274 5341//5273 5331//5265
f 5342//5274 5339//5272 5338//5270
f 5342//5274 5333//5264 5329//5262
f 5331//5265 5341//5273 5322//5252
f 5331//5265 5324//5255 5334//5276
f 4784//4739 5412//4819 4785//5277
f 5343//5279 5345//5348 5344//5281
f 4791//4737 4793//5278 5346//5284
f 5352//5141 5346//5284 5347//5282
f 5353//5283 5347//5282 5349//5285
f 5349//5285 5348//5280 5351//5286
f 4678//4740 5346//5284 5352//5141
f 5354//5288 5216//5146 5211//5142
f 5211//5142 5353//5283 5349//5285
f 5354//5288 5349//5285 5350//5287
f 5356//5291 5240//5168 5244//5174
f 5358//5296 5359//5328 5357//5293
f 5357//5293 5254//5184 5263//5193
f 5358//5296 5357//5293 5361//5294
f 5363//5297 5364//5299 5358//5296
f 5360//5298 5359//5328 5358//5296
f 5278//5210 5276//5207 5237//5208
f 5368//5303 5279//5209 5278//5210
f 5367//5301 5278//5210 5365//5300
f 4828//4774 5279//5209 5368//5303
f 5370//5304 5367//5301 5366//5302
f 4799//4742 5368//5303 5367//5301
f 4799//4742 5367//5301 5370//5304
f 4801//4743 4799//4742 5371//5306
f 5374//5308 4801//4743 5372//5307
f 5376//5310 5374//5308 5373//5309
f 5375//5311 5377//5312 5376//5310
f 4806//4749 4803//4745 5376//5310
f 5356//5291 5365//5300 5240//5168
f 5366//5302 5365//5300 5356//5291
f 5369//5305 5366//5302 5378//5313
f 5379//5314 5370//5304 5369//5305
f 5371//5306 5370//5304 5379//5314
f 5372//5307 5371//5306 5380//5315
f 5373//5309 5372//5307 5381//5316
f 5375//5311 5373//5309 5381//5316
f 5382//5317 5377//5312 5375//5311
f 5378//5313 5356//5291 5280//5292
f 5383//5318 5379//5314 5378//5313
f 5380//5315 5379//5314 5383//5318
f 5381//5316 5380//5315 5384//5319
f 5385//5320 5382//5317 5381//5316
f 5386//5321 5383//5318 5280//5292
f 5384//5319 5383//5318 5386//5321
f 5385//5320 5384//5319 5387//5322
f 5389//5324 5386//5321 5281//5211
f 5387//5322 5386//5321 5390//5325
f 5391//5326 5388//5323 5387//5322
f 5389//5324 5254//5184 5357//5293
f 5390//5325 5389//5324 5359//5328
f 5393//5329 5390//5325 5359//5328
f 5391//5326 5390//5325 5393//5329
f 5392//5327 5391//5326 5393//5329
f 5395//5331 5360//5298 5364//5299
f 5393//5329 5360//5298 5395//5331
f 5397//5333 5394//5330 5393//5329
f 5290//5220 5279//5209 4828//4774
f 5400//5339 5289//5231 5288//5336
f 5400//5339 4855//4805 5289//5231
f 4832//4776 4855//4805 5400//5339
f 4833//5340 5288//5336 5401//5337
f 4833//5340 5400//5339 5288//5336
f 4831//4779 4834//4781 5401//5337
f 4834//4781 4833//5340 5401//5337
f 4855//4805 5307//5235 5289//5231
f 4859//4808 5402//5562 4864//4809
f 4870//4817 5405//5346 4868//4820
f 5405//5346 4870//4817 4871//4818
f 5407//5343 4871//4818 4867//4815
f 4865//4813 4872//5342 5408//5345
f 5404//5341 5408//5345 4872//5342
f 5405//5346 5403//5349 4868//4820
f 5404//5341 4864//4809 5402//5562
f 5403//5349 5405//5346 5409//5347
f 5410//5563 5403//5349 5409//5347
f 5403//5349 5410//5563 5411//5350
f 5412//4819 4868//4820 5403//5349
f 5403//5349 5343//5279 5412//4819
f 5345//5348 5343//5279 5403//5349
f 5414//5351 4916//4862 4806//4749
f 4917//4863 4916//4862 5415//5352
f 5416//5353 4918//4864 4917//4863
f 4919//4865 4918//4864 5416//5353
f 4907//4854 5418//5356 5417//5354
f 5418//5356 4907//4854 4915//4866
f 5414//5351 5377//5312 5382//5317
f 5421//5358 5415//5352 5382//5317
f 4919//4865 5419//5355 5422//5359
f 5423//5360 5419//5355 5421//5358
f 5426//5364 5419//5355 5423//5360
f 5422//5359 5419//5355 5426//5364
f 5392//5327 5425//5362 5388//5323
f 5418//5356 5420//5357 5427//5365
f 5424//5361 5413//5385 4958//5363
f 5429//5367 5392//5327 5394//5330
f 5430//5368 5425//5362 5392//5327
f 5427//5365 5422//5359 5426//5364
f 5413//5385 5424//5361 5428//5366
f 4935//4884 4937//4887 4859//4808
f 4936//4886 5431//5370 4937//4887
f 5432//5369 5402//5562 4859//4808
f 4938//4913 5431//5370 4939//4888
f 4938//4913 5452//5388 5431//5370
f 4947//5547 5436//5372 4946//4896
f 4946//4896 5436//5372 5433//5371
f 4948//4897 5437//5376 4947//5547
f 4947//5547 5437//5376 5439//5564
f 5439//5564 5436//5372 4947//5547
f 5436//5372 5439//5564 5435//5374
f 4958//5363 5441//5378 4955//4903
f 5441//5378 4959//4906 4954//4902
f 4959//4906 5442//5381 4957//4907
f 4956//4904 4957//4907 5442//5381
f 4956//4904 5443//5383 4948//4897
f 5443//5383 4956//4904 5442//5381
f 4948//4897 5443//5383 5438//5375
f 5445//5380 5443//5383 5442//5381
f 5444//5379 4958//5363 5413//5385
f 5444//5379 5447//5386 5446//5382
f 4959//4906 5446//5382 5445//5380
f 5448//5384 5440//5377 5438//5375
f 4953//4905 4908//4853 5417//5354
f 4964//4915 5449//5387 4962//4911
f 4964//4915 5450//5390 5449//5387
f 4967//4918 5450//5390 4964//4915
f 4967//4918 5453//5393 5450//5390
f 4968//4943 5453//5393 4967//4918
f 4963//4912 5454//5565 5452//5388
f 5449//5387 5456//5391 5455//5389
f 4963//4912 5455//5389 5454//5565
f 5453//5393 5458//5394 5450//5390
f 5460//5395 5451//5398 4969//5396
f 5461//5402 5462//5397 4973//4925
f 5461//5402 5463//5401 5462//5397
f 4976//4932 4973//4925 4977//4926
f 5465//5406 5461//5402 4976//4932
f 5466//5403 5461//5402 5465//5406
f 4984//4935 5465//5406 4982//4933
f 4984//4935 4942//4889 5433//5371
f 5433//5371 5468//5408 4984//4935
f 5472//5566 5470//5409 5468//5408
f 5472//5566 5468//5408 5434//5373
f 4992//4942 4994//4945 4968//4943
f 4995//4944 4969//5396 5451//5398
f 5474//5413 5473//5410 4994//4945
f 4995//4944 5474//5413 4994//4945
f 5473//5410 5457//5392 4968//4943
f 5457//5392 5458//5394 5453//5393
f 5476//5412 5457//5392 5473//5410
f 5475//5411 5459//5399 5476//5412
f 2577//2547 2575//2544 2580//2549
f 1371//1514 1368//1350 1367//1349
f 2156//2137 2159//2140 2161//2141
f 2148//2129 1548//1523 1547//1522
f 1061//1048 930//916 935//918
f 4089//4041 4090//4042 4274//4225
f 5477//5415 4281//4233 4279//4231
f 4274//4225 5478//5416 5477//5415
f 4090//4042 4113//4070 5478//5416
f 5477//5415 5480//5418 5481//5419
f 5481//5419 4323//5421 4282//4238
f 5480//5418 5482//5420 4323//5421
f 4088//4040 4116//4067 5483//5422
f 4116//4067 4117//4068 4119//4269
f 4113//4070 5483//5422 5482//5420
f 4323//5421 5482//5420 4328//4280
f 5482//5420 4318//4273 4320//4272
f 4317//4268 4318//4273 5484//5423
f 5484//5423 5483//5422 4119//4269
f 5482//5420 5484//5423 4318//4273
f 3604//3570 5485//5424 4305//4257
f 4306//4256 5486//5426 4310//5425
f 5485//5424 3601//3566 3600//3565
f 5486//5426 4305//4257 5487//5427
f 4305//4257 5485//5424 5487//5427
f 4308//4263 5486//5426 5488//5428
f 3599//3564 3571//3569 5487//5427
f 4262//4212 4308//4263 5489//5429
f 5487//5427 3571//3569 5488//5428
f 5489//5429 5488//5428 4260//4208
f 3571//3569 3570//4209 4260//4208
f 2522//2492 2360//2335 5490//5431
f 3077//3055 2526//2497 3082//3056
f 3093//3060 5491//5430 3107//3083
f 5490//5431 5492//5440 2527//2498
f 2527//2498 5493//5433 2526//2497
f 2527//2498 5492//5440 5494//5432
f 3082//3056 5493//5433 5495//5434
f 3084//3057 5495//5434 5491//5430
f 5491//5430 3101//3079 3107//3083
f 3101//3079 5491//5430 5497//5435
f 5493//5433 5494//5432 5496//5436
f 5495//5434 5496//5436 5498//3071
f 5498//3071 5496//5436 3080//5437
f 2360//2335 5499//5438 5490//5431
f 5492//5440 5496//5436 5494//5432
f 5490//5431 5499//5438 5500//5439
f 5496//5436 5500//5439 3080//5437
f 2344//2315 2389//5441 2346//2317
f 2389//5441 2390//2362 2392//2376
f 2405//2375 5501//5442 2392//2376
f 2346//2317 2392//2376 5501//5442
f 3131//3108 3130//3113 5504//5446
f 3130//3113 3079//3114 5505//5447
f 3079//3114 3080//5437 5505//5447
f 5500//5439 5505//5447 3080//5437
f 5499//5438 5506//5448 5505//5447
f 2361//2332 5502//5444 5507//5449
f 5503//5445 5507//5449 5506//5448
f 5506//5448 5508//5450 5504//5446
f 5507//5449 5509//5443 5508//5450
f 2406//2378 2414//3095 5509//5443
f 2558//3097 5508//5450 5509//5443
f 5509//5443 5502//5444 5501//5442
f 3088//3226 5510//5451 3087//3223
f 2530//2500 3087//3223 3078//5452
f 3078//5452 5511//5466 2528//2499
f 3095//3063 3085//3062 5510//5451
f 2382//2355 2381//2353 5512//5453
f 2550//2522 2549//2521 2554//2525
f 2549//2521 5512//5453 5513//5454
f 2380//2354 5514//5455 5512//5453
f 5514//5455 5515//5457 5513//5454
f 2380//2354 5516//5461 5514//5455
f 5516//5461 5521//5456 5514//5455
f 2555//2526 2554//2525 2560//2529
f 2559//5531 5517//5458 3125//3102
f 2559//5531 2560//2529 5517//5458
f 2554//2525 5513//5454 5517//5458
f 5517//5458 5513//5454 5515//5457
f 3124//3099 5518//5459 5520//5463
f 5518//5459 5515//5457 5520//5463
f 5516//5461 2544//2515 5521//5456
f 3078//5452 5522//5462 5511//5466
f 5510//5451 3085//3062 5522//5462
f 5519//5460 3124//3099 5523//5464
f 2518//2489 2519//5467 2544//2515
f 2528//2499 2521//5465 2523//2490
f 5511//5466 5523//5464 2528//2499
f 3085//3062 3083//3100 5522//5462
f 5522//5462 5519//5460 5523//5464
f 2519//5467 2521//5465 5524//5468
f 5524//5468 2521//5465 5523//5464
f 2544//2515 2519//5467 5520//5463
f 1430//1407 5525//5469 1588//1580
f 711//1396 1412//1398 1418//1401
f 1422//1402 5526//5471 5525//5469
f 1422//1402 5527//5473 5526//5471
f 1422//1402 1418//1401 5527//5473
f 1588//1580 1475//5470 1431//1412
f 5525//5469 5528//5472 1475//5470
f 5528//5472 5529//5567 1475//5470
f 5528//5472 5526//5471 5529//5567
f 5526//5471 5530//5474 5529//5567
f 1475//5470 5529//5567 5531//5475
f 1470//1452 1476//1413 5531//5475
f 5527//5473 1418//1401 5532//5476
f 1412//1398 5533//5477 5532//5476
f 5529//5567 5530//5474 5531//5475
f 5532//5476 5533//5477 5535//5479
f 5535//5479 5534//5478 5530//5474
f 1447//1437 5533//5477 1437//1418
f 1455//1436 5536//1442 1447//1437
f 1463//1451 1470//1452 5531//5475
f 5533//5477 1447//1437 5535//5479
f 1462//1441 1463//1451 5536//1442
f 5536//1442 5534//5478 5535//5479
f 1463//1451 5531//5475 5534//5478
f 1585//1563 1589//1571 5538//1633
f 5537//5481 5538//1633 5541//5484
f 1425//1561 5540//5483 1423//5480
f 1472//1449 1464//1444 5542//5485
f 1458//1440 1457//1439 5543//5486
f 1464//1444 5543//5486 5544//5487
f 1449//1430 1441//1421 5545//5489
f 1441//1421 1440//1422 5546//5488
f 1457//1439 5545//5489 5547//5490
f 5543//5486 5547//5490 5544//5487
f 1413//1399 1414//1400 1423//5480
f 1423//5480 5541//5484 5548//5491
f 5546//5488 740//726 5549//5492
f 5546//5488 741//727 740//726
f 1423//5480 5548//5491 713//701
f 5549//5492 740//726 5550//5493
f 529//5494 5552//5497 413//413
f 533//530 5553//5495 530//528
f 529//5494 5553//5495 5552//5497
f 1046//1036 5559//5498 1041//1026
f 5553//5495 5555//5501 5552//5497
f 5553//5495 533//530 5555//5501
f 533//530 5556//5500 5555//5501
f 5552//5497 5557//5502 5551//5496
f 5555//5501 5558//5503 5557//5502
f 5556//5500 5559//5498 5558//5503
f 521//518 5561//5499 1022//1013
f 5558//5503 5562//5505 5557//5502
f 5559//5498 5560//5504 5562//5505
f 525//522 5551//5496 5557//5502
f 511//512 525//522 5563//5506
f 516//511 5563//5506 5554//5507
f 5563//5506 5557//5502 5562//5505
f 516//511 5554//5507 5561//5499
f 5554//5507 5563//5506 5560//5504
f 5563//5506 5562//5505 5560//5504
f 1048//1041 5560//5504 1045//1038
f 1045//1038 5560//5504 5559//5498
