$MeshFormat
4.1 0 8
$EndMeshFormat
$Entities
0 0 1 1
1 0 0 0 0 0 0 0 0 
1 -1.797693134862316e+308 -1.797693134862316e+308 -1.797693134862316e+308 1.797693134862316e+308 1.797693134862316e+308 1.797693134862316e+308 0 1 1 
$EndEntities
$Nodes
2 932 1 932
2 1 0 904
1
2
3
4
5
6
7
8
9
10
11
12
13
14
15
16
17
18
19
20
21
22
23
24
25
26
27
28
29
30
31
32
33
34
35
36
37
38
39
40
41
42
43
44
45
46
47
48
49
50
51
52
53
54
55
56
57
58
59
60
61
62
63
64
65
66
67
68
69
70
71
72
73
74
75
76
77
78
79
80
81
82
83
84
85
86
87
88
89
90
91
92
93
94
95
96
97
98
99
100
101
102
103
104
105
106
107
108
109
110
111
112
113
114
115
116
117
118
119
120
121
122
123
124
125
126
127
128
129
130
131
132
133
134
135
136
137
138
139
140
141
142
143
144
145
146
147
148
149
150
151
152
153
154
155
156
157
158
159
160
161
162
163
164
165
166
167
168
169
170
171
172
173
174
175
176
177
178
179
180
181
182
183
184
185
186
187
188
189
190
191
192
193
194
195
196
197
198
199
200
201
202
203
204
205
206
207
208
209
210
211
212
213
214
215
216
217
218
219
220
221
222
223
224
225
226
227
228
229
230
231
232
233
234
235
236
237
238
239
240
241
242
243
244
245
246
247
248
249
250
251
252
253
254
255
256
257
258
259
260
261
262
263
264
265
266
267
268
269
270
271
272
273
274
275
276
277
278
279
280
281
282
283
284
285
286
287
288
289
290
291
292
293
294
295
296
297
298
299
300
301
302
303
304
305
306
307
308
309
310
311
312
313
314
315
316
317
318
319
320
321
322
323
324
325
326
327
328
329
330
331
332
333
334
335
336
337
338
339
340
341
342
343
344
345
346
347
348
349
350
351
352
353
354
355
356
357
358
359
360
361
362
363
364
365
366
367
368
369
370
371
372
373
374
375
376
377
378
379
380
381
382
383
384
385
386
387
388
389
390
391
392
393
394
395
396
397
398
399
400
401
402
403
404
405
406
407
408
409
410
411
412
413
414
415
416
417
418
419
420
421
422
423
424
425
426
427
428
429
430
431
432
433
434
435
436
437
438
439
440
441
442
443
444
445
446
447
448
449
450
451
452
453
454
455
456
457
458
459
460
461
462
463
464
465
466
467
468
469
470
471
472
473
474
475
476
477
478
479
480
481
482
483
484
485
486
487
488
489
490
491
492
493
494
495
496
497
498
499
500
501
502
503
504
505
506
507
508
509
510
511
512
513
514
515
516
517
518
519
520
521
522
523
524
525
526
527
528
529
530
531
532
533
534
535
536
537
538
539
540
541
542
543
544
545
546
547
548
549
550
551
552
553
554
555
556
557
558
559
560
561
562
563
564
565
566
567
568
569
570
571
572
573
574
575
576
577
578
579
580
581
582
583
584
585
586
587
588
589
590
591
592
593
594
595
596
597
598
599
600
601
602
603
604
605
606
607
608
609
610
611
612
613
614
615
616
617
618
619
620
621
622
623
624
625
626
627
628
629
630
631
632
633
634
635
636
637
638
639
640
641
642
643
644
645
646
647
648
649
650
651
652
653
654
655
656
657
658
659
660
661
662
663
664
665
666
667
668
669
670
671
672
673
674
675
676
677
678
679
680
681
682
683
684
685
686
687
688
689
690
691
692
693
694
695
696
697
698
699
700
701
702
703
704
705
706
707
708
709
710
711
712
713
714
715
716
717
718
719
720
721
722
723
724
725
726
727
728
729
730
731
732
733
734
735
736
737
738
739
740
741
742
743
744
745
746
747
748
749
750
751
752
753
754
755
756
757
758
759
760
761
762
763
764
765
766
767
768
769
770
771
772
773
774
775
776
777
778
779
780
781
782
783
784
785
786
787
788
789
790
791
792
793
794
795
796
797
798
799
800
801
802
803
804
805
806
807
808
809
810
811
812
813
814
815
816
817
818
819
820
821
822
823
824
825
826
827
828
829
830
831
832
833
834
835
836
837
838
839
840
841
842
843
844
845
846
847
848
849
850
851
852
853
854
855
856
857
858
859
860
861
862
863
864
865
866
867
868
869
870
871
872
873
874
875
876
877
878
879
880
881
882
883
884
885
886
887
888
889
890
891
892
893
894
895
896
897
898
899
900
901
902
903
904
0.001844267128035426 -0.01292386837303638 0.04125725105404854
0.001838644617237151 -0.01131571829319 0.03529001027345657
0.001840120414271951 -0.006930424366146326 0.03953694179654121
0.001815336407162249 -0.006836159620434046 0.03764758631587029
0.001850925968028605 -0.008584846742451191 0.03633619472384453
0.001832038862630725 -0.007652972359210253 0.03690418973565102
0.00184983154758811 -0.00941760279238224 0.03608525916934013
0.001842847210355103 -0.01011127233505249 0.0358961746096611
0.001165790599770844 -0.009576563723385334 0.03587936982512474
0.001844391459599137 -0.01410426385700703 0.04055914655327797
0.001851223642006516 -0.01575039327144623 0.03402668982744217
0.001845629885792732 -0.0161599162966013 0.03998059034347534
0.001849163323640823 -0.01876837387681007 0.03854533284902573
0.001127569237723947 -0.01893275231122971 0.03858204185962677
0.001833984279073775 -0.02003045007586479 0.03804755583405495
0.00184982898645103 -0.01829270832240582 0.03887951001524925
0.00186608696822077 -0.01098943594843149 0.04212242364883423
0.001886879210360348 -0.009323797188699245 0.04264839738607407
0.001248141517862678 -0.01002802792936563 0.04246154427528381
0.001392595819197595 -0.01118537224829197 0.04206333309412003
0.001194678712636232 -0.008747459389269352 0.036274753510952
0.00184315606020391 -0.00692352931946516 0.04209066927433014
0.001225292799063027 -0.00634952075779438 0.0421384684741497
0.00182412494905293 -0.007425871677696705 0.04245037585496902
0.001882798736914992 -0.006142436526715755 0.04085993021726608
0.001847257604822516 -0.006174957845360041 0.04179980233311653
0.001840607612393796 -0.01058939471840858 0.0355805866420269
0.001843891572207212 -0.008173994719982147 0.04265907406806946
0.001872328808531165 -0.00872731301933527 0.04253127425909042
0.001575905247591436 -0.005828218534588814 0.04003947228193283
0.001704149763099849 -0.005665591917932034 0.04089675471186638
0.001186985638923943 -0.01374049112200737 0.04115350544452667
0.001849391264840961 -0.01359650306403637 0.0411791056394577
0.001847566571086645 -0.01174686662852764 0.0417880043387413
0.001821184763684869 -0.006264025345444679 0.03982583805918694
0.001743079628795385 -0.006534774787724018 0.03835464268922806
0.001184576074592769 -0.006045225542038679 0.03928890079259872
0.001841442892327905 -0.02033162303268909 0.03703423961997032
0.001836894429288805 -0.02027441933751106 0.03781207278370857
0.001092798775061965 -0.02041669934988022 0.03736969456076622
0.001838461612351239 -0.02012125216424465 0.03571310266852379
0.001117744250223041 -0.02022320590913296 0.03591818362474442
0.001854777568951249 -0.01860668510198593 0.03341604396700859
0.0009033997193910182 -0.007338268682360649 0.03712386265397072
0.001249105320312083 -0.01266423054039478 0.04155749455094337
0.001846999977715313 -0.01238999702036381 0.04162999987602234
0.001838098745793104 -0.01991073414683342 0.03395409882068634
0.001570418593473732 -0.005666021257638931 0.0414290577173233
0.00184278201777488 -0.01906641945242882 0.03331735357642174
0.001113364472985268 -0.009340478107333183 0.0425737239420414
0.001250055152922869 -0.01436656899750233 0.04086293652653694
0.001836531097069383 -0.01968635246157646 0.03343632444739342
-0.0162366759032011 -0.01437244843691587 0.03174065053462982
-0.01530858129262924 -0.01563124917447567 0.03274472057819366
-0.01566857099533081 -0.01304951496422291 0.03348993510007858
-0.01605669409036636 -0.01591547764837742 0.03145235031843185
-0.01677717082202435 -0.009630110114812851 0.03225743025541306
-0.01656157895922661 -0.01206765789538622 0.03211120888590813
-0.0163547620177269 -0.009413793683052063 0.03338418528437614
-0.01587032340466976 -0.01148578058928251 0.03387141227722168
-0.01489931344985962 -0.0133765796199441 0.03441737964749336
-0.01512629818171263 -0.01169885322451591 0.0347793884575367
-0.01606160216033459 -0.007830360904335976 0.03380190953612328
-0.01667512580752373 -0.007735132239758968 0.03212430328130722
-0.01665426231920719 -0.006829788908362389 0.03145672753453255
-0.01558935642242432 -0.006008365657180548 0.03323434293270111
-0.01605281606316566 -0.005548495799303055 0.03163787722587585
-0.01562188751995564 -0.008730229921638966 0.034664586186409
-0.01538145821541548 -0.007805544883012772 0.03481481969356537
-0.01551999989897013 -0.006532997358590364 0.03394100069999695
-0.01565170101821423 -0.006242289673537016 0.03343156725168228
-0.01571850292384624 -0.005675673484802246 0.0325065515935421
-0.01557023450732231 -0.005258670076727867 0.03215467557311058
-0.01471723057329655 -0.007211383432149887 0.03516114130616188
-0.01504399999976158 -0.007058997172862291 0.03480499982833862
-0.01553196553140879 -0.007077154237776995 0.03429178521037102
-0.01506500039249659 -0.006690997164696455 0.03424200043082237
-0.01525602582842112 -0.006462758872658014 0.03381237760186195
-0.01499081123620272 -0.006869740318506956 0.03371025621891022
-0.01518314238637686 -0.006222030147910118 0.03287263214588165
-0.01522548496723175 -0.005764398723840714 0.03266555815935135
-0.01518400013446808 -0.005082997493445873 0.03228000178933144
-0.01510787941515446 -0.004759527277201414 0.0315389521420002
-0.01572917029261589 -0.0188776534050703 0.03055232018232346
-0.01521225739270449 -0.01926730759441853 0.03105138055980206
-0.01513118948787451 -0.01896272227168083 0.03143465146422386
-0.01517526153475046 -0.004661171697080135 0.03060432709753513
-0.01227511186152697 -0.01563147641718388 0.0365491658449173
-0.01132411044090986 -0.01729336939752102 0.03670988976955414
-0.01189500652253628 -0.01365717127919197 0.0381915420293808
-0.01087414473295212 -0.01594825088977814 0.0378396175801754
-0.01027790363878012 -0.01785607635974884 0.03714978694915771
-0.01124201342463493 -0.01363009866327047 0.03756998851895332
-0.01052109804004431 -0.01462578494101763 0.03808446601033211
-0.01074115745723248 -0.01477275602519512 0.03742358461022377
-0.01062249019742012 -0.01514937169849873 0.03685218840837479
-0.01022326573729515 -0.01448352821171284 0.03840766847133636
-0.01076938677579165 -0.01308876741677523 0.03878650814294815
-0.01008869800716639 -0.01302955485880375 0.0391378253698349
-0.01021042093634605 -0.01561935991048813 0.03748025745153427
-0.01008905190974474 -0.01610053144395351 0.03669062629342079
-0.01319552399218082 -0.01007137913256884 0.03782730549573898
-0.01234366185963154 -0.01025659684091806 0.03906956687569618
-0.01276976056396961 -0.009229475632309914 0.03867057710886002
-0.01372686214745045 -0.01048390939831734 0.03666014224290848
-0.01277248002588749 -0.01185048557817936 0.03797328099608421
-0.01278755813837051 -0.008147131651639938 0.03864717856049538
-0.01352892350405455 -0.008514223620295525 0.03680144995450974
-0.01389724481850863 -0.01204043719917536 0.03603380918502808
-0.01311234012246132 -0.01405020523816347 0.03625084087252617
-0.0120679959654808 -0.008279872126877308 0.03959563374519348
-0.01186988037079573 -0.01202598493546247 0.03898764401674271
-0.01160647720098495 -0.01058670878410339 0.03963271155953407
-0.01217915769666433 -0.009583596140146255 0.03809119388461113
-0.01181696262210608 -0.01102147065103054 0.03869359567761421
-0.01186280511319637 -0.01140336226671934 0.03809675201773643
-0.01222356781363487 -0.007677352987229824 0.03868679702281952
-0.01193912513554096 -0.01116722635924816 0.03753592446446419
-0.01094884052872658 -0.01372350100427866 0.03895051032304764
-0.01187659986317158 -0.009219328872859478 0.03914574161171913
-0.01162564195692539 -0.00775991752743721 0.03964498266577721
-0.01130503322929144 -0.009967575781047344 0.03958220407366753
-0.01119189616292715 -0.01323147863149643 0.03822610154747963
-0.01219041272997856 -0.008362631313502789 0.03746963664889336
-0.01176483184099197 -0.011147934012115 0.03701825067400932
-0.01191431470215321 -0.007509851362556219 0.03678052127361298
-0.003629622049629688 -0.0203434694558382 0.03670265525579453
-0.01133781298995018 -0.01320826727896929 0.03690585494041443
-0.01148108299821615 -0.01019331254065037 0.0365440808236599
-0.01033802982419729 -0.01056293398141861 0.04021993279457092
-0.01047938130795956 -0.01220036763697863 0.03978097811341286
-0.01109621953219175 -0.008179673925042152 0.04027388244867325
-0.01075698714703321 -0.01144399400800467 0.03947651013731956
-0.01127837225794792 -0.0121211614459753 0.03882736340165138
-0.01060773991048336 -0.009889369830489159 0.03996077924966812
-0.01121636386960745 -0.007842240855097771 0.03995578363537788
-0.01016558986157179 -0.007686868775635958 0.04059644788503647
-0.009236749261617661 -0.01026073563843966 0.04057696461677551
-0.01062284968793392 -0.007803516928106546 0.04024562239646912
-0.0101709607988596 -0.0101943826302886 0.03997120261192322
-0.01259585563093424 -0.007491686381399632 0.03873493522405624
-0.0129699120298028 -0.006665586959570646 0.03692686930298805
-0.01239600032567978 -0.007742997258901596 0.03909999877214432
-0.01250700000673532 -0.007095997221767902 0.03849799931049347
-0.01262199971824884 -0.006903997156769037 0.03810799866914749
-0.01253999955952168 -0.006452997215092182 0.03785200044512749
-0.01265799999237061 -0.006281997077167034 0.03738600015640259
-0.01282310672104359 -0.006023069843649864 0.03646944835782051
-0.01249399967491627 -0.005796997342258692 0.03722700104117393
-0.01240872777998447 -0.005432156845927238 0.03655155748128891
-0.01193859148770571 -0.007638243492692709 0.03929781168699265
-0.0122699998319149 -0.007171997334808111 0.03839600086212158
-0.01229483541101217 -0.007030250504612923 0.03801598027348518
-0.01225937344133854 -0.006557106040418148 0.03752212971448898
0.0006302050896920264 -0.0079286964610219 0.04260477423667908
-0.01207273919135332 -0.00571620324626565 0.03712732717394829
-0.01197599992156029 -0.005060997325927019 0.03671599924564362
-0.01080475468188524 -0.007766434457153082 0.04032972082495689
0.001845437451265752 -0.01484327856451273 0.04048765450716019
-0.01160378940403461 -0.005232691299170256 0.03653958439826965
-0.01027564518153667 -0.007271860260516405 0.04034029692411423
-0.009966009296476841 -0.007370743900537491 0.04033380001783371
-0.01432686764746904 -0.01912528090178967 0.03238754719495773
-0.01342378463596106 -0.01951690204441547 0.03325361385941505
-0.01384214963763952 -0.01758619211614132 0.03388128057122231
-0.0138366250321269 -0.01956178806722164 0.03178036212921143
-0.01460999995470047 -0.01928999833762646 0.03179800137877464
-0.01317299995571375 -0.01924399845302105 0.03373600170016289
-0.01267715636640787 -0.01974514313042164 0.03289791196584702
-0.01380579732358456 -0.01959375850856304 0.03254782035946846
-0.0126599995419383 -0.01978499814867973 0.03352599963545799
-0.01263033878058195 -0.01954751089215279 0.03416996076703072
-0.01175782922655344 -0.01968059316277504 0.0349743627011776
-0.01201883889734745 -0.01752495020627975 0.03592898324131966
-0.01180727872997522 -0.01987207680940628 0.03370900079607964
-0.01137887220829725 -0.01998146064579487 0.0347575917840004
-0.01205500029027462 -0.01981499791145325 0.03429299965500832
-0.01073708105832338 -0.01972814276814461 0.03588533028960228
-0.0113053759559989 -0.01977463997900486 0.03539018705487251
-0.0105059826746583 -0.02009295672178268 0.0354967936873436
-0.01068346295505762 -0.02005681023001671 0.03487152233719826
-0.009666460566222668 -0.01978296414017677 0.03650613129138947
-0.01015799958258867 -0.02001399733126163 0.03605400025844574
-0.01462171971797943 -0.01549974177032709 0.03378957882523537
-0.01398632861673832 -0.01327920705080032 0.03548911958932877
-0.01568200439214706 -0.01799237355589867 0.03117122501134872
-0.01322345901280642 -0.01559675950556993 0.03532897680997849
-0.01062316354364157 -0.01476916205137968 0.03633076697587967
-0.01002307888120413 -0.01600475050508976 0.0361030250787735
-0.009786565788090229 -0.01577899791300297 0.03559521213173866
-0.0109237777069211 -0.0133811105042696 0.03608325868844986
-0.01557627320289612 -0.009861612692475319 0.034637201577425
-0.01415788382291794 -0.01012385915964842 0.03603951632976532
-0.01440915279090405 -0.008941132575273514 0.03572774678468704
-0.01400348171591759 -0.00794410053640604 0.03593268617987633
-0.01447277888655663 -0.008843038231134415 0.03303999453783035
-0.01402395032346249 -0.009270496666431427 0.03373368084430695
-0.0138643616810441 -0.01027506776154041 0.03303439170122147
-0.01449040975421667 -0.008532503619790077 0.03359131887555122
-0.01396454870700836 -0.01019237469881773 0.03212336823344231
-0.0136643759906292 -0.01110797747969627 0.03221087530255318
-0.01408805977553129 -0.009274863637983799 0.03174014016985893
-0.0144066596403718 -0.008904425427317619 0.03232657536864281
-0.01334359124302864 -0.0110390791669488 0.03308181837201118
-0.01333469897508621 -0.01162281166762114 0.03245338425040245
-0.01326985936611891 -0.01212095841765404 0.03176296502351761
-0.01338687818497419 -0.00907940324395895 0.03431743010878563
-0.01262103207409382 -0.009372499771416187 0.03419039398431778
-0.01339889131486416 -0.01032409351319075 0.03369547799229622
-0.01276358030736446 -0.01184868812561035 0.03280444070696831
-0.01271322928369045 -0.01093521900475025 0.03349283710122108
-0.01279699988663197 -0.01241899747401476 0.03229999914765358
-0.01207668147981167 -0.01033825986087322 0.03359899297356606
-0.01209327764809132 -0.01161357294768095 0.0329158827662468
-0.01154766138643026 -0.01018326636403799 0.03320012241601944
-0.01200568210333586 -0.0085286945104599 0.03408461809158325
-0.01198472641408443 -0.01279670931398869 0.03216109052300453
-0.01151924207806587 -0.01233961433172226 0.03221746906638145
-0.01081985142081976 -0.01110641192644835 0.03189413994550705
-0.0109972907230258 -0.008181544952094555 0.03297270461916924
-0.01123599801212549 -0.007315705064684153 0.03600750118494034
-0.01022110413759947 -0.01035733055323362 0.03551636263728142
-0.01082613877952099 -0.01244085468351841 0.0314440093934536
-0.009270742535591125 -0.0105488458648324 0.03466469049453735
-0.01458235178142786 -0.007197871338576078 0.03431927040219307
-0.01448599994182587 -0.007013997063040733 0.03485700115561485
-0.01496752537786961 -0.00731241051107645 0.03300811722874641
-0.01477007754147053 -0.005210964940488338 0.03200146555900574
-0.01479609310626984 -0.005776751786470413 0.03208540380001068
-0.01440894044935703 -0.008018041029572487 0.03179251775145531
-0.01492059417068958 -0.00712826382368803 0.03237587958574295
-0.01448803767561913 -0.007295550312846899 0.03173631802201271
-0.01455199997872114 -0.004628997761756182 0.03151699900627136
-0.01343222614377737 -0.006619823630899191 0.03604685515165329
-0.01398499961942434 -0.006960997357964516 0.03554600104689598
-0.01382800005376339 -0.006976997014135122 0.03506499901413918
-0.0133742056787014 -0.006440501660108566 0.03527922183275223
-0.01343141589313745 -0.006384311243891716 0.03563111647963524
-0.01396350003778934 -0.007367136422544718 0.03476937115192413
-0.01393744815140963 -0.005120282061398029 0.03135107457637787
-0.01418299973011017 -0.004907997790724039 0.03145749866962433
-0.01270049065351486 -0.005697624757885933 0.03579235449433327
-0.01332997251302004 -0.007453135680407286 0.03490270301699638
-0.01270334329456091 -0.005828937981277704 0.03521011769771576
-0.01405082363635302 -0.00839878898113966 0.03432459384202957
-0.01197734009474516 -0.00505184568464756 0.03609607368707657
-0.0127420499920845 -0.007246177643537521 0.03483070805668831
-0.01215936057269573 -0.005236542318016291 0.03514229506254196
-0.01192899513989687 -0.00543730054050684 0.03469148278236389
-0.01135300006717443 -0.004932997282594442 0.03622699901461601
-0.0113519998267293 -0.004830997437238693 0.03548900038003922
-0.01152299996465445 -0.004831997212022543 0.03489600121974945
-0.0114964097738266 -0.00504422327503562 0.03431210294365883
-0.0111157139763236 -0.004739143420010805 0.03489293903112411
-0.01114299986511469 -0.004661997314542532 0.03424699977040291
-0.01099617220461369 -0.005157790146768093 0.03351526707410812
-0.01092187594622374 -0.004785486496984959 0.03338456526398659
-0.01038119569420815 -0.005134026985615492 0.03541373088955879
-0.0110312020406127 -0.005202616099268198 0.03595561161637306
-0.0107420003041625 -0.004967997316271067 0.03561700135469437
-0.010661237873137 -0.004778309259563684 0.03509145975112915
-0.01073767337948084 -0.004670582711696625 0.03425192460417747
-0.01066602393984795 -0.004600466694682837 0.03356094285845757
-0.010451914742589 -0.005864233709871769 0.03194234520196915
-0.01051049493253231 -0.007346935570240021 0.03538138791918755
-0.009886384941637516 -0.005610095337033272 0.0350331999361515
-0.01013599988073111 -0.004951997194439173 0.03491000086069107
-0.009322186000645161 -0.00519451592117548 0.03421304002404213
-0.01016199961304665 -0.004841997753828764 0.03310199826955795
-0.01055633928626776 -0.005152929108589888 0.03204071521759033
-0.01014494057744741 -0.005006393417716026 0.03183264657855034
-0.01454399991780519 -0.0194419976323843 0.03113000094890594
-0.01457927469164133 -0.01929124258458614 0.02998240292072296
-0.01519409939646721 -0.01928532496094704 0.02994696237146854
-0.007621315307915211 -0.01920405216515064 0.02945530787110329
-0.01391143165528774 -0.0190749503672123 0.02870253287255764
-0.01125899981707335 -0.01398299820721149 0.02982300147414207
-0.01214199978858232 -0.0140469977632165 0.03044100105762482
-0.01141195092350245 -0.01382150687277317 0.03063458763062954
-0.01138500031083822 -0.01369699835777283 0.02925100177526474
-0.01216199994087219 -0.01395399775356054 0.02976800128817558
-0.01326811034232378 -0.01199257653206587 0.03099173493683338
-0.01326908078044653 -0.01161347609013319 0.03076976165175438
-0.01345264818519354 -0.009570684283971786 0.03105073608458042
-0.01375492941588163 -0.009962214156985283 0.0314289852976799
-0.01315060444176197 -0.01120373606681824 0.03055203706026077
-0.01285359542816877 -0.01319507043808699 0.03088655136525631
-0.01265756506472826 -0.01299622748047113 0.03176527097821236
-0.01258795708417892 -0.01310325413942337 0.02986039221286774
-0.01263913977891207 -0.0135766789317131 0.03047934733331203
-0.01261770445853472 -0.01228934992104769 0.02984913624823093
-0.01208551228046417 -0.01187291834503412 0.02942661009728909
-0.01201819535344839 -0.01372592244297266 0.03111648000776768
-0.01198200043290854 -0.01367099769413471 0.02925200201570988
-0.01201055012643337 -0.01293154992163181 0.02923195995390415
-0.010831443592906 -0.0132752088829875 0.03045999631285667
-0.01124815549701452 -0.01311878114938736 0.03136193752288818
-0.01069437339901924 -0.01331749185919762 0.0297166109085083
-0.01127123460173607 -0.007770450785756111 0.02993705496191978
-0.01212633587419987 -0.00881932582706213 0.03011561930179596
-0.01134592387825251 -0.01020838692784309 0.02942845597863197
-0.01120360940694809 -0.01297120098024607 0.02904451265931129
-0.01135535445064306 -0.01180767919868231 0.02907774224877357
-0.01013440731912851 -0.009590978734195232 0.03111781179904938
-0.0102673526853323 -0.01236155163496733 0.02984765358269215
-0.0103217326104641 -0.01233161427080631 0.0304469671100378
-0.01079725567251444 -0.008824671618640423 0.02970800921320915
-0.01070263050496578 -0.01005449239164591 0.0293864868581295
-0.01015860121697187 -0.009508217684924603 0.02991489320993423
-0.01034524012356997 -0.008352834731340408 0.03009633347392082
-0.0107439998537302 -0.01238599792122841 0.02923300117254257
-0.01022600010037422 -0.01189599838107824 0.02938999980688095
-0.01073506847023964 -0.01178535912185907 0.02901815064251423
-0.01002892293035984 -0.01136613916605711 0.03039560653269291
-0.01001200918108225 -0.009786215610802174 0.03049186244606972
-0.01011434383690357 -0.008045456372201443 0.03067189082503319
-0.01011688355356455 -0.008429515175521374 0.03125171735882759
-0.01002899650484324 -0.0117102013900876 0.02992478013038635
-0.009992999956011772 -0.01054599788039923 0.0298640001565218
-0.01026032958179712 -0.01099889725446701 0.02936285547912121
-0.01448697317391634 -0.004574055317789316 0.03097228705883026
-0.01463293936103582 -0.00450254138559103 0.02997051738202572
-0.01334707904607058 -0.004376824013888836 0.03036202862858772
-0.01202729437500238 -0.008087906055152416 0.03011183440685272
-0.01319111045449972 -0.00512241804972291 0.03092902712523937
-0.01320612244307995 -0.004593186546117067 0.03086471557617188
-0.01417253538966179 -0.004393159411847591 0.02890004776418209
-0.01301231887191534 -0.004380193538963795 0.0288506131619215
-0.01238078810274601 -0.005070813000202179 0.03058291599154472
-0.01266200002282858 -0.004499997477978468 0.03048799932003021
-0.01218445226550102 -0.00436036940664053 0.0297708697617054
-0.01198830455541611 -0.005985420662909746 0.03032494522631168
-0.01227289345115423 -0.004614048171788454 0.02812372893095016
-0.01136610750108957 -0.006366581656038761 0.03017080575227737
-0.01138141751289368 -0.005162981338799 0.03050374239683151
-0.01155709382146597 -0.004603223409503698 0.03027445264160633
-0.01197700295597315 -0.004948023706674576 0.02754453755915165
-0.0115066422149539 -0.004550584591925144 0.02975124679505825
-0.01093420013785362 -0.004930309019982815 0.02980225346982479
-0.01161079481244087 -0.005669394508004189 0.02706781402230263
-0.010232406668365 -0.007170237135142088 0.03102579712867737
-0.01061082258820534 -0.005394027568399906 0.03107018209993839
-0.01059148646891117 -0.007023590616881847 0.03031363524496555
-0.01091541163623333 -0.005435355473309755 0.03066776879131794
-0.01097478065639734 -0.004885051865130663 0.03030147962272167
-0.01072520948946476 -0.00607666140422225 0.02858990617096424
-0.01049116160720587 -0.005351950880140066 0.02994649857282639
-0.01118194870650768 -0.006825343240052462 0.02671194449067116
-0.01028577610850334 -0.007469496689736843 0.0316159762442112
-0.01034435722976923 -0.0051877461373806 0.03052789717912674
-0.009781247936189175 -0.005570908077061176 0.03122274577617645
-0.009477529674768448 -0.006424034480005503 0.03071869164705276
-0.009957535192370415 -0.007913108915090561 0.02844794653356075
-0.01076456904411316 -0.008551658131182194 0.02613478899002075
-0.00979920569807291 -0.009742259047925472 0.02759041823446751
-0.01063776668161154 -0.009436348453164101 0.0258601475507021
-0.006686870940029621 -0.008755573071539402 0.04199709370732307
-0.007347262930124998 -0.01023178733885288 0.04130050912499428
-0.006269839126616716 -0.0102879237383604 0.04189282655715942
-0.005945775657892227 -0.008454319089651108 0.04244259744882584
-0.00549334567040205 -0.0102482046931982 0.04212663322687149
-0.005914971232414246 -0.01148100849241018 0.04152870923280716
-0.007615089416503906 -0.008167889900505543 0.04127728566527367
-0.006576753687113523 -0.007530450820922852 0.04210904613137245
-0.006833135150372982 -0.006829530466347933 0.04163292050361633
-0.005984653253108263 -0.007518666796386242 0.04245112836360931
-0.006128000095486641 -0.007066996768116951 0.04221900179982185
-0.006345999892801046 -0.006977996788918972 0.04175399988889694
-0.006606999784708023 -0.006669996771961451 0.04141100123524666
-0.005768179893493652 -0.00752468965947628 0.04174382239580154
-0.005644000135362148 -0.007099996786564589 0.04224000126123428
-0.005113262217491865 -0.008823759853839874 0.04247454926371574
-0.005058750975877047 -0.007494321558624506 0.04258774220943451
-0.005084000062197447 -0.006794996559619904 0.04244700074195862
-0.004992641042917967 -0.007354811765253544 0.04188217222690582
-0.004759000148624182 -0.006560996640473604 0.04217899963259697
-0.004501761868596077 -0.00674824882298708 0.04173275828361511
-0.009170914068818092 -0.0177412573248148 0.03764041513204575
-0.008549539372324944 -0.0200086273252964 0.03677758201956749
-0.007902281358838081 -0.01971974782645702 0.03704854100942612
-0.006611075717955828 -0.01821865513920784 0.03788243606686592
-0.004692597780376673 -0.02001924999058247 0.03747855499386787
-0.007488263305276632 -0.02023391798138618 0.03654196858406067
-0.004918468184769154 -0.02024518884718418 0.03715300187468529
-0.009774561040103436 -0.01413181237876415 0.03929146006703377
-0.01007204223424196 -0.01572017930448055 0.03841011226177216
-0.009426192380487919 -0.01602653041481972 0.03847109526395798
-0.00953213032335043 -0.01401939708739519 0.03877145424485207
-0.009623999707400799 -0.01507299765944481 0.03828899934887886
-0.009608190506696701 -0.01590577885508537 0.03780186548829079
-0.009636430069804192 -0.01639569737017155 0.03708335384726524
-0.008347967639565468 -0.01235078554600477 0.04024739935994148
-0.00945817306637764 -0.01231399178504944 0.04005278274416924
-0.008843916468322277 -0.01588279008865356 0.03792893141508102
-0.008865999989211559 -0.01642599701881409 0.03751900047063828
-0.008794931694865227 -0.01680389419198036 0.03677783906459808
-0.007581948768347502 -0.01448652055114508 0.03951722010970116
-0.008903489448130131 -0.01398467272520065 0.03862900286912918
-0.008355589583516121 -0.01536229997873306 0.03790941834449768
-0.008460910059511662 -0.0136864660307765 0.0384904108941555
-0.007997105829417706 -0.01608484424650669 0.03742852807044983
-0.007157397456467152 -0.01325076725333929 0.03742169216275215
-0.008005612529814243 -0.0167269092053175 0.03698854893445969
-0.007342807482928038 -0.01663200370967388 0.03850703686475754
-0.007595083210617304 -0.01623461581766605 0.03692613914608955
-0.006787816993892193 -0.01329767424613237 0.0368795357644558
-0.005870453547686338 -0.01446941122412682 0.04008045420050621
-0.007626959588378668 -0.01280888635665178 0.04026967287063599
-0.005188877694308758 -0.0110820597037673 0.04184975847601891
-0.004779705312103033 -0.01556018553674221 0.03973592445254326
-0.01008836925029755 -0.008504307828843594 0.0402727872133255
-0.009426373988389969 -0.01001239661127329 0.0399102158844471
-0.009416294284164906 -0.01240818575024605 0.03928252309560776
-0.008970600552856922 -0.01161999814212322 0.03928273916244507
-0.008117152377963066 -0.01286982744932175 0.03834554553031921
-0.008534345775842667 -0.01092223916202784 0.03904848918318748
-0.007866301573812962 -0.01040796749293804 0.03818656131625175
-0.008200721815228462 -0.01030659768730402 0.04087981581687927
-0.007433250546455383 -0.01131544448435307 0.04091896489262581
-0.00687343580648303 -0.01060129702091217 0.03720273450016975
-0.006456856615841389 -0.009388433769345284 0.03694674745202065
-0.007241042330861092 -0.008019859902560711 0.03832169249653816
-0.006658249534666538 -0.01126675587147474 0.03684084489941597
-0.006215028464794159 -0.008599045686423779 0.04071570932865143
-0.005570618901401758 -0.009094155393540859 0.04111005738377571
-0.005732610356062651 -0.009690769016742706 0.04067923501133919
-0.006237722001969814 -0.008947764523327351 0.0400574617087841
-0.005808792542666197 -0.010297492146492 0.04007763415575027
-0.006027605850249529 -0.009919631294906139 0.03928181901574135
-0.005867000203579664 -0.01079799700528383 0.0394739992916584
-0.005743169691413641 -0.01146991178393364 0.03839337453246117
-0.005600446835160255 -0.01170995272696018 0.039185531437397
-0.005319847725331783 -0.009962227195501328 0.03726851940155029
-0.006304393988102674 -0.007592549081891775 0.0398445650935173
-0.005208971910178661 -0.01143382582813501 0.03986741974949837
-0.005098778288811445 -0.01048053149133921 0.04050647094845772
-0.005020576063543558 -0.01239100564271212 0.03925592824816704
-0.005244449712336063 -0.01272802613675594 0.03886925429105759
-0.005649878177791834 -0.01230063941329718 0.03841147199273109
-0.005218586884438992 -0.01359258871525526 0.03685831651091576
-0.005257000215351582 -0.0133029967546463 0.03813000023365021
-0.00497738691046834 -0.01214014925062656 0.03633185476064682
-0.008419215679168701 -0.008221574127674103 0.04092691093683243
-0.009066358208656311 -0.007008557207882404 0.04068318381905556
-0.009464000351727009 -0.006935996934771538 0.04050299897789955
-0.009469760581851006 -0.008383741602301598 0.04022571071982384
-0.00938053335994482 -0.007091444917023182 0.04024948179721832
-0.009052756242454052 -0.006465173792093992 0.04043185338377953
-0.009139999747276306 -0.006606996525079012 0.04018199816346169
-0.008819151669740677 -0.008210775442421436 0.0399930402636528
-0.008673554286360741 -0.006269730627536774 0.03994615003466606
-0.008132371120154858 -0.006849910598248243 0.04086747393012047
-0.007716384716331959 -0.006278777960687876 0.04083990678191185
-0.007876713760197163 -0.007671212311834097 0.03925261273980141
-0.007949602790176868 -0.005773860961198807 0.0394086055457592
-0.007852825336158276 -0.005580113735049963 0.03988989070057869
-0.006975100841373205 -0.006587020121514797 0.04137347638607025
-0.008543379604816437 -0.006027494557201862 0.04027758166193962
-0.007018927484750748 -0.005516476463526487 0.04078428819775581
-0.007373000029474497 -0.005240997299551964 0.03929100185632706
-0.006977492943406105 -0.005222529172897339 0.04039204865694046
-0.007353895343840122 -0.005720262881368399 0.03872966021299362
-0.00724400021135807 -0.005361997056752443 0.03870199993252754
-0.006672947201877832 -0.00754647608846426 0.03764205425977707
-0.006904562003910542 -0.005033863708376884 0.03965981304645538
-0.006850000005215406 -0.005075997207313776 0.03869700059294701
-0.006613814271986485 -0.005277277901768684 0.03792772814631462
-0.006316001992672682 -0.007216571364551783 0.0411701425909996
-0.006594095379114151 -0.006131050642579794 0.04092070460319519
-0.006499637383967638 -0.006352799944579601 0.04064969345927238
-0.006520086899399757 -0.005652377381920815 0.04046333953738213
-0.006465631071478128 -0.005167166702449322 0.0401858277618885
-0.006382517516613007 -0.007540474645793438 0.04061609506607056
-0.006380999926477671 -0.004938997328281403 0.03930599987506866
-0.006305318791419268 -0.004974203649908304 0.03852545842528343
-0.006076718214899302 -0.005254046991467476 0.03764180466532707
-0.006689822301268578 -0.005718914791941643 0.03774329647421837
-0.006200572475790977 -0.007843644358217716 0.03682719171047211
-0.006363201420754194 -0.00626154663041234 0.0371040366590023
-0.005660815164446831 -0.007802306674420834 0.03809555992484093
-0.006095501594245434 -0.005305745173245668 0.03940564766526222
-0.0057069999165833 -0.005069997161626816 0.03872900083661079
-0.005704000126570463 -0.005058997310698032 0.03812900185585022
-0.005612234584987164 -0.005588974803686142 0.03691257163882256
-0.006289857439696789 -0.005611024331301451 0.03718371316790581
-0.00508200004696846 -0.008200997486710548 0.04157700017094612
-0.005077573005110025 -0.005786657333374023 0.03800307586789131
-0.00569431995972991 -0.006049380637705326 0.03853203728795052
-0.005167121533304453 -0.007041645236313343 0.0375792607665062
-0.005102000199258327 -0.005248997360467911 0.03813900053501129
-0.005400727037340403 -0.005399866029620171 0.03839186206459999
-0.005131016485393047 -0.008069884963333607 0.03717429935932159
-0.004839267581701279 -0.00564525043591857 0.03706555068492889
-0.004850969184190035 -0.005219532176852226 0.03766178712248802
-0.009109213016927242 -0.02019498124718666 0.03575511649250984
-0.009113247506320477 -0.02020185254514217 0.03620174527168274
-0.005091886967420578 -0.01956232264637947 0.0318061001598835
-0.00427776575088501 -0.01969325914978981 0.03258697316050529
-0.0056969178840518 -0.01948855072259903 0.03132250905036926
-0.006334727630019188 -0.01940634846687317 0.03076909855008125
-0.001536098308861256 -0.01989202760159969 0.03383242711424828
-0.01071968302130699 -0.01308445725589991 0.03575983271002769
-0.009113436564803123 -0.01547111943364143 0.03492570295929909
-0.009375313296914101 -0.01289804838597775 0.03469078987836838
-0.0088994475081563 -0.01685295067727566 0.03602291271090508
-0.008755626156926155 -0.01681109517812729 0.03553882613778114
-0.00873955711722374 -0.01610089652240276 0.03493018820881844
-0.008111000061035156 -0.01704299822449684 0.03617300093173981
-0.008174356073141098 -0.01684102229773998 0.03527532145380974
-0.008178037591278553 -0.01618947274982929 0.03470031917095184
-0.008206021040678024 -0.01478573586791754 0.03438751399517059
-0.007604999933391809 -0.0168519988656044 0.03610200062394142
-0.007303424179553986 -0.01634914614260197 0.03641294687986374
-0.00756453163921833 -0.01677202433347702 0.03558364510536194
-0.007426999974995852 -0.01612499728798866 0.03499199822545052
-0.007442051079124212 -0.01505603920668364 0.03456362709403038
-0.007765996735543013 -0.01471086032688618 0.03440568596124649
-0.007599567994475365 -0.01236703526228666 0.03414629399776459
-0.006549151614308357 -0.01327194646000862 0.03621960058808327
-0.007081872317939997 -0.01605673879384995 0.03606388345360756
-0.006993659771978855 -0.01588554121553898 0.03550919890403748
-0.006499812472611666 -0.01317671127617359 0.03549677506089211
-0.007092091254889965 -0.01541309710592031 0.03502247482538223
-0.006644973065704107 -0.01271750591695309 0.03487581759691238
-0.009558185003697872 -0.007847197353839874 0.03467670828104019
-0.008392556570470333 -0.01320287398993969 0.0342288576066494
-0.008432879112660885 -0.01152373012155294 0.03421451896429062
-0.007557607721537352 -0.01050104666501284 0.0339471809566021
-0.007597302086651325 -0.007706678938120604 0.03399317339062691
-0.00826700683683157 -0.00826795119792223 0.03402722254395485
-0.006354264449328184 -0.01170073077082634 0.03614138439297676
-0.007088606711477041 -0.01231938414275646 0.03435657173395157
-0.006512828171253204 -0.01071074418723583 0.03447763249278069
-0.006993656046688557 -0.01032364554703236 0.03410546854138374
-0.007013058289885521 -0.007638828828930855 0.03412395343184471
-0.006055469159036875 -0.009648299776017666 0.03616815432906151
-0.006189596373587847 -0.01155678555369377 0.03552408516407013
-0.005870205350220203 -0.007923177443444729 0.03549722582101822
-0.006388446781784296 -0.01225893665105104 0.03509768843650818
-0.006143419537693262 -0.01022589113563299 0.03490030765533447
-0.006088313646614552 -0.007814700715243816 0.03483530879020691
-0.006433574948459864 -0.008027002215385437 0.03440286219120026
-0.006847302429378033 -0.00912049226462841 0.03239092975854874
-0.005784566514194012 -0.0130322203040123 0.03201014548540115
-0.006528678815811872 -0.01307746022939682 0.03115730732679367
-0.005548415705561638 -0.009403926320374012 0.03367146849632263
-0.004844170995056629 -0.008244584314525127 0.03489802405238152
-0.004708114545792341 -0.009924727492034435 0.03420978784561157
-0.00654439115896821 -0.007570804562419653 0.03346244990825653
-0.004730105865746737 -0.01326738111674786 0.03289761021733284
-0.009346923790872097 -0.005309258121997118 0.03453991562128067
-0.009180738590657711 -0.005701767280697823 0.03460770845413208
-0.009548818692564964 -0.005196140613406897 0.03317698091268539
-0.009513387456536293 -0.005428337026387453 0.0323757641017437
-0.008836288936436176 -0.00750547181814909 0.034286268055439
-0.008484921418130398 -0.0057277986779809 0.03419299051165581
-0.008589603006839752 -0.005645252764225006 0.03363777324557304
-0.008208153769373894 -0.00632428890094161 0.03428859636187553
-0.008716999553143978 -0.00623399717733264 0.03440099954605103
-0.007416339591145515 -0.005918766371905804 0.03386539220809937
-0.007196072023361921 -0.005796452518552542 0.03426328673958778
-0.007891319692134857 -0.006129053886979818 0.03332117944955826
-0.009160308167338371 -0.005914207547903061 0.03200255334377289
-0.00751437759026885 -0.006911604199558496 0.03288299590349197
-0.008751253597438335 -0.006505455356091261 0.0317862369120121
-0.007948944345116615 -0.007625482510775328 0.03183996304869652
-0.006649239920079708 -0.006652529817074537 0.03456300497055054
-0.00699200015515089 -0.006159997079521418 0.03445800021290779
-0.007024453952908516 -0.006328127346932888 0.03376727551221848
-0.007661737501621246 -0.009107002057135105 0.03140487521886826
-0.005959023721516132 -0.00759470509365201 0.03616946935653687
-0.006060008425265551 -0.006312600802630186 0.03595127910375595
-0.006031999830156565 -0.005817997269332409 0.03635799884796143
-0.006293999962508678 -0.006550997029989958 0.03492999821901321
-0.006417999975383282 -0.006399997044354677 0.03444699943065643
-0.00648199999704957 -0.00664999708533287 0.03406300023198128
-0.005651358515024185 -0.005920961033552885 0.03599527105689049
-0.005756563507020473 -0.006526325829327106 0.03506088629364967
-0.006039997097104788 -0.006649304646998644 0.03458593413233757
-0.004943009000271559 -0.006099136546254158 0.03643388673663139
-0.005186120979487896 -0.006692591588944197 0.03554961085319519
-0.008420259691774845 -0.01861374266445637 0.02704235352575779
-0.008873166516423225 -0.01890269294381142 0.027545515447855
-0.009025894105434418 -0.01876690797507763 0.02671122923493385
-0.006969236768782139 -0.01930593326687813 0.03012122958898544
-0.007790379226207733 -0.01856792159378529 0.02789241075515747
-0.008237338624894619 -0.01898817345499992 0.02812958136200905
-0.007693000137805939 -0.01896899752318859 0.02837500162422657
-0.00714213028550148 -0.01908125355839729 0.02926491387188435
-0.0075356918387115 -0.01839176751673222 0.02825167588889599
-0.00652826065197587 -0.01911382935941219 0.02985558472573757
-0.007035326678305864 -0.01864109747111797 0.02896444872021675
-0.005925499368458986 -0.01911787874996662 0.03047666326165199
-0.006008772179484367 -0.01863178797066212 0.03033916093409061
-0.005280057433992624 -0.01914423331618309 0.03111185319721699
-0.009173971600830555 -0.01452619861811399 0.02656015381217003
-0.007933329790830612 -0.01522485166788101 0.02848742716014385
-0.008266745135188103 -0.01802531629800797 0.02717233635485172
-0.009005102328956127 -0.01792678982019424 0.02587529271841049
-0.008663926273584366 -0.01283649262040854 0.0281875878572464
-0.007414765190333128 -0.01266178395599127 0.03015331365168095
-0.00652695819735527 -0.01529362238943577 0.03046815283596516
-0.005412281956523657 -0.01545878034085035 0.03166026622056961
-0.009166521020233631 -0.009190441109240055 0.0291092898696661
-0.008475986309349537 -0.01164396107196808 0.02902405895292759
-0.009006977081298828 -0.007327623665332794 0.03067261166870594
-0.009673779830336571 -0.01857773587107658 0.02559074200689793
-0.01018491946160793 -0.01868866384029388 0.02619369886815548
-0.01031708810478449 -0.01856491155922413 0.02567870542407036
-0.009094726294279099 -0.01843675039708614 0.02584348618984222
-0.008696500211954117 -0.01817799918353558 0.02646600268781185
-0.009896587580442429 -0.01433178782463074 0.02518998086452484
-0.01002040598541498 -0.01314872410148382 0.02528485469520092
-0.009510669857263565 -0.0179931353777647 0.02488037571310997
-0.009682508185505867 -0.01842744834721088 0.02503963187336922
-0.01025604456663132 -0.01165055297315121 0.02547836303710938
-0.009479371830821037 -0.01272484939545393 0.02665290795266628
-0.003937999252229929 -0.008821417577564716 0.04235550761222839
-0.003944299649447203 -0.01085525378584862 0.04199130088090897
-0.003997859545052052 -0.01279539335519075 0.04116368293762207
-0.002830454846844077 -0.008939551189541817 0.04248931258916855
-0.003175305901095271 -0.0109599893912673 0.04207621887326241
-0.002627031644806266 -0.008204552344977856 0.04251503944396973
-0.003044493263587356 -0.01313557289540768 0.04119404032826424
-0.002058226149529219 -0.01102979201823473 0.04236214980483055
-0.001838410506024957 -0.009020979516208172 0.0428377129137516
-0.001644561300054193 -0.01318634580820799 0.04160493239760399
-0.0008042682893574238 -0.009614347480237484 0.04289616271853447
-0.0008128322660923004 -0.01128722354769707 0.04248219355940819
-0.0005445493152365088 -0.008776302449405193 0.04294568672776222
-0.0006275741034187376 -0.01433401927351952 0.04117520526051521
-8.547844117856584e-06 -0.009992383420467377 0.04273105040192604
-5.918606620980427e-05 -0.01187800709158182 0.0421801321208477
-0.00442600017413497 -0.006876996718347073 0.04247500002384186
-0.004370999988168478 -0.006401996593922377 0.04226899892091751
-0.004243891220539808 -0.006204281933605671 0.04174612462520599
-0.003752870252355933 -0.007640577852725983 0.04241149500012398
-0.003778639249503613 -0.006462197285145521 0.04223271459341049
-0.003764499677345157 -0.005959158297628164 0.04200392961502075
-0.003585811471566558 -0.005411979276686907 0.04149583727121353
-0.002606320194900036 -0.006333982571959496 0.0420217290520668
-0.002623881446197629 -0.007352413143962622 0.04238681867718697
-0.003107303055003285 -0.005450639873743057 0.04146522283554077
-0.00259184674359858 -0.00563390925526619 0.04134829714894295
-0.001838000025600195 -0.008355997502803802 0.04272500053048134
-0.001925999997183681 -0.007940997369587421 0.04259100183844566
-0.002193131251260638 -0.007357113063335419 0.04212519526481628
-0.002285508904606104 -0.006459980737417936 0.04165780544281006
-0.001451582182198763 -0.008241555653512478 0.04223919287323952
-0.0007504435488954186 -0.008286505006253719 0.04277494177222252
-0.001846943865530193 -0.007912758737802505 0.04200892522931099
-0.0004822804185096174 -0.008284394629299641 0.04227405786514282
-0.00047953354078345 -0.008957824669778347 0.04197395220398903
-0.001197944395244122 -0.009100360795855522 0.04191740229725838
-1.499999962106813e-05 -0.008247997611761093 0.04275399819016457
1.299999985349132e-05 -0.007846997119486332 0.04260100051760674
-0.0001639879628783092 -0.007910865359008312 0.04220167174935341
0.0001369999954476953 -0.007489996962249279 0.04225999861955643
-7.233377982629463e-05 -0.008404858410358429 0.04182673245668411
0.000147633021697402 -0.007559571880847216 0.0417170561850071
0.0006510978564620018 -0.006324149202555418 0.0419125109910965
0.0002907070447690785 -0.00680131372064352 0.04152682796120644
-0.002098048338666558 -0.02034679241478443 0.03729939833283424
-0.002616521203890443 -0.02013547345995903 0.03766068816184998
-0.0004014598671346903 -0.01995012536644936 0.03810499608516693
-0.002092231763526797 -0.01867223717272282 0.03855482861399651
-0.0006470490479841828 -0.01859447546303272 0.03880902379751205
-0.0005742888897657394 -0.02027621306478977 0.03778314590454102
-0.003616000059992075 -0.01374799758195877 0.03674399852752686
-0.004476000089198351 -0.01426899712532759 0.03753599897027016
-0.003772000083699822 -0.0136429974809289 0.03733300045132637
-0.003052929183468223 -0.01479314360767603 0.04034622386097908
-0.002996910363435745 -0.01689696684479713 0.03933674097061157
-0.001581352087669075 -0.01617864705622196 0.04009929671883583
-0.0005031572072766721 -0.01675073616206646 0.03989585489034653
0.0002435811620671302 -0.01378040201961994 0.03789078816771507
-0.0006890000076964498 -0.01373699679970741 0.03865300118923187
6.900000153109431e-05 -0.01365799736231565 0.03862300142645836
0.0002030000032391399 -0.01366999745368958 0.03730100020766258
-0.0008670000243000686 -0.01395499706268311 0.03799400106072426
-0.005003976169973612 -0.00919678807258606 0.04119903966784477
-0.004435946233570576 -0.009989154525101185 0.04045259580016136
-0.004582525230944157 -0.0110657075420022 0.04001758992671967
-0.004075769335031509 -0.008950513787567616 0.04040923714637756
-0.004456470254808664 -0.008680771104991436 0.04104787111282349
-0.004487900994718075 -0.0122636565938592 0.03927913308143616
-0.004276334308087826 -0.01126368250697851 0.03968781977891922
-0.004249683581292629 -0.01257685478776693 0.03887949883937836
-0.00391697371378541 -0.01173565909266472 0.03894717991352081
-0.004377999808639288 -0.01362799759954214 0.03824499994516373
-0.004674000199884176 -0.01434599701315165 0.03664400056004524
-0.00470300018787384 -0.01403599698096514 0.03773099929094315
-0.005136607214808464 -0.009596378542482853 0.03695210814476013
-0.004856000188738108 -0.01114099752157927 0.03634100034832954
-0.004517900757491589 -0.01040765829384327 0.03614016622304916
-0.004376169294118881 -0.00885987002402544 0.03664297237992287
-0.003864957019686699 -0.00999935157597065 0.03951701521873474
-0.003826463129371405 -0.01228995807468891 0.03839096799492836
-0.00361741310916841 -0.01056064385920763 0.03836866840720177
-0.003746626898646355 -0.01319759525358677 0.03754490613937378
-0.003487589303404093 -0.0126534104347229 0.0368288941681385
-0.003481159219518304 -0.009997212328016758 0.03761656582355499
-0.003631999948993325 -0.009181996807456017 0.03720900043845177
-0.003609314793720841 -0.008006064221262932 0.03833534568548203
-0.003801288083195686 -0.007941869087517262 0.03743433579802513
-0.003479606239125133 -0.01139416079968214 0.03680229187011719
-0.003615560242906213 -0.01052264124155045 0.03645525872707367
-0.003778567537665367 -0.009426338598132133 0.03673485293984413
-0.001689000055193901 -0.00890099722892046 0.04157499969005585
-0.001555999973788857 -0.00954399723559618 0.04149200022220612
-0.001827984000556171 -0.009734108112752438 0.04056430608034134
-0.001190274022519588 -0.01034634001553059 0.04111452773213387
-0.001321355230174959 -0.01094099413603544 0.04065647348761559
-0.001890566782094538 -0.009026071988046169 0.04106615483760834
-0.001666711526922882 -0.01041389442980289 0.03997577354311943
-0.001401596353389323 -0.01151617150753736 0.04001442342996597
-0.001379800261929631 -0.01189482770860195 0.03907953202724457
-0.001765961875207722 -0.008819972164928913 0.0392080657184124
-0.001300646224990487 -0.01193341892212629 0.03826693072915077
-0.001475104363635182 -0.01070000603795052 0.03725384175777435
-0.00140900001861155 -0.01045599766075611 0.03685199841856956
-0.001657237997278571 -0.009520822204649448 0.03776275739073753
-0.001395570696331561 -0.009510183706879616 0.03692592680454254
-0.00149329227861017 -0.009224653244018555 0.03714834153652191
-0.0005901054828427732 -0.009642463177442551 0.04171223565936089
-0.0009874112438410521 -0.01260927133262157 0.03951263427734375
-0.0007329999934881926 -0.01221499685198069 0.04020600020885468
-0.001110999961383641 -0.01305899675935507 0.03801900148391724
-0.001058970228768885 -0.01290718652307987 0.03900393098592758
-0.0008140000281855464 -0.01392299681901932 0.03712299838662148
-0.001032999949529767 -0.01307899691164494 0.03686000034213066
-0.001001999946311116 -0.01153299678117037 0.03674300014972687
-0.001114194979891181 -0.01201581303030252 0.03666955977678299
-0.0005792330484837294 -0.01080361288040876 0.0364176407456398
-0.0007674029329791665 -0.009479496628046036 0.03664519265294075
-0.0002090000052703544 -0.009939997456967831 0.03683900088071823
-0.0005290915723890066 -0.008950064890086651 0.03677412867546082
7.266400643857196e-05 -0.009008239023387432 0.04134101793169975
-0.0005477417726069689 -0.01061782333999872 0.04113833233714104
-2.441873584757559e-05 -0.01104248873889446 0.04052148386836052
-0.0006517659639939666 -0.01171645615249872 0.04059179127216339
0.0002543103764764965 -0.009203054942190647 0.04061120375990868
2.415545895928517e-05 -0.009966177865862846 0.04102901741862297
1.583940502314363e-05 -0.01176176499575377 0.03996216505765915
0.0002801903174258769 -0.01053282897919416 0.03977364674210548
0.0002997482952196151 -0.00760379945859313 0.040479376912117
0.0001130000018747523 -0.01198399718850851 0.03944500163197517
0.0001963885442819446 -0.0126813231036067 0.0388752818107605
3.799999831244349e-05 -0.01250399742275476 0.03935299813747406
0.0002213941043009982 -0.01184245105832815 0.03836070746183395
0.0001510792499175295 -0.0122248325496912 0.0372207909822464
-1.400000019202707e-05 -0.01123399753123522 0.03740600124001503
0.0001546328567201272 -0.01062817592173815 0.03807481750845909
6.468170613516122e-05 -0.0106098260730505 0.03730596601963043
0.0001621835399419069 -0.008538431487977505 0.03827452287077904
-4.367743167676963e-05 -0.008308352902531624 0.03757328912615776
-0.003971438854932785 -0.006406295578926802 0.04099779203534126
-0.003897358197718859 -0.005647117272019386 0.04112809151411057
-0.004506519995629787 -0.005387384444475174 0.03816954046487808
-0.003967218101024628 -0.006367300171405077 0.03818012028932571
-0.004143167287111282 -0.005556947086006403 0.03837789222598076
-0.004345598630607128 -0.006723689381033182 0.03761059045791626
-0.004360092338174582 -0.007908996194601059 0.0369810089468956
-0.004912770818918943 -0.007107624784111977 0.03742425143718719
-0.003635999979451299 -0.005136996507644653 0.04111000150442123
-0.003620219649747014 -0.005168903153389692 0.04034726321697235
-0.003741756547242403 -0.005790670868009329 0.04011604189872742
-0.003716916777193546 -0.005942509975284338 0.03946257010102272
-0.003740778192877769 -0.005323105026036501 0.03891870379447937
-0.00382099743001163 -0.005798944737762213 0.03881430625915527
-0.003773000091314316 -0.007330997381359339 0.03795899823307991
-0.003916000016033649 -0.005304997321218252 0.03826700150966644
-0.003911908250302076 -0.00545248668640852 0.03787165507674217
-0.003327720798552036 -0.006701314821839333 0.03683747351169586
-0.003043231088668108 -0.005136680323630571 0.04100500792264938
-0.003062158357352018 -0.00507811363786459 0.04048347845673561
-0.003451495431363583 -0.005404443480074406 0.0385570228099823
-0.002795904409140348 -0.006219616159796715 0.03763387724757195
-0.002476013964042068 -0.005382305011153221 0.04025924578309059
-0.002549000084400177 -0.005519997328519821 0.03933500126004219
-0.002761148381978273 -0.005714401602745056 0.03861337155103683
-0.002093765418976545 -0.006463848054409027 0.03758645802736282
-0.002297465689480305 -0.005852592177689075 0.04087384045124054
-0.002090751891955733 -0.007492662873119116 0.04161334782838821
-0.002074513584375381 -0.006307742092758417 0.03956235945224762
-0.00191597209777683 -0.007468379102647305 0.03880190476775169
-0.002176221925765276 -0.005761934909969568 0.03971002995967865
-0.002155000111088157 -0.005811997223645449 0.03877000138163567
-0.001822000020183623 -0.006257997360080481 0.03871899843215942
-0.00215794681571424 -0.006053896620869637 0.03820004314184189
-0.001630974817089736 -0.006584780756384134 0.03841665014624596
-0.001770431990735233 -0.007559749763458967 0.03827708214521408
-0.001353484112769365 -0.006507075391709805 0.03809961304068565
-0.001405881717801094 -0.007688897661864758 0.03750842809677124
-0.0006477364804595709 -0.006631254684180021 0.03770238906145096
-0.0006289063603617251 -0.006829782854765654 0.03798138722777367
-0.0001209999973070808 -0.00736799743026495 0.03811699897050858
-0.0002598631544969976 -0.006707188673317432 0.03830217570066452
-0.0004853223508689553 -0.007773042190819979 0.03735750913619995
0.0003350675397086889 -0.00626855855807662 0.04140281677246094
0.0001694348320597783 -0.006216620560735464 0.03936896473169327
0.0001719589345157146 -0.007083270233124495 0.0394611768424511
0.0003319999959785491 -0.005907997023314238 0.03958100080490112
0.000321185914799571 -0.005873966030776501 0.04064929485321045
-3.899999865097925e-05 -0.006312997080385685 0.03868800029158592
3.622998701757751e-05 -0.007071632891893387 0.03875535726547241
-2.400000084890053e-05 -0.006438997108489275 0.03815799951553345
0.0001964931434486061 -0.006686732172966003 0.03771332651376724
-0.003638099879026413 -0.01930628158152103 0.03236477822065353
-0.004472000058740377 -0.01955699734389782 0.03215000033378601
-0.004256527870893478 -0.0190716665238142 0.03190373629331589
-0.004534999839961529 -0.01927199773490429 0.03175000101327896
-0.003578228177502751 -0.01870901882648468 0.03241137787699699
-0.002891007345169783 -0.01966102980077267 0.03288164734840393
-0.002519505098462105 -0.01920889690518379 0.03284469991922379
-0.00183987885247916 -0.01971176266670227 0.03329996764659882
-0.0003524669155012816 -0.01970643177628517 0.03341227024793625
0.0001153446355601773 -0.01926310732960701 0.03334049880504608
-0.001585345482453704 -0.0192296989262104 0.03311571106314659
-0.0004494134918786585 -0.0187270250171423 0.03333044797182083
-0.004342978820204735 -0.01547212898731232 0.03255965560674667
-0.004967325832694769 -0.01901434734463692 0.03133540973067284
-0.00456599984318018 -0.01390199735760689 0.03584399819374084
-0.00369199994020164 -0.0136429974809289 0.03603599965572357
-0.003867183346301317 -0.01386922691017389 0.03332969918847084
-0.003035213565453887 -0.01557000260800123 0.03333534672856331
-0.003198380582034588 -0.01314080040901899 0.03394149616360664
-0.002355688950046897 -0.0136626111343503 0.03412080928683281
-0.001997289480641484 -0.01595678552985191 0.03362825512886047
-0.001180796651169658 -0.01367776561528444 0.03437381237745285
-0.001162468455731869 -0.01600156351923943 0.03379934281110764
0.0001900813222164288 -0.01582556590437889 0.033957339823246
-0.00469199987128377 -0.0131789967417717 0.03588100150227547
-0.004495000001043081 -0.01244899723678827 0.03562299907207489
-0.004414217546582222 -0.01146814692765474 0.03576212376356125
-0.004296999890357256 -0.01068299729377031 0.03607799857854843
-0.003583631245419383 -0.01294705830514431 0.03583648428320885
-0.003623840166255832 -0.01158070750534534 0.03602073341608047
-0.003958454821258783 -0.01005350612103939 0.03467881307005882
-0.003181803040206432 -0.008162817917764187 0.03598499298095703
-0.003232123330235481 -0.009922167286276817 0.03511633351445198
-0.002478003734722733 -0.01139145810157061 0.03483375906944275
-0.001795622985810041 -0.008224470540881157 0.03631962463259697
-0.002318761544302106 -0.009680074639618397 0.03550658375024796
-0.001241963589563966 -0.01039343327283859 0.03536354377865791
-0.0003661370719783008 -0.00839004572480917 0.03639248386025429
0.0005105634918436408 -0.01344747468829155 0.0345759317278862
-0.004274563863873482 -0.006881145760416985 0.03621992096304893
-0.003951853141188622 -0.007914930582046509 0.03572634980082512
-0.00189769419375807 -0.007109237369149923 0.03702521696686745
0.0007420535548590124 -0.007361565250903368 0.04252521693706512
0.0008731501293368638 -0.006544254254549742 0.04216362908482552
0.0002567592018749565 -0.01487344689667225 0.04086950793862343
0.0007611910696141422 -0.005752301774919033 0.04154007136821747
0.0006888131028972566 -0.005620981100946665 0.0403779074549675
0.0006610450800508261 -0.006065738387405872 0.03888827189803123
0.0005661887116730213 -0.006419356446713209 0.0380655974149704
-0.01588006317615509 -0.004940524231642485 0.03054123558104038
-0.01166244689375162 -0.01074620150029659 0.02674481272697449
-0.01078838482499123 -0.01222033891826868 0.02596593089401722
-0.01084824930876493 -0.01369434781372547 0.02596850320696831
-0.01226639281958342 -0.004631124436855316 0.02756261825561523
-0.01658558286726475 -0.01105031836777925 0.03157089650630951
-0.01603966765105724 -0.01199664827436209 0.03075986914336681
-0.0166825782507658 -0.01185046695172787 0.03164452314376831
-0.0154790785163641 -0.005057340487837791 0.03017559461295605
-0.01272405404597521 -0.01893258653581142 0.02774788811802864
-0.0133443009108305 -0.01882780343294144 0.02819276601076126
-0.0100947255268693 -0.01599585264921188 0.02529723756015301
-0.01139650214463472 -0.01877081021666527 0.02671589516103268
-0.01027630176395178 -0.01168665010482073 0.03083878941833973
-0.01366499159485102 -0.004936698358505964 0.02871875464916229
-0.01496546156704426 -0.00477947061881423 0.0297129862010479
-0.01393300015479326 -0.004583997651934624 0.03107899986207485
-0.01237134449183941 -0.005176542326807976 0.02769559063017368
-0.01127794571220875 -0.009437589906156063 0.02639332227408886
-0.01335013099014759 -0.007450483739376068 0.0282632727175951
-0.01146090961992741 -0.008132419548928738 0.02672156132757664
-0.00435267249122262 -0.01874244771897793 0.03812656924128532
-0.008498094975948334 -0.009154803119599819 0.03956319764256477
-0.008483599871397018 -0.008767493069171906 0.03043792210519314
-0.01099102944135666 -0.0102305943146348 0.02627835422754288
-0.0168332178145647 -0.009238358587026596 0.03172113373875618
-0.01654691807925701 -0.009758925065398216 0.03134502843022346
-0.01581949926912785 -0.01753363944590092 0.03060803189873695
-0.01531783025711775 -0.01838740333914757 0.03014597482979298
-0.01090336311608553 -0.01456755958497524 0.02603088319301605
-0.009814003482460976 -0.01516046095639467 0.02501119486987591
-0.01202132273465395 -0.01672426424920559 0.02708267606794834
-0.01669936440885067 -0.007591969799250364 0.03148041665554047
-0.01621959917247295 -0.01586057804524899 0.03107020258903503
-0.01628511399030685 -0.01355801988393068 0.03106356225907803
-0.01649130880832672 -0.01290490105748177 0.0314619354903698
-0.01592124439775944 -0.01411279384046793 0.03066873364150524
-0.01371245831251144 -0.005845122039318085 0.02876558341085911
-0.01484035141766071 -0.01906589604914188 0.02961051277816296
-0.01133632753044367 -0.007394631393253803 0.02682891860604286
-0.01090142130851746 -0.007846955209970474 0.02637589536607265
-0.01621518470346928 -0.01509238872677088 0.03097091242671013
-0.01621911115944386 -0.0142686702311039 0.03118964843451977
-0.01060388330370188 -0.01306242775171995 0.02586161717772484
-0.01611822098493576 -0.005357639864087105 0.03086162731051445
-0.01046134065836668 -0.01431853044778109 0.02574769034981728
-0.01112428586930037 -0.008196474984288216 0.02657451294362545
3 1 0 28
905
906
907
908
909
910
911
912
913
914
915
916
917
918
919
920
921
922
923
924
925
926
927
928
929
930
931
932
-0.01110407360525129 -0.01732374775863808 0.03256453915746996
-0.008643302665700821 -0.0162825203899838 0.03116668225494174
-0.01348592858947587 -0.01568971365538437 0.02969854298738026
-0.009426591994994082 -0.01786096916188448 0.03332515029243616
-0.01178334262032335 -0.01626480751999262 0.02978064663294626
-0.002943551960255583 -0.01605064366282334 0.03596445526711227
-0.0001782316314741333 -0.0172170140468903 0.03641421964558226
-0.01240746443593222 -0.01492688782647028 0.03313337086148681
-0.002354950119714672 -0.01396178268364464 0.03915685187822575
-0.006470034536228608 -0.01781357360954664 0.03327604608643257
-0.005472407994882075 -0.01390982836836992 0.03695947312945926
-0.00481419247794259 -0.01720543636737182 0.03549867348614506
-0.01087062962272602 -0.01475026594483119 0.03213158663197924
-0.009758805985054644 -0.01553991361243146 0.02845935300486588
-0.01289164143848962 -0.01759505709339303 0.03107492729526942
-0.0121160700142714 -0.01321200567650748 0.03410566257395564
-0.01438404596941897 -0.01340230463010536 0.03237967378942439
-0.01533515252304553 -0.006136912840647323 0.03093547111213851
-0.0004325441028230152 -0.01608941002227582 0.03858559753324119
-0.009025361536864947 -0.01364170055565158 0.03042832687550607
-0.007299111267083603 -0.01862333873812057 0.03566504892552295
-0.01395142700616524 -0.01234750662167084 0.03370318901884459
0.0009543405809840652 -0.01450104732425997 0.03722890341156403
-0.002707871971979941 -0.01597222741896494 0.03784156890378973
-0.01338766469419227 -0.0147065074082434 0.03158282963410509
-0.002324578595954881 -0.01352531218630781 0.03737085885254892
-0.005628080504662333 -0.01277711118341771 0.04003392403251027
-0.002110805264366225 -0.01357662820275292 0.03578338872889764
$EndNodes
$Elements
1 2873 1805 4677
3 1 4 2873
1805 122 132 113 135 
1806 677 913 680 923 
1807 894 289 295 864 
1808 507 503 510 906 
1809 410 673 664 928 
1810 205 201 921 926 
1811 193 195 207 194 
1812 516 510 511 906 
1813 508 512 403 381 
1814 205 201 206 921 
1815 113 111 132 122 
1816 723 707 844 721 
1817 727 45 744 741 
1818 823 910 691 916 
1819 140 99 131 133 
1820 204 198 201 926 
1821 670 513 691 916 
1822 400 401 402 915 
1823 667 665 666 911 
1824 516 515 510 914 
1825 680 923 913 928 
1826 198 204 209 926 
1827 823 691 521 916 
1828 831 910 820 911 
1829 212 288 217 920 
1830 410 664 879 928 
1831 730 923 680 928 
1832 211 214 213 920 
1833 726 717 729 913 
1834 394 388 389 387 
1835 294 281 907 909 
1836 407 408 362 931 
1837 220 527 525 224 
1838 32 727 749 51 
1839 280 281 294 909 
1840 189 190 506 174 
1841 172 174 173 177 
1842 326 321 325 874 
1843 45 740 744 741 
1844 730 911 923 928 
1845 481 480 462 488 
1846 742 20 743 745 
1847 717 624 726 716 
1848 689 688 698 913 
1849 716 717 624 689 
1850 673 666 664 928 
1851 281 280 277 909 
1852 1 748 747 750 
1853 416 430 432 431 
1854 508 505 182 378 
1855 498 814 813 914 
1856 296 279 277 906 
1857 866 861 884 864 
1858 539 834 548 835 
1859 827 841 835 842 
1860 292 859 295 291 
1861 150 242 160 148 
1862 511 517 516 906 
1863 600 302 298 311 
1864 726 624 717 913 
1865 617 901 302 860 
1866 526 223 871 924 
1867 205 204 201 926 
1868 299 301 878 307 
1869 730 910 911 928 
1870 12 11 43 911 
1871 673 923 911 928 
1872 278 279 293 917 
1873 222 213 214 920 
1874 508 505 378 396 
1875 277 298 296 924 
1876 191 190 188 920 
1877 14 665 667 911 
1878 730 910 831 911 
1879 190 912 188 920 
1880 511 510 503 906 
1881 403 378 508 381 
1882 717 624 689 913 
1883 740 20 743 739 
1884 684 637 685 623 
1885 818 501 127 820 
1886 688 689 624 913 
1887 742 34 20 745 
1888 198 201 60 200 
1889 734 732 733 751 
1890 688 672 690 913 
1891 302 298 280 918 
1892 377 684 637 685 
1893 319 570 315 314 
1894 507 906 510 908 
1895 188 912 187 920 
1896 55 921 201 926 
1897 667 911 666 923 
1898 277 279 278 909 
1899 513 691 520 915 
1900 419 430 429 428 
1901 404 670 381 916 
1902 279 296 297 917 
1903 220 530 555 527 
1904 717 716 715 689 
1905 287 206 282 921 
1906 208 211 213 129 
1907 284 884 202 230 
1908 679 751 676 927 
1909 201 198 60 926 
1910 20 745 740 743 
1911 211 209 204 926 
1912 190 187 188 912 
1913 514 509 515 914 
1914 209 197 193 207 
1915 834 839 827 825 
1916 584 889 870 867 
1917 304 570 871 314 
1918 126 125 124 108 
1919 55 201 60 926 
1920 278 917 293 929 
1921 313 605 320 312 
1922 42 668 665 911 
1923 190 174 187 912 
1924 679 730 911 923 
1925 624 716 689 687 
1926 408 415 416 432 
1927 396 378 508 403 
1928 246 248 259 242 
1929 503 917 912 920 
1930 666 911 673 923 
1931 831 910 730 932 
1932 288 293 217 912 
1933 823 826 824 910 
1934 212 921 920 926 
1935 198 209 62 926 
1936 311 298 600 305 
1937 12 11 911 927 
1938 527 526 871 924 
1939 223 526 917 924 
1940 206 212 205 921 
1941 218 504 214 920 
1942 730 831 832 911 
1943 837 835 838 842 
1944 127 820 501 910 
1945 920 921 61 926 
1946 830 734 845 733 
1947 36 806 797 755 
1948 211 109 209 926 
1949 590 906 597 918 
1950 666 673 911 928 
1951 419 430 416 429 
1952 670 671 690 928 
1953 515 509 510 914 
1954 163 164 170 919 
1955 520 691 513 916 
1956 748 676 750 927 
1957 124 118 114 102 
1958 819 820 831 910 
1959 207 108 193 208 
1960 432 415 416 431 
1961 570 871 314 601 
1962 290 282 894 287 
1963 832 831 820 911 
1964 296 297 917 924 
1965 232 284 230 922 
1966 733 731 847 751 
1967 332 333 328 331 
1968 716 627 726 727 
1969 190 905 174 912 
1970 312 311 600 305 
1971 539 540 537 835 
1972 34 742 3 745 
1973 506 89 189 174 
1974 503 504 917 920 
1975 404 879 381 670 
1976 306 314 871 924 
1977 205 921 212 926 
1978 660 742 29 738 
1979 844 707 842 721 
1980 618 685 637 623 
1981 670 879 916 928 
1982 674 913 677 923 
1983 527 223 871 526 
1984 503 912 190 920 
1985 689 716 715 687 
1986 295 864 861 894 
1987 211 109 105 209 
1988 512 381 508 925 
1989 190 189 88 174 
1990 404 513 670 916 
1991 511 906 503 917 
1992 884 230 284 922 
1993 313 311 600 312 
1994 839 834 827 835 
1995 218 917 504 920 
1996 211 920 109 926 
1997 510 908 906 914 
1998 188 88 187 190 
1999 217 297 218 917 
2000 217 917 218 920 
2001 750 676 751 927 
2002 279 278 909 917 
2003 511 518 517 545 
2004 187 174 165 912 
2005 879 381 670 916 
2006 712 725 710 625 
2007 518 526 527 924 
2008 526 504 223 917 
2009 358 419 418 428 
2010 503 526 511 917 
2011 552 555 553 559 
2012 188 189 88 190 
2013 526 545 511 924 
2014 475 482 491 483 
2015 851 660 24 155 
2016 122 134 133 113 
2017 14 42 665 911 
2018 288 206 287 921 
2019 714 709 651 623 
2020 210 205 212 926 
2021 288 912 217 920 
2022 276 275 867 919 
2023 279 277 906 909 
2024 730 928 680 930 
2025 538 695 696 536 
2026 819 831 829 910 
2027 300 284 324 922 
2028 275 909 867 919 
2029 889 280 294 909 
2030 210 212 920 926 
2031 428 358 426 427 
2032 408 415 432 439 
2033 511 545 517 906 
2034 513 405 404 670 
2035 680 928 913 930 
2036 703 843 705 724 
2037 150 160 156 148 
2038 661 25 23 662 
2039 277 909 280 918 
2040 198 60 59 200 
2041 110 188 187 920 
2042 216 224 215 265 
2043 828 824 910 932 
2044 165 172 168 905 
2045 503 905 912 917 
2046 462 480 464 488 
2047 912 919 184 929 
2048 211 210 920 926 
2049 207 193 209 208 
2050 843 794 705 724 
2051 62 209 109 926 
2052 218 223 504 917 
2053 407 441 692 915 
2054 61 920 912 921 
2055 834 839 548 835 
2056 590 597 598 918 
2057 602 906 594 914 
2058 277 278 281 909 
2059 80 72 81 229 
2060 281 278 290 907 
2061 327 872 862 328 
2062 669 910 824 932 
2063 194 193 197 207 
2064 431 432 415 439 
2065 622 710 714 621 
2066 570 304 315 314 
2067 279 906 296 917 
2068 291 283 286 864 
2069 555 557 553 559 
2070 217 293 297 917 
2071 218 297 223 917 
2072 823 523 522 550 
2073 319 570 314 601 
2074 688 624 672 913 
2075 429 418 419 428 
2076 659 29 738 660 
2077 671 913 690 928 
2078 45 727 633 741 
2079 727 45 633 32 
2080 698 913 700 930 
2081 700 688 690 913 
2082 509 508 506 925 
2083 60 198 62 926 
2084 234 247 242 148 
2085 552 553 557 559 
2086 211 210 214 920 
2087 397 438 439 931 
2088 307 301 878 308 
2089 760 778 781 771 
2090 545 906 511 924 
2091 209 109 105 193 
2092 745 746 742 3 
2093 741 716 627 713 
2094 660 659 29 155 
2095 386 97 94 119 
2096 298 277 918 924 
2097 789 781 788 790 
2098 58 201 55 921 
2099 191 188 110 920 
2100 511 518 545 526 
2101 503 504 526 917 
2102 518 545 526 924 
2103 815 910 813 916 
2104 473 427 424 363 
2105 750 751 2 927 
2106 815 829 826 910 
2107 507 503 906 908 
2108 304 527 528 530 
2109 842 733 838 932 
2110 386 94 91 119 
2111 815 819 829 910 
2112 539 548 834 550 
2113 170 166 163 919 
2114 277 280 298 918 
2115 730 928 930 932 
2116 174 905 165 912 
2117 705 792 704 703 
2118 503 905 190 912 
2119 730 910 928 932 
2120 210 212 217 920 
2121 871 601 527 924 
2122 319 601 605 881 
2123 456 458 453 459 
2124 191 502 190 920 
2125 711 710 714 622 
2126 621 714 684 623 
2127 207 197 194 245 
2128 600 298 302 918 
2129 508 378 182 925 
2130 313 355 308 320 
2131 600 617 302 311 
2132 182 505 92 378 
2133 654 710 725 628 
2134 306 871 223 924 
2135 504 503 502 920 
2136 223 917 297 924 
2137 190 88 187 174 
2138 824 826 828 910 
2139 605 312 305 318 
2140 503 190 502 920 
2141 624 726 627 913 
2142 198 209 197 192 
2143 838 733 701 932 
2144 789 786 781 790 
2145 55 58 60 201 
2146 909 917 278 929 
2147 64 230 203 883 
2148 320 309 319 604 
2149 172 165 174 905 
2150 724 792 703 722 
2151 419 416 418 429 
2152 684 637 623 784 
2153 130 131 113 133 
2154 340 895 346 875 
2155 830 831 730 932 
2156 837 833 834 827 
2157 813 910 826 916 
2158 54 184 919 929 
2159 728 677 729 913 
2160 209 197 192 193 
2161 140 131 130 133 
2162 486 637 685 375 
2163 821 523 823 825 
2164 212 206 288 921 
2165 296 223 297 924 
2166 815 826 813 910 
2167 455 456 453 470 
2168 842 838 837 932 
2169 727 716 627 741 
2170 331 332 333 338 
2171 484 485 487 476 
2172 484 487 485 479 
2173 185 912 61 920 
2174 700 690 671 913 
2175 61 912 184 921 
2176 110 88 187 188 
2177 277 296 906 924 
2178 220 530 527 304 
2179 125 108 129 105 
2180 624 627 716 713 
2181 680 677 728 913 
2182 521 691 520 916 
2183 275 276 273 919 
2184 386 97 119 385 
2185 504 215 223 218 
2186 506 190 507 908 
2187 514 515 521 916 
2188 700 698 688 913 
2189 427 358 426 424 
2190 427 363 358 424 
2191 168 164 165 919 
2192 838 701 837 932 
2193 160 246 242 150 
2194 184 912 165 919 
2195 685 618 621 623 
2196 211 204 210 926 
2197 712 711 713 622 
2198 498 497 181 914 
2199 506 174 190 908 
2200 209 198 62 192 
2201 197 196 198 192 
2202 217 912 293 917 
2203 432 408 439 931 
2204 37 35 30 855 
2205 68 197 199 245 
2206 232 324 284 922 
2207 631 677 674 913 
2208 355 313 605 320 
2209 514 914 515 916 
2210 430 416 417 431 
2211 823 824 826 825 
2212 748 749 1 747 
2213 867 868 276 919 
2214 488 466 475 467 
2215 729 719 728 913 
2216 669 930 928 932 
2217 211 105 109 129 
2218 866 884 859 922 
2219 426 436 359 428 
2220 872 873 325 322 
2221 504 219 223 215 
2222 293 912 288 929 
2223 282 291 289 864 
2224 684 685 621 623 
2225 904 354 898 353 
2226 203 231 64 227 
2227 504 215 218 214 
2228 625 713 624 622 
2229 719 913 698 930 
2230 294 907 889 909 
2231 684 622 714 621 
2232 217 912 917 920 
2233 725 743 632 739 
2234 884 284 202 285 
2235 505 391 92 396 
2236 550 823 523 825 
2237 623 714 684 784 
2238 659 738 50 653 
2239 210 204 205 926 
2240 590 592 597 906 
2241 680 913 728 930 
2242 508 514 512 925 
2243 738 29 50 742 
2244 196 198 59 200 
2245 408 397 415 439 
2246 426 357 425 424 
2247 880 418 429 427 
2248 165 905 168 919 
2249 187 912 185 920 
2250 709 714 710 621 
2251 584 889 608 870 
2252 219 223 871 527 
2253 728 913 719 930 
2254 845 734 732 733 
2255 754 756 21 736 
2256 251 260 249 254 
2257 196 64 227 203 
2258 408 416 392 419 
2259 723 844 843 735 
2260 184 61 185 912 
2261 141 152 145 144 
2262 166 272 167 919 
2263 605 313 600 312 
2264 203 231 230 64 
2265 57 64 203 883 
2266 625 712 713 622 
2267 622 619 684 682 
2268 358 357 426 424 
2269 912 921 288 929 
2270 740 45 633 741 
2271 139 135 132 136 
2272 193 195 108 207 
2273 259 160 246 242 
2274 628 710 725 625 
2275 307 878 355 308 
2276 882 355 616 356 
2277 847 730 830 832 
2278 655 659 653 652 
2279 305 298 600 924 
2280 538 695 547 696 
2281 479 484 487 489 
2282 293 279 297 917 
2283 435 430 432 931 
2284 414 398 392 413 
2285 508 509 514 925 
2286 93 96 95 88 
2287 906 908 503 917 
2288 523 524 550 516 
2289 402 420 431 423 
2290 677 678 853 923 
2291 731 930 733 932 
2292 624 627 726 716 
2293 905 919 912 929 
2294 832 730 830 831 
2295 867 909 868 919 
2296 622 714 711 684 
2297 210 217 214 920 
2298 771 850 792 705 
2299 826 827 824 828 
2300 570 319 315 881 
2301 434 433 422 480 
2302 434 433 429 422 
2303 196 57 59 63 
2304 83 321 233 241 
2305 407 397 441 915 
2306 181 497 499 914 
2307 36 806 856 857 
2308 279 909 906 917 
2309 669 928 910 932 
2310 717 719 729 913 
2311 512 403 381 513 
2312 507 509 506 908 
2313 196 64 203 57 
2314 99 393 131 385 
2315 738 50 29 659 
2316 507 510 509 908 
2317 520 691 521 915 
2318 711 715 713 622 
2319 526 527 223 504 
2320 790 786 781 778 
2321 682 436 361 681 
2322 281 278 907 909 
2323 528 518 527 545 
2324 528 570 304 530 
2325 174 905 190 908 
2326 778 786 781 771 
2327 880 418 416 429 
2328 602 597 592 906 
2329 185 920 61 926 
2330 709 714 621 623 
2331 743 632 738 725 
2332 698 700 701 930 
2333 184 185 187 912 
2334 533 524 550 539 
2335 659 50 29 155 
2336 417 416 430 429 
2337 422 433 429 421 
2338 74 245 239 195 
2339 878 353 299 307 
2340 583 867 275 909 
2341 604 605 319 320 
2342 397 439 408 931 
2343 700 913 671 930 
2344 889 909 583 918 
2345 889 280 909 918 
2346 834 839 825 550 
2347 669 671 670 928 
2348 282 283 291 864 
2349 264 257 269 270 
2350 507 190 503 908 
2351 903 599 612 596 
2352 54 184 165 919 
2353 704 771 792 705 
2354 523 914 821 916 
2355 390 92 91 391 
2356 241 233 83 228 
2357 600 617 311 313 
2358 843 845 735 844 
2359 732 734 752 751 
2360 129 208 108 126 
2361 196 79 63 199 
2362 165 912 905 919 
2363 435 430 362 428 
2364 843 705 840 703 
2365 287 288 921 929 
2366 163 165 164 919 
2367 671 913 928 930 
2368 617 600 302 918 
2369 305 605 318 924 
2370 642 623 637 784 
2371 489 571 580 764 
2372 794 792 850 705 
2373 426 359 358 428 
2374 821 914 813 916 
2375 273 169 275 919 
2376 404 381 513 916 
2377 598 889 583 918 
2378 671 928 669 930 
2379 391 390 92 378 
2380 224 221 216 222 
2381 191 109 110 128 
2382 705 771 850 774 
2383 661 800 25 662 
2384 523 524 522 550 
2385 686 620 689 687 
2386 220 527 555 525 
2387 88 96 189 188 
2388 552 557 553 268 
2389 242 238 234 148 
2390 627 741 713 625 
2391 155 657 659 655 
2392 633 20 740 739 
2393 222 215 214 213 
2394 905 906 275 909 
2395 880 454 363 427 
2396 821 813 826 916 
2397 96 128 188 88 
2398 5 4 755 3 
2399 109 191 110 920 
2400 343 606 316 310 
2401 484 573 580 479 
2402 786 770 768 781 
2403 357 425 359 426 
2404 314 318 601 924 
2405 179 173 174 908 
2406 306 223 296 924 
2407 828 910 829 932 
2408 580 479 572 489 
2409 847 830 731 733 
2410 485 488 487 476 
2411 395 390 391 378 
2412 672 624 627 913 
2413 790 789 786 791 
2414 602 594 603 914 
2415 422 433 421 480 
2416 230 64 890 883 
2417 555 264 256 553 
2418 790 786 782 791 
2419 198 60 62 192 
2420 624 620 688 672 
2421 136 122 135 132 
2422 681 372 361 618 
2423 346 353 352 343 
2424 843 794 850 705 
2425 833 834 539 442 
2426 290 282 289 894 
2427 910 916 879 928 
2428 821 523 603 914 
2429 332 877 346 334 
2430 741 713 625 629 
2431 300 878 299 301 
2432 319 570 601 881 
2433 419 362 430 428 
2434 555 264 563 349 
2435 191 109 502 920 
2436 197 192 193 194 
2437 64 196 227 63 
2438 539 533 548 550 
2439 533 534 546 544 
2440 359 358 357 426 
2441 353 606 343 310 
2442 192 197 68 245 
2443 678 853 51 749 
2444 733 930 701 932 
2445 9 734 754 736 
2446 402 401 405 915 
2447 845 842 830 733 
2448 534 533 532 544 
2449 788 785 781 789 
2450 395 378 396 403 
2451 821 823 826 825 
2452 767 786 757 699 
2453 906 909 277 918 
2454 518 516 544 532 
2455 328 329 332 331 
2456 792 782 850 771 
2457 259 248 221 242 
2458 314 601 871 924 
2459 692 441 407 690 
2460 252 251 249 254 
2461 509 914 514 925 
2462 415 417 416 431 
2463 624 620 622 687 
2464 580 484 479 489 
2465 471 480 434 462 
2466 895 348 340 346 
2467 597 596 598 918 
2468 619 622 684 621 
2469 197 192 194 245 
2470 876 878 877 301 
2471 66 64 80 71 
2472 54 53 921 929 
2473 532 516 544 524 
2474 719 701 733 930 
2475 125 191 128 109 
2476 196 64 57 63 
2477 378 505 92 396 
2478 528 534 532 544 
2479 125 502 109 920 
2480 725 632 738 653 
2481 518 528 532 544 
2482 94 90 91 119 
2483 598 596 889 918 
2484 875 895 346 332 
2485 355 600 605 313 
2486 194 207 245 195 
2487 881 604 605 319 
2488 534 528 543 544 
2489 655 155 657 656 
2490 654 626 710 628 
2491 698 701 719 930 
2492 355 600 313 617 
2493 224 221 265 216 
2494 215 504 222 214 
2495 839 834 548 550 
2496 555 264 349 256 
2497 415 416 392 408 
2498 185 109 920 926 
2499 352 347 346 343 
2500 624 627 713 625 
2501 79 196 63 227 
2502 723 702 707 721 
2503 832 820 43 911 
2504 767 786 699 702 
2505 397 438 407 441 
2506 651 709 645 623 
2507 287 293 288 929 
2508 504 219 527 223 
2509 827 833 834 825 
2510 571 492 478 536 
2511 293 917 912 929 
2512 905 503 908 917 
2513 452 451 453 454 
2514 888 614 599 869 
2515 296 917 906 924 
2516 119 99 131 385 
2517 595 822 594 914 
2518 601 528 527 545 
2519 640 775 758 765 
2520 682 361 619 681 
2521 487 488 485 479 
2522 719 731 728 930 
2523 357 358 363 424 
2524 905 908 906 917 
2525 876 878 301 308 
2526 538 695 540 547 
2527 514 916 512 925 
2528 895 875 333 332 
2529 477 488 462 464 
2530 373 637 486 375 
2531 509 506 908 925 
2532 290 907 278 929 
2533 322 325 872 323 
2534 571 572 479 489 
2535 185 109 110 920 
2536 471 480 462 481 
2537 317 555 256 220 
2538 10 678 749 748 
2539 906 918 277 924 
2540 552 551 268 266 
2541 550 546 533 548 
2542 94 91 90 95 
2543 59 60 198 192 
2544 56 54 186 919 
2545 353 606 352 343 
2546 34 740 745 744 
2547 731 733 830 932 
2548 843 845 846 735 
2549 601 570 528 545 
2550 184 921 912 929 
2551 689 620 624 687 
2552 129 213 208 222 
2553 432 439 438 931 
2554 681 361 619 618 
2555 833 823 550 825 
2556 424 364 370 468 
2557 649 709 645 651 
2558 550 834 833 825 
2559 509 908 510 914 
2560 696 693 536 695 
2561 605 319 320 318 
2562 541 579 547 549 
2563 355 354 904 353 
2564 829 910 831 932 
2565 353 878 355 307 
2566 194 68 69 245 
2567 660 742 746 29 
2568 571 580 572 489 
2569 246 248 251 259 
2570 190 905 503 908 
2571 315 309 604 319 
2572 563 349 565 555 
2573 487 491 483 476 
2574 842 830 733 932 
2575 243 245 207 195 
2576 355 616 617 882 
2577 299 346 877 334 
2578 186 54 165 919 
2579 377 685 637 375 
2580 473 470 453 457 
2581 426 361 436 681 
2582 739 713 741 629 
2583 800 25 854 661 
2584 349 555 566 565 
2585 506 190 189 505 
2586 363 453 457 473 
2587 309 307 604 308 
2588 731 730 830 847 
2589 655 657 659 652 
2590 353 604 606 310 
2591 530 220 317 304 
2592 878 300 877 301 
2593 416 417 880 429 
2594 518 528 544 545 
2595 2 847 11 927 
2596 184 187 165 912 
2597 848 580 571 764 
2598 414 880 412 138 
2599 187 185 110 920 
2600 869 870 609 608 
2601 479 573 580 572 
2602 881 315 604 319 
2603 373 637 618 486 
2604 800 854 25 804 
2605 623 651 714 784 
2606 693 492 696 536 
2607 811 813 821 914 
2608 362 408 419 931 
2609 214 217 218 920 
2610 786 781 768 785 
2611 142 107 124 145 
2612 202 203 230 884 
2613 405 406 402 915 
2614 464 454 422 434 
2615 564 563 565 555 
2616 564 563 555 562 
2617 487 488 479 489 
2618 312 605 320 318 
2619 842 845 721 732 
2620 61 184 55 921 
2621 524 522 833 539 
2622 370 425 486 360 
2623 160 126 156 148 
2624 907 909 278 929 
2625 897 353 346 299 
2626 464 479 488 489 
2627 543 528 570 545 
2628 785 786 781 789 
2629 53 55 54 921 
2630 841 835 838 836 
2631 122 134 113 115 
2632 298 918 600 924 
2633 600 605 312 305 
2634 555 562 557 559 
2635 762 771 705 774 
2636 181 499 500 914 
2637 429 417 422 421 
2638 194 192 68 245 
2639 512 916 381 925 
2640 484 493 487 489 
2641 287 282 894 921 
2642 275 906 905 908 
2643 738 632 50 653 
2644 740 34 45 744 
2645 685 618 637 486 
2646 912 917 905 929 
2647 451 455 453 454 
2648 88 110 128 188 
2649 564 565 566 555 
2650 247 221 242 148 
2651 410 690 913 928 
2652 602 906 545 924 
2653 712 713 739 629 
2654 364 424 363 468 
2655 167 163 166 919 
2656 475 482 488 491 
2657 441 438 407 690 
2658 687 622 715 697 
2659 44 6 4 755 
2660 96 128 88 93 
2661 455 456 471 460 
2662 730 731 830 932 
2663 392 397 385 398 
2664 762 493 773 774 
2665 266 551 268 267 
2666 745 746 3 755 
2667 577 580 573 572 
2668 546 534 543 544 
2669 603 822 821 914 
2670 14 42 40 665 
2671 437 432 438 931 
2672 320 309 604 308 
2673 490 487 491 483 
2674 725 712 739 629 
2675 387 398 385 397 
2676 473 363 424 468 
2677 909 919 905 929 
2678 887 889 596 918 
2679 811 821 822 914 
2680 417 402 431 415 
2681 357 424 364 370 
2682 603 594 822 914 
2683 842 845 844 721 
2684 21 9 754 736 
2685 730 680 728 930 
2686 414 416 392 415 
2687 196 59 198 192 
2688 687 684 622 697 
2689 907 919 909 929 
2690 528 543 544 545 
2691 550 546 544 533 
2692 478 492 421 536 
2693 710 709 626 654 
2694 395 378 403 404 
2695 775 765 766 758 
2696 705 763 762 774 
2697 719 733 731 930 
2698 216 213 222 208 
2699 373 618 372 486 
2700 110 109 106 128 
2701 167 272 86 919 
2702 524 516 544 550 
2703 431 415 402 439 
2704 363 443 454 880 
2705 417 402 420 431 
2706 905 917 909 929 
2707 455 456 470 471 
2708 69 63 76 225 
2709 242 221 160 148 
2710 726 627 631 727 
2711 677 631 853 678 
2712 128 110 191 188 
2713 216 129 126 208 
2714 387 92 390 378 
2715 878 876 355 308 
2716 451 450 454 452 
2717 355 904 878 353 
2718 760 762 773 774 
2719 678 676 748 927 
2720 43 820 42 911 
2721 479 488 477 464 
2722 429 417 880 422 
2723 523 821 550 825 
2724 880 363 443 418 
2725 827 841 839 835 
2726 430 435 362 931 
2727 359 361 436 426 
2728 490 487 483 476 
2729 307 355 604 308 
2730 293 290 278 929 
2731 711 715 622 697 
2732 826 827 825 824 
2733 547 540 548 695 
2734 848 763 571 849 
2735 828 829 830 932 
2736 125 191 109 502 
2737 55 184 54 921 
2738 406 442 531 423 
2739 786 790 782 778 
2740 378 395 387 404 
2741 245 199 69 225 
2742 196 197 199 192 
2743 244 221 248 242 
2744 741 633 740 739 
2745 715 689 687 697 
2746 260 259 251 249 
2747 754 756 755 21 
2748 839 708 696 695 
2749 476 485 488 477 
2750 641 647 642 648 
2751 125 109 105 129 
2752 445 162 137 161 
2753 54 921 184 929 
2754 774 705 763 840 
2755 838 707 841 836 
2756 372 425 361 360 
2757 544 550 516 603 
2758 406 405 513 915 
2759 452 363 443 454 
2760 745 20 740 34 
2761 199 69 68 245 
2762 570 317 304 530 
2763 116 93 123 106 
2764 628 626 710 625 
2765 378 403 404 381 
2766 878 300 299 324 
2767 363 357 424 364 
2768 323 872 328 329 
2769 2 830 734 845 
2770 418 392 416 419 
2771 275 175 181 908 
2772 236 235 243 237 
2773 430 417 429 431 
2774 138 450 446 443 
2775 895 348 346 897 
2776 862 872 333 328 
2777 181 585 275 908 
2778 362 436 435 428 
2779 763 848 764 762 
2780 473 453 470 434 
2781 489 479 571 478 
2782 493 476 484 487 
2783 867 583 889 909 
2784 884 203 230 883 
2785 182 378 379 925 
2786 512 513 381 916 
2787 410 690 672 913 
2788 385 393 392 413 
2789 842 841 835 838 
2790 189 89 88 174 
2791 457 363 473 468 
2792 450 454 443 880 
2793 343 347 346 334 
2794 897 895 877 346 
2795 774 850 705 840 
2796 877 897 346 299 
2797 712 725 625 629 
2798 168 169 164 919 
2799 460 461 471 465 
2800 762 848 580 774 
2801 605 604 355 320 
2802 21 7 5 755 
2803 685 681 372 486 
2804 275 592 590 906 
2805 199 197 68 192 
2806 642 757 641 648 
2807 351 264 342 341 
2808 715 717 689 699 
2809 473 427 363 434 
2810 353 897 878 299 
2811 696 547 839 695 
2812 303 859 295 292 
2813 201 864 206 921 
2814 580 493 484 489 
2815 430 362 419 931 
2816 370 425 360 424 
2817 464 454 434 462 
2818 850 843 705 840 
2819 842 845 732 733 
2820 762 760 771 774 
2821 63 79 76 225 
2822 829 828 826 910 
2823 451 455 456 453 
2824 363 457 365 468 
2825 101 100 91 391 
2826 626 709 710 621 
2827 884 230 890 883 
2828 86 163 167 919 
2829 230 890 64 231 
2830 477 485 488 479 
2831 441 440 406 439 
2832 571 581 580 848 
2833 111 151 121 120 
2834 239 225 74 226 
2835 435 432 437 931 
2836 697 684 622 711 
2837 815 501 910 916 
2838 747 726 749 727 
2839 164 169 170 919 
2840 168 905 169 919 
2841 845 844 723 735 
2842 310 307 604 309 
2843 299 343 346 334 
2844 566 317 570 530 
2845 829 831 830 932 
2846 88 110 93 128 
2847 492 538 696 536 
2848 299 353 343 310 
2849 653 630 655 652 
2850 390 395 387 378 
2851 216 253 249 265 
2852 501 820 819 910 
2853 914 916 514 925 
2854 840 705 763 696 
2855 398 385 392 413 
2856 136 122 132 121 
2857 427 454 363 434 
2858 454 443 452 450 
2859 94 390 386 100 
2860 391 395 378 396 
2861 424 357 360 370 
2862 429 417 421 420 
2863 325 321 323 322 
2864 287 290 293 929 
2865 93 106 118 128 
2866 63 64 71 227 
2867 580 493 762 774 
2868 361 425 372 681 
2869 757 783 648 784 
2870 438 397 407 931 
2871 208 129 222 216 
2872 895 877 346 332 
2873 410 913 672 928 
2874 414 398 400 392 
2875 735 723 845 721 
2876 125 106 109 128 
2877 454 453 452 434 
2878 786 770 704 768 
2879 752 734 2 751 
2880 533 542 540 546 
2881 394 387 395 404 
2882 413 130 140 131 
2883 357 360 425 424 
2884 434 454 455 462 
2885 572 581 580 571 
2886 14 42 38 40 
2887 681 425 372 486 
2888 449 452 451 448 
2889 243 239 245 195 
2890 412 450 446 138 
2891 657 659 660 155 
2892 63 69 199 225 
2893 62 185 61 926 
2894 730 930 731 932 
2895 798 807 806 808 
2896 308 355 604 320 
2897 605 601 318 924 
2898 700 690 692 671 
2899 346 353 343 299 
2900 286 283 285 864 
2901 504 215 222 224 
2902 487 490 494 476 
2903 827 842 837 932 
2904 705 840 703 696 
2905 324 877 332 334 
2906 684 757 637 784 
2907 491 487 488 476 
2908 462 455 471 460 
2909 775 640 758 643 
2910 465 463 466 481 
2911 343 344 347 334 
2912 142 154 148 147 
2913 558 530 564 529 
2914 731 730 728 930 
2915 906 909 905 917 
2916 879 910 127 916 
2917 339 332 346 334 
2918 421 492 693 536 
2919 226 74 239 236 
2920 265 224 215 525 
2921 737 21 756 736 
2922 112 106 103 115 
2923 723 844 845 721 
2924 763 848 762 774 
2925 305 600 605 924 
2926 360 372 425 486 
2927 606 566 565 349 
2928 841 707 842 844 
2929 759 762 773 760 
2930 460 461 456 471 
2931 462 480 434 464 
2932 838 841 707 842 
2933 782 786 792 791 
2934 426 425 361 681 
2935 325 321 240 874 
2936 116 93 106 118 
2937 170 169 166 919 
2938 444 452 443 450 
2939 451 456 458 453 
2940 88 93 90 95 
2941 51 10 678 749 
2942 894 287 921 929 
2943 484 580 573 577 
2944 124 118 102 125 
2945 221 160 259 242 
2946 794 799 737 846 
2947 897 904 898 353 
2948 353 355 604 307 
2949 221 247 234 148 
2950 378 92 391 396 
2951 734 721 845 732 
2952 841 708 707 844 
2953 869 870 608 889 
2954 904 876 355 878 
2955 325 324 895 329 
2956 756 21 6 755 
2957 707 708 841 695 
2958 55 61 921 926 
2959 206 201 282 864 
2960 701 930 669 932 
2961 282 206 864 921 
2962 764 848 580 762 
2963 627 741 625 629 
2964 739 632 725 629 
2965 235 243 239 236 
2966 815 501 819 910 
2967 323 327 872 322 
2968 299 877 878 324 
2969 602 597 906 924 
2970 200 283 201 864 
2971 416 392 418 414 
2972 114 153 107 117 
2973 307 353 299 310 
2974 112 116 134 123 
2975 763 848 774 849 
2976 757 638 637 642 
2977 489 464 479 478 
2978 757 638 642 641 
2979 722 702 723 721 
2980 457 473 470 468 
2981 6 44 756 755 
2982 493 489 764 762 
2983 648 647 642 784 
2984 324 299 877 334 
2985 693 480 492 421 
2986 365 364 363 468 
2987 307 604 353 310 
2988 908 914 509 925 
2989 398 387 385 388 
2990 436 362 359 428 
2991 390 91 100 391 
2992 795 799 794 850 
2993 98 133 131 99 
2994 444 447 450 446 
2995 535 568 567 569 
2996 21 5 6 755 
2997 481 466 475 488 
2998 630 653 654 650 
2999 637 373 634 375 
3000 240 324 232 922 
3001 221 216 222 129 
3002 531 433 536 423 
3003 694 693 695 536 
3004 785 781 768 780 
3005 413 130 131 393 
3006 109 185 62 926 
3007 333 875 872 862 
3008 68 59 63 199 
3009 400 414 392 415 
3010 79 199 225 63 
3011 699 701 719 698 
3012 863 285 200 864 
3013 713 712 625 629 
3014 694 540 835 537 
3015 597 918 906 924 
3016 749 744 747 727 
3017 877 878 897 299 
3018 760 773 778 774 
3019 528 535 534 543 
3020 94 390 389 386 
3021 466 474 465 481 
3022 654 725 653 628 
3023 74 239 235 195 
3024 303 860 859 313 
3025 234 243 126 195 
3026 379 378 380 925 
3027 256 265 525 266 
3028 248 251 259 249 
3029 492 571 538 536 
3030 4 3 36 755 
3031 599 608 889 869 
3032 650 654 626 649 
3033 69 68 63 199 
3034 580 493 489 764 
3035 269 256 264 553 
3036 851 661 660 658 
3037 787 785 768 780 
3038 200 201 863 864 
3039 657 655 656 652 
3040 878 300 324 877 
3041 618 685 372 486 
3042 43 11 832 911 
3043 138 450 443 880 
3044 310 604 606 881 
3045 230 232 890 231 
3046 784 757 783 785 
3047 737 735 843 846 
3048 597 600 918 924 
3049 215 220 265 525 
3050 708 703 840 696 
3051 247 243 126 234 
3052 725 628 625 629 
3053 489 493 487 762 
3054 785 781 780 788 
3055 200 283 864 285 
3056 196 63 59 199 
3057 609 608 599 869 
3058 332 895 877 324 
3059 539 522 833 442 
3060 352 344 347 343 
3061 259 221 248 249 
3062 873 872 327 322 
3063 849 547 839 696 
3064 771 760 778 774 
3065 156 126 154 148 
3066 478 492 480 421 
3067 137 444 443 446 
3068 377 684 757 637 
3069 595 594 499 914 
3070 309 316 881 310 
3071 484 485 573 479 
3072 828 830 842 932 
3073 836 707 841 695 
3074 531 433 423 442 
3075 797 799 796 795 
3076 651 645 646 623 
3077 771 792 786 704 
3078 96 101 100 91 
3079 514 521 520 916 
3080 877 859 876 301 
3081 533 542 546 534 
3082 234 235 243 195 
3083 827 828 842 932 
3084 68 59 199 192 
3085 872 325 329 323 
3086 892 864 893 921 
3087 412 446 411 138 
3088 201 58 864 921 
3089 530 528 570 543 
3090 361 359 425 426 
3091 235 239 74 236 
3092 562 555 558 559 
3093 580 493 764 762 
3094 792 782 791 793 
3095 116 112 106 123 
3096 75 76 77 225 
3097 107 142 124 108 
3098 602 601 597 924 
3099 840 763 774 849 
3100 201 283 282 864 
3101 373 372 360 486 
3102 413 130 412 140 
3103 126 234 142 148 
3104 414 392 138 393 
3105 683 436 435 409 
3106 699 689 698 719 
3107 759 773 761 760 
3108 433 442 431 423 
3109 129 216 126 221 
3110 32 45 1 749 
3111 493 476 487 494 
3112 435 620 683 409 
3113 717 689 699 719 
3114 275 585 906 908 
3115 805 806 807 857 
3116 153 142 124 145 
3117 138 418 392 414 
3118 420 429 417 431 
3119 260 258 259 249 
3120 148 156 150 149 
3121 708 841 840 844 
3122 76 75 69 225 
3123 108 234 126 195 
3124 220 530 317 555 
3125 528 535 543 529 
3126 344 335 347 334 
3127 443 138 880 418 
3128 372 681 685 618 
3129 597 601 600 924 
3130 352 565 563 341 
3131 569 558 568 560 
3132 806 36 3 755 
3133 166 273 272 919 
3134 530 564 566 555 
3135 617 859 860 313 
3136 108 234 142 126 
3137 127 910 501 916 
3138 540 547 541 538 
3139 412 450 138 880 
3140 552 557 556 559 
3141 9 7 21 754 
3142 808 806 798 797 
3143 398 387 388 394 
3144 581 580 577 572 
3145 529 528 530 543 
3146 796 794 793 795 
3147 617 596 600 918 
3148 355 354 876 904 
3149 421 433 429 420 
3150 845 735 721 734 
3151 721 702 707 720 
3152 670 692 690 671 
3153 606 316 310 881 
3154 806 805 856 857 
3155 637 757 642 784 
3156 807 806 805 798 
3157 480 464 488 489 
3158 221 258 249 259 
3159 83 82 73 228 
3160 737 794 843 724 
3161 25 22 23 662 
3162 570 315 304 881 
3163 155 658 657 656 
3164 199 59 196 192 
3165 786 767 757 785 
3166 265 256 525 220 
3167 480 422 464 421 
3168 126 221 216 247 
3169 22 26 25 23 
3170 364 360 357 370 
3171 863 201 58 864 
3172 403 401 395 404 
3173 75 74 69 225 
3174 256 555 525 220 
3175 558 556 561 560 
3176 65 890 232 231 
3177 584 889 867 583 
3178 535 534 543 542 
3179 366 373 360 370 
3180 406 402 441 439 
3181 654 709 626 649 
3182 772 773 777 761 
3183 478 480 464 421 
3184 309 316 315 881 
3185 724 702 723 722 
3186 563 349 341 565 
3187 63 71 70 227 
3188 709 645 626 649 
3189 628 725 632 629 
3190 486 360 373 370 
3191 242 244 221 247 
3192 796 799 794 795 
3193 642 757 648 784 
3194 538 848 581 571 
3195 421 423 433 420 
3196 782 792 794 793 
3197 872 895 875 333 
3198 327 872 328 323 
3199 450 443 444 446 
3200 94 98 119 97 
3201 857 806 807 808 
3202 456 453 470 471 
3203 410 672 673 928 
3204 63 79 70 76 
3205 282 289 894 864 
3206 93 110 88 90 
3207 349 563 341 264 
3208 708 841 839 696 
3209 303 308 313 859 
3210 215 222 224 216 
3211 706 707 702 720 
3212 668 40 42 665 
3213 734 27 9 754 
3214 547 848 581 538 
3215 400 397 415 408 
3216 630 653 650 652 
3217 626 630 654 650 
3218 374 376 634 375 
3219 897 898 348 353 
3220 370 366 373 371 
3221 70 71 79 227 
3222 75 74 225 226 
3223 646 651 623 647 
3224 3 746 802 755 
3225 633 632 739 629 
3226 653 725 632 628 
3227 569 562 558 560 
3228 70 79 63 227 
3229 890 65 64 231 
3230 654 653 630 628 
3231 839 841 708 695 
3232 856 802 37 801 
3233 415 392 400 408 
3234 547 548 839 695 
3235 10 51 32 749 
3236 638 637 634 377 
3237 795 793 782 850 
3238 606 316 341 343 
3239 256 265 253 220 
3240 302 280 861 918 
3241 650 626 645 649 
3242 347 339 346 334 
3243 3 802 806 755 
3244 398 397 399 400 
3245 221 248 249 244 
3246 1 10 749 748 
3247 787 767 783 779 
3248 377 637 634 375 
3249 641 757 644 648 
3250 73 87 83 922 
3251 658 657 660 155 
3252 467 476 488 477 
3253 759 487 494 493 
3254 572 538 574 578 
3255 737 843 794 846 
3256 365 368 364 468 
3257 44 797 756 755 
3258 796 808 797 795 
3259 93 123 106 90 
3260 861 302 901 860 
3261 897 878 904 353 
3262 151 111 117 120 
3263 398 388 385 413 
3264 461 459 456 471 
3265 547 849 538 696 
3266 893 864 58 921 
3267 375 486 373 370 
3268 759 494 773 493 
3269 215 222 216 213 
3270 303 308 859 301 
3271 596 597 600 918 
3272 126 221 234 148 
3273 103 113 112 115 
3274 420 433 429 431 
3275 313 617 859 355 
3276 660 662 22 746 
3277 741 633 739 629 
3278 697 715 689 699 
3279 360 364 366 370 
3280 859 303 301 292 
3281 562 557 556 560 
3282 441 402 406 915 
3283 94 98 123 119 
3284 309 604 310 881 
3285 154 126 142 148 
3286 602 545 601 924 
3287 453 456 459 471 
3288 620 619 683 409 
3289 715 711 718 697 
3290 783 644 757 648 
3291 791 782 790 793 
3292 250 246 251 259 
3293 335 329 336 338 
3294 892 900 894 921 
3295 412 411 140 138 
3296 215 525 224 220 
3297 347 345 335 344 
3298 632 630 653 628 
3299 864 863 285 884 
3300 643 757 644 641 
3301 361 409 436 682 
3302 849 840 763 696 
3303 853 923 678 927 
3304 160 126 148 221 
3305 335 332 339 334 
3306 385 99 393 413 
3307 248 251 249 252 
3308 535 567 576 569 
3309 841 835 836 839 
3310 879 382 381 916 
3311 609 608 607 599 
3312 406 442 519 531 
3313 355 617 859 882 
3314 326 321 323 325 
3315 406 440 441 915 
3316 124 154 142 153 
3317 335 332 338 339 
3318 623 642 647 784 
3319 352 606 565 341 
3320 100 91 94 95 
3321 239 243 235 195 
3322 538 848 571 849 
3323 481 475 482 488 
3324 349 565 606 341 
3325 703 702 724 722 
3326 607 609 614 615 
3327 348 897 353 346 
3328 349 606 566 317 
3329 816 815 814 501 
3330 264 257 256 269 
3331 558 561 568 560 
3332 81 72 73 229 
3333 851 658 660 155 
3334 808 798 807 796 
3335 118 106 125 128 
3336 421 423 536 433 
3337 547 848 538 849 
3338 691 440 823 915 
3339 693 433 480 421 
3340 355 859 313 308 
3341 44 756 799 846 
3342 98 99 131 119 
3343 572 577 581 578 
3344 146 154 142 147 
3345 114 116 102 118 
3346 498 809 813 814 
3347 756 797 44 799 
3348 737 756 21 846 
3349 466 475 474 481 
3350 347 335 339 334 
3351 616 901 617 860 
3352 757 643 639 641 
3353 555 564 562 558 
3354 331 329 332 338 
3355 761 773 777 760 
3356 368 370 364 468 
3357 103 106 102 115 
3358 457 470 453 469 
3359 721 722 702 720 
3360 109 105 106 125 
3361 142 154 146 145 
3362 654 630 626 628 
3363 552 556 557 268 
3364 798 808 797 796 
3365 604 309 315 881 
3366 102 106 105 118 
3367 794 782 793 850 
3368 94 90 93 95 
3369 646 649 645 651 
3370 795 794 793 850 
3371 408 407 397 931 
3372 459 457 453 469 
3373 12 911 923 927 
3374 90 106 112 123 
3375 258 221 249 265 
3376 261 255 253 254 
3377 422 464 434 480 
3378 678 748 10 927 
3379 361 619 409 682 
3380 442 406 519 440 
3381 861 901 302 617 
3382 367 370 364 368 
3383 770 777 781 760 
3384 423 433 420 431 
3385 600 601 605 924 
3386 651 623 647 784 
3387 899 907 894 929 
3388 256 265 266 253 
3389 616 901 613 617 
3390 639 638 757 641 
3391 461 465 472 471 
3392 543 535 542 549 
3393 126 221 247 234 
3394 592 594 585 591 
3395 607 609 599 614 
3396 785 767 783 787 
3397 543 542 534 546 
3398 108 124 126 142 
3399 118 102 106 116 
3400 329 335 332 338 
3401 519 537 531 442 
3402 676 678 923 927 
3403 637 638 757 377 
3404 8 7 9 754 
3405 861 617 302 918 
3406 872 325 895 329 
3407 587 275 588 590 
3408 384 382 127 916 
3409 99 385 388 413 
3410 123 112 90 119 
3411 612 596 613 903 
3412 558 530 555 564 
3413 547 540 546 548 
3414 401 394 395 404 
3415 79 77 76 225 
3416 634 373 374 375 
3417 371 370 366 367 
3418 317 606 566 881 
3419 125 105 106 118 
3420 886 276 907 919 
3421 853 678 51 927 
3422 153 124 107 145 
3423 341 352 606 343 
3424 116 102 106 115 
3425 697 718 715 699 
3426 124 154 126 142 
3427 779 787 767 780 
3428 529 535 543 549 
3429 282 864 894 921 
3430 885 886 907 919 
3431 370 373 375 371 
3432 91 100 96 95 
3433 114 116 115 102 
3434 480 489 492 478 
3435 364 366 370 367 
3436 522 537 442 539 
3437 3 36 806 856 
3438 67 72 65 922 
3439 819 815 816 501 
3440 694 442 537 835 
3441 570 317 566 881 
3442 471 465 472 481 
3443 329 331 336 338 
3444 614 609 599 869 
3445 362 435 436 409 
3446 894 864 892 921 
3447 556 558 562 560 
3448 127 382 879 916 
3449 344 345 342 350 
3450 864 58 863 865 
3451 79 71 80 227 
3452 868 867 889 909 
3453 36 3 37 856 
3454 125 102 105 118 
3455 304 317 570 881 
3456 734 720 721 732 
3457 154 142 153 145 
3458 373 374 375 371 
3459 489 480 464 478 
3460 876 355 882 356 
3461 650 655 630 652 
3462 354 355 876 356 
3463 581 538 541 547 
3464 794 792 782 850 
3465 461 472 459 471 
3466 317 341 606 316 
3467 1 10 32 749 
3468 896 276 886 919 
3469 228 83 241 922 
3470 579 574 567 541 
3471 567 568 576 569 
3472 806 802 3 856 
3473 79 78 71 70 
3474 94 91 100 386 
3475 94 97 386 389 
3476 585 589 592 591 
3477 321 241 83 922 
3478 264 351 554 563 
3479 76 78 77 79 
3480 802 37 3 856 
3481 542 567 576 535 
3482 780 787 785 788 
3483 638 634 635 377 
3484 783 757 767 785 
3485 71 78 79 80 
3486 133 135 130 140 
3487 904 354 876 878 
3488 549 535 576 569 
3489 369 368 365 468 
3490 576 575 568 567 
3491 594 500 499 914 
3492 761 777 770 760 
3493 246 250 160 259 
3494 97 99 98 119 
3495 440 692 441 915 
3496 535 564 529 569 
3497 546 543 542 549 
3498 335 339 345 347 
3499 564 535 549 569 
3500 386 91 100 390 
3501 498 810 497 914 
3502 787 768 767 780 
3503 785 768 767 787 
3504 228 241 229 922 
3505 72 66 80 81 
3506 737 799 756 846 
3507 896 273 276 919 
3508 841 839 836 695 
3509 76 78 79 70 
3510 156 157 160 150 
3511 321 83 87 922 
3512 3 35 37 802 
3513 519 537 442 522 
3514 47 42 41 43 
3515 51 678 10 927 
3516 246 160 157 150 
3517 474 472 465 481 
3518 162 137 411 446 
3519 8 9 27 754 
3520 699 702 722 720 
3521 331 330 329 336 
3522 540 548 533 546 
3523 113 134 112 115 
3524 770 781 777 768 
3525 232 65 231 922 
3526 395 387 394 390 
3527 405 401 403 404 
3528 22 35 3 746 
3529 775 766 767 758 
3530 47 818 49 52 
3531 861 596 617 918 
3532 596 861 887 918 
3533 316 606 317 881 
3534 613 612 903 861 
3535 377 635 638 636 
3536 692 440 691 915 
3537 777 769 770 768 
3538 586 587 583 582 
3539 35 3 746 802 
3540 232 229 240 922 
3541 377 634 376 375 
3542 143 111 117 151 
3543 176 181 175 908 
3544 767 776 779 780 
3545 611 584 582 598 
3546 389 394 387 390 
3547 588 586 587 590 
3548 73 83 228 922 
3549 86 272 886 919 
3550 139 162 137 411 
3551 106 112 116 115 
3552 888 887 869 903 
3553 772 773 761 759 
3554 494 490 487 759 
3555 882 859 355 876 
3556 393 414 392 413 
3557 47 818 43 49 
3558 499 593 594 595 
3559 80 71 78 66 
3560 636 638 757 639 
3561 576 542 535 549 
3562 107 111 117 143 
3563 569 568 561 560 
3564 347 345 344 350 
3565 317 341 349 606 
3566 249 253 252 254 
3567 634 376 635 377 
3568 448 447 444 445 
3569 228 229 73 922 
3570 12 923 853 927 
3571 767 776 766 775 
3572 567 576 575 579 
3573 240 241 321 922 
3574 535 529 564 549 
3575 896 886 273 919 
3576 902 67 65 922 
3577 131 393 99 413 
3578 440 406 519 915 
3579 758 757 767 783 
3580 86 85 886 272 
3581 231 229 232 922 
3582 638 757 377 636 
3583 582 583 586 598 
3584 240 874 321 241 
3585 421 693 433 536 
3586 241 240 229 922 
3587 885 186 886 919 
3588 275 589 592 585 
3589 86 886 186 919 
3590 1 10 33 32 
3591 386 389 387 390 
3592 37 35 3 36 
3593 893 58 864 865 
3594 809 813 814 815 
3595 583 582 584 598 
3596 607 599 610 614 
3597 903 887 596 861 
3598 116 112 134 115 
3599 886 272 273 919 
3600 140 412 138 130 
3601 240 326 325 874 
3602 275 588 590 592 
3603 84 85 274 886 
3604 137 139 158 161 
3605 263 257 269 256 
3606 33 45 1 32 
3607 137 162 139 161 
3608 262 257 256 255 
3609 594 593 499 500 
3610 574 567 575 579 
3611 86 85 84 886 
3612 321 87 866 922 
3613 171 169 164 168 
3614 262 257 263 256 
3615 886 85 273 272 
3616 500 594 593 591 
3617 886 84 86 186 
3618 158 139 132 136 
3619 588 275 589 592 
3620 501 816 819 817 
3621 337 875 333 862 
3622 274 85 273 886 
3623 186 886 84 885 
3624 878 904 898 897 
3625 141 107 117 143 
3626 594 500 585 591 
3627 273 896 274 886 
3628 858 866 87 922 
3629 867 869 889 870 
3630 869 868 867 889 
3631 67 66 65 72 
3632 126 125 108 129 
3633 599 903 888 869 
3634 903 599 888 612 
3635 878 897 895 877 
3636 858 864 866 884 
3637 324 329 332 895 
3638 291 295 289 864 
3639 130 137 138 411 
3640 291 884 864 286 
3641 215 253 265 220 
3642 861 866 884 859 
3643 103 117 120 115 
3644 251 248 246 252 
3645 114 153 124 107 
3646 135 132 113 130 
3647 140 99 413 131 
3648 127 40 42 663 
3649 694 540 538 695 
3650 694 540 537 538 
3651 663 382 127 384 
3652 39 40 668 665 
3653 668 42 40 663 
3654 32 727 51 633 
3655 784 711 714 684 
3656 687 684 682 622 
3657 5 4 6 755 
3658 493 778 773 774 
3659 694 538 536 695 
3660 694 538 537 536 
3661 349 555 256 317 
3662 903 599 596 598 
3663 142 141 107 145 
3664 786 767 704 702 
3665 215 253 216 265 
3666 899 885 894 907 
3667 894 885 886 907 
3668 886 861 894 907 
3669 861 886 889 907 
3670 43 13 12 911 
3671 815 813 814 914 
3672 169 273 166 919 
3673 292 284 300 922 
3674 10 2 12 927 
3675 2 11 12 927 
3676 581 541 579 547 
3677 181 498 814 501 
3678 181 814 498 914 
3679 815 181 814 501 
3680 815 814 181 914 
3681 889 294 861 907 
3682 601 319 318 314 
3683 601 318 319 605 
3684 781 773 760 777 
3685 781 760 773 778 
3686 922 292 884 859 
3687 291 884 292 859 
3688 291 292 884 286 
3689 751 2 733 734 
3690 751 733 2 847 
3691 830 733 2 734 
3692 830 2 733 847 
3693 501 818 52 817 
3694 58 53 921 55 
3695 921 53 58 893 
3696 692 404 405 670 
3697 513 691 405 670 
3698 513 405 691 915 
3699 691 692 405 670 
3700 691 405 692 915 
3701 633 34 740 20 
3702 633 740 34 45 
3703 649 653 650 654 
3704 649 650 653 652 
3705 127 916 925 384 
3706 925 383 127 384 
3707 755 753 3 745 
3708 617 311 860 302 
3709 617 860 311 313 
3710 303 860 311 302 
3711 303 311 860 313 
3712 387 388 386 385 
3713 387 386 388 389 
3714 97 386 388 385 
3715 97 388 386 389 
3716 702 720 701 706 
3717 523 515 916 521 
3718 916 515 523 914 
3719 411 130 140 138 
3720 799 44 850 795 
3721 799 850 44 846 
3722 923 679 927 911 
3723 923 927 679 676 
3724 661 660 852 851 
3725 2 9 734 27 
3726 2 734 9 845 
3727 795 44 797 799 
3728 795 797 44 808 
3729 749 45 727 32 
3730 749 727 45 744 
3731 705 724 792 703 
3732 792 724 705 794 
3733 931 430 408 419 
3734 931 408 430 432 
3735 416 408 430 419 
3736 416 430 408 432 
3737 702 724 708 703 
3738 672 688 410 620 
3739 672 410 688 690 
3740 522 833 550 524 
3741 550 833 522 823 
3742 506 182 508 505 
3743 506 508 182 925 
3744 444 447 452 450 
3745 451 452 447 450 
3746 451 447 452 449 
3747 905 919 275 169 
3748 275 919 905 909 
3749 920 288 921 212 
3750 920 921 288 912 
3751 511 924 917 526 
3752 917 924 511 906 
3753 521 823 915 691 
3754 713 624 687 716 
3755 687 624 713 622 
3756 687 715 713 716 
3757 713 715 687 622 
3758 523 516 914 515 
3759 523 914 516 603 
3760 919 186 891 885 
3761 891 186 919 56 
3762 914 602 516 603 
3763 539 833 550 834 
3764 539 550 833 524 
3765 702 707 844 723 
3766 844 707 702 708 
3767 439 397 441 438 
3768 748 10 750 1 
3769 748 750 10 927 
3770 2 750 10 1 
3771 2 10 750 927 
3772 138 446 137 443 
3773 138 137 446 411 
3774 553 256 263 269 
3775 29 24 155 28 
3776 29 155 24 660 
3777 906 918 583 909 
3778 583 275 906 909 
3779 42 911 663 668 
3780 818 819 501 820 
3781 818 501 819 817 
3782 677 726 913 631 
3783 677 913 726 729 
3784 661 23 660 662 
3785 661 660 23 852 
3786 22 660 23 662 
3787 732 733 838 842 
3788 721 732 838 842 
3789 707 721 838 842 
3790 929 290 894 287 
3791 929 894 290 907 
3792 440 431 406 439 
3793 402 406 431 439 
3794 402 431 406 423 
3795 920 222 504 214 
3796 920 504 222 502 
3797 276 907 889 886 
3798 453 448 451 452 
3799 451 448 453 458 
3800 435 931 409 362 
3801 435 409 931 620 
3802 407 409 931 362 
3803 39 665 14 40 
3804 14 665 39 15 
3805 14 38 39 40 
3806 920 502 129 125 
3807 920 211 129 213 
3808 767 786 768 785 
3809 767 768 786 704 
3810 516 602 545 603 
3811 545 544 516 603 
3812 749 677 748 678 
3813 920 222 129 502 
3814 920 129 222 213 
3815 631 913 627 726 
3816 296 305 924 298 
3817 924 305 296 306 
3818 835 539 442 537 
3819 835 442 539 834 
3820 724 843 708 703 
3821 840 843 708 844 
3822 840 708 843 703 
3823 435 687 620 686 
3824 435 620 687 683 
3825 835 827 837 834 
3826 837 827 835 842 
3827 643 783 757 758 
3828 757 783 643 644 
3829 548 539 540 533 
3830 548 540 539 835 
3831 786 704 781 771 
3832 786 781 704 770 
3833 760 781 704 771 
3834 760 704 781 770 
3835 516 518 545 517 
3836 516 545 518 544 
3837 117 111 103 120 
3838 428 418 427 429 
3839 428 427 418 358 
3840 331 323 329 330 
3841 331 329 323 328 
3842 925 495 127 383 
3843 35 855 25 30 
3844 35 25 855 804 
3845 31 25 855 30 
3846 48 23 25 26 
3847 863 883 203 884 
3848 203 883 863 57 
3849 923 667 16 675 
3850 755 3 7 5 
3851 434 429 454 422 
3852 434 454 429 427 
3853 880 454 429 422 
3854 880 429 454 427 
3855 732 838 720 721 
3856 707 838 720 706 
3857 707 720 838 721 
3858 35 22 662 746 
3859 35 662 22 25 
3860 800 35 662 746 
3861 800 662 35 25 
3862 804 800 35 25 
3863 285 286 884 284 
3864 285 884 286 864 
3865 50 742 743 738 
3866 743 742 50 19 
3867 743 632 50 738 
3868 50 632 743 19 
3869 92 189 391 505 
3870 916 523 823 821 
3871 916 823 523 521 
3872 59 863 58 57 
3873 824 827 833 837 
3874 684 619 685 682 
3875 681 685 619 682 
3876 681 619 685 618 
3877 914 181 925 908 
3878 914 925 181 495 
3879 925 181 180 908 
3880 925 180 181 495 
3881 178 506 180 908 
3882 506 925 180 908 
3883 715 699 719 717 
3884 872 866 325 873 
3885 240 321 866 922 
3886 854 23 25 48 
3887 25 23 854 661 
3888 826 916 823 821 
3889 823 916 826 910 
3890 34 45 1 46 
3891 92 386 390 91 
3892 92 390 386 387 
3893 719 689 913 717 
3894 719 913 689 698 
3895 620 688 689 624 
3896 620 689 688 686 
3897 771 782 786 792 
3898 771 786 782 778 
3899 406 442 431 440 
3900 406 431 442 423 
3901 786 699 722 718 
3902 786 722 699 702 
3903 427 418 363 880 
3904 427 363 418 358 
3905 918 590 583 598 
3906 918 583 590 587 
3907 586 583 590 598 
3908 586 590 583 587 
3909 66 65 80 64 
3910 66 80 65 72 
3911 231 80 65 64 
3912 80 227 64 231 
3913 64 227 80 71 
3914 889 584 598 583 
3915 889 598 584 611 
3916 513 915 519 406 
3917 519 915 513 520 
3918 268 263 256 262 
3919 268 256 263 553 
3920 752 2 750 751 
3921 245 74 225 69 
3922 225 74 245 239 
3923 308 876 859 301 
3924 308 859 876 355 
3925 603 523 550 516 
3926 603 550 523 821 
3927 923 928 674 913 
3928 923 674 928 673 
3929 672 674 928 913 
3930 672 928 674 673 
3931 126 208 247 216 
3932 929 56 919 54 
3933 129 211 209 208 
3934 209 211 129 105 
3935 640 643 757 758 
3936 757 643 640 639 
3937 757 636 640 758 
3938 640 636 757 639 
3939 755 7 754 21 
3940 527 545 924 601 
3941 924 545 527 518 
3942 875 333 340 337 
3943 397 392 400 398 
3944 397 400 392 408 
3945 696 841 840 708 
3946 50 630 653 632 
3947 559 562 556 558 
3948 559 556 562 557 
3949 843 723 708 844 
3950 843 708 723 724 
3951 702 708 723 844 
3952 702 723 708 724 
3953 521 522 823 523 
3954 521 823 522 915 
3955 825 824 833 823 
3956 825 833 824 827 
3957 29 22 660 24 
3958 29 660 22 746 
3959 492 489 571 478 
3960 492 571 489 764 
3961 571 763 764 492 
3962 571 764 763 848 
3963 746 801 35 802 
3964 37 35 801 802 
3965 169 905 171 175 
3966 169 171 905 168 
3967 172 171 905 175 
3968 172 905 171 168 
3969 916 815 914 813 
3970 712 622 710 711 
3971 710 622 712 625 
3972 685 621 619 684 
3973 619 621 685 618 
3974 126 208 243 247 
3975 836 548 839 835 
3976 839 548 836 695 
3977 922 73 902 67 
3978 69 195 245 74 
3979 245 195 69 194 
3980 786 757 784 785 
3981 910 663 879 127 
3982 382 879 663 127 
3983 382 663 879 664 
3984 43 820 47 42 
3985 43 47 820 818 
3986 127 47 820 42 
3987 127 820 47 818 
3988 467 476 491 488 
3989 491 475 467 488 
3990 261 260 249 258 
3991 249 260 261 254 
3992 249 253 261 258 
3993 261 253 249 254 
3994 669 823 910 691 
3995 910 823 669 824 
3996 592 906 594 602 
3997 734 735 9 845 
3998 734 9 735 736 
3999 674 673 667 666 
4000 923 667 673 666 
4001 538 572 581 578 
4002 538 581 572 571 
4003 762 759 493 487 
4004 762 493 759 773 
4005 195 126 207 243 
4006 195 207 126 108 
4007 208 207 126 243 
4008 208 126 207 108 
4009 434 363 452 454 
4010 111 122 121 132 
4011 111 121 122 120 
4012 317 555 566 349 
4013 317 566 555 530 
4014 434 453 455 454 
4015 434 455 453 470 
4016 471 434 455 462 
4017 471 455 434 470 
4018 81 228 73 82 
4019 81 73 228 229 
4020 295 280 861 302 
4021 295 861 280 294 
4022 360 359 425 361 
4023 425 359 360 357 
4024 488 462 467 477 
4025 53 56 929 54 
4026 929 56 53 899 
4027 558 535 569 568 
4028 558 569 535 529 
4029 404 397 394 387 
4030 398 397 394 399 
4031 398 394 397 387 
4032 361 362 436 409 
4033 436 362 361 359 
4034 915 522 440 823 
4035 915 440 522 519 
4036 833 440 522 823 
4037 513 404 403 381 
4038 513 403 404 405 
4039 183 180 925 495 
4040 859 861 302 295 
4041 302 861 859 860 
4042 302 303 859 295 
4043 859 303 302 860 
4044 238 235 243 234 
4045 238 243 235 237 
4046 247 238 243 234 
4047 247 243 238 237 
4048 244 247 238 237 
4049 677 676 923 680 
4050 923 676 677 678 
4051 280 861 889 294 
4052 463 465 462 481 
4053 463 462 465 460 
4054 471 462 465 481 
4055 471 465 462 460 
4056 558 564 569 529 
4057 558 569 564 562 
4058 476 475 491 483 
4059 491 475 476 467 
4060 106 93 110 128 
4061 106 110 93 90 
4062 932 827 824 837 
4063 932 824 827 828 
4064 585 592 906 594 
4065 585 906 592 275 
4066 329 872 332 895 
4067 329 332 872 328 
4068 333 332 872 895 
4069 333 872 332 328 
4070 544 524 533 532 
4071 544 533 524 550 
4072 445 137 446 444 
4073 446 137 445 162 
4074 446 447 445 444 
4075 445 447 446 162 
4076 794 846 850 799 
4077 850 846 794 843 
4078 914 595 497 499 
4079 914 497 595 822 
4080 735 724 843 723 
4081 843 724 735 737 
4082 419 359 428 358 
4083 428 359 419 362 
4084 351 341 563 264 
4085 563 341 351 352 
4086 914 810 813 498 
4087 914 813 810 811 
4088 809 813 810 498 
4089 809 810 813 811 
4090 916 501 914 815 
4091 777 780 768 781 
4092 775 779 767 776 
4093 481 463 488 462 
4094 481 488 463 466 
4095 467 488 463 462 
4096 467 463 488 466 
4097 175 905 275 169 
4098 275 905 175 908 
4099 900 899 929 53 
4100 929 899 900 894 
4101 929 921 900 53 
4102 900 921 929 894 
4103 253 265 258 249 
4104 253 258 265 266 
4105 321 866 325 240 
4106 774 782 771 850 
4107 774 771 782 778 
4108 682 409 683 619 
4109 682 683 409 436 
4110 908 180 179 181 
4111 908 179 180 178 
4112 139 132 137 158 
4113 908 176 179 173 
4114 908 179 176 181 
4115 679 680 923 676 
4116 679 923 680 730 
4117 471 453 469 459 
4118 471 469 453 470 
4119 802 805 856 806 
4120 856 805 802 801 
4121 149 154 148 156 
4122 148 154 149 147 
4123 701 824 932 669 
4124 932 824 701 837 
4125 135 133 113 122 
4126 135 113 133 130 
4127 447 448 452 449 
4128 447 452 448 444 
4129 822 812 914 497 
4130 822 914 812 811 
4131 810 914 812 497 
4132 810 812 914 811 
4133 316 304 881 317 
4134 316 881 304 315 
4135 99 97 385 119 
4136 99 385 97 388 
4137 329 323 326 330 
4138 329 326 323 325 
4139 541 549 576 579 
4140 576 549 541 542 
4141 576 567 541 579 
4142 541 567 576 542 
4143 383 496 925 495 
4144 383 925 496 379 
4145 182 496 925 379 
4146 611 608 889 599 
4147 889 608 611 584 
4148 610 607 608 599 
4149 608 607 610 584 
4150 611 610 608 599 
4151 608 610 611 584 
4152 859 616 617 860 
4153 859 617 616 882 
4154 701 671 930 700 
4155 930 671 701 669 
4156 623 626 709 645 
4157 623 709 626 621 
4158 895 866 325 872 
4159 123 94 90 93 
4160 90 94 123 119 
4161 153 117 141 107 
4162 141 117 153 152 
4163 141 145 153 107 
4164 153 145 141 152 
4165 858 73 922 87 
4166 922 73 858 902 
4167 325 321 873 866 
4168 325 873 321 322 
4169 87 873 321 866 
4170 87 321 873 322 
4171 266 253 268 256 
4172 922 73 72 229 
4173 922 72 73 67 
4174 777 761 769 772 
4175 769 761 777 770 
4176 513 514 916 512 
4177 513 916 514 520 
4178 338 345 335 339 
4179 335 345 338 336 
4180 613 861 617 901 
4181 922 884 858 866 
4182 165 86 919 163 
4183 165 919 86 186 
4184 60 61 926 62 
4185 60 926 61 55 
4186 89 90 95 88 
4187 89 95 90 91 
4188 96 89 95 88 
4189 96 95 89 91 
4190 101 96 89 91 
4191 13 39 14 38 
4192 13 14 39 15 
4193 34 29 746 742 
4194 746 29 34 22 
4195 746 3 34 742 
4196 34 3 746 22 
4197 501 47 818 127 
4198 501 818 47 52 
4199 859 291 861 295 
4200 859 861 291 884 
4201 864 861 291 295 
4202 864 291 861 884 
4203 900 893 921 892 
4204 921 893 900 53 
4205 338 337 340 333 
4206 340 337 338 339 
4207 346 340 338 339 
4208 332 346 338 339 
4209 350 270 351 271 
4210 350 351 270 342 
4211 264 270 351 342 
4212 264 553 270 269 
4213 264 270 553 554 
4214 271 270 553 269 
4215 271 553 270 554 
4216 553 555 562 557 
4217 342 351 344 350 
4218 347 344 351 350 
4219 347 351 344 352 
4220 292 922 301 859 
4221 292 301 922 300 
4222 314 305 924 306 
4223 314 924 305 318 
4224 192 109 209 193 
4225 192 209 109 62 
4226 244 216 221 247 
4227 527 219 220 304 
4228 555 266 256 525 
4229 111 104 117 103 
4230 111 117 104 107 
4231 114 104 117 107 
4232 880 414 418 138 
4233 880 418 414 416 
4234 137 130 139 411 
4235 137 139 130 132 
4236 140 139 130 411 
4237 179 89 506 174 
4238 506 89 179 178 
4239 506 908 179 174 
4240 179 908 506 178 
4241 384 379 925 383 
4242 384 925 379 380 
4243 839 840 696 841 
4244 839 696 840 849 
4245 677 631 923 853 
4246 677 923 631 674 
4247 675 923 631 853 
4248 675 631 923 674 
4249 16 853 923 675 
4250 16 923 853 12 
4251 51 927 12 853 
4252 674 627 913 672 
4253 913 627 674 631 
4254 727 631 741 627 
4255 727 741 631 633 
4256 629 741 631 627 
4257 629 631 741 633 
4258 751 730 847 679 
4259 751 847 730 731 
4260 720 699 701 719 
4261 720 701 699 702 
4262 743 19 739 20 
4263 743 739 19 632 
4264 633 739 19 20 
4265 633 19 739 632 
4266 633 853 727 51 
4267 633 727 853 631 
4268 749 727 853 51 
4269 410 409 931 407 
4270 410 931 409 620 
4271 688 931 410 620 
4272 626 622 710 625 
4273 710 622 626 621 
4274 469 468 457 470 
4275 469 365 468 369 
4276 469 468 365 457 
4277 800 801 35 746 
4278 35 801 800 804 
4279 768 777 767 780 
4280 768 767 777 769 
4281 766 777 767 769 
4282 786 702 792 722 
4283 786 792 702 704 
4284 703 792 702 722 
4285 703 702 792 704 
4286 694 537 531 536 
4287 694 531 537 442 
4288 433 693 531 536 
4289 433 531 693 442 
4290 693 694 531 536 
4291 693 531 694 442 
4292 846 6 756 21 
4293 846 756 6 44 
4294 747 745 1 750 
4295 3 745 1 34 
4296 413 412 393 414 
4297 413 393 412 130 
4298 138 393 412 414 
4299 138 412 393 130 
4300 102 115 104 103 
4301 102 104 115 114 
4302 117 104 115 103 
4303 117 115 104 114 
4304 784 718 757 786 
4305 748 726 677 749 
4306 748 677 726 729 
4307 522 520 915 519 
4308 522 915 520 521 
4309 699 757 718 786 
4310 699 718 757 697 
4311 659 155 653 50 
4312 659 653 155 655 
4313 630 653 155 50 
4314 630 155 653 655 
4315 125 105 124 108 
4316 125 124 105 102 
4317 107 124 105 108 
4318 107 105 124 102 
4319 20 19 742 743 
4320 720 699 718 722 
4321 289 294 894 295 
4322 861 894 294 295 
4323 861 294 894 907 
4324 13 12 923 16 
4325 923 12 13 911 
4326 397 400 401 399 
4327 401 400 397 915 
4328 915 400 441 402 
4329 915 441 400 397 
4330 439 441 415 402 
4331 439 415 441 397 
4332 441 400 415 402 
4333 441 415 400 397 
4334 284 884 292 286 
4335 284 292 884 922 
4336 12 10 51 159 
4337 12 51 10 927 
4338 916 670 910 691 
4339 916 910 670 928 
4340 669 910 670 691 
4341 669 670 910 928 
4342 906 516 914 602 
4343 906 914 516 510 
4344 686 435 931 620 
4345 931 435 686 437 
4346 931 688 686 620 
4347 686 688 931 437 
4348 832 730 679 847 
4349 832 679 730 911 
4350 927 832 679 847 
4351 927 679 832 911 
4352 11 832 927 847 
4353 11 927 832 911 
4354 906 516 545 517 
4355 906 545 516 602 
4356 776 777 767 766 
4357 776 767 777 780 
4358 34 20 19 742 
4359 19 20 34 17 
4360 34 18 19 17 
4361 745 744 1 34 
4362 745 1 744 747 
4363 45 1 744 34 
4364 268 552 256 553 
4365 268 256 552 266 
4366 555 256 552 553 
4367 555 552 256 266 
4368 905 173 908 174 
4369 172 177 905 174 
4370 172 905 177 175 
4371 177 173 905 174 
4372 643 644 779 775 
4373 643 779 644 783 
4374 767 643 779 775 
4375 767 779 643 783 
4376 758 643 767 775 
4377 758 767 643 783 
4378 382 916 925 381 
4379 925 916 382 384 
4380 925 380 382 381 
4381 382 380 925 384 
4382 37 855 804 35 
4383 804 801 37 35 
4384 927 751 847 679 
4385 927 847 751 2 
4386 453 363 434 473 
4387 453 434 363 452 
4388 268 262 253 261 
4389 268 253 262 256 
4390 255 253 262 261 
4391 255 262 253 256 
4392 925 378 381 508 
4393 925 381 378 380 
4394 38 14 41 42 
4395 38 41 14 13 
4396 43 41 911 42 
4397 43 911 41 13 
4398 41 14 911 42 
4399 41 911 14 13 
4400 891 919 929 56 
4401 929 899 891 56 
4402 554 264 555 553 
4403 555 264 554 563 
4404 555 562 554 553 
4405 554 562 555 563 
4406 754 755 3 7 
4407 3 755 754 753 
4408 3 8 754 7 
4409 221 249 216 244 
4410 221 216 249 265 
4411 240 324 895 325 
4412 895 866 240 325 
4413 931 688 438 437 
4414 866 240 324 895 
4415 324 240 866 922 
4416 324 877 866 895 
4417 908 176 905 175 
4418 908 905 176 173 
4419 177 905 176 175 
4420 177 176 905 173 
4421 107 114 102 124 
4422 102 114 107 104 
4423 596 861 613 903 
4424 596 613 861 617 
4425 50 29 19 742 
4426 50 19 29 18 
4427 34 19 29 742 
4428 34 29 19 18 
4429 855 804 801 37 
4430 801 804 855 803 
4431 801 856 855 37 
4432 855 856 801 803 
4433 718 719 699 720 
4434 699 719 718 715 
4435 752 2 753 750 
4436 3 2 753 27 
4437 899 885 919 891 
4438 919 885 899 907 
4439 919 929 899 891 
4440 899 929 919 907 
4441 290 281 894 289 
4442 290 894 281 907 
4443 294 894 281 289 
4444 294 281 894 907 
4445 859 866 301 877 
4446 301 866 859 922 
4447 866 300 301 877 
4448 301 300 866 922 
4449 866 324 300 877 
4450 300 324 866 922 
4451 797 808 4 44 
4452 797 755 4 36 
4453 4 755 797 44 
4454 806 857 797 808 
4455 806 797 857 36 
4456 4 797 857 808 
4457 4 857 797 36 
4458 579 581 538 541 
4459 538 581 579 578 
4460 538 574 579 541 
4461 579 574 538 578 
4462 181 501 914 495 
4463 914 501 181 815 
4464 182 505 178 92 
4465 178 505 182 506 
4466 505 89 178 92 
4467 178 89 505 506 
4468 505 189 89 92 
4469 89 189 505 506 
4470 119 123 134 98 
4471 134 123 119 112 
4472 119 113 134 112 
4473 131 133 119 113 
4474 131 119 133 98 
4475 134 119 133 113 
4476 134 133 119 98 
4477 405 692 401 404 
4478 401 692 405 915 
4479 407 397 401 404 
4480 401 397 407 915 
4481 692 407 401 404 
4482 401 407 692 915 
4483 887 869 599 889 
4484 599 869 887 903 
4485 887 599 611 889 
4486 887 611 598 889 
4487 887 598 596 889 
4488 596 598 887 903 
4489 598 599 887 903 
4490 598 887 599 611 
4491 720 838 701 706 
4492 115 113 120 103 
4493 115 120 113 122 
4494 111 120 113 103 
4495 111 113 120 122 
4496 911 42 910 820 
4497 911 910 42 663 
4498 127 910 42 820 
4499 127 42 910 663 
4500 871 527 304 219 
4501 601 528 871 527 
4502 601 871 528 570 
4503 304 871 528 527 
4504 304 528 871 570 
4505 890 902 858 65 
4506 922 902 890 65 
4507 232 922 890 65 
4508 590 918 275 906 
4509 590 275 918 587 
4510 583 275 918 906 
4511 583 918 275 587 
4512 660 851 23 852 
4513 230 890 922 884 
4514 922 890 230 232 
4515 276 919 909 907 
4516 909 919 276 868 
4517 909 889 276 907 
4518 276 889 909 868 
4519 129 920 109 211 
4520 109 920 129 125 
4521 25 855 48 31 
4522 854 855 25 804 
4523 854 25 855 48 
4524 863 285 202 200 
4525 202 285 863 884 
4526 202 203 863 200 
4527 863 203 202 884 
4528 863 203 196 200 
4529 196 203 863 57 
4530 196 59 863 200 
4531 863 59 196 57 
4532 23 24 660 22 
4533 660 24 23 851 
4534 404 670 407 879 
4535 404 407 670 692 
4536 690 670 407 692 
4537 719 732 701 720 
4538 719 701 732 733 
4539 838 701 732 720 
4540 838 732 701 733 
4541 58 59 200 863 
4542 200 59 58 60 
4543 200 201 58 863 
4544 58 201 200 60 
4545 663 879 911 910 
4546 928 911 879 910 
4547 683 620 622 619 
4548 622 620 683 687 
4549 622 682 683 619 
4550 683 682 622 687 
4551 229 80 922 231 
4552 229 922 80 72 
4553 65 922 80 231 
4554 65 80 922 72 
4555 108 105 208 129 
4556 108 208 105 193 
4557 209 208 105 129 
4558 209 105 208 193 
4559 735 845 21 9 
4560 735 736 21 737 
4561 21 736 735 9 
4562 846 735 21 737 
4563 846 21 735 845 
4564 238 242 247 244 
4565 238 247 242 234 
4566 407 670 410 879 
4567 407 410 670 690 
4568 928 410 670 879 
4569 928 670 410 690 
4570 694 695 548 540 
4571 548 695 694 836 
4572 548 835 694 540 
4573 694 835 548 836 
4574 744 749 1 45 
4575 744 1 749 747 
4576 178 180 925 183 
4577 925 180 178 506 
4578 925 182 178 183 
4579 178 182 925 506 
4580 667 674 923 673 
4581 923 674 667 675 
4582 500 181 908 585 
4583 500 908 181 914 
4584 906 500 908 585 
4585 906 908 500 914 
4586 594 500 906 585 
4587 594 906 500 914 
4588 696 763 538 492 
4589 696 538 763 849 
4590 571 538 763 492 
4591 571 763 538 849 
4592 440 522 442 833 
4593 440 442 522 519 
4594 925 183 496 182 
4595 496 183 925 495 
4596 861 889 918 280 
4597 861 918 889 887 
4598 101 91 92 391 
4599 92 91 101 89 
4600 92 189 101 391 
4601 101 189 92 89 
4602 754 753 2 27 
4603 2 753 754 752 
4604 2 734 754 27 
4605 754 734 2 752 
4606 754 27 3 753 
4607 3 27 754 8 
4608 501 495 925 914 
4609 925 495 501 127 
4610 925 916 501 914 
4611 501 916 925 127 
4612 529 530 570 543 
4613 570 549 529 543 
4614 530 566 529 570 
4615 530 529 566 564 
4616 549 529 566 570 
4617 549 566 529 564 
4618 542 540 547 541 
4619 547 540 542 546 
4620 547 549 542 541 
4621 542 549 547 546 
4622 668 665 666 664 
4623 666 665 668 911 
4624 668 666 663 664 
4625 663 666 668 911 
4626 928 879 663 664 
4627 663 879 928 911 
4628 666 928 663 664 
4629 663 928 666 911 
4630 261 268 266 253 
4631 266 268 261 267 
4632 266 258 261 253 
4633 261 258 266 267 
4634 858 922 890 884 
4635 890 922 858 902 
4636 96 89 189 101 
4637 96 189 89 88 
4638 340 338 875 346 
4639 340 875 338 333 
4640 332 875 338 346 
4641 332 338 875 333 
4642 270 351 554 264 
4643 270 554 351 271 
4644 341 351 343 342 
4645 341 343 351 352 
4646 344 343 351 342 
4647 344 351 343 352 
4648 527 504 215 219 
4649 215 504 527 224 
4650 215 220 527 219 
4651 527 220 215 224 
4652 135 130 139 132 
4653 135 139 130 140 
4654 745 1 2 3 
4655 2 1 745 750 
4656 2 753 745 3 
4657 745 753 2 750 
4658 727 853 678 749 
4659 727 678 853 631 
4660 677 727 678 749 
4661 677 678 727 631 
4662 726 727 677 749 
4663 726 677 727 631 
4664 438 931 690 688 
4665 438 690 931 407 
4666 410 690 931 688 
4667 410 931 690 407 
4668 757 784 711 718 
4669 711 784 757 684 
4670 711 697 757 718 
4671 757 697 711 684 
4672 923 16 14 13 
4673 14 16 923 667 
4674 14 911 923 13 
4675 923 911 14 667 
4676 401 397 394 404 
4677 394 397 401 399 
$EndElements
