# Blender 4.3.2
# www.blender.org
mtllib Gum_Visual2.mtl
o Gum_Visual2
v -0.015351 -0.018429 0.031418
v -0.014786 -0.018669 0.032032
v -0.015124 -0.018984 0.031440
v -0.015108 -0.018545 0.031675
v -0.016576 -0.013699 0.031377
v -0.015958 -0.013701 0.032639
v -0.015943 -0.014956 0.032000
v -0.016053 -0.014327 0.032117
v -0.016176 -0.013702 0.032230
v -0.015996 -0.016250 0.031414
v -0.016067 -0.015603 0.031501
v -0.016159 -0.014959 0.031592
v -0.016271 -0.014328 0.031689
v -0.016389 -0.013702 0.031793
v -0.015371 -0.014343 0.033290
v -0.015497 -0.013710 0.033417
v -0.015366 -0.015604 0.032663
v -0.015485 -0.014967 0.032783
v -0.015609 -0.014337 0.032906
v -0.015738 -0.013706 0.033026
v -0.015295 -0.017451 0.031958
v -0.015409 -0.016847 0.032071
v -0.015511 -0.016233 0.032175
v -0.015611 -0.015600 0.032280
v -0.015722 -0.014961 0.032387
v -0.015840 -0.014331 0.032513
v -0.015444 -0.018010 0.031490
v -0.015553 -0.017447 0.031597
v -0.015669 -0.016853 0.031695
v -0.015768 -0.016240 0.031790
v -0.015849 -0.015601 0.031892
v -0.014708 -0.013698 0.034498
v -0.014727 -0.014958 0.033891
v -0.014860 -0.014332 0.034021
v -0.014989 -0.013705 0.034151
v -0.014747 -0.016236 0.033287
v -0.014867 -0.015600 0.033407
v -0.014992 -0.014967 0.033533
v -0.015125 -0.014340 0.033657
v -0.015250 -0.013711 0.033788
v -0.014767 -0.017484 0.032674
v -0.014885 -0.016859 0.032805
v -0.015002 -0.016235 0.032921
v -0.015123 -0.015604 0.033033
v -0.015244 -0.014970 0.033161
v -0.014905 -0.018077 0.032178
v -0.015032 -0.017468 0.032313
v -0.015148 -0.016851 0.032435
v -0.015257 -0.016231 0.032550
v -0.015186 -0.018034 0.031821
v -0.016595 -0.009963 0.032661
v -0.016607 -0.009332 0.032674
v -0.016590 -0.008704 0.032650
v -0.016595 -0.011842 0.032049
v -0.016649 -0.011211 0.032123
v -0.016696 -0.010584 0.032190
v -0.016743 -0.009961 0.032240
v -0.016761 -0.009333 0.032255
v -0.016739 -0.008707 0.032231
v -0.016659 -0.013081 0.031478
v -0.016712 -0.012461 0.031553
v -0.016763 -0.011840 0.031610
v -0.016822 -0.011212 0.031655
v -0.016873 -0.010583 0.031704
v -0.016922 -0.009958 0.031746
v -0.016946 -0.009334 0.031764
v -0.016920 -0.008710 0.031747
v -0.015974 -0.010584 0.033897
v -0.016017 -0.009957 0.033936
v -0.016034 -0.009332 0.033954
v -0.016042 -0.008713 0.033955
v -0.015947 -0.012443 0.033259
v -0.016043 -0.011824 0.033361
v -0.016120 -0.011204 0.033444
v -0.016181 -0.010584 0.033498
v -0.016235 -0.009960 0.033527
v -0.016258 -0.009332 0.033541
v -0.016259 -0.008710 0.033540
v -0.016058 -0.013074 0.032754
v -0.016149 -0.012448 0.032846
v -0.016244 -0.011829 0.032919
v -0.016323 -0.011206 0.032987
v -0.016386 -0.010585 0.033038
v -0.016442 -0.009962 0.033072
v -0.016457 -0.009332 0.033083
v -0.016449 -0.008706 0.033075
v -0.016281 -0.013081 0.032324
v -0.016364 -0.012459 0.032398
v -0.016438 -0.011838 0.032468
v -0.016497 -0.011209 0.032545
v -0.016547 -0.010584 0.032610
v -0.016477 -0.013082 0.031891
v -0.016538 -0.012461 0.031973
v -0.015324 -0.011813 0.034490
v -0.015410 -0.011196 0.034561
v -0.015478 -0.010577 0.034614
v -0.015521 -0.009953 0.034660
v -0.015547 -0.009329 0.034688
v -0.015561 -0.008709 0.034699
v -0.015367 -0.013082 0.033908
v -0.015486 -0.012445 0.034026
v -0.015595 -0.011819 0.034137
v -0.015686 -0.011201 0.034208
v -0.015753 -0.010582 0.034259
v -0.015796 -0.009956 0.034303
v -0.015817 -0.009331 0.034327
v -0.015823 -0.008711 0.034329
v -0.015621 -0.013081 0.033538
v -0.015740 -0.012448 0.033646
v -0.015844 -0.011824 0.033756
v -0.015920 -0.011204 0.033838
v -0.015848 -0.013075 0.033147
v -0.014743 -0.011823 0.035143
v -0.014812 -0.011198 0.035211
v -0.014865 -0.010575 0.035263
v -0.014904 -0.009953 0.035298
v -0.014917 -0.009331 0.035307
v -0.014910 -0.008713 0.035297
v -0.014833 -0.013074 0.034613
v -0.014944 -0.012445 0.034726
v -0.015046 -0.011821 0.034825
v -0.015120 -0.011198 0.034892
v -0.015175 -0.010575 0.034943
v -0.015217 -0.009952 0.034984
v -0.015242 -0.009329 0.035008
v -0.015251 -0.008710 0.035016
v -0.015111 -0.013078 0.034262
v -0.015221 -0.012444 0.034379
v -0.016713 -0.008082 0.032168
v -0.016629 -0.007464 0.032053
v -0.016879 -0.008085 0.031700
v -0.016811 -0.007464 0.031613
v -0.016681 -0.006878 0.031477
v -0.016539 -0.006299 0.031328
v -0.016017 -0.008105 0.033924
v -0.015933 -0.007508 0.033838
v -0.016217 -0.008098 0.033513
v -0.016106 -0.007495 0.033419
v -0.015962 -0.006896 0.033267
v -0.016406 -0.008088 0.033045
v -0.016283 -0.007479 0.032957
v -0.016117 -0.006883 0.032819
v -0.015949 -0.006292 0.032650
v -0.016563 -0.008083 0.032593
v -0.016454 -0.007470 0.032488
v -0.016294 -0.006878 0.032353
v -0.016137 -0.006288 0.032189
v -0.015957 -0.005708 0.031995
v -0.016484 -0.006877 0.031902
v -0.016331 -0.006298 0.031747
v -0.016171 -0.005764 0.031591
v -0.016012 -0.005415 0.031450
v -0.015535 -0.008107 0.034669
v -0.015462 -0.007575 0.034602
v -0.015370 -0.007194 0.034537
v -0.015795 -0.008106 0.034299
v -0.015707 -0.007526 0.034237
v -0.015558 -0.006936 0.034178
v -0.015520 -0.006533 0.033941
v -0.015805 -0.006901 0.033719
v -0.015647 -0.006331 0.033577
v -0.015545 -0.006061 0.033283
v -0.015810 -0.006336 0.033116
v -0.015648 -0.005884 0.033016
v -0.015723 -0.005678 0.032516
v -0.015578 -0.005273 0.032179
v -0.015722 -0.005226 0.031698
v -0.014878 -0.008115 0.035266
v -0.014828 -0.007599 0.035204
v -0.014798 -0.007255 0.035125
v -0.015227 -0.008108 0.034991
v -0.015167 -0.007568 0.034928
v -0.015044 -0.007059 0.034805
v -0.015065 -0.006691 0.034242
v -0.015295 -0.006527 0.033905
v -0.015059 -0.006713 0.033612
v -0.015270 -0.006292 0.033532
v -0.015420 -0.006102 0.033243
v -0.015093 -0.006681 0.033070
v -0.015184 -0.006262 0.033046
v -0.015334 -0.005927 0.032982
v -0.015057 -0.006594 0.032659
v -0.015074 -0.006202 0.032594
v -0.015168 -0.005648 0.032563
v -0.015184 -0.005083 0.032280
v -0.015191 -0.004857 0.031726
v -0.014926 -0.004690 0.031452
v -0.015469 -0.019033 0.030880
v -0.015509 -0.018638 0.031100
v -0.015692 -0.019105 0.030441
v -0.015847 -0.018625 0.030641
v -0.015129 -0.019313 0.031036
v -0.015132 -0.019327 0.030478
v -0.015132 -0.019271 0.029883
v -0.015952 -0.018062 0.030739
v -0.016058 -0.017474 0.030840
v -0.016150 -0.016869 0.030934
v -0.016223 -0.016247 0.031017
v -0.016294 -0.015604 0.031083
v -0.016375 -0.014961 0.031163
v -0.016472 -0.014328 0.031266
v -0.015684 -0.018053 0.031129
v -0.015809 -0.017464 0.031221
v -0.015913 -0.016863 0.031320
v -0.016372 -0.005754 0.031184
v -0.016192 -0.005314 0.030979
v -0.015765 -0.005064 0.031103
v -0.015886 -0.004940 0.030540
v -0.015456 -0.004708 0.030098
v -0.015352 -0.004832 0.031104
v -0.014977 -0.004671 0.031046
v -0.015454 -0.004762 0.030544
v -0.015022 -0.004637 0.030509
v -0.015134 -0.004581 0.029740
v -0.010971 -0.018421 0.036404
v -0.010654 -0.018951 0.036353
v -0.010584 -0.018590 0.036585
v -0.010040 -0.018378 0.036999
v -0.010107 -0.019597 0.036359
v -0.010068 -0.019192 0.036588
v -0.010039 -0.018790 0.036799
v -0.012827 -0.013413 0.037039
v -0.012819 -0.013996 0.036722
v -0.013009 -0.013521 0.036691
v -0.012261 -0.013688 0.037701
v -0.012198 -0.014959 0.037033
v -0.012373 -0.014352 0.037162
v -0.012591 -0.013699 0.037239
v -0.012167 -0.016193 0.036375
v -0.012314 -0.015578 0.036518
v -0.012462 -0.014989 0.036656
v -0.012621 -0.014468 0.036741
v -0.011560 -0.014058 0.038298
v -0.011658 -0.013643 0.038423
v -0.011591 -0.014989 0.037739
v -0.011714 -0.014332 0.037994
v -0.011956 -0.013674 0.038087
v -0.011576 -0.016204 0.037061
v -0.011755 -0.015581 0.037223
v -0.011915 -0.014964 0.037393
v -0.012077 -0.014333 0.037569
v -0.011557 -0.017441 0.036404
v -0.011719 -0.016817 0.036550
v -0.011881 -0.016196 0.036715
v -0.012040 -0.015576 0.036874
v -0.011255 -0.013338 0.038898
v -0.011237 -0.014627 0.038270
v -0.011208 -0.014227 0.038505
v -0.011230 -0.013808 0.038697
v -0.011004 -0.015968 0.037720
v -0.011102 -0.015585 0.037856
v -0.011185 -0.015117 0.038045
v -0.010969 -0.017196 0.037050
v -0.011067 -0.016791 0.037193
v -0.011178 -0.016215 0.037441
v -0.011428 -0.015592 0.037569
v -0.011282 -0.013484 0.037603
v -0.011051 -0.018026 0.036539
v -0.011149 -0.017449 0.036776
v -0.011394 -0.016818 0.036895
v -0.011287 -0.013467 0.037108
v -0.010701 -0.014022 0.038941
v -0.010692 -0.013571 0.039136
v -0.010679 -0.015296 0.038307
v -0.010697 -0.014858 0.038530
v -0.010696 -0.014443 0.038744
v -0.010614 -0.013623 0.038629
v -0.010646 -0.016501 0.037667
v -0.010617 -0.016121 0.037902
v -0.010644 -0.015724 0.038102
v -0.010703 -0.014340 0.038082
v -0.010839 -0.013911 0.038257
v -0.010619 -0.017737 0.037003
v -0.010583 -0.017351 0.037232
v -0.010611 -0.016946 0.037442
v -0.010694 -0.014926 0.037353
v -0.010820 -0.014509 0.037571
v -0.011104 -0.013942 0.037556
v -0.010594 -0.018184 0.036788
v -0.010719 -0.014875 0.036852
v -0.010914 -0.014379 0.036874
v -0.011118 -0.013762 0.036834
v -0.010077 -0.013326 0.039499
v -0.010101 -0.014640 0.038933
v -0.010101 -0.014202 0.039136
v -0.010092 -0.013754 0.039327
v -0.010081 -0.015902 0.038307
v -0.010089 -0.015471 0.038519
v -0.010093 -0.015048 0.038732
v -0.010222 -0.014148 0.038599
v -0.010143 -0.013722 0.038843
v -0.010051 -0.017134 0.037648
v -0.010066 -0.016708 0.037875
v -0.010067 -0.016304 0.038101
v -0.010320 -0.014927 0.038027
v -0.010238 -0.014556 0.038361
v -0.010042 -0.017948 0.037216
v -0.010036 -0.017537 0.037435
v -0.010156 -0.015730 0.037449
v -0.010350 -0.015320 0.037586
v -0.010012 -0.016167 0.036595
v -0.010238 -0.015870 0.036880
v -0.010534 -0.015336 0.036837
v -0.013428 -0.011184 0.037034
v -0.013484 -0.010570 0.037097
v -0.013500 -0.009952 0.037119
v -0.013483 -0.009330 0.037105
v -0.013445 -0.008707 0.037058
v -0.013390 -0.013015 0.036361
v -0.013507 -0.012412 0.036467
v -0.013590 -0.011803 0.036567
v -0.013648 -0.011186 0.036645
v -0.013702 -0.010572 0.036695
v -0.013709 -0.009955 0.036709
v -0.013675 -0.009335 0.036690
v -0.013635 -0.008715 0.036647
v -0.012833 -0.010579 0.038309
v -0.012891 -0.009952 0.038368
v -0.012919 -0.009327 0.038399
v -0.012925 -0.008708 0.038404
v -0.012798 -0.012419 0.037640
v -0.012904 -0.011808 0.037753
v -0.012989 -0.011192 0.037846
v -0.013067 -0.010578 0.037927
v -0.013121 -0.009953 0.037970
v -0.013137 -0.009328 0.037980
v -0.013116 -0.008707 0.037967
v -0.012915 -0.012972 0.037139
v -0.013031 -0.012407 0.037259
v -0.013137 -0.011803 0.037351
v -0.013218 -0.011186 0.037426
v -0.013287 -0.010572 0.037498
v -0.013329 -0.009952 0.037533
v -0.013325 -0.009328 0.037525
v -0.013287 -0.008707 0.037491
v -0.013146 -0.012985 0.036753
v -0.013264 -0.012406 0.036856
v -0.013360 -0.011801 0.036955
v -0.012206 -0.011186 0.038915
v -0.012304 -0.010568 0.039001
v -0.012367 -0.009943 0.039070
v -0.012407 -0.009321 0.039115
v -0.012432 -0.008716 0.039140
v -0.012115 -0.013033 0.038242
v -0.012268 -0.012418 0.038362
v -0.012383 -0.011806 0.038477
v -0.012483 -0.011192 0.038575
v -0.012580 -0.010574 0.038655
v -0.012643 -0.009948 0.038721
v -0.012683 -0.009324 0.038766
v -0.012707 -0.008709 0.038787
v -0.012404 -0.013041 0.037868
v -0.012546 -0.012422 0.038003
v -0.012659 -0.011809 0.038122
v -0.012751 -0.011195 0.038223
v -0.012680 -0.013036 0.037481
v -0.011559 -0.011164 0.039486
v -0.011656 -0.010556 0.039582
v -0.011722 -0.009940 0.039659
v -0.011771 -0.009324 0.039720
v -0.011812 -0.008724 0.039764
v -0.011568 -0.012775 0.038912
v -0.011657 -0.012355 0.039020
v -0.011790 -0.011786 0.039124
v -0.011903 -0.011177 0.039225
v -0.012000 -0.010563 0.039319
v -0.012067 -0.009942 0.039389
v -0.012111 -0.009322 0.039437
v -0.012141 -0.008724 0.039466
v -0.011908 -0.008796 0.039161
v -0.011744 -0.013039 0.038641
v -0.011961 -0.012409 0.038715
v -0.012099 -0.011801 0.038816
v -0.011882 -0.010980 0.038488
v -0.011947 -0.010545 0.038549
v -0.012022 -0.009978 0.038601
v -0.012092 -0.009373 0.038646
v -0.012147 -0.008766 0.038669
v -0.011961 -0.011022 0.038081
v -0.012046 -0.010528 0.038064
v -0.012124 -0.009967 0.038057
v -0.012193 -0.009363 0.038059
v -0.012245 -0.008742 0.038062
v -0.011975 -0.010984 0.037657
v -0.012023 -0.010537 0.037572
v -0.012071 -0.009974 0.037518
v -0.012117 -0.009368 0.037488
v -0.012163 -0.008733 0.037473
v -0.011954 -0.008733 0.036998
v -0.011006 -0.009329 0.040142
v -0.011061 -0.008720 0.040206
v -0.010986 -0.012149 0.039532
v -0.011071 -0.011726 0.039613
v -0.011155 -0.011154 0.039722
v -0.011255 -0.010551 0.039813
v -0.011325 -0.009940 0.039890
v -0.011383 -0.009328 0.039956
v -0.011437 -0.008729 0.040017
v -0.011186 -0.008791 0.039855
v -0.011200 -0.012916 0.039116
v -0.011205 -0.012390 0.039322
v -0.011420 -0.011774 0.039396
v -0.011242 -0.011297 0.039206
v -0.011331 -0.010654 0.039358
v -0.011440 -0.010019 0.039437
v -0.011526 -0.009399 0.039497
v -0.011582 -0.008812 0.039544
v -0.011328 -0.012354 0.038611
v -0.011466 -0.011882 0.038657
v -0.011693 -0.011277 0.038739
v -0.011726 -0.010633 0.038965
v -0.011794 -0.010008 0.039053
v -0.011861 -0.009393 0.039116
v -0.011297 -0.012908 0.038233
v -0.011500 -0.012448 0.038111
v -0.011692 -0.011921 0.038082
v -0.011863 -0.011418 0.038085
v -0.011432 -0.013015 0.037562
v -0.011580 -0.012484 0.037476
v -0.011730 -0.011898 0.037426
v -0.011891 -0.011262 0.037383
v -0.011872 -0.010609 0.037153
v -0.011888 -0.009992 0.037076
v -0.011920 -0.009373 0.037035
v -0.011387 -0.013043 0.036989
v -0.011482 -0.012480 0.036889
v -0.011569 -0.011876 0.036823
v -0.011613 -0.011247 0.036780
v -0.011604 -0.010614 0.036720
v -0.011613 -0.009989 0.036680
v -0.011640 -0.009367 0.036646
v -0.011670 -0.008727 0.036608
v -0.010362 -0.010898 0.040121
v -0.010443 -0.010481 0.040180
v -0.010526 -0.009923 0.040250
v -0.010589 -0.009323 0.040320
v -0.010626 -0.008709 0.040389
v -0.010652 -0.012688 0.039507
v -0.010602 -0.012272 0.039688
v -0.010607 -0.011776 0.039824
v -0.010610 -0.011165 0.039973
v -0.010815 -0.010538 0.040022
v -0.010519 -0.010335 0.039868
v -0.010926 -0.009935 0.040085
v -0.010601 -0.009914 0.039948
v -0.010670 -0.009361 0.040039
v -0.010706 -0.008766 0.040113
v -0.010667 -0.013131 0.039328
v -0.010566 -0.012305 0.039230
v -0.010649 -0.011863 0.039362
v -0.010729 -0.011288 0.039535
v -0.010774 -0.010630 0.039708
v -0.011012 -0.009993 0.039740
v -0.011123 -0.009387 0.039805
v -0.010747 -0.013211 0.038759
v -0.010901 -0.012607 0.038905
v -0.011091 -0.011928 0.039063
v -0.011132 -0.013396 0.038240
v -0.011217 -0.013127 0.036547
v -0.011264 -0.012486 0.036437
v -0.010034 -0.011445 0.040117
v -0.009973 -0.011008 0.040227
v -0.009989 -0.010500 0.040322
v -0.010029 -0.009923 0.040406
v -0.010066 -0.009319 0.040481
v -0.010095 -0.008705 0.040546
v -0.010068 -0.012875 0.039673
v -0.010055 -0.012400 0.039852
v -0.010048 -0.011926 0.040000
v -0.010114 -0.010369 0.039912
v -0.010104 -0.009903 0.040030
v -0.010102 -0.009353 0.040139
v -0.010106 -0.008749 0.040241
v -0.010053 -0.012339 0.039364
v -0.010071 -0.011854 0.039515
v -0.010104 -0.011302 0.039673
v -0.010113 -0.010770 0.039813
v -0.010133 -0.013222 0.039042
v -0.010142 -0.012754 0.039209
v -0.013570 -0.008100 0.036557
v -0.013464 -0.007497 0.036439
v -0.012883 -0.008103 0.038363
v -0.012788 -0.007504 0.038269
v -0.013040 -0.008101 0.037921
v -0.012926 -0.007506 0.037814
v -0.012797 -0.006909 0.037638
v -0.013200 -0.008098 0.037435
v -0.013075 -0.007506 0.037342
v -0.012951 -0.006964 0.037227
v -0.012856 -0.006556 0.037112
v -0.013370 -0.008095 0.036975
v -0.013249 -0.007499 0.036870
v -0.013118 -0.006943 0.036783
v -0.012977 -0.006472 0.036713
v -0.012433 -0.008169 0.039129
v -0.012396 -0.007743 0.039100
v -0.012690 -0.008114 0.038771
v -0.012581 -0.007510 0.038748
v -0.012507 -0.007096 0.038498
v -0.012622 -0.006904 0.038108
v -0.012540 -0.006453 0.037852
v -0.012658 -0.006282 0.037386
v -0.012494 -0.005797 0.037227
v -0.012763 -0.006075 0.036773
v -0.012495 -0.005607 0.036779
v -0.012296 -0.005324 0.036536
v -0.011825 -0.008193 0.039790
v -0.011656 -0.007765 0.039633
v -0.012154 -0.008188 0.039460
v -0.011936 -0.008269 0.039166
v -0.011963 -0.007644 0.039294
v -0.012180 -0.008192 0.038646
v -0.012202 -0.007629 0.038604
v -0.012270 -0.007172 0.038396
v -0.012274 -0.008136 0.038044
v -0.012279 -0.007553 0.038009
v -0.012274 -0.006992 0.037943
v -0.012336 -0.006612 0.037680
v -0.012191 -0.008104 0.037456
v -0.012194 -0.007496 0.037434
v -0.012187 -0.006911 0.037405
v -0.012197 -0.006329 0.037383
v -0.012186 -0.005834 0.037264
v -0.011983 -0.008091 0.036971
v -0.011993 -0.007463 0.036954
v -0.011978 -0.006855 0.036940
v -0.011958 -0.006260 0.036942
v -0.011977 -0.005596 0.036993
v -0.011976 -0.005061 0.036716
v -0.011081 -0.008180 0.040258
v -0.011027 -0.007825 0.040235
v -0.011448 -0.008199 0.040072
v -0.011198 -0.008269 0.039902
v -0.011228 -0.007845 0.039957
v -0.011604 -0.008321 0.039568
v -0.011702 -0.008087 0.036575
v -0.011723 -0.007451 0.036553
v -0.011710 -0.006826 0.036552
v -0.011676 -0.006230 0.036560
v -0.011641 -0.005680 0.036570
v -0.011612 -0.005224 0.036532
v -0.010644 -0.008122 0.040440
v -0.010595 -0.007627 0.040356
v -0.010333 -0.007361 0.040304
v -0.010686 -0.008202 0.040174
v -0.010557 -0.007782 0.040248
v -0.010316 -0.007409 0.040295
v -0.010113 -0.008101 0.040586
v -0.010103 -0.007548 0.040582
v -0.010037 -0.007133 0.040445
v -0.010088 -0.008157 0.040300
v -0.010048 -0.007639 0.040322
v -0.009942 -0.007361 0.040335
v -0.014121 -0.019046 0.032707
v -0.014230 -0.018637 0.032785
v -0.014326 -0.019152 0.032350
v -0.014495 -0.018652 0.032427
v -0.014610 -0.019290 0.031798
v -0.013551 -0.019092 0.033392
v -0.013669 -0.018660 0.033490
v -0.013577 -0.019615 0.032785
v -0.013787 -0.019301 0.032989
v -0.013948 -0.018681 0.033131
v -0.013598 -0.019624 0.032398
v -0.013973 -0.019519 0.032403
v -0.013569 -0.019602 0.032036
v -0.013870 -0.019554 0.031781
v -0.012844 -0.018444 0.034556
v -0.012941 -0.019118 0.034082
v -0.012996 -0.018685 0.034258
v -0.013246 -0.019581 0.033327
v -0.013173 -0.019244 0.033736
v -0.013350 -0.018693 0.033851
v -0.013178 -0.019700 0.032895
v -0.013170 -0.019667 0.032421
v -0.013174 -0.019604 0.031988
v -0.013242 -0.019543 0.031607
v -0.012209 -0.018673 0.035118
v -0.012573 -0.018988 0.034552
v -0.012568 -0.018554 0.034793
v -0.012667 -0.019617 0.034011
v -0.012630 -0.019336 0.034304
v -0.012660 -0.019785 0.033526
v -0.012622 -0.019758 0.032985
v -0.012617 -0.019676 0.032451
v -0.012623 -0.019601 0.031972
v -0.012639 -0.019536 0.031559
v -0.011597 -0.018459 0.035850
v -0.011622 -0.019603 0.035177
v -0.011711 -0.019273 0.035293
v -0.011781 -0.018710 0.035535
v -0.011812 -0.019714 0.034847
v -0.012123 -0.019259 0.034881
v -0.012055 -0.019815 0.034293
v -0.012293 -0.019515 0.034523
v -0.012025 -0.019855 0.033642
v -0.012011 -0.019770 0.033043
v -0.012013 -0.019680 0.032473
v -0.012016 -0.019601 0.031971
v -0.012021 -0.019534 0.031547
v -0.011264 -0.019036 0.035840
v -0.011196 -0.018597 0.036135
v -0.011298 -0.019802 0.035334
v -0.011276 -0.019451 0.035593
v -0.011341 -0.019987 0.034876
v -0.011379 -0.019950 0.034290
v -0.011382 -0.019869 0.033676
v -0.011387 -0.019774 0.033068
v -0.011390 -0.019682 0.032484
v -0.011393 -0.019601 0.031973
v -0.011395 -0.019534 0.031544
v -0.010762 -0.019728 0.035866
v -0.010706 -0.019335 0.036114
v -0.010778 -0.020049 0.035467
v -0.010744 -0.020053 0.034895
v -0.010748 -0.019968 0.034303
v -0.010755 -0.019872 0.033693
v -0.010760 -0.019775 0.033079
v -0.010763 -0.019682 0.032489
v -0.010765 -0.019601 0.031974
v -0.010766 -0.019534 0.031544
v -0.010158 -0.020014 0.036054
v -0.010127 -0.020131 0.035507
v -0.010116 -0.020065 0.034918
v -0.010123 -0.019971 0.034318
v -0.010129 -0.019874 0.033702
v -0.010132 -0.019776 0.033083
v -0.010134 -0.019683 0.032490
v -0.010135 -0.019601 0.031974
v -0.010136 -0.019533 0.031543
v -0.014118 -0.013695 0.035161
v -0.014032 -0.015556 0.034454
v -0.014160 -0.014939 0.034572
v -0.014287 -0.014319 0.034702
v -0.014414 -0.013696 0.034829
v -0.014084 -0.016854 0.033882
v -0.014201 -0.016213 0.033995
v -0.014319 -0.015570 0.034115
v -0.014451 -0.014947 0.034234
v -0.014580 -0.014324 0.034366
v -0.014090 -0.018096 0.033269
v -0.014235 -0.017483 0.033403
v -0.014363 -0.016858 0.033531
v -0.014484 -0.016226 0.033643
v -0.014600 -0.015588 0.033764
v -0.014363 -0.018085 0.032908
v -0.014505 -0.017484 0.033035
v -0.014629 -0.016861 0.033167
v -0.014634 -0.018084 0.032547
v -0.013388 -0.014296 0.035753
v -0.013530 -0.013664 0.035871
v -0.013433 -0.015561 0.035113
v -0.013556 -0.014931 0.035246
v -0.013688 -0.014305 0.035384
v -0.013824 -0.013681 0.035504
v -0.013509 -0.016858 0.034545
v -0.013621 -0.016207 0.034663
v -0.013735 -0.015558 0.034782
v -0.013859 -0.014934 0.034905
v -0.013989 -0.014314 0.035038
v -0.013523 -0.018109 0.033960
v -0.013672 -0.017487 0.034094
v -0.013799 -0.016857 0.034217
v -0.013915 -0.016208 0.034333
v -0.013815 -0.018098 0.033619
v -0.013960 -0.017484 0.033755
v -0.012858 -0.015582 0.035802
v -0.012973 -0.014951 0.035960
v -0.013050 -0.014292 0.036205
v -0.013248 -0.013629 0.036272
v -0.012796 -0.017445 0.035098
v -0.012914 -0.016834 0.035211
v -0.013018 -0.016203 0.035325
v -0.013138 -0.015569 0.035451
v -0.013262 -0.014935 0.035596
v -0.012963 -0.018023 0.034646
v -0.013093 -0.017453 0.034768
v -0.013214 -0.016844 0.034875
v -0.013320 -0.016205 0.034990
v -0.013226 -0.018087 0.034315
v -0.013382 -0.017477 0.034433
v -0.012193 -0.017450 0.035762
v -0.012324 -0.016827 0.035897
v -0.012451 -0.016202 0.036028
v -0.012584 -0.015590 0.036154
v -0.012709 -0.015019 0.036292
v -0.012797 -0.014587 0.036408
v -0.012358 -0.018068 0.035284
v -0.012496 -0.017448 0.035428
v -0.012616 -0.016829 0.035551
v -0.012735 -0.016205 0.035676
v -0.012672 -0.018035 0.034957
v -0.011740 -0.018016 0.035946
v -0.011886 -0.017437 0.036085
v -0.012026 -0.016820 0.036227
v -0.012028 -0.018069 0.035632
v -0.011397 -0.018033 0.036253
v -0.010652 -0.014786 0.036420
v -0.010760 -0.014351 0.036331
v -0.010888 -0.013778 0.036231
v -0.009946 -0.016014 0.036033
v -0.010245 -0.015620 0.036164
v -0.010437 -0.015049 0.036172
v -0.010504 -0.014407 0.035935
v -0.010588 -0.013788 0.035816
v -0.010029 -0.015437 0.035730
v -0.010109 -0.014986 0.035672
v -0.010179 -0.014403 0.035561
v -0.010245 -0.013780 0.035475
v -0.014048 -0.012416 0.035726
v -0.014137 -0.011808 0.035807
v -0.014194 -0.011192 0.035874
v -0.014236 -0.010575 0.035920
v -0.014256 -0.009956 0.035937
v -0.014244 -0.009338 0.035922
v -0.014218 -0.008721 0.035890
v -0.014231 -0.013059 0.035283
v -0.014338 -0.012430 0.035386
v -0.014436 -0.011816 0.035465
v -0.014500 -0.011196 0.035531
v -0.014546 -0.010575 0.035581
v -0.014572 -0.009954 0.035605
v -0.014572 -0.009334 0.035600
v -0.014557 -0.008718 0.035581
v -0.014533 -0.013068 0.034947
v -0.014643 -0.012442 0.035055
v -0.014475 -0.008608 0.033548
v -0.014566 -0.008589 0.032983
v -0.014537 -0.008477 0.032308
v -0.013653 -0.013029 0.035984
v -0.013773 -0.012413 0.036085
v -0.013859 -0.011804 0.036175
v -0.013913 -0.011189 0.036244
v -0.013955 -0.010574 0.036289
v -0.013961 -0.009956 0.036299
v -0.013931 -0.009339 0.036274
v -0.013896 -0.008722 0.036235
v -0.013939 -0.013046 0.035623
v -0.014075 -0.008551 0.034199
v -0.013808 -0.009878 0.033595
v -0.013949 -0.009469 0.033694
v -0.014121 -0.008986 0.033800
v -0.013816 -0.010486 0.032930
v -0.013920 -0.010063 0.033114
v -0.014195 -0.009489 0.033051
v -0.014384 -0.009024 0.033041
v -0.013874 -0.010465 0.032435
v -0.014042 -0.009970 0.032434
v -0.014227 -0.009440 0.032383
v -0.014394 -0.008940 0.032334
v -0.013879 -0.010392 0.031973
v -0.013963 -0.009933 0.031874
v -0.014078 -0.009372 0.031791
v -0.014185 -0.008800 0.031731
v -0.013397 -0.009146 0.034278
v -0.013377 -0.008713 0.034487
v -0.013419 -0.010452 0.033567
v -0.013342 -0.010024 0.033890
v -0.013344 -0.009554 0.034114
v -0.013249 -0.011218 0.033017
v -0.013448 -0.010842 0.033154
v -0.013245 -0.011859 0.032362
v -0.013409 -0.011429 0.032523
v -0.013722 -0.010910 0.032448
v -0.013206 -0.012358 0.031594
v -0.013311 -0.011972 0.031830
v -0.013575 -0.011333 0.031778
v -0.013770 -0.010675 0.031711
v -0.013762 -0.009972 0.031457
v -0.013779 -0.009336 0.031379
v -0.012613 -0.009070 0.034270
v -0.012674 -0.008646 0.034427
v -0.012738 -0.010530 0.033718
v -0.012671 -0.010030 0.033951
v -0.012616 -0.009521 0.034119
v -0.012792 -0.011697 0.032902
v -0.012715 -0.011320 0.033221
v -0.012710 -0.010926 0.033498
v -0.012797 -0.012419 0.032300
v -0.012746 -0.012071 0.032651
v -0.012601 -0.013114 0.031713
v -0.012814 -0.012735 0.031837
v -0.012229 -0.008513 0.034233
v -0.012219 -0.010435 0.033615
v -0.012101 -0.009977 0.033743
v -0.012025 -0.009402 0.033858
v -0.011991 -0.008775 0.033996
v -0.012267 -0.011669 0.032927
v -0.012123 -0.011262 0.033116
v -0.011995 -0.010698 0.033362
v -0.011735 -0.010014 0.033417
v -0.012083 -0.012432 0.032425
v -0.012012 -0.011909 0.032712
v -0.011707 -0.011294 0.032833
v -0.011952 -0.013158 0.031757
v -0.012009 -0.012819 0.032144
v -0.011278 -0.011859 0.036382
v -0.011273 -0.011233 0.036359
v -0.011262 -0.010604 0.036348
v -0.011270 -0.009982 0.036326
v -0.011294 -0.009361 0.036294
v -0.011332 -0.008724 0.036261
v -0.011627 -0.009369 0.033502
v -0.011550 -0.008744 0.033575
v -0.011543 -0.010679 0.032974
v -0.011406 -0.010020 0.033057
v -0.011314 -0.009366 0.033123
v -0.011234 -0.008734 0.033172
v -0.011584 -0.012297 0.032287
v -0.011484 -0.011852 0.032407
v -0.011333 -0.011281 0.032509
v -0.011221 -0.010650 0.032584
v -0.011120 -0.010007 0.032658
v -0.011040 -0.009364 0.032726
v -0.010974 -0.008729 0.032782
v -0.011287 -0.012924 0.031585
v -0.011334 -0.012478 0.031968
v -0.011143 -0.011866 0.032052
v -0.011032 -0.011259 0.032133
v -0.010967 -0.013154 0.036101
v -0.010985 -0.012496 0.036038
v -0.010956 -0.011858 0.036019
v -0.010923 -0.011231 0.036026
v -0.010900 -0.010602 0.036038
v -0.010901 -0.009983 0.036026
v -0.010924 -0.009365 0.035995
v -0.010972 -0.008726 0.035958
v -0.010636 -0.012499 0.035711
v -0.010607 -0.011858 0.035725
v -0.010632 -0.008727 0.035666
v -0.010942 -0.010629 0.032211
v -0.010862 -0.009995 0.032271
v -0.010790 -0.009356 0.032324
v -0.010728 -0.008718 0.032370
v -0.010938 -0.012312 0.031648
v -0.010838 -0.011843 0.031685
v -0.010753 -0.011248 0.031746
v -0.010688 -0.010619 0.031810
v -0.010614 -0.009986 0.031859
v -0.010542 -0.009347 0.031899
v -0.010480 -0.008706 0.031928
v -0.010639 -0.013153 0.035737
v -0.010576 -0.011231 0.035750
v -0.010550 -0.010602 0.035767
v -0.010554 -0.009983 0.035754
v -0.010584 -0.009362 0.035715
v -0.010284 -0.013141 0.035425
v -0.010274 -0.012492 0.035422
v -0.010252 -0.011855 0.035449
v -0.010228 -0.011227 0.035479
v -0.010208 -0.010597 0.035492
v -0.010219 -0.009971 0.035470
v -0.010258 -0.009345 0.035420
v -0.010303 -0.008716 0.035361
v -0.009970 -0.008706 0.035064
v -0.010263 -0.008708 0.031535
v -0.014166 -0.008114 0.035830
v -0.014093 -0.007532 0.035733
v -0.014520 -0.008120 0.035536
v -0.014484 -0.007582 0.035451
v -0.014478 -0.007140 0.035293
v -0.014486 -0.007014 0.034857
v -0.014394 -0.007960 0.034178
v -0.014484 -0.007604 0.034245
v -0.014572 -0.007195 0.034317
v -0.014559 -0.008174 0.033744
v -0.014769 -0.007611 0.033681
v -0.014896 -0.007170 0.033663
v -0.014729 -0.008106 0.033030
v -0.014899 -0.007573 0.033034
v -0.015014 -0.007083 0.033034
v -0.014686 -0.008032 0.032387
v -0.014859 -0.007485 0.032382
v -0.014946 -0.006858 0.032377
v -0.014864 -0.006240 0.032199
v -0.014839 -0.005690 0.032153
v -0.014842 -0.005261 0.032085
v -0.014529 -0.007907 0.031937
v -0.014585 -0.007429 0.031867
v -0.014591 -0.006827 0.031850
v -0.014539 -0.006215 0.031827
v -0.014525 -0.005629 0.031816
v -0.014600 -0.005027 0.031817
v -0.014552 -0.004629 0.031517
v -0.013840 -0.008111 0.036167
v -0.013744 -0.007521 0.036069
v -0.013650 -0.006969 0.035969
v -0.013511 -0.006595 0.035910
v -0.013985 -0.006961 0.035546
v -0.013603 -0.006552 0.035582
v -0.013947 -0.007369 0.034774
v -0.013828 -0.006977 0.035065
v -0.013558 -0.006564 0.035262
v -0.013981 -0.008128 0.034485
v -0.013962 -0.007716 0.034651
v -0.014296 -0.008167 0.031697
v -0.014216 -0.007467 0.031543
v -0.014193 -0.006823 0.031509
v -0.014164 -0.006201 0.031507
v -0.014153 -0.005612 0.031506
v -0.014166 -0.005080 0.031514
v -0.014200 -0.004736 0.031401
v -0.013352 -0.006933 0.036330
v -0.013216 -0.006405 0.036170
v -0.013272 -0.006241 0.035642
v -0.012930 -0.005923 0.035691
v -0.013325 -0.007361 0.034917
v -0.013241 -0.006909 0.035068
v -0.013127 -0.006368 0.035227
v -0.012902 -0.005958 0.035334
v -0.013318 -0.008202 0.034678
v -0.013297 -0.007734 0.034816
v -0.012882 -0.005991 0.036210
v -0.012582 -0.005625 0.036187
v -0.012292 -0.005333 0.036123
v -0.012610 -0.005616 0.035656
v -0.012291 -0.005319 0.035640
v -0.012864 -0.007261 0.034869
v -0.012744 -0.006841 0.034934
v -0.012642 -0.006299 0.035024
v -0.012570 -0.005718 0.035169
v -0.012300 -0.005352 0.035254
v -0.012653 -0.008117 0.034564
v -0.012608 -0.007510 0.034706
v -0.012357 -0.006871 0.034719
v -0.011944 -0.005033 0.036131
v -0.011917 -0.005038 0.035557
v -0.012236 -0.006272 0.034766
v -0.012158 -0.005688 0.034835
v -0.011994 -0.005136 0.034984
v -0.012153 -0.008062 0.034293
v -0.012074 -0.007483 0.034378
v -0.011964 -0.006867 0.034421
v -0.011877 -0.006259 0.034465
v -0.011815 -0.005700 0.034513
v -0.011767 -0.005274 0.034580
v -0.011794 -0.008109 0.033981
v -0.011698 -0.007482 0.034034
v -0.011619 -0.006858 0.034089
v -0.011370 -0.008085 0.036227
v -0.011401 -0.007447 0.036199
v -0.011396 -0.006815 0.036199
v -0.011368 -0.006207 0.036218
v -0.011334 -0.005643 0.036237
v -0.011353 -0.004933 0.036227
v -0.011352 -0.004831 0.035489
v -0.011076 -0.004787 0.035139
v -0.011523 -0.004832 0.034896
v -0.011117 -0.004728 0.034791
v -0.011556 -0.006241 0.034135
v -0.011505 -0.005649 0.034181
v -0.011492 -0.005040 0.034290
v -0.011143 -0.004662 0.034247
v -0.011453 -0.008111 0.033610
v -0.011379 -0.007477 0.033664
v -0.011319 -0.006848 0.033719
v -0.011264 -0.006231 0.033760
v -0.011212 -0.005656 0.033775
v -0.011167 -0.005167 0.033775
v -0.011160 -0.008104 0.033215
v -0.011099 -0.007470 0.033266
v -0.011044 -0.006839 0.033320
v -0.011004 -0.006227 0.033361
v -0.010980 -0.005677 0.033390
v -0.010970 -0.005266 0.033417
v -0.011026 -0.008086 0.035913
v -0.011062 -0.007446 0.035878
v -0.011060 -0.006811 0.035880
v -0.011035 -0.006202 0.035903
v -0.011008 -0.005649 0.035930
v -0.011014 -0.005189 0.035931
v -0.010683 -0.008086 0.035614
v -0.010718 -0.007445 0.035576
v -0.010713 -0.006810 0.035577
v -0.010690 -0.006196 0.035604
v -0.010672 -0.005609 0.035641
v -0.010742 -0.004968 0.035617
v -0.010702 -0.004766 0.035124
v -0.010778 -0.004736 0.034709
v -0.010743 -0.004670 0.034245
v -0.011009 -0.004759 0.033664
v -0.010694 -0.004584 0.033724
v -0.010910 -0.008097 0.032831
v -0.010851 -0.007462 0.032867
v -0.010802 -0.006830 0.032903
v -0.010774 -0.006214 0.032932
v -0.010774 -0.005635 0.032970
v -0.010805 -0.004915 0.033055
v -0.010618 -0.004672 0.033345
v -0.010670 -0.008086 0.032399
v -0.010602 -0.007452 0.032387
v -0.010567 -0.006818 0.032397
v -0.010568 -0.006209 0.032397
v -0.010579 -0.005671 0.032400
v -0.010626 -0.005083 0.032388
v -0.010429 -0.008084 0.031921
v -0.010342 -0.007443 0.031759
v -0.010347 -0.006790 0.031775
v -0.010402 -0.006195 0.031768
v -0.010465 -0.005706 0.031763
v -0.010553 -0.005224 0.031766
v -0.010344 -0.008081 0.035309
v -0.010362 -0.007443 0.035282
v -0.010352 -0.006810 0.035288
v -0.010331 -0.006202 0.035318
v -0.010317 -0.005632 0.035356
v -0.010334 -0.005123 0.035365
v -0.009994 -0.008076 0.035022
v -0.010003 -0.007440 0.035001
v -0.009988 -0.006809 0.035016
v -0.009966 -0.006200 0.035051
v -0.009954 -0.005590 0.035093
v -0.010136 -0.004952 0.034910
v -0.010462 -0.004785 0.034612
v -0.010058 -0.004886 0.034251
v -0.010422 -0.004771 0.034213
v -0.010057 -0.004885 0.033687
v -0.010375 -0.004719 0.033744
v -0.010162 -0.004842 0.033102
v -0.010375 -0.004746 0.033395
v -0.010127 -0.004934 0.032402
v -0.010240 -0.008135 0.031536
v -0.010227 -0.007701 0.031490
v -0.010143 -0.005011 0.031757
v -0.014544 -0.019442 0.031130
v -0.014522 -0.019371 0.030515
v -0.014527 -0.019276 0.029908
v -0.014536 -0.019179 0.029295
v -0.013889 -0.019470 0.031141
v -0.013900 -0.019375 0.030535
v -0.013909 -0.019278 0.029922
v -0.013914 -0.019180 0.029302
v -0.013917 -0.019085 0.028696
v -0.013268 -0.019465 0.031108
v -0.013279 -0.019375 0.030536
v -0.013284 -0.019279 0.029925
v -0.013287 -0.019181 0.029304
v -0.013289 -0.019085 0.028696
v -0.013290 -0.018999 0.028153
v -0.012649 -0.019463 0.031093
v -0.012654 -0.019374 0.030533
v -0.012657 -0.019279 0.029925
v -0.012658 -0.019181 0.029303
v -0.012660 -0.019085 0.028696
v -0.012660 -0.018999 0.028152
v -0.012661 -0.018929 0.027706
v -0.012024 -0.019462 0.031087
v -0.012026 -0.019374 0.030531
v -0.012028 -0.019278 0.029924
v -0.012029 -0.019181 0.029303
v -0.012030 -0.019085 0.028695
v -0.012030 -0.018999 0.028152
v -0.012031 -0.018929 0.027705
v -0.012032 -0.018859 0.027262
v -0.011396 -0.019461 0.031085
v -0.011397 -0.019374 0.030530
v -0.011398 -0.019278 0.029923
v -0.011399 -0.019180 0.029302
v -0.011400 -0.019085 0.028694
v -0.011401 -0.018999 0.028151
v -0.011401 -0.018929 0.027704
v -0.011402 -0.018859 0.027261
v -0.011403 -0.018775 0.026731
v -0.010766 -0.019461 0.031084
v -0.010767 -0.019374 0.030529
v -0.010768 -0.019278 0.029923
v -0.010769 -0.019180 0.029301
v -0.010770 -0.019085 0.028693
v -0.010771 -0.018999 0.028150
v -0.010772 -0.018929 0.027704
v -0.010773 -0.018859 0.027261
v -0.010775 -0.018776 0.026732
v -0.010137 -0.019461 0.031084
v -0.010137 -0.019374 0.030528
v -0.010138 -0.019278 0.029922
v -0.010139 -0.019180 0.029300
v -0.010140 -0.019084 0.028693
v -0.010142 -0.018999 0.028150
v -0.010144 -0.018929 0.027706
v -0.010148 -0.018860 0.027265
v -0.010155 -0.018776 0.026734
v -0.011962 -0.013768 0.031023
v -0.012142 -0.014047 0.030441
v -0.012162 -0.013954 0.029768
v -0.011982 -0.013671 0.029252
v -0.011474 -0.013615 0.030947
v -0.011335 -0.013864 0.030460
v -0.011259 -0.013983 0.029823
v -0.011385 -0.013697 0.029251
v -0.013811 -0.008729 0.031326
v -0.013219 -0.012228 0.031045
v -0.013345 -0.011793 0.031156
v -0.013481 -0.011244 0.031145
v -0.013537 -0.010612 0.031092
v -0.013479 -0.009959 0.031047
v -0.013436 -0.009321 0.031042
v -0.013422 -0.008703 0.031023
v -0.013230 -0.011654 0.030720
v -0.013243 -0.011171 0.030669
v -0.013205 -0.010564 0.030667
v -0.012752 -0.013224 0.031161
v -0.013082 -0.012705 0.031096
v -0.013129 -0.009938 0.030709
v -0.013064 -0.009315 0.030750
v -0.013030 -0.008696 0.030759
v -0.012815 -0.013173 0.030513
v -0.012963 -0.012541 0.030469
v -0.013058 -0.011905 0.030445
v -0.012938 -0.011199 0.030319
v -0.012853 -0.010551 0.030342
v -0.012777 -0.009928 0.030404
v -0.012697 -0.009311 0.030464
v -0.012644 -0.008692 0.030486
v -0.012683 -0.012994 0.030004
v -0.012693 -0.012457 0.029957
v -0.012680 -0.011842 0.029952
v -0.012589 -0.011190 0.029968
v -0.012125 -0.013608 0.031290
v -0.012598 -0.013626 0.030477
v -0.012493 -0.010543 0.030035
v -0.012400 -0.009924 0.030103
v -0.012311 -0.009305 0.030166
v -0.012231 -0.008690 0.030203
v -0.012483 -0.013214 0.029732
v -0.012353 -0.012478 0.029585
v -0.012281 -0.011834 0.029602
v -0.012194 -0.011188 0.029665
v -0.012098 -0.010545 0.029741
v -0.011981 -0.009927 0.029802
v -0.011900 -0.009298 0.029887
v -0.011815 -0.008686 0.029969
v -0.012015 -0.013072 0.029243
v -0.011922 -0.012494 0.029224
v -0.011857 -0.011846 0.029307
v -0.011276 -0.013319 0.031143
v -0.010980 -0.013436 0.030495
v -0.010808 -0.013492 0.029742
v -0.011782 -0.011199 0.029402
v -0.011665 -0.010574 0.029489
v -0.011418 -0.009960 0.029515
v -0.011381 -0.009284 0.029646
v -0.011357 -0.008675 0.029771
v -0.011246 -0.013206 0.029075
v -0.011165 -0.012651 0.029045
v -0.011344 -0.011871 0.029082
v -0.011339 -0.011218 0.029183
v -0.011290 -0.010654 0.029304
v -0.011227 -0.010250 0.029390
v -0.010899 -0.012983 0.030975
v -0.010779 -0.012541 0.031225
v -0.010573 -0.011898 0.031264
v -0.010499 -0.011256 0.031322
v -0.010437 -0.010619 0.031390
v -0.010373 -0.009982 0.031449
v -0.010311 -0.009343 0.031500
v -0.010707 -0.013037 0.030469
v -0.010457 -0.012506 0.030562
v -0.010339 -0.011886 0.030832
v -0.010196 -0.009252 0.029956
v -0.010302 -0.008617 0.030056
v -0.010596 -0.013062 0.029698
v -0.010401 -0.012533 0.029755
v -0.010226 -0.011896 0.029390
v -0.010253 -0.011210 0.029353
v -0.010360 -0.010548 0.029392
v -0.010654 -0.009907 0.029405
v -0.010741 -0.009250 0.029592
v -0.010815 -0.008646 0.029771
v -0.010744 -0.012386 0.029233
v -0.010723 -0.011859 0.029036
v -0.010795 -0.011218 0.029113
v -0.010852 -0.010653 0.029253
v -0.010914 -0.010238 0.029356
v -0.010260 -0.011254 0.030922
v -0.010198 -0.010614 0.030978
v -0.010140 -0.009972 0.031023
v -0.010101 -0.009328 0.031066
v -0.010103 -0.008696 0.031100
v -0.010256 -0.012249 0.030366
v -0.010145 -0.011805 0.030439
v -0.010043 -0.011229 0.030472
v -0.010007 -0.010591 0.030478
v -0.010004 -0.009945 0.030489
v -0.010022 -0.009296 0.030530
v -0.010064 -0.008663 0.030578
v -0.010199 -0.012261 0.029997
v -0.010051 -0.011799 0.029923
v -0.009995 -0.011203 0.029901
v -0.009993 -0.010546 0.029864
v -0.010086 -0.009900 0.029858
v -0.009995 -0.008746 0.027761
v -0.010010 -0.009740 0.027129
v -0.010082 -0.009309 0.027219
v -0.010192 -0.008751 0.027319
v -0.010003 -0.010327 0.026810
v -0.010151 -0.009861 0.026742
v -0.010268 -0.009339 0.026774
v -0.010382 -0.008793 0.026845
v -0.014513 -0.004571 0.031044
v -0.014504 -0.004533 0.030486
v -0.014498 -0.004474 0.029906
v -0.014559 -0.004430 0.029243
v -0.013838 -0.008104 0.031293
v -0.013817 -0.007459 0.031251
v -0.013801 -0.006818 0.031234
v -0.013784 -0.006192 0.031237
v -0.013771 -0.005596 0.031248
v -0.013778 -0.005050 0.031262
v -0.013933 -0.004584 0.031079
v -0.013921 -0.004459 0.030474
v -0.013905 -0.004415 0.029881
v -0.013892 -0.004387 0.029284
v -0.013890 -0.004373 0.028664
v -0.013418 -0.008080 0.031004
v -0.013409 -0.007447 0.030988
v -0.013396 -0.006812 0.030982
v -0.013378 -0.006186 0.030986
v -0.013354 -0.005590 0.030994
v -0.013334 -0.005063 0.031003
v -0.013333 -0.004565 0.030940
v -0.013305 -0.004410 0.030449
v -0.013296 -0.004366 0.029862
v -0.013287 -0.004378 0.029263
v -0.013173 -0.004372 0.028777
v -0.013019 -0.008072 0.030745
v -0.013008 -0.007441 0.030735
v -0.012989 -0.006807 0.030737
v -0.012962 -0.006180 0.030746
v -0.012934 -0.005587 0.030769
v -0.012923 -0.005075 0.030802
v -0.012956 -0.004705 0.030765
v -0.012614 -0.008069 0.030475
v -0.012590 -0.007435 0.030469
v -0.012565 -0.006799 0.030483
v -0.012534 -0.006172 0.030517
v -0.012508 -0.005582 0.030574
v -0.012511 -0.005038 0.030640
v -0.012662 -0.004500 0.030488
v -0.012666 -0.004346 0.029861
v -0.012680 -0.004383 0.029249
v -0.012701 -0.004456 0.028631
v -0.012786 -0.004482 0.027931
v -0.012156 -0.008067 0.030201
v -0.012067 -0.007430 0.030199
v -0.012031 -0.006785 0.030238
v -0.012009 -0.006161 0.030307
v -0.011996 -0.005594 0.030388
v -0.011978 -0.005065 0.030506
v -0.012017 -0.004552 0.030347
v -0.012046 -0.004388 0.029819
v -0.012103 -0.004455 0.029229
v -0.011758 -0.004732 0.028616
v -0.012178 -0.004556 0.028619
v -0.011893 -0.004840 0.028013
v -0.012268 -0.004626 0.028005
v -0.012022 -0.004940 0.027400
v -0.012262 -0.004591 0.027548
v -0.010868 -0.005688 0.030600
v -0.010937 -0.005431 0.030660
v -0.011698 -0.008077 0.030008
v -0.011384 -0.007431 0.030013
v -0.011347 -0.006760 0.030106
v -0.011359 -0.006149 0.030226
v -0.011385 -0.005628 0.030392
v -0.011352 -0.005139 0.030495
v -0.011466 -0.004617 0.030277
v -0.011304 -0.008128 0.029872
v -0.011203 -0.007709 0.029955
v -0.011169 -0.004760 0.029764
v -0.011532 -0.004541 0.029772
v -0.011302 -0.004875 0.029231
v -0.011638 -0.004619 0.029213
v -0.011176 -0.005317 0.028659
v -0.011448 -0.004997 0.028629
v -0.011345 -0.005475 0.028051
v -0.011605 -0.005134 0.028029
v -0.011272 -0.005996 0.027442
v -0.011506 -0.005618 0.027433
v -0.011739 -0.005264 0.027283
v -0.011254 -0.006551 0.026781
v -0.011406 -0.006079 0.026895
v -0.011513 -0.005698 0.027017
v -0.010229 -0.007243 0.031043
v -0.010298 -0.006720 0.031057
v -0.010431 -0.006166 0.031083
v -0.010529 -0.005714 0.031085
v -0.010631 -0.005388 0.031027
v -0.010399 -0.008002 0.030158
v -0.010528 -0.007379 0.030265
v -0.010625 -0.006725 0.030361
v -0.010746 -0.006155 0.030489
v -0.010855 -0.004991 0.030445
v -0.011135 -0.004754 0.030165
v -0.010875 -0.008122 0.029977
v -0.010872 -0.007696 0.030047
v -0.010535 -0.005334 0.029889
v -0.010840 -0.004999 0.029830
v -0.010737 -0.005502 0.029303
v -0.011004 -0.005161 0.029258
v -0.010684 -0.006039 0.028726
v -0.010925 -0.005670 0.028694
v -0.010665 -0.006629 0.028105
v -0.010875 -0.006220 0.028091
v -0.011103 -0.005836 0.028071
v -0.010664 -0.007241 0.027460
v -0.010857 -0.006805 0.027456
v -0.011061 -0.006389 0.027448
v -0.010668 -0.007887 0.026846
v -0.010976 -0.007468 0.026541
v -0.011137 -0.007005 0.026662
v -0.010103 -0.008117 0.031103
v -0.010156 -0.007629 0.031076
v -0.009920 -0.005420 0.031160
v -0.010229 -0.005084 0.031121
v -0.010136 -0.008085 0.030611
v -0.010227 -0.007655 0.030642
v -0.010090 -0.005535 0.030545
v -0.010368 -0.005180 0.030489
v -0.010056 -0.006055 0.029986
v -0.010286 -0.005687 0.029942
v -0.010034 -0.006664 0.029395
v -0.010257 -0.006247 0.029370
v -0.010489 -0.005860 0.029338
v -0.009940 -0.008121 0.028339
v -0.010084 -0.007540 0.028509
v -0.010210 -0.006966 0.028758
v -0.010457 -0.006455 0.028743
v -0.010136 -0.008139 0.027895
v -0.010296 -0.007586 0.027997
v -0.010463 -0.007086 0.028086
v -0.010333 -0.008200 0.027397
v -0.010492 -0.007708 0.027433
v -0.010506 -0.008311 0.026894
v -0.010779 -0.018682 0.026138
v -0.010167 -0.018682 0.026138
v -0.010202 -0.018585 0.025520
v -0.010636 -0.009382 0.025870
v -0.010731 -0.008779 0.026003
v -0.010016 -0.011911 0.025889
v -0.010112 -0.011293 0.026012
v -0.010185 -0.010637 0.026216
v -0.010339 -0.009976 0.026239
v -0.010456 -0.009381 0.026310
v -0.010552 -0.008835 0.026410
v -0.010014 -0.013161 0.025262
v -0.010099 -0.012533 0.025352
v -0.010203 -0.011914 0.025437
v -0.010296 -0.011299 0.025518
v -0.010380 -0.010652 0.025612
v -0.010543 -0.009991 0.025737
v -0.010820 -0.008177 0.026216
v -0.010626 -0.008432 0.026503
v -0.007184 -0.010253 0.041400
v -0.007227 -0.009836 0.041434
v -0.007266 -0.009276 0.041478
v -0.007301 -0.008680 0.041516
v -0.006529 -0.009270 0.041989
v -0.006596 -0.008672 0.042070
v -0.006880 -0.010789 0.041394
v -0.006810 -0.010360 0.041591
v -0.006846 -0.009848 0.041679
v -0.006895 -0.009271 0.041753
v -0.006944 -0.008674 0.041812
v -0.005982 -0.010202 0.042006
v -0.006064 -0.009816 0.042088
v -0.006144 -0.009268 0.042194
v -0.006190 -0.008674 0.042292
v -0.006306 -0.011438 0.041400
v -0.006287 -0.010977 0.041609
v -0.006246 -0.010435 0.041843
v -0.006427 -0.009857 0.041918
v -0.005599 -0.010285 0.042082
v -0.005613 -0.009834 0.042205
v -0.005641 -0.009276 0.042334
v -0.005663 -0.008679 0.042462
v -0.005690 -0.011581 0.041526
v -0.005682 -0.011120 0.041740
v -0.005658 -0.010661 0.041940
v -0.005049 -0.010349 0.042112
v -0.005051 -0.009853 0.042233
v -0.005059 -0.009281 0.042368
v -0.005067 -0.008679 0.042496
v -0.005069 -0.012078 0.041391
v -0.005067 -0.011658 0.041586
v -0.005066 -0.011194 0.041800
v -0.005060 -0.010760 0.041978
v -0.007297 -0.008075 0.041516
v -0.007240 -0.007482 0.041457
v -0.007159 -0.006906 0.041376
v -0.006614 -0.008062 0.042099
v -0.006583 -0.007453 0.042074
v -0.006954 -0.008067 0.041826
v -0.006917 -0.007475 0.041774
v -0.006846 -0.006919 0.041688
v -0.006796 -0.006607 0.041456
v -0.006209 -0.008069 0.042347
v -0.006198 -0.007499 0.042336
v -0.006128 -0.007067 0.042219
v -0.006346 -0.006978 0.041754
v -0.006607 -0.006670 0.041411
v -0.005673 -0.008073 0.042521
v -0.005680 -0.007488 0.042533
v -0.005644 -0.007100 0.042240
v -0.005767 -0.007537 0.041723
v -0.005681 -0.007487 0.041813
v -0.005068 -0.008068 0.042557
v -0.005065 -0.007460 0.042580
v -0.005084 -0.006795 0.042447
v -0.004759 -0.006561 0.042179
v -0.004957 -0.007448 0.041833
v -0.004979 -0.007250 0.041911
v -0.009438 -0.018978 0.036975
v -0.009435 -0.018551 0.037172
v -0.009486 -0.019815 0.036556
v -0.009458 -0.019380 0.036779
v -0.008833 -0.019122 0.037102
v -0.008829 -0.018673 0.037297
v -0.008828 -0.020188 0.036372
v -0.008860 -0.019937 0.036717
v -0.008846 -0.019527 0.036919
v -0.008232 -0.019636 0.037019
v -0.008222 -0.019216 0.037198
v -0.008219 -0.018758 0.037388
v -0.008222 -0.020200 0.036474
v -0.008242 -0.020013 0.036820
v -0.007599 -0.018415 0.037633
v -0.007602 -0.019714 0.037102
v -0.007596 -0.019276 0.037281
v -0.007597 -0.018831 0.037462
v -0.007601 -0.020225 0.036533
v -0.007612 -0.020076 0.036886
v -0.006953 -0.018500 0.037703
v -0.006971 -0.019779 0.037179
v -0.006961 -0.019340 0.037358
v -0.006958 -0.018918 0.037530
v -0.006975 -0.020247 0.036585
v -0.006982 -0.020122 0.036944
v -0.006319 -0.019011 0.037607
v -0.006309 -0.018582 0.037789
v -0.006347 -0.019844 0.037262
v -0.006328 -0.019417 0.037439
v -0.006353 -0.020269 0.036640
v -0.006359 -0.020159 0.037005
v -0.005679 -0.019105 0.037691
v -0.005669 -0.018661 0.037888
v -0.005733 -0.020193 0.037068
v -0.005719 -0.019911 0.037347
v -0.005692 -0.019507 0.037519
v -0.005729 -0.020289 0.036685
v -0.005024 -0.018328 0.038194
v -0.005055 -0.019595 0.037602
v -0.005043 -0.019189 0.037784
v -0.005033 -0.018744 0.037990
v -0.005090 -0.020231 0.037127
v -0.005081 -0.019976 0.037433
v -0.005092 -0.020307 0.036711
v -0.009466 -0.013465 0.039612
v -0.009457 -0.015192 0.038859
v -0.009467 -0.014773 0.039056
v -0.009476 -0.014322 0.039263
v -0.009476 -0.013892 0.039445
v -0.009450 -0.016454 0.038238
v -0.009457 -0.016042 0.038448
v -0.009459 -0.015603 0.038661
v -0.009585 -0.014200 0.038682
v -0.009526 -0.013729 0.038870
v -0.009428 -0.017701 0.037584
v -0.009437 -0.017286 0.037796
v -0.009448 -0.016855 0.038024
v -0.009668 -0.015518 0.038027
v -0.009624 -0.015073 0.038289
v -0.009563 -0.014616 0.038516
v -0.009433 -0.018110 0.037381
v -0.009651 -0.016276 0.037324
v -0.009635 -0.015957 0.037757
v -0.009583 -0.016451 0.036750
v -0.008849 -0.013990 0.039511
v -0.008840 -0.013550 0.039685
v -0.008830 -0.015280 0.038923
v -0.008837 -0.014845 0.039129
v -0.008845 -0.014403 0.039334
v -0.008828 -0.016549 0.038306
v -0.008831 -0.016123 0.038521
v -0.008831 -0.015690 0.038729
v -0.009108 -0.014140 0.038626
v -0.008986 -0.013715 0.038735
v -0.008821 -0.017819 0.037678
v -0.008823 -0.017384 0.037886
v -0.008826 -0.016953 0.038100
v -0.008953 -0.015528 0.038088
v -0.008921 -0.015016 0.038274
v -0.008849 -0.014416 0.038462
v -0.008573 -0.013775 0.038526
v -0.008825 -0.018233 0.037490
v -0.008866 -0.016426 0.037519
v -0.008872 -0.015998 0.037886
v -0.008627 -0.016871 0.036659
v -0.008925 -0.016723 0.036897
v -0.008201 -0.014074 0.039580
v -0.008194 -0.013619 0.039767
v -0.008198 -0.015355 0.038980
v -0.008200 -0.014914 0.039194
v -0.008202 -0.014490 0.039395
v -0.008201 -0.016624 0.038362
v -0.008200 -0.016185 0.038578
v -0.008199 -0.015767 0.038781
v -0.008210 -0.017909 0.037751
v -0.008205 -0.017458 0.037960
v -0.008202 -0.017036 0.038161
v -0.008469 -0.015412 0.037952
v -0.008389 -0.014973 0.038046
v -0.008294 -0.014401 0.038158
v -0.008166 -0.013777 0.038236
v -0.008215 -0.018330 0.037567
v -0.008084 -0.016177 0.037429
v -0.008185 -0.015638 0.037702
v -0.008007 -0.015008 0.037754
v -0.007898 -0.014400 0.037839
v -0.007966 -0.016862 0.036695
v -0.008053 -0.016622 0.037134
v -0.007545 -0.013295 0.040075
v -0.007561 -0.014591 0.039480
v -0.007556 -0.014168 0.039681
v -0.007550 -0.013723 0.039881
v -0.007564 -0.015853 0.038854
v -0.007563 -0.015434 0.039061
v -0.007563 -0.015000 0.039277
v -0.007572 -0.017120 0.038233
v -0.007569 -0.016698 0.038438
v -0.007566 -0.016262 0.038652
v -0.007588 -0.017981 0.037824
v -0.007576 -0.017533 0.038034
v -0.007800 -0.013769 0.037920
v -0.007763 -0.015477 0.037388
v -0.007656 -0.014998 0.037419
v -0.007557 -0.014396 0.037499
v -0.007458 -0.013764 0.037594
v -0.007575 -0.016284 0.036869
v -0.007538 -0.015751 0.037059
v -0.007369 -0.015058 0.037044
v -0.007254 -0.014410 0.037132
v -0.006931 -0.013440 0.040225
v -0.006933 -0.014708 0.039603
v -0.006931 -0.014282 0.039820
v -0.006931 -0.013861 0.040023
v -0.006934 -0.015957 0.038959
v -0.006935 -0.015530 0.039175
v -0.006935 -0.015115 0.039390
v -0.006932 -0.017211 0.038318
v -0.006934 -0.016782 0.038536
v -0.006934 -0.016365 0.038751
v -0.006942 -0.018051 0.037904
v -0.006933 -0.017621 0.038112
v -0.007138 -0.013770 0.037237
v -0.007103 -0.015071 0.036627
v -0.006981 -0.014421 0.036712
v -0.006848 -0.013781 0.036792
v -0.006313 -0.014010 0.040171
v -0.006319 -0.013579 0.040380
v -0.006315 -0.015244 0.039527
v -0.006308 -0.014830 0.039751
v -0.006304 -0.014415 0.039971
v -0.006306 -0.016483 0.038869
v -0.006311 -0.016070 0.039088
v -0.006314 -0.015647 0.039311
v -0.006292 -0.017721 0.038205
v -0.006296 -0.017309 0.038424
v -0.006302 -0.016884 0.038652
v -0.006298 -0.018134 0.037996
v -0.005666 -0.014541 0.040089
v -0.005680 -0.014131 0.040291
v -0.005695 -0.013686 0.040505
v -0.005686 -0.015364 0.039647
v -0.005674 -0.014940 0.039877
v -0.005679 -0.016596 0.038983
v -0.005688 -0.016174 0.039211
v -0.005692 -0.015766 0.039429
v -0.005661 -0.017825 0.038308
v -0.005667 -0.017404 0.038538
v -0.005673 -0.016995 0.038763
v -0.005661 -0.018230 0.038094
v -0.005083 -0.013354 0.040782
v -0.005052 -0.014628 0.040166
v -0.005061 -0.014203 0.040374
v -0.005074 -0.013760 0.040586
v -0.005070 -0.015868 0.039519
v -0.005065 -0.015459 0.039735
v -0.005056 -0.015031 0.039960
v -0.005044 -0.017096 0.038859
v -0.005054 -0.016690 0.039080
v -0.005064 -0.016265 0.039308
v -0.005030 -0.017921 0.038407
v -0.005039 -0.017495 0.038639
v -0.009128 -0.008708 0.040750
v -0.009446 -0.012080 0.040115
v -0.009436 -0.011611 0.040227
v -0.009419 -0.011094 0.040346
v -0.009425 -0.010527 0.040467
v -0.009486 -0.009926 0.040546
v -0.009534 -0.009318 0.040605
v -0.009571 -0.008707 0.040656
v -0.009458 -0.012991 0.039797
v -0.009452 -0.012522 0.039974
v -0.009710 -0.010332 0.039877
v -0.009611 -0.009922 0.039972
v -0.009539 -0.009368 0.040081
v -0.009499 -0.008745 0.040180
v -0.009397 -0.012237 0.039328
v -0.009471 -0.011793 0.039457
v -0.009479 -0.011246 0.039593
v -0.009447 -0.010620 0.039750
v -0.009190 -0.010007 0.039808
v -0.009466 -0.013203 0.039041
v -0.009426 -0.012695 0.039188
v -0.008497 -0.010289 0.040777
v -0.008572 -0.009860 0.040803
v -0.008641 -0.009298 0.040827
v -0.008688 -0.008698 0.040853
v -0.008823 -0.012197 0.040192
v -0.008813 -0.011704 0.040326
v -0.008800 -0.011164 0.040469
v -0.008778 -0.010552 0.040634
v -0.008980 -0.009918 0.040682
v -0.009072 -0.009313 0.040715
v -0.008832 -0.013076 0.039871
v -0.008828 -0.012633 0.040042
v -0.009069 -0.009393 0.039896
v -0.008982 -0.008750 0.039990
v -0.009038 -0.011679 0.039312
v -0.008964 -0.011215 0.039376
v -0.008888 -0.010629 0.039458
v -0.008765 -0.010020 0.039533
v -0.008657 -0.009396 0.039625
v -0.008567 -0.008751 0.039707
v -0.008894 -0.013161 0.038852
v -0.008839 -0.012574 0.038960
v -0.008791 -0.011944 0.039107
v -0.008609 -0.011259 0.039068
v -0.008524 -0.010627 0.039103
v -0.008147 -0.010830 0.040758
v -0.008067 -0.010389 0.040903
v -0.008104 -0.009872 0.040960
v -0.008142 -0.009293 0.040982
v -0.008172 -0.008691 0.041002
v -0.008192 -0.012747 0.040128
v -0.008193 -0.012299 0.040301
v -0.008188 -0.011808 0.040458
v -0.008175 -0.011317 0.040606
v -0.008191 -0.013169 0.039953
v -0.008418 -0.010007 0.039182
v -0.008310 -0.009382 0.039269
v -0.008217 -0.008746 0.039361
v -0.008460 -0.013150 0.038596
v -0.008394 -0.012523 0.038649
v -0.008344 -0.011892 0.038699
v -0.008291 -0.011248 0.038693
v -0.008240 -0.010615 0.038719
v -0.008149 -0.009991 0.038790
v -0.008029 -0.009369 0.038885
v -0.007916 -0.008743 0.038996
v -0.008092 -0.013138 0.038286
v -0.008054 -0.012499 0.038299
v -0.008033 -0.011865 0.038304
v -0.008012 -0.011233 0.038305
v -0.007983 -0.010603 0.038329
v -0.007904 -0.009979 0.038404
v -0.007558 -0.011504 0.040793
v -0.007526 -0.011028 0.040976
v -0.007462 -0.010482 0.041184
v -0.007607 -0.009881 0.041194
v -0.007660 -0.009288 0.041206
v -0.007690 -0.008686 0.041228
v -0.007553 -0.012870 0.040266
v -0.007567 -0.012416 0.040460
v -0.007570 -0.011959 0.040632
v -0.007788 -0.009360 0.038507
v -0.007663 -0.008740 0.038616
v -0.007745 -0.013130 0.037966
v -0.007723 -0.012491 0.037976
v -0.007715 -0.011857 0.037976
v -0.007708 -0.011228 0.037977
v -0.007694 -0.010601 0.037992
v -0.007631 -0.009977 0.038057
v -0.007529 -0.009359 0.038145
v -0.007404 -0.008741 0.038242
v -0.007401 -0.013128 0.037649
v -0.007383 -0.012490 0.037665
v -0.007379 -0.011856 0.037668
v -0.007376 -0.011228 0.037669
v -0.007368 -0.010602 0.037682
v -0.007320 -0.009980 0.037733
v -0.007231 -0.009364 0.037816
v -0.006956 -0.012138 0.040819
v -0.006938 -0.011692 0.041002
v -0.006913 -0.011239 0.041195
v -0.006939 -0.013001 0.040434
v -0.006951 -0.012567 0.040634
v -0.007123 -0.008745 0.037903
v -0.007062 -0.013134 0.037298
v -0.007045 -0.012495 0.037324
v -0.007044 -0.011858 0.037332
v -0.007041 -0.011227 0.037339
v -0.007031 -0.010604 0.037364
v -0.006988 -0.009984 0.037419
v -0.006919 -0.009365 0.037488
v -0.006830 -0.008744 0.037556
v -0.006758 -0.013141 0.036838
v -0.006749 -0.012501 0.036901
v -0.006752 -0.011860 0.036937
v -0.006740 -0.011225 0.036970
v -0.006713 -0.010605 0.037018
v -0.006670 -0.009984 0.037073
v -0.006611 -0.009361 0.037135
v -0.006539 -0.008737 0.037197
v -0.006331 -0.012730 0.040794
v -0.006329 -0.012300 0.040997
v -0.006320 -0.011862 0.041204
v -0.006325 -0.013143 0.040593
v -0.006263 -0.008434 0.040740
v -0.006311 -0.008428 0.040212
v -0.006505 -0.011226 0.036574
v -0.006441 -0.010606 0.036630
v -0.006372 -0.009985 0.036682
v -0.006308 -0.009358 0.036730
v -0.006258 -0.008728 0.036769
v -0.005704 -0.012856 0.040911
v -0.005701 -0.012413 0.041128
v -0.005696 -0.011993 0.041330
v -0.005533 -0.009134 0.041099
v -0.005695 -0.008745 0.041210
v -0.005703 -0.013266 0.040709
v -0.005665 -0.009889 0.040604
v -0.005824 -0.009420 0.040767
v -0.006122 -0.008875 0.040673
v -0.005729 -0.010582 0.039996
v -0.005870 -0.010109 0.040131
v -0.006128 -0.009405 0.040009
v -0.006258 -0.008726 0.039947
v -0.005685 -0.011408 0.039273
v -0.005867 -0.010798 0.039474
v -0.006008 -0.010043 0.039360
v -0.006063 -0.009376 0.039316
v -0.006077 -0.008713 0.039277
v -0.005609 -0.012321 0.038635
v -0.005710 -0.011845 0.038671
v -0.005797 -0.011271 0.038701
v -0.005853 -0.010644 0.038739
v -0.005853 -0.009991 0.038729
v -0.005859 -0.009343 0.038713
v -0.005877 -0.008702 0.038697
v -0.005634 -0.012264 0.038264
v -0.005684 -0.011778 0.038210
v -0.005685 -0.011210 0.038215
v -0.005667 -0.010595 0.038228
v -0.005666 -0.009962 0.038221
v -0.005680 -0.009326 0.038200
v -0.005692 -0.008691 0.038190
v -0.005079 -0.012933 0.040986
v -0.005073 -0.012486 0.041200
v -0.004950 -0.009120 0.041201
v -0.005046 -0.008690 0.041417
v -0.005074 -0.010009 0.040774
v -0.005022 -0.009535 0.041026
v -0.005273 -0.011202 0.040011
v -0.005159 -0.010784 0.040311
v -0.005085 -0.010403 0.040558
v -0.005014 -0.012413 0.039226
v -0.005106 -0.012005 0.039513
v -0.005166 -0.011580 0.039772
v -0.004993 -0.013075 0.038654
v -0.005261 -0.012679 0.038884
v -0.005523 -0.011976 0.039097
v -0.005257 -0.013303 0.038130
v -0.005582 -0.012533 0.038040
v -0.005548 -0.011827 0.037818
v -0.005513 -0.011206 0.037797
v -0.005503 -0.010581 0.037787
v -0.005502 -0.009943 0.037758
v -0.005495 -0.009301 0.037707
v -0.005493 -0.008668 0.037702
v -0.005367 -0.013321 0.037421
v -0.005395 -0.012478 0.037371
v -0.005356 -0.011833 0.037339
v -0.005332 -0.011201 0.037326
v -0.005328 -0.010566 0.037303
v -0.005313 -0.009920 0.037255
v -0.005199 -0.009214 0.037062
v -0.005160 -0.008594 0.037111
v -0.005188 -0.013068 0.036784
v -0.005178 -0.012415 0.036817
v -0.005164 -0.011809 0.036819
v -0.005147 -0.011171 0.036800
v -0.005104 -0.010532 0.036757
v -0.005051 -0.009928 0.036765
v -0.004940 -0.009454 0.036830
v -0.009138 -0.008088 0.040767
v -0.009078 -0.007481 0.040744
v -0.009588 -0.008092 0.040686
v -0.009558 -0.007496 0.040668
v -0.009464 -0.006936 0.040503
v -0.009152 -0.006567 0.040379
v -0.009468 -0.008125 0.040245
v -0.009434 -0.007558 0.040256
v -0.009350 -0.007066 0.040230
v -0.009140 -0.006607 0.040182
v -0.008689 -0.008084 0.040858
v -0.008625 -0.007475 0.040829
v -0.008498 -0.006867 0.040779
v -0.008969 -0.006873 0.040678
v -0.008827 -0.006301 0.040458
v -0.008528 -0.006004 0.040269
v -0.008928 -0.008111 0.040043
v -0.008895 -0.007508 0.040046
v -0.008862 -0.006957 0.040024
v -0.008802 -0.006426 0.040009
v -0.008507 -0.008107 0.039761
v -0.008479 -0.007490 0.039772
v -0.008469 -0.006947 0.039763
v -0.008470 -0.006550 0.039776
v -0.008172 -0.008081 0.040998
v -0.008125 -0.007476 0.040960
v -0.008025 -0.006870 0.040907
v -0.007857 -0.006270 0.040785
v -0.008332 -0.006313 0.040622
v -0.008157 -0.005901 0.040359
v -0.008491 -0.006037 0.039912
v -0.008149 -0.005751 0.039947
v -0.008142 -0.008107 0.039440
v -0.008112 -0.007481 0.039472
v -0.008122 -0.006888 0.039492
v -0.008200 -0.006300 0.039556
v -0.008076 -0.005839 0.039563
v -0.007831 -0.008109 0.039094
v -0.007790 -0.007478 0.039150
v -0.007685 -0.008080 0.041224
v -0.007628 -0.007487 0.041156
v -0.007558 -0.006902 0.041091
v -0.007449 -0.006336 0.040995
v -0.007351 -0.005917 0.040847
v -0.007580 -0.005703 0.040500
v -0.007306 -0.005378 0.040248
v -0.007736 -0.005520 0.039926
v -0.007325 -0.005325 0.039855
v -0.007784 -0.006863 0.039174
v -0.007802 -0.006257 0.039200
v -0.007791 -0.005616 0.039294
v -0.007373 -0.005241 0.039291
v -0.007553 -0.008108 0.038732
v -0.007496 -0.007474 0.038804
v -0.007475 -0.006852 0.038827
v -0.007457 -0.006270 0.038823
v -0.007424 -0.005773 0.038806
v -0.007287 -0.008107 0.038351
v -0.007218 -0.007468 0.038427
v -0.007196 -0.006846 0.038459
v -0.007187 -0.006288 0.038474
v -0.007190 -0.005894 0.038494
v -0.007001 -0.006357 0.041234
v -0.007002 -0.005834 0.040986
v -0.007014 -0.005445 0.040721
v -0.006967 -0.005189 0.040345
v -0.006928 -0.005073 0.039863
v -0.006905 -0.005065 0.039295
v -0.007244 -0.005362 0.038702
v -0.006850 -0.005076 0.038697
v -0.007014 -0.008109 0.037985
v -0.006952 -0.007465 0.038046
v -0.006937 -0.006835 0.038074
v -0.006945 -0.006241 0.038111
v -0.006987 -0.005665 0.038213
v -0.006740 -0.005213 0.038170
v -0.006739 -0.008109 0.037610
v -0.006691 -0.007462 0.037647
v -0.006685 -0.006832 0.037664
v -0.006694 -0.006233 0.037685
v -0.006670 -0.005688 0.037739
v -0.006586 -0.005353 0.037836
v -0.006205 -0.007904 0.041053
v -0.006255 -0.007527 0.041134
v -0.006372 -0.007101 0.041199
v -0.006538 -0.006357 0.041105
v -0.006697 -0.005946 0.040858
v -0.006343 -0.007957 0.040606
v -0.006393 -0.007441 0.040564
v -0.006446 -0.006902 0.040563
v -0.006475 -0.006292 0.040528
v -0.006542 -0.005678 0.040516
v -0.006556 -0.005223 0.040330
v -0.006329 -0.007979 0.040101
v -0.006343 -0.007422 0.040052
v -0.006355 -0.006832 0.040033
v -0.006351 -0.006241 0.040011
v -0.006343 -0.005693 0.039988
v -0.006363 -0.005103 0.039899
v -0.006381 -0.004939 0.039306
v -0.006323 -0.004954 0.038701
v -0.006272 -0.005088 0.038151
v -0.006471 -0.008104 0.037244
v -0.006439 -0.007459 0.037261
v -0.006447 -0.006833 0.037261
v -0.006457 -0.006224 0.037255
v -0.006323 -0.005582 0.037282
v -0.006236 -0.005273 0.037706
v -0.006210 -0.008092 0.036797
v -0.006198 -0.007455 0.036797
v -0.006219 -0.006847 0.036787
v -0.006236 -0.006270 0.036764
v -0.006150 -0.005733 0.036757
v -0.005869 -0.008232 0.041357
v -0.005782 -0.007761 0.041629
v -0.006233 -0.008055 0.039692
v -0.006227 -0.007430 0.039622
v -0.006219 -0.006810 0.039598
v -0.006204 -0.006216 0.039589
v -0.006182 -0.005717 0.039583
v -0.006180 -0.005385 0.039570
v -0.006077 -0.008068 0.039207
v -0.006070 -0.007427 0.039166
v -0.006053 -0.006794 0.039150
v -0.006030 -0.006198 0.039159
v -0.006007 -0.005697 0.039184
v -0.006004 -0.005251 0.039233
v -0.005884 -0.008060 0.038675
v -0.005874 -0.007412 0.038659
v -0.005848 -0.006771 0.038655
v -0.005810 -0.006180 0.038677
v -0.005749 -0.005685 0.038717
v -0.005707 -0.005070 0.038729
v -0.005693 -0.008046 0.038185
v -0.005668 -0.007386 0.038181
v -0.005704 -0.005059 0.038129
v -0.005687 -0.005439 0.037244
v -0.005689 -0.005244 0.037661
v -0.005631 -0.005637 0.036799
v -0.005082 -0.008201 0.041577
v -0.005013 -0.007768 0.041760
v -0.005588 -0.006744 0.038190
v -0.005511 -0.006165 0.038255
v -0.005432 -0.005709 0.038349
v -0.005413 -0.005386 0.038395
v -0.005469 -0.008023 0.037714
v -0.005385 -0.007372 0.037739
v -0.005146 -0.006699 0.037669
v -0.005085 -0.006143 0.037855
v -0.005060 -0.005729 0.038025
v -0.005102 -0.005249 0.038139
v -0.005103 -0.007976 0.037180
v -0.004993 -0.007402 0.037301
v -0.004844 -0.006996 0.037473
v -0.005085 -0.005466 0.037278
v -0.005082 -0.005206 0.037657
v -0.005074 -0.005959 0.036517
v -0.005068 -0.005713 0.036895
v -0.009149 -0.020200 0.035983
v -0.009439 -0.020150 0.036130
v -0.009142 -0.020196 0.035775
v -0.009415 -0.020161 0.035551
v -0.009476 -0.020068 0.034934
v -0.009494 -0.019972 0.034326
v -0.009501 -0.019874 0.033705
v -0.009503 -0.019776 0.033084
v -0.009505 -0.019683 0.032490
v -0.009505 -0.019601 0.031973
v -0.009506 -0.019533 0.031542
v -0.008756 -0.020208 0.036059
v -0.008762 -0.020197 0.035759
v -0.008827 -0.020143 0.035415
v -0.008856 -0.020063 0.034905
v -0.008868 -0.019971 0.034321
v -0.008872 -0.019874 0.033705
v -0.008874 -0.019776 0.033084
v -0.008875 -0.019683 0.032489
v -0.008875 -0.019601 0.031973
v -0.008876 -0.019533 0.031541
v -0.008206 -0.020224 0.036118
v -0.008209 -0.020197 0.035757
v -0.008226 -0.020137 0.035375
v -0.008235 -0.020061 0.034890
v -0.008240 -0.019970 0.034316
v -0.008243 -0.019874 0.033703
v -0.008244 -0.019776 0.033083
v -0.008245 -0.019682 0.032489
v -0.008246 -0.019601 0.031972
v -0.008246 -0.019533 0.031541
v -0.007598 -0.020240 0.036153
v -0.007601 -0.020198 0.035764
v -0.007606 -0.020136 0.035366
v -0.007610 -0.020060 0.034885
v -0.007612 -0.019970 0.034314
v -0.007613 -0.019874 0.033702
v -0.007614 -0.019776 0.033082
v -0.007615 -0.019682 0.032488
v -0.007616 -0.019601 0.031972
v -0.007617 -0.019533 0.031541
v -0.006975 -0.020253 0.036180
v -0.006977 -0.020200 0.035772
v -0.006979 -0.020136 0.035366
v -0.006981 -0.020060 0.034883
v -0.006982 -0.019970 0.034312
v -0.006983 -0.019873 0.033701
v -0.006984 -0.019776 0.033081
v -0.006985 -0.019682 0.032488
v -0.006987 -0.019601 0.031974
v -0.006992 -0.019534 0.031547
v -0.006350 -0.020265 0.036205
v -0.006350 -0.020201 0.035781
v -0.006351 -0.020136 0.035367
v -0.006351 -0.020060 0.034883
v -0.006352 -0.019970 0.034312
v -0.006353 -0.019873 0.033700
v -0.006355 -0.019776 0.033081
v -0.006357 -0.019683 0.032492
v -0.006362 -0.019604 0.031989
v -0.006372 -0.019537 0.031565
v -0.005723 -0.020271 0.036224
v -0.005721 -0.020202 0.035787
v -0.005721 -0.020136 0.035368
v -0.005722 -0.020060 0.034882
v -0.005722 -0.019970 0.034311
v -0.005724 -0.019873 0.033700
v -0.005726 -0.019776 0.033084
v -0.005730 -0.019686 0.032509
v -0.005740 -0.019610 0.032027
v -0.005754 -0.019542 0.031597
v -0.005090 -0.020273 0.036235
v -0.005090 -0.020203 0.035791
v -0.005091 -0.020136 0.035369
v -0.005092 -0.020060 0.034882
v -0.005093 -0.019969 0.034310
v -0.005094 -0.019873 0.033700
v -0.005097 -0.019778 0.033092
v -0.005104 -0.019691 0.032543
v -0.005115 -0.019610 0.032087
v -0.005126 -0.019497 0.031638
v -0.009545 -0.016369 0.036054
v -0.009341 -0.016096 0.035414
v -0.009709 -0.015629 0.035470
v -0.009752 -0.015002 0.035331
v -0.009799 -0.014394 0.035252
v -0.009862 -0.013769 0.035180
v -0.009355 -0.015447 0.035113
v -0.009365 -0.014975 0.035030
v -0.009410 -0.014390 0.034958
v -0.009471 -0.013769 0.034891
v -0.008738 -0.016917 0.036159
v -0.009163 -0.016681 0.036105
v -0.008702 -0.016866 0.035648
v -0.008919 -0.016553 0.035383
v -0.008725 -0.016194 0.034980
v -0.008950 -0.015703 0.034917
v -0.008908 -0.015038 0.034738
v -0.008978 -0.014410 0.034670
v -0.009054 -0.013779 0.034612
v -0.008111 -0.017043 0.036173
v -0.008187 -0.016943 0.035564
v -0.008159 -0.016693 0.035102
v -0.008126 -0.016301 0.034764
v -0.008236 -0.015709 0.034575
v -0.008287 -0.015044 0.034465
v -0.008540 -0.014396 0.034459
v -0.008637 -0.013774 0.034404
v -0.008083 -0.014752 0.034379
v -0.008157 -0.014315 0.034322
v -0.008190 -0.013750 0.034262
v -0.007605 -0.016852 0.036102
v -0.007350 -0.016453 0.036349
v -0.007208 -0.015723 0.036565
v -0.007647 -0.016829 0.035628
v -0.007406 -0.016543 0.035472
v -0.007427 -0.016125 0.034992
v -0.007529 -0.015622 0.034725
v -0.007523 -0.015036 0.034524
v -0.007306 -0.014401 0.034545
v -0.007220 -0.013776 0.034494
v -0.007765 -0.014737 0.034414
v -0.007722 -0.014303 0.034358
v -0.007688 -0.013744 0.034284
v -0.007105 -0.016103 0.036058
v -0.006996 -0.015638 0.036088
v -0.006890 -0.015057 0.036134
v -0.006771 -0.014424 0.036169
v -0.006641 -0.013787 0.036191
v -0.007105 -0.016141 0.035639
v -0.006953 -0.015709 0.035438
v -0.006834 -0.015051 0.035537
v -0.006724 -0.014430 0.035538
v -0.006617 -0.013813 0.035521
v -0.007106 -0.015464 0.035030
v -0.007025 -0.015004 0.034975
v -0.006919 -0.014421 0.034955
v -0.006825 -0.013801 0.034920
v -0.005560 -0.015046 0.031615
v -0.005649 -0.014414 0.031702
v -0.005743 -0.013778 0.031795
v -0.004897 -0.015041 0.032231
v -0.004984 -0.014414 0.032327
v -0.005086 -0.013778 0.032422
v -0.004935 -0.017570 0.031645
v -0.004998 -0.016941 0.031718
v -0.005073 -0.016303 0.031783
v -0.005152 -0.015672 0.031851
v -0.005236 -0.015044 0.031931
v -0.005324 -0.014414 0.032021
v -0.005421 -0.013778 0.032114
v -0.009909 -0.013131 0.035134
v -0.009910 -0.012487 0.035135
v -0.009894 -0.011851 0.035158
v -0.009878 -0.011222 0.035180
v -0.009872 -0.010593 0.035186
v -0.009895 -0.009962 0.035164
v -0.009937 -0.009332 0.035117
v -0.009529 -0.013129 0.034843
v -0.009543 -0.012486 0.034841
v -0.009535 -0.011851 0.034859
v -0.009529 -0.011221 0.034871
v -0.009534 -0.010593 0.034872
v -0.009561 -0.009963 0.034851
v -0.009596 -0.009332 0.034813
v -0.009613 -0.008705 0.034774
v -0.009120 -0.013134 0.034561
v -0.009145 -0.012489 0.034554
v -0.009146 -0.011853 0.034569
v -0.009145 -0.011223 0.034580
v -0.009154 -0.010595 0.034578
v -0.009177 -0.009966 0.034559
v -0.009201 -0.009336 0.034536
v -0.009214 -0.008704 0.034512
v -0.008692 -0.013134 0.034346
v -0.008715 -0.012493 0.034333
v -0.008719 -0.011858 0.034343
v -0.008724 -0.011227 0.034344
v -0.008734 -0.010598 0.034332
v -0.008749 -0.009967 0.034312
v -0.008765 -0.009336 0.034295
v -0.008775 -0.008701 0.034277
v -0.008197 -0.013130 0.034199
v -0.008203 -0.012499 0.034186
v -0.008209 -0.011867 0.034179
v -0.008215 -0.011235 0.034143
v -0.008221 -0.010603 0.034098
v -0.008227 -0.009971 0.034065
v -0.008233 -0.009336 0.034047
v -0.008236 -0.008697 0.034033
v -0.007147 -0.013149 0.034440
v -0.007645 -0.013132 0.034213
v -0.007622 -0.012513 0.034162
v -0.007616 -0.011883 0.034118
v -0.007602 -0.011251 0.034026
v -0.007587 -0.010616 0.033959
v -0.007580 -0.009980 0.033942
v -0.007585 -0.009338 0.033957
v -0.007588 -0.008695 0.033973
v -0.007435 -0.009388 0.031565
v -0.007565 -0.008752 0.031688
v -0.006530 -0.013120 0.036194
v -0.006539 -0.012487 0.036426
v -0.006532 -0.011858 0.036516
v -0.006520 -0.013251 0.035488
v -0.006742 -0.013195 0.034880
v -0.006633 -0.012570 0.034852
v -0.006633 -0.011903 0.034642
v -0.006582 -0.011266 0.034543
v -0.006522 -0.010635 0.034470
v -0.006482 -0.009997 0.034426
v -0.007088 -0.012536 0.034391
v -0.007068 -0.011901 0.034303
v -0.007033 -0.011263 0.034215
v -0.006990 -0.010629 0.034139
v -0.006968 -0.009989 0.034113
v -0.006965 -0.009341 0.034112
v -0.006965 -0.008696 0.034115
v -0.006859 -0.009400 0.032250
v -0.006978 -0.008763 0.032374
v -0.006801 -0.011276 0.031566
v -0.006926 -0.010649 0.031681
v -0.007037 -0.010021 0.031798
v -0.007148 -0.009393 0.031910
v -0.007272 -0.008754 0.032034
v -0.006419 -0.012828 0.035903
v -0.006398 -0.012410 0.036005
v -0.006355 -0.011845 0.036078
v -0.006285 -0.011232 0.036125
v -0.006190 -0.010614 0.036152
v -0.006105 -0.009990 0.036170
v -0.006041 -0.009357 0.036186
v -0.005994 -0.008719 0.036198
v -0.006416 -0.012808 0.035429
v -0.006315 -0.012379 0.035519
v -0.006241 -0.011840 0.035556
v -0.006161 -0.011242 0.035554
v -0.006070 -0.010624 0.035538
v -0.005996 -0.009996 0.035523
v -0.005943 -0.009356 0.035520
v -0.005906 -0.008711 0.035517
v -0.006393 -0.012293 0.035109
v -0.006337 -0.011834 0.035047
v -0.006267 -0.011250 0.034990
v -0.006189 -0.010632 0.034935
v -0.006134 -0.009999 0.034897
v -0.006098 -0.009351 0.034876
v -0.006077 -0.008704 0.034861
v -0.006464 -0.009346 0.034406
v -0.006455 -0.008700 0.034395
v -0.006145 -0.010005 0.032822
v -0.006264 -0.009385 0.032927
v -0.006386 -0.008767 0.033052
v -0.006208 -0.011290 0.032250
v -0.006331 -0.010649 0.032375
v -0.006448 -0.010015 0.032486
v -0.006566 -0.009394 0.032588
v -0.006685 -0.008767 0.032713
v -0.006155 -0.013147 0.031568
v -0.006273 -0.012530 0.031671
v -0.006390 -0.011908 0.031790
v -0.006511 -0.011282 0.031912
v -0.006634 -0.010651 0.032032
v -0.006747 -0.010022 0.032144
v -0.005454 -0.008745 0.034048
v -0.005491 -0.010004 0.033484
v -0.005630 -0.009370 0.033596
v -0.005773 -0.008752 0.033722
v -0.005579 -0.011296 0.032897
v -0.005709 -0.010649 0.033028
v -0.005832 -0.010004 0.033152
v -0.005953 -0.009379 0.033264
v -0.006081 -0.008763 0.033385
v -0.005532 -0.013146 0.032219
v -0.005651 -0.012530 0.032335
v -0.005774 -0.011916 0.032456
v -0.005900 -0.011294 0.032580
v -0.006027 -0.010650 0.032706
v -0.005850 -0.013147 0.031898
v -0.005967 -0.012529 0.032008
v -0.006085 -0.011911 0.032126
v -0.004986 -0.012888 0.036318
v -0.004888 -0.009748 0.034135
v -0.004997 -0.009318 0.034228
v -0.005123 -0.008785 0.034362
v -0.004896 -0.011300 0.033507
v -0.004999 -0.010683 0.033661
v -0.005067 -0.010024 0.033867
v -0.005295 -0.009363 0.033929
v -0.004860 -0.013145 0.032828
v -0.004981 -0.012531 0.032954
v -0.005113 -0.011916 0.033079
v -0.005245 -0.011294 0.033207
v -0.005370 -0.010655 0.033347
v -0.005202 -0.013146 0.032531
v -0.005323 -0.012531 0.032651
v -0.005449 -0.011916 0.032772
v -0.009622 -0.008072 0.034742
v -0.009619 -0.007436 0.034728
v -0.009596 -0.006810 0.034749
v -0.009569 -0.006214 0.034791
v -0.009543 -0.005650 0.034827
v -0.009589 -0.005193 0.034672
v -0.009588 -0.005079 0.034202
v -0.009612 -0.005097 0.033651
v -0.009264 -0.005398 0.033065
v -0.009667 -0.005147 0.033065
v -0.009332 -0.005525 0.032477
v -0.009709 -0.005238 0.032433
v -0.009280 -0.006039 0.031586
v -0.009419 -0.005729 0.031837
v -0.009776 -0.005344 0.031790
v -0.009218 -0.008068 0.034491
v -0.009205 -0.007433 0.034484
v -0.009175 -0.006813 0.034516
v -0.009157 -0.006228 0.034572
v -0.009161 -0.005683 0.034591
v -0.009288 -0.005362 0.034507
v -0.008777 -0.008063 0.034261
v -0.008758 -0.007428 0.034280
v -0.008733 -0.006818 0.034331
v -0.008717 -0.006234 0.034401
v -0.008753 -0.005606 0.034278
v -0.009172 -0.005282 0.034178
v -0.008772 -0.005548 0.033659
v -0.009201 -0.005317 0.033636
v -0.008830 -0.005649 0.033132
v -0.008912 -0.006036 0.032173
v -0.008871 -0.005808 0.032643
v -0.008747 -0.006717 0.031583
v -0.008901 -0.006358 0.031744
v -0.008234 -0.008054 0.034024
v -0.008221 -0.007422 0.034096
v -0.008211 -0.006831 0.034195
v -0.008196 -0.006282 0.034306
v -0.008202 -0.005785 0.034167
v -0.008250 -0.005756 0.033687
v -0.008334 -0.006088 0.032885
v -0.008298 -0.005897 0.033280
v -0.008362 -0.006660 0.032131
v -0.008352 -0.006349 0.032509
v -0.007999 -0.008130 0.031478
v -0.008175 -0.007572 0.031608
v -0.008393 -0.007048 0.031742
v -0.007587 -0.008051 0.033982
v -0.007603 -0.007428 0.034053
v -0.007636 -0.006856 0.034191
v -0.007627 -0.006296 0.034347
v -0.007651 -0.005772 0.034227
v -0.007719 -0.006096 0.033498
v -0.007713 -0.005869 0.033779
v -0.007771 -0.006671 0.032820
v -0.007744 -0.006368 0.033169
v -0.007414 -0.008127 0.032178
v -0.007584 -0.007555 0.032324
v -0.007820 -0.007033 0.032438
v -0.007708 -0.008130 0.031832
v -0.007869 -0.007591 0.031970
v -0.008025 -0.007205 0.032068
v -0.006520 -0.007464 0.034436
v -0.006600 -0.006961 0.034506
v -0.006653 -0.006654 0.034563
v -0.006972 -0.008058 0.034122
v -0.007008 -0.007446 0.034164
v -0.007071 -0.006900 0.034291
v -0.006992 -0.006160 0.034458
v -0.007187 -0.005779 0.034257
v -0.007122 -0.006650 0.033444
v -0.007065 -0.006253 0.033796
v -0.007310 -0.005959 0.033891
v -0.006817 -0.008149 0.032849
v -0.006981 -0.007570 0.032991
v -0.007207 -0.007042 0.033096
v -0.007112 -0.008145 0.032511
v -0.007268 -0.007598 0.032650
v -0.007430 -0.007213 0.032748
v -0.005963 -0.008080 0.036203
v -0.005980 -0.007454 0.036197
v -0.006028 -0.006873 0.036194
v -0.006086 -0.006252 0.036161
v -0.006032 -0.005818 0.036358
v -0.005889 -0.008071 0.035509
v -0.005928 -0.007464 0.035512
v -0.006002 -0.006946 0.035539
v -0.006085 -0.006458 0.035550
v -0.006079 -0.008068 0.034856
v -0.006134 -0.007470 0.034880
v -0.006212 -0.006985 0.034915
v -0.006294 -0.006551 0.034930
v -0.006463 -0.008066 0.034395
v -0.006482 -0.006650 0.034063
v -0.006418 -0.006400 0.034447
v -0.006223 -0.008160 0.033517
v -0.006374 -0.007577 0.033651
v -0.006572 -0.007037 0.033723
v -0.006519 -0.008163 0.033183
v -0.006662 -0.007609 0.033311
v -0.006807 -0.007215 0.033391
v -0.005642 -0.005946 0.035941
v -0.005595 -0.005787 0.036363
v -0.005662 -0.006232 0.035501
v -0.005508 -0.007295 0.034785
v -0.005661 -0.006935 0.034844
v -0.005792 -0.006548 0.035006
v -0.005580 -0.008172 0.034211
v -0.005683 -0.007567 0.034436
v -0.006011 -0.006985 0.034395
v -0.006056 -0.006634 0.034592
v -0.005915 -0.008163 0.033857
v -0.006047 -0.007609 0.034000
v -0.006206 -0.007199 0.034047
v -0.005100 -0.006220 0.036142
v -0.004907 -0.007278 0.035414
v -0.005009 -0.006956 0.035541
v -0.005161 -0.006561 0.035708
v -0.005177 -0.007886 0.034783
v -0.005122 -0.007452 0.035108
v -0.005323 -0.006990 0.035198
v -0.005427 -0.006685 0.035295
v -0.005202 -0.008310 0.034531
v -0.009507 -0.019461 0.031083
v -0.009507 -0.019373 0.030527
v -0.009508 -0.019278 0.029921
v -0.009510 -0.019180 0.029300
v -0.009513 -0.019085 0.028694
v -0.009519 -0.019000 0.028157
v -0.009527 -0.018931 0.027719
v -0.009536 -0.018861 0.027274
v -0.009553 -0.018776 0.026737
v -0.008877 -0.019461 0.031082
v -0.008878 -0.019373 0.030527
v -0.008880 -0.019278 0.029921
v -0.008885 -0.019180 0.029302
v -0.008896 -0.019086 0.028704
v -0.008913 -0.019005 0.028187
v -0.008926 -0.018937 0.027755
v -0.008927 -0.018862 0.027282
v -0.008965 -0.018754 0.026730
v -0.008248 -0.019461 0.031082
v -0.008250 -0.019374 0.030528
v -0.008257 -0.019278 0.029924
v -0.008271 -0.019182 0.029312
v -0.008300 -0.019093 0.028746
v -0.008315 -0.019013 0.028263
v -0.008297 -0.018916 0.027807
v -0.008288 -0.018686 0.027303
v -0.008537 -0.018515 0.026803
v -0.007621 -0.019461 0.031084
v -0.007629 -0.019374 0.030532
v -0.007646 -0.019280 0.029934
v -0.007676 -0.019185 0.029338
v -0.007739 -0.019092 0.028825
v -0.007693 -0.018969 0.028375
v -0.007746 -0.018636 0.028009
v -0.007945 -0.018490 0.027628
v -0.007001 -0.019462 0.031091
v -0.007017 -0.019376 0.030540
v -0.007041 -0.019277 0.029943
v -0.007089 -0.019109 0.029349
v -0.006940 -0.018665 0.029151
v -0.007324 -0.019012 0.028916
v -0.007244 -0.018683 0.028655
v -0.007462 -0.018466 0.028358
v -0.006387 -0.019464 0.031101
v -0.006406 -0.019361 0.030547
v -0.006453 -0.019159 0.029983
v -0.006371 -0.018662 0.029903
v -0.006694 -0.019008 0.029588
v -0.006645 -0.018634 0.029526
v -0.005768 -0.019435 0.031109
v -0.005835 -0.019178 0.030612
v -0.005784 -0.018665 0.030583
v -0.006091 -0.019015 0.030253
v -0.006077 -0.018635 0.030242
v -0.005211 -0.019204 0.031210
v -0.005169 -0.018682 0.031212
v -0.005477 -0.019029 0.030885
v -0.005485 -0.018638 0.030907
v -0.009346 -0.013761 0.026493
v -0.008692 -0.013758 0.027736
v -0.008751 -0.015047 0.027169
v -0.008827 -0.014403 0.027250
v -0.008916 -0.013759 0.027331
v -0.008726 -0.017489 0.026513
v -0.008785 -0.016903 0.026571
v -0.008849 -0.016287 0.026632
v -0.008912 -0.015663 0.026694
v -0.008977 -0.015040 0.026762
v -0.009057 -0.014401 0.026826
v -0.009141 -0.013761 0.026900
v -0.008126 -0.014423 0.028440
v -0.008218 -0.013776 0.028533
v -0.008084 -0.016899 0.027772
v -0.008147 -0.016286 0.027834
v -0.008212 -0.015667 0.027898
v -0.008285 -0.015046 0.027968
v -0.008370 -0.014413 0.028049
v -0.008465 -0.013770 0.028130
v -0.008207 -0.018082 0.027269
v -0.008259 -0.017504 0.027319
v -0.008319 -0.016901 0.027383
v -0.008387 -0.016287 0.027438
v -0.008457 -0.015669 0.027490
v -0.008528 -0.015045 0.027558
v -0.008605 -0.014405 0.027646
v -0.008460 -0.018040 0.026838
v -0.008509 -0.017492 0.026899
v -0.008563 -0.016902 0.026967
v -0.008624 -0.016288 0.027033
v -0.008686 -0.015668 0.027097
v -0.007462 -0.013782 0.029679
v -0.007468 -0.015670 0.029057
v -0.007545 -0.015043 0.029130
v -0.007630 -0.014416 0.029214
v -0.007720 -0.013779 0.029304
v -0.007478 -0.018058 0.028418
v -0.007531 -0.017513 0.028478
v -0.007593 -0.016909 0.028541
v -0.007652 -0.016291 0.028613
v -0.007717 -0.015669 0.028680
v -0.007799 -0.015046 0.028742
v -0.007887 -0.014420 0.028821
v -0.007975 -0.013777 0.028919
v -0.007717 -0.018076 0.028049
v -0.007778 -0.017509 0.028095
v -0.007847 -0.016903 0.028147
v -0.007907 -0.016287 0.028216
v -0.007969 -0.015667 0.028286
v -0.008042 -0.015046 0.028358
v -0.007965 -0.018048 0.027664
v -0.008022 -0.017499 0.027712
v -0.006836 -0.014417 0.030329
v -0.006926 -0.013787 0.030412
v -0.006816 -0.016909 0.029679
v -0.006884 -0.016289 0.029737
v -0.006951 -0.015666 0.029802
v -0.007021 -0.015041 0.029885
v -0.007106 -0.014415 0.029966
v -0.007201 -0.013786 0.030044
v -0.006962 -0.018113 0.029179
v -0.007014 -0.017526 0.029247
v -0.007076 -0.016910 0.029312
v -0.007149 -0.016291 0.029364
v -0.007220 -0.015668 0.029424
v -0.007291 -0.015041 0.029505
v -0.007373 -0.014414 0.029592
v -0.007242 -0.018096 0.028767
v -0.007284 -0.017520 0.028851
v -0.007340 -0.016911 0.028924
v -0.007403 -0.016292 0.028990
v -0.006176 -0.015038 0.030956
v -0.006266 -0.014412 0.031034
v -0.006352 -0.013781 0.031126
v -0.006197 -0.017538 0.030336
v -0.006268 -0.016917 0.030391
v -0.006329 -0.016291 0.030460
v -0.006391 -0.015664 0.030533
v -0.006468 -0.015039 0.030608
v -0.006560 -0.014414 0.030681
v -0.006646 -0.013785 0.030771
v -0.006411 -0.018124 0.029935
v -0.006477 -0.017532 0.029984
v -0.006551 -0.016912 0.030034
v -0.006615 -0.016290 0.030098
v -0.006678 -0.015665 0.030170
v -0.006750 -0.015040 0.030249
v -0.006690 -0.018111 0.029562
v -0.006750 -0.017526 0.029619
v -0.005534 -0.018119 0.030959
v -0.005596 -0.017541 0.031017
v -0.005662 -0.016923 0.031080
v -0.005727 -0.016295 0.031145
v -0.005797 -0.015668 0.031215
v -0.005876 -0.015042 0.031291
v -0.005964 -0.014412 0.031374
v -0.006054 -0.013779 0.031466
v -0.005838 -0.018121 0.030630
v -0.005908 -0.017536 0.030678
v -0.005974 -0.016920 0.030739
v -0.006036 -0.016293 0.030807
v -0.006100 -0.015665 0.030878
v -0.006130 -0.018117 0.030286
v -0.005215 -0.018137 0.031273
v -0.005269 -0.017553 0.031341
v -0.005336 -0.016931 0.031406
v -0.005406 -0.016299 0.031470
v -0.005479 -0.015671 0.031538
v -0.009356 -0.008748 0.029035
v -0.009330 -0.009996 0.028362
v -0.009448 -0.009376 0.028486
v -0.009580 -0.008747 0.028614
v -0.009322 -0.011247 0.027725
v -0.009433 -0.010628 0.027830
v -0.009557 -0.009998 0.027923
v -0.009670 -0.009373 0.028049
v -0.009793 -0.008745 0.028182
v -0.009322 -0.012497 0.027094
v -0.009423 -0.011880 0.027203
v -0.009532 -0.011261 0.027300
v -0.009659 -0.010662 0.027359
v -0.009823 -0.010015 0.027374
v -0.009890 -0.009363 0.027603
v -0.009425 -0.013135 0.026580
v -0.009522 -0.012508 0.026674
v -0.009632 -0.011897 0.026758
v -0.009742 -0.011309 0.026838
v -0.009855 -0.010794 0.026877
v -0.008748 -0.009405 0.029693
v -0.008871 -0.008780 0.029849
v -0.008745 -0.010654 0.029052
v -0.008866 -0.010020 0.029173
v -0.008989 -0.009392 0.029299
v -0.009124 -0.008755 0.029441
v -0.008759 -0.011909 0.028430
v -0.008869 -0.011273 0.028540
v -0.008984 -0.010642 0.028653
v -0.009106 -0.010008 0.028765
v -0.009225 -0.009381 0.028894
v -0.008783 -0.013139 0.027827
v -0.008885 -0.012518 0.027924
v -0.008991 -0.011894 0.028025
v -0.009104 -0.011258 0.028128
v -0.009215 -0.010630 0.028242
v -0.009011 -0.013133 0.027409
v -0.009115 -0.012505 0.027502
v -0.009216 -0.011881 0.027611
v -0.009225 -0.013131 0.026990
v -0.008119 -0.008782 0.030969
v -0.008121 -0.010039 0.030334
v -0.008246 -0.009413 0.030459
v -0.008379 -0.008823 0.030580
v -0.008132 -0.011299 0.029715
v -0.008252 -0.010666 0.029832
v -0.008374 -0.010038 0.029953
v -0.008502 -0.009421 0.030072
v -0.008622 -0.008853 0.030203
v -0.008069 -0.013142 0.029019
v -0.008169 -0.012526 0.029118
v -0.008273 -0.011914 0.029221
v -0.008385 -0.011293 0.029330
v -0.008505 -0.010661 0.029440
v -0.008625 -0.010031 0.029564
v -0.008312 -0.013145 0.028631
v -0.008418 -0.012529 0.028721
v -0.008524 -0.011911 0.028820
v -0.008631 -0.011283 0.028935
v -0.008557 -0.013145 0.028226
v -0.008656 -0.012527 0.028325
v -0.007475 -0.010659 0.030959
v -0.007596 -0.010026 0.031081
v -0.007713 -0.009392 0.031205
v -0.007849 -0.008761 0.031332
v -0.007501 -0.011929 0.030354
v -0.007619 -0.011296 0.030468
v -0.007739 -0.010664 0.030588
v -0.007865 -0.010034 0.030706
v -0.007987 -0.009403 0.030836
v -0.007557 -0.013154 0.029772
v -0.007655 -0.012538 0.029879
v -0.007763 -0.011925 0.029983
v -0.007882 -0.011299 0.030089
v -0.007999 -0.010666 0.030211
v -0.007820 -0.013147 0.029393
v -0.007918 -0.012530 0.029496
v -0.008020 -0.011917 0.029604
v -0.006846 -0.012544 0.030973
v -0.006962 -0.011914 0.031085
v -0.007082 -0.011281 0.031206
v -0.007207 -0.010653 0.031319
v -0.007322 -0.010021 0.031441
v -0.007017 -0.013163 0.030513
v -0.007122 -0.012547 0.030614
v -0.007239 -0.011923 0.030717
v -0.007354 -0.011289 0.030837
v -0.007292 -0.013160 0.030142
v -0.007391 -0.012544 0.030248
v -0.006452 -0.013155 0.031225
v -0.006568 -0.012536 0.031324
v -0.006683 -0.011908 0.031442
v -0.006739 -0.013161 0.030870
v -0.009445 -0.006119 0.031153
v -0.009667 -0.005766 0.031183
v -0.009380 -0.006661 0.030627
v -0.009629 -0.006269 0.030599
v -0.009861 -0.005893 0.030582
v -0.009265 -0.008126 0.029626
v -0.009428 -0.007534 0.029790
v -0.009563 -0.006961 0.030027
v -0.009823 -0.006468 0.030004
v -0.009507 -0.008126 0.029190
v -0.009665 -0.007559 0.029328
v -0.009819 -0.007076 0.029440
v -0.009730 -0.008134 0.028757
v -0.009871 -0.007592 0.028904
v -0.009972 -0.007199 0.029031
v -0.008683 -0.007234 0.031197
v -0.008936 -0.006848 0.031171
v -0.009165 -0.006479 0.031180
v -0.008734 -0.007874 0.030643
v -0.008943 -0.007419 0.030673
v -0.009147 -0.007016 0.030686
v -0.008961 -0.008147 0.030110
v -0.009171 -0.007562 0.030205
v -0.009302 -0.007173 0.030299
v -0.008275 -0.008195 0.031081
v -0.008466 -0.007694 0.031145
v -0.008532 -0.008314 0.030658
v -0.008710 -0.008431 0.030319
v -0.009577 -0.018679 0.026132
v -0.009675 -0.018555 0.025512
v -0.009683 -0.018427 0.025040
v -0.009004 -0.018513 0.026146
v -0.009243 -0.018347 0.025498
v -0.008715 -0.018359 0.026467
v -0.009349 -0.015644 0.025858
v -0.009409 -0.015025 0.025926
v -0.009475 -0.014398 0.026000
v -0.009549 -0.013769 0.026070
v -0.009365 -0.017439 0.025273
v -0.009424 -0.016890 0.025317
v -0.009483 -0.016278 0.025380
v -0.009547 -0.015650 0.025440
v -0.009615 -0.015029 0.025489
v -0.009685 -0.014403 0.025548
v -0.009759 -0.013779 0.025611
v -0.009525 -0.018027 0.024905
v -0.009551 -0.017473 0.024875
v -0.009624 -0.016896 0.024882
v -0.009692 -0.016284 0.024926
v -0.009758 -0.015659 0.024979
v -0.009823 -0.015035 0.025036
v -0.009884 -0.014407 0.025107
v -0.009947 -0.013782 0.025182
v -0.008913 -0.018011 0.026077
v -0.008949 -0.017481 0.026106
v -0.009010 -0.016898 0.026153
v -0.009078 -0.016280 0.026204
v -0.009144 -0.015651 0.026263
v -0.009205 -0.015030 0.026335
v -0.009272 -0.014398 0.026411
v -0.009148 -0.017935 0.025597
v -0.009178 -0.017455 0.025657
v -0.009230 -0.016890 0.025721
v -0.009288 -0.016276 0.025789
v -0.009318 -0.017825 0.025261
v -0.008678 -0.017997 0.026465
v -0.009633 -0.013147 0.026134
v -0.009730 -0.012524 0.026216
v -0.009832 -0.011916 0.026309
v -0.009924 -0.011351 0.026413
v -0.009991 -0.010923 0.026500
v -0.009835 -0.013156 0.025682
v -0.009919 -0.012531 0.025779
v -0.001931 -0.013375 0.041434
v -0.001301 -0.013464 0.041516
v -0.000677 -0.013501 0.041552
v -0.000058 -0.013473 0.041515
v -0.004440 -0.010385 0.042087
v -0.004439 -0.009861 0.042192
v -0.004444 -0.009277 0.042308
v -0.004449 -0.008673 0.042417
v -0.004433 -0.012130 0.041414
v -0.004435 -0.011687 0.041609
v -0.004440 -0.011225 0.041809
v -0.004442 -0.010809 0.041967
v -0.003812 -0.010868 0.041984
v -0.003807 -0.010421 0.042097
v -0.003801 -0.009872 0.042194
v -0.003811 -0.009281 0.042293
v -0.003821 -0.008676 0.042374
v -0.003794 -0.012194 0.041460
v -0.003800 -0.011731 0.041658
v -0.003807 -0.011279 0.041840
v -0.003171 -0.010954 0.042061
v -0.003157 -0.010455 0.042178
v -0.003145 -0.009883 0.042277
v -0.003189 -0.009289 0.042370
v -0.003207 -0.008691 0.042427
v -0.003155 -0.012708 0.041357
v -0.003156 -0.012274 0.041545
v -0.003163 -0.011812 0.041741
v -0.003172 -0.011380 0.041913
v -0.002186 -0.009650 0.042632
v -0.002237 -0.009251 0.042670
v -0.002249 -0.008773 0.042670
v -0.002543 -0.011507 0.042029
v -0.002539 -0.011047 0.042199
v -0.002516 -0.010512 0.042353
v -0.002467 -0.009901 0.042488
v -0.002628 -0.009291 0.042524
v -0.002646 -0.008719 0.042543
v -0.002534 -0.012827 0.041483
v -0.002530 -0.012369 0.041676
v -0.002534 -0.011926 0.041860
v -0.001869 -0.010156 0.042626
v -0.001806 -0.009752 0.042736
v -0.001812 -0.009274 0.042804
v -0.001821 -0.008774 0.042806
v -0.001908 -0.012060 0.041997
v -0.001912 -0.011627 0.042167
v -0.001911 -0.011132 0.042346
v -0.001896 -0.010627 0.042500
v -0.001923 -0.012945 0.041632
v -0.001912 -0.012484 0.041824
v -0.001279 -0.010281 0.042695
v -0.001267 -0.009823 0.042808
v -0.001267 -0.009296 0.042877
v -0.001273 -0.008766 0.042888
v -0.001291 -0.012147 0.042085
v -0.001293 -0.011697 0.042263
v -0.001292 -0.011195 0.042440
v -0.001287 -0.010715 0.042582
v -0.001299 -0.013018 0.041719
v -0.001294 -0.012565 0.041913
v -0.001136 -0.009259 0.041827
v -0.001282 -0.008906 0.042026
v -0.000688 -0.010320 0.042729
v -0.000681 -0.009850 0.042840
v -0.000668 -0.009304 0.042921
v -0.000661 -0.008740 0.042957
v -0.000677 -0.012176 0.042120
v -0.000677 -0.011723 0.042303
v -0.000676 -0.011221 0.042482
v -0.000681 -0.010743 0.042621
v -0.000677 -0.013047 0.041752
v -0.000677 -0.012592 0.041946
v -0.000469 -0.009217 0.041857
v -0.000542 -0.008799 0.042046
v -0.000145 -0.010282 0.042678
v -0.000116 -0.009842 0.042776
v -0.000054 -0.009301 0.042824
v -0.000037 -0.008737 0.042812
v -0.000067 -0.012133 0.042067
v -0.000065 -0.011691 0.042236
v -0.000066 -0.011183 0.042412
v -0.000087 -0.010677 0.042567
v -0.000060 -0.013020 0.041705
v -0.000064 -0.012554 0.041898
v -0.000076 -0.008614 0.041767
v -0.004449 -0.008066 0.042478
v -0.004441 -0.007467 0.042502
v -0.004426 -0.006877 0.042475
v -0.004371 -0.006402 0.042269
v -0.004577 -0.006764 0.041808
v -0.004251 -0.006248 0.041774
v -0.004093 -0.005880 0.041557
v -0.003824 -0.008071 0.042411
v -0.003825 -0.007471 0.042406
v -0.003814 -0.006905 0.042341
v -0.003786 -0.006417 0.042215
v -0.003774 -0.005971 0.042006
v -0.003747 -0.005568 0.041661
v -0.003496 -0.005363 0.041421
v -0.003191 -0.008092 0.042433
v -0.003207 -0.007482 0.042392
v -0.003217 -0.006923 0.042297
v -0.003202 -0.006454 0.042155
v -0.003183 -0.006040 0.041948
v -0.003152 -0.005673 0.041670
v -0.003111 -0.005376 0.041378
v -0.002219 -0.008416 0.042654
v -0.002525 -0.008146 0.042525
v -0.002596 -0.007504 0.042412
v -0.002643 -0.006968 0.042292
v -0.002600 -0.006535 0.042116
v -0.002603 -0.006134 0.041875
v -0.002577 -0.005811 0.041536
v -0.001838 -0.008356 0.042725
v -0.001926 -0.007941 0.042591
v -0.002068 -0.007550 0.042226
v -0.002311 -0.007118 0.042090
v -0.001884 -0.008044 0.041824
v -0.002086 -0.007504 0.041746
v -0.002223 -0.006846 0.041774
v -0.002307 -0.006373 0.041633
v -0.001288 -0.008324 0.042739
v -0.001408 -0.008240 0.042289
v -0.001802 -0.007954 0.042092
v -0.001447 -0.008519 0.042081
v -0.000648 -0.008280 0.042764
v -0.000487 -0.008280 0.042290
v -0.000169 -0.007915 0.042202
v -0.000457 -0.008428 0.042178
v -0.000119 -0.008003 0.042091
v -0.000015 -0.008248 0.042754
v 0.000013 -0.007847 0.042601
v 0.000137 -0.007490 0.042260
v 0.000436 -0.006868 0.042027
v -0.000005 -0.008176 0.041790
v 0.000114 -0.007614 0.041793
v 0.000287 -0.006884 0.041623
v 0.000384 -0.006246 0.041480
v -0.004411 -0.018420 0.038281
v -0.004432 -0.019666 0.037672
v -0.004421 -0.019256 0.037867
v -0.004413 -0.018826 0.038078
v -0.004456 -0.020274 0.037172
v -0.004452 -0.020042 0.037497
v -0.004458 -0.020326 0.036731
v -0.003783 -0.018499 0.038355
v -0.003804 -0.019723 0.037737
v -0.003789 -0.019310 0.037943
v -0.003780 -0.018901 0.038149
v -0.003826 -0.020311 0.037210
v -0.003823 -0.020093 0.037545
v -0.003827 -0.020344 0.036748
v -0.003142 -0.018966 0.038204
v -0.003148 -0.018562 0.038413
v -0.003174 -0.019770 0.037792
v -0.003155 -0.019360 0.038002
v -0.003198 -0.020320 0.037239
v -0.003195 -0.020127 0.037583
v -0.003198 -0.020348 0.036763
v -0.002527 -0.019032 0.038266
v -0.002528 -0.018625 0.038488
v -0.002558 -0.019825 0.037846
v -0.002538 -0.019422 0.038057
v -0.002577 -0.020333 0.037274
v -0.002578 -0.020161 0.037626
v -0.002571 -0.020352 0.036779
v -0.001911 -0.019107 0.038348
v -0.001910 -0.018692 0.038580
v -0.001959 -0.020200 0.037678
v -0.001941 -0.019883 0.037919
v -0.001921 -0.019496 0.038133
v -0.001954 -0.020353 0.037303
v -0.001944 -0.020357 0.036792
v -0.001288 -0.018359 0.038868
v -0.001288 -0.019172 0.038411
v -0.001288 -0.018747 0.038646
v -0.001317 -0.020239 0.037730
v -0.001307 -0.019925 0.037994
v -0.001294 -0.019556 0.038199
v -0.001315 -0.020376 0.037320
v -0.001311 -0.020360 0.036798
v -0.000667 -0.018401 0.038909
v -0.000666 -0.019607 0.038247
v -0.000665 -0.019225 0.038454
v -0.000667 -0.018794 0.038687
v -0.000679 -0.020268 0.037768
v -0.000674 -0.019962 0.038052
v -0.000680 -0.020391 0.037332
v -0.000679 -0.020361 0.036802
v -0.000044 -0.018407 0.038906
v -0.000042 -0.019633 0.038271
v -0.000042 -0.019243 0.038469
v -0.000043 -0.018805 0.038690
v -0.000048 -0.020289 0.037785
v -0.000045 -0.019992 0.038080
v -0.000048 -0.020400 0.037338
v -0.000049 -0.020362 0.036804
v -0.004439 -0.013416 0.040821
v -0.004428 -0.014690 0.040211
v -0.004432 -0.014255 0.040422
v -0.004437 -0.013824 0.040627
v -0.004436 -0.015948 0.039584
v -0.004434 -0.015521 0.039800
v -0.004431 -0.015098 0.040010
v -0.004422 -0.017182 0.038936
v -0.004428 -0.016765 0.039160
v -0.004434 -0.016348 0.039379
v -0.004414 -0.018002 0.038498
v -0.004418 -0.017582 0.038722
v -0.004476 -0.014269 0.037536
v -0.004674 -0.014346 0.036644
v -0.003799 -0.013482 0.040875
v -0.003798 -0.014748 0.040257
v -0.003799 -0.014310 0.040475
v -0.003801 -0.013895 0.040678
v -0.003805 -0.016015 0.039640
v -0.003802 -0.015575 0.039854
v -0.003800 -0.015161 0.040055
v -0.003797 -0.017259 0.039008
v -0.003802 -0.016830 0.039231
v -0.003806 -0.016424 0.039438
v -0.003789 -0.018070 0.038579
v -0.003793 -0.017662 0.038795
v -0.003772 -0.013643 0.037333
v -0.003616 -0.013748 0.036744
v -0.003165 -0.013978 0.040746
v -0.003162 -0.013558 0.040958
v -0.003165 -0.015234 0.040112
v -0.003163 -0.014813 0.040320
v -0.003164 -0.014382 0.040539
v -0.003175 -0.016500 0.039500
v -0.003171 -0.016080 0.039704
v -0.003167 -0.015643 0.039914
v -0.003162 -0.017733 0.038856
v -0.003166 -0.017325 0.039075
v -0.003171 -0.016901 0.039297
v -0.003157 -0.018133 0.038641
v -0.002540 -0.014092 0.040866
v -0.002539 -0.013661 0.041086
v -0.002536 -0.015341 0.040224
v -0.002538 -0.014912 0.040443
v -0.002541 -0.014498 0.040655
v -0.002540 -0.016600 0.039602
v -0.002539 -0.016167 0.039813
v -0.002539 -0.015749 0.040018
v -0.002535 -0.017818 0.038946
v -0.002536 -0.017405 0.039176
v -0.002538 -0.017000 0.039395
v -0.002532 -0.018212 0.038721
v -0.001931 -0.014631 0.040801
v -0.001929 -0.014212 0.041015
v -0.001930 -0.013781 0.041234
v -0.001924 -0.015873 0.040157
v -0.001924 -0.015460 0.040372
v -0.001926 -0.015034 0.040595
v -0.001916 -0.017104 0.039508
v -0.001919 -0.016705 0.039729
v -0.001922 -0.016277 0.039951
v -0.001912 -0.017906 0.039040
v -0.001914 -0.017493 0.039283
v -0.001911 -0.018295 0.038810
v -0.001299 -0.014725 0.040893
v -0.001300 -0.014294 0.041110
v -0.001301 -0.013869 0.041320
v -0.001295 -0.015960 0.040246
v -0.001296 -0.015541 0.040469
v -0.001298 -0.015126 0.040687
v -0.001291 -0.017172 0.039573
v -0.001293 -0.016771 0.039805
v -0.001295 -0.016358 0.040033
v -0.001289 -0.017974 0.039096
v -0.001290 -0.017561 0.039342
v -0.000673 -0.014776 0.040943
v -0.000675 -0.014335 0.041157
v -0.000676 -0.013910 0.041361
v -0.000671 -0.016005 0.040292
v -0.000672 -0.015584 0.040521
v -0.000673 -0.015177 0.040738
v -0.000669 -0.017212 0.039615
v -0.000670 -0.016808 0.039849
v -0.000671 -0.016402 0.040076
v -0.000668 -0.018012 0.039138
v -0.000669 -0.017602 0.039383
v -0.000689 -0.013737 0.038653
v -0.000867 -0.013955 0.037994
v -0.000814 -0.013923 0.037123
v -0.000052 -0.014772 0.040933
v -0.000053 -0.014327 0.041141
v -0.000056 -0.013888 0.041337
v -0.000049 -0.016006 0.040286
v -0.000050 -0.015585 0.040514
v -0.000051 -0.015175 0.040731
v -0.000047 -0.017214 0.039611
v -0.000047 -0.016810 0.039845
v -0.000048 -0.016403 0.040071
v -0.000045 -0.018015 0.039136
v -0.000046 -0.017605 0.039380
v 0.000069 -0.013658 0.038623
v 0.000232 -0.013782 0.038012
v 0.000203 -0.013670 0.037301
v -0.004437 -0.012981 0.041027
v -0.004434 -0.012542 0.041229
v -0.004572 -0.008554 0.041188
v -0.004541 -0.009865 0.040602
v -0.004432 -0.009399 0.040724
v -0.004353 -0.008809 0.040878
v -0.004607 -0.011143 0.039993
v -0.004462 -0.010686 0.040127
v -0.004335 -0.010095 0.040295
v -0.004119 -0.009397 0.040287
v -0.004026 -0.008762 0.040366
v -0.004539 -0.012355 0.039214
v -0.004432 -0.011926 0.039459
v -0.004346 -0.011371 0.039689
v -0.004091 -0.010676 0.039706
v -0.004254 -0.013024 0.038633
v -0.004322 -0.012521 0.038929
v -0.004067 -0.011902 0.039049
v -0.004378 -0.013628 0.038245
v -0.004703 -0.014036 0.037731
v -0.004383 -0.008892 0.036647
v -0.004367 -0.008463 0.036740
v -0.005161 -0.013629 0.036723
v -0.004972 -0.012379 0.036303
v -0.004928 -0.011783 0.036324
v -0.004856 -0.011141 0.036341
v -0.004554 -0.010398 0.036170
v -0.004452 -0.009830 0.036294
v -0.004407 -0.009265 0.036475
v -0.003795 -0.013037 0.041083
v -0.003793 -0.012613 0.041276
v -0.003980 -0.010026 0.039797
v -0.003900 -0.009374 0.039834
v -0.003857 -0.008730 0.039871
v -0.003936 -0.011298 0.039192
v -0.003853 -0.010645 0.039242
v -0.003802 -0.009989 0.039279
v -0.003758 -0.009346 0.039299
v -0.003724 -0.008707 0.039315
v -0.003935 -0.012315 0.038582
v -0.003831 -0.011847 0.038619
v -0.003759 -0.011246 0.038660
v -0.003700 -0.010610 0.038684
v -0.003659 -0.009967 0.038697
v -0.003629 -0.009326 0.038698
v -0.003618 -0.008687 0.038698
v -0.003881 -0.013071 0.037966
v -0.003805 -0.012536 0.038148
v -0.003680 -0.011864 0.038075
v -0.003610 -0.011230 0.038074
v -0.003562 -0.010590 0.038069
v -0.003538 -0.009939 0.038055
v -0.003538 -0.009289 0.038025
v -0.003574 -0.008655 0.038039
v -0.003732 -0.013189 0.037503
v -0.003611 -0.012499 0.037468
v -0.003539 -0.011860 0.037453
v -0.003491 -0.011207 0.037426
v -0.003468 -0.010558 0.037381
v -0.003519 -0.009899 0.037369
v -0.003632 -0.009182 0.037209
v -0.003714 -0.008581 0.037329
v -0.003531 -0.013046 0.036809
v -0.003476 -0.012483 0.036794
v -0.003473 -0.011840 0.036781
v -0.003493 -0.011184 0.036763
v -0.003566 -0.010455 0.036526
v -0.003668 -0.009868 0.036630
v -0.003798 -0.009390 0.036749
v -0.003158 -0.013123 0.041169
v -0.002538 -0.013244 0.041293
v -0.001868 -0.009176 0.041057
v -0.001924 -0.008720 0.041131
v -0.001884 -0.009137 0.040533
v -0.001934 -0.008632 0.040531
v -0.001826 -0.009017 0.039913
v -0.001861 -0.008540 0.039913
v -0.001820 -0.008386 0.039288
v -0.001119 -0.010424 0.041097
v -0.001317 -0.010039 0.041259
v -0.001556 -0.009544 0.041492
v -0.001689 -0.008901 0.041575
v -0.001247 -0.011157 0.040576
v -0.001398 -0.010697 0.040751
v -0.001666 -0.010086 0.040631
v -0.001841 -0.009593 0.040640
v -0.001314 -0.011810 0.039898
v -0.001439 -0.011374 0.040079
v -0.001609 -0.010657 0.039986
v -0.001724 -0.010055 0.039965
v -0.001784 -0.009500 0.039939
v -0.001401 -0.011824 0.039311
v -0.001500 -0.011228 0.039310
v -0.001579 -0.010625 0.039319
v -0.001646 -0.010002 0.039314
v -0.001712 -0.009412 0.039302
v -0.001768 -0.008875 0.039288
v -0.001369 -0.011699 0.038655
v -0.001436 -0.011179 0.038664
v -0.001509 -0.010594 0.038677
v -0.001601 -0.009981 0.038676
v -0.001690 -0.009366 0.038662
v -0.001758 -0.008754 0.038645
v -0.001417 -0.011147 0.038032
v -0.001517 -0.010580 0.038028
v -0.001617 -0.009975 0.038014
v -0.001680 -0.009344 0.037975
v -0.001712 -0.008696 0.037962
v -0.001369 -0.011132 0.037405
v -0.001489 -0.010670 0.037255
v -0.001578 -0.009965 0.037425
v -0.001495 -0.009268 0.037168
v -0.001460 -0.008618 0.037187
v -0.001409 -0.010456 0.036852
v -0.001403 -0.009950 0.036873
v -0.001340 -0.009480 0.036903
v -0.000490 -0.010439 0.041199
v -0.000583 -0.010026 0.041471
v -0.000585 -0.009623 0.041727
v -0.000631 -0.011338 0.040807
v -0.000563 -0.010838 0.041039
v -0.000733 -0.012215 0.040206
v -0.000648 -0.011775 0.040541
v -0.000740 -0.012649 0.039416
v -0.001009 -0.012492 0.039645
v -0.000946 -0.013247 0.038960
v -0.001061 -0.012872 0.038978
v -0.001311 -0.012172 0.038704
v -0.001111 -0.013059 0.038019
v -0.001198 -0.012549 0.038028
v -0.001264 -0.012050 0.037996
v -0.001315 -0.011587 0.037980
v -0.001033 -0.013079 0.036860
v -0.001077 -0.012500 0.036759
v -0.001107 -0.011988 0.036670
v -0.001002 -0.011533 0.036743
v -0.000530 -0.010871 0.036468
v -0.000209 -0.009940 0.036839
v -0.000526 -0.009173 0.036738
v -0.000589 -0.008583 0.036867
v -0.000779 -0.010581 0.036411
v -0.000720 -0.009935 0.036540
v -0.000796 -0.009442 0.036676
v -0.000056 -0.009863 0.041201
v 0.000018 -0.009400 0.041259
v 0.000093 -0.008821 0.041370
v -0.000074 -0.011130 0.040529
v 0.000035 -0.010649 0.040617
v 0.000114 -0.010074 0.040747
v 0.000231 -0.009370 0.040634
v 0.000276 -0.008732 0.040638
v -0.000018 -0.011868 0.039954
v 0.000093 -0.011318 0.040084
v 0.000236 -0.010617 0.039984
v 0.000278 -0.009988 0.040001
v 0.000290 -0.009344 0.039976
v 0.000289 -0.008702 0.039963
v 0.000038 -0.012504 0.039353
v 0.000113 -0.011984 0.039445
v 0.000237 -0.011244 0.039350
v 0.000262 -0.010601 0.039333
v 0.000260 -0.009962 0.039327
v 0.000253 -0.009326 0.039319
v 0.000246 -0.008688 0.039309
v 0.000145 -0.013129 0.038795
v 0.000200 -0.012649 0.038851
v 0.000218 -0.011860 0.038698
v 0.000218 -0.011227 0.038696
v 0.000210 -0.010589 0.038686
v 0.000203 -0.009954 0.038682
v 0.000201 -0.009317 0.038676
v 0.000197 -0.008674 0.038661
v 0.000245 -0.013000 0.038038
v 0.000233 -0.012448 0.038069
v 0.000201 -0.011842 0.038074
v 0.000168 -0.011215 0.038067
v 0.000153 -0.010584 0.038053
v 0.000150 -0.009948 0.038047
v 0.000144 -0.009310 0.038042
v 0.000123 -0.008663 0.038030
v 0.000180 -0.012981 0.037264
v 0.000153 -0.012418 0.037254
v 0.000115 -0.011827 0.037265
v -0.000014 -0.011234 0.037406
v 0.000074 -0.010615 0.037321
v 0.000053 -0.009943 0.037386
v 0.000013 -0.009296 0.037397
v -0.000054 -0.008695 0.037464
v -0.004490 -0.008112 0.041267
v -0.004418 -0.007580 0.041368
v -0.004358 -0.007032 0.041470
v -0.004143 -0.006438 0.041324
v -0.004173 -0.008133 0.040837
v -0.004095 -0.007517 0.040893
v -0.004048 -0.006958 0.040966
v -0.003991 -0.006540 0.040988
v -0.003907 -0.006698 0.038132
v -0.004004 -0.006155 0.038239
v -0.004123 -0.005733 0.038361
v -0.004125 -0.005512 0.038373
v -0.004273 -0.007026 0.037504
v -0.004376 -0.006576 0.037669
v -0.004458 -0.006127 0.037878
v -0.004507 -0.005730 0.038091
v -0.004453 -0.005359 0.038152
v -0.004367 -0.007935 0.036960
v -0.004339 -0.007446 0.037245
v -0.004480 -0.005542 0.037378
v -0.004466 -0.005297 0.037738
v -0.004510 -0.006128 0.036709
v -0.004486 -0.005832 0.037040
v -0.003982 -0.006048 0.041162
v -0.003856 -0.005587 0.041127
v -0.003636 -0.005137 0.041110
v -0.003957 -0.008118 0.040396
v -0.003905 -0.007478 0.040437
v -0.003873 -0.006864 0.040506
v -0.003855 -0.006263 0.040648
v -0.003791 -0.005670 0.040575
v -0.003636 -0.005164 0.040552
v -0.003816 -0.008092 0.039900
v -0.003783 -0.007453 0.039915
v -0.003754 -0.006828 0.039938
v -0.003733 -0.006235 0.039976
v -0.003711 -0.005702 0.039964
v -0.003612 -0.005224 0.039950
v -0.003702 -0.008069 0.039321
v -0.003691 -0.007430 0.039316
v -0.003692 -0.006802 0.039323
v -0.003702 -0.006220 0.039345
v -0.003727 -0.005719 0.039354
v -0.003657 -0.005281 0.039340
v -0.003627 -0.008043 0.038689
v -0.003666 -0.007397 0.038672
v -0.003732 -0.006766 0.038717
v -0.003780 -0.006199 0.038758
v -0.003845 -0.005744 0.038778
v -0.003836 -0.005333 0.038725
v -0.003646 -0.008017 0.038047
v -0.003773 -0.007331 0.037959
v -0.003884 -0.005440 0.037906
v -0.003916 -0.005305 0.038267
v -0.003779 -0.008012 0.037412
v -0.003908 -0.007583 0.037542
v -0.003882 -0.005986 0.037220
v -0.003881 -0.005697 0.037552
v -0.003928 -0.006627 0.036622
v -0.003896 -0.006297 0.036910
v -0.003167 -0.005132 0.041048
v -0.003181 -0.005074 0.040532
v -0.003197 -0.005164 0.039941
v -0.002932 -0.005390 0.039341
v -0.003270 -0.005283 0.039341
v -0.003080 -0.005514 0.038767
v -0.003413 -0.005345 0.038786
v -0.003304 -0.005621 0.038215
v -0.003535 -0.005411 0.038403
v -0.003269 -0.006163 0.037405
v -0.003285 -0.005887 0.037766
v -0.003281 -0.006789 0.036806
v -0.003266 -0.006464 0.037091
v -0.002612 -0.005489 0.041125
v -0.002823 -0.005235 0.040931
v -0.002478 -0.005426 0.040547
v -0.002788 -0.005198 0.040505
v -0.002470 -0.005425 0.039943
v -0.002828 -0.005263 0.039934
v -0.002549 -0.005520 0.039335
v -0.002654 -0.005692 0.038778
v -0.002678 -0.006080 0.037930
v -0.002740 -0.005858 0.038315
v -0.002629 -0.006610 0.037234
v -0.002646 -0.006333 0.037556
v -0.002648 -0.007266 0.036691
v -0.002635 -0.006923 0.036949
v -0.001977 -0.008170 0.041294
v -0.002072 -0.007496 0.041201
v -0.002148 -0.006843 0.041184
v -0.002248 -0.006199 0.041192
v -0.002346 -0.005812 0.040966
v -0.001975 -0.008078 0.040580
v -0.002026 -0.007465 0.040576
v -0.002101 -0.006847 0.040567
v -0.002188 -0.006267 0.040558
v -0.002275 -0.005798 0.040518
v -0.001906 -0.008026 0.039942
v -0.001979 -0.007443 0.039951
v -0.002070 -0.006847 0.039949
v -0.002132 -0.006283 0.039946
v -0.002202 -0.005777 0.039944
v -0.001878 -0.007953 0.039357
v -0.001960 -0.007419 0.039364
v -0.002020 -0.006851 0.039358
v -0.002019 -0.006285 0.039340
v -0.002134 -0.005761 0.039339
v -0.001883 -0.007845 0.038912
v -0.001925 -0.007398 0.038843
v -0.001901 -0.006870 0.038814
v -0.001822 -0.006258 0.038719
v -0.002155 -0.005812 0.038770
v -0.001989 -0.006150 0.038114
v -0.002301 -0.005937 0.038380
v -0.001985 -0.006723 0.037336
v -0.001995 -0.006448 0.037658
v -0.001992 -0.007379 0.036790
v -0.001986 -0.007029 0.037052
v -0.001783 -0.008517 0.041692
v -0.001838 -0.008103 0.038618
v -0.001785 -0.007453 0.038379
v -0.001690 -0.006945 0.038387
v -0.001621 -0.006576 0.038408
v -0.001700 -0.008047 0.037913
v -0.001444 -0.007398 0.037708
v -0.001369 -0.006979 0.037860
v -0.001344 -0.006501 0.038099
v -0.001328 -0.008035 0.037288
v -0.001119 -0.007647 0.037499
v -0.001337 -0.006798 0.037392
v -0.001325 -0.006515 0.037680
v -0.001349 -0.007460 0.036854
v -0.001342 -0.007106 0.037117
v -0.000121 -0.007368 0.038117
v -0.000219 -0.006940 0.038233
v -0.000261 -0.006707 0.038311
v -0.000484 -0.007641 0.037446
v -0.000614 -0.007280 0.037723
v -0.000659 -0.006944 0.037889
v -0.000583 -0.006802 0.037997
v -0.000565 -0.008074 0.037184
v -0.000696 -0.006853 0.037442
v -0.000680 -0.006629 0.037736
v -0.000721 -0.007866 0.036671
v -0.000713 -0.007511 0.036901
v -0.000703 -0.007154 0.037161
v 0.000217 -0.008136 0.041242
v 0.000261 -0.007510 0.041207
v 0.000294 -0.006875 0.041127
v 0.000299 -0.006319 0.041039
v 0.000343 -0.005930 0.040948
v 0.000294 -0.008091 0.040605
v 0.000291 -0.007461 0.040582
v 0.000276 -0.006853 0.040556
v 0.000258 -0.006315 0.040531
v 0.000320 -0.005886 0.040522
v 0.000275 -0.008066 0.039949
v 0.000248 -0.007441 0.039942
v 0.000214 -0.006845 0.039947
v 0.000200 -0.006295 0.039951
v 0.000308 -0.005882 0.039997
v 0.000225 -0.008051 0.039299
v 0.000184 -0.007431 0.039307
v 0.000133 -0.006848 0.039335
v 0.000168 -0.006217 0.039327
v 0.000332 -0.005908 0.039581
v 0.000155 -0.008029 0.038646
v 0.000080 -0.007419 0.038694
v 0.000004 -0.006903 0.038736
v -0.000039 -0.006313 0.038688
v 0.000014 -0.007971 0.037938
v -0.000024 -0.006439 0.038158
v -0.000095 -0.008222 0.037506
v -0.000059 -0.006879 0.037485
v -0.000043 -0.006683 0.037808
v -0.000074 -0.007901 0.036706
v -0.000070 -0.007537 0.036939
v -0.000064 -0.007181 0.037195
v -0.004459 -0.020274 0.036243
v -0.004460 -0.020203 0.035793
v -0.004461 -0.020136 0.035369
v -0.004462 -0.020059 0.034881
v -0.004463 -0.019969 0.034310
v -0.004465 -0.019874 0.033703
v -0.004469 -0.019781 0.033111
v -0.004476 -0.019688 0.032598
v -0.004472 -0.019557 0.032150
v -0.004535 -0.019272 0.031750
v -0.004483 -0.018715 0.031794
v -0.003828 -0.020275 0.036250
v -0.003830 -0.020203 0.035795
v -0.003831 -0.020136 0.035369
v -0.003832 -0.020059 0.034881
v -0.003834 -0.019970 0.034311
v -0.003838 -0.019875 0.033713
v -0.003845 -0.019786 0.033144
v -0.003848 -0.019679 0.032657
v -0.003840 -0.019340 0.032266
v -0.003729 -0.018745 0.032311
v -0.004125 -0.019127 0.032013
v -0.004110 -0.018696 0.032070
v -0.003199 -0.020276 0.036255
v -0.003200 -0.020204 0.035797
v -0.003201 -0.020136 0.035369
v -0.003202 -0.020059 0.034881
v -0.003205 -0.019970 0.034313
v -0.003214 -0.019877 0.033723
v -0.003231 -0.019769 0.033174
v -0.003278 -0.019654 0.032747
v -0.003267 -0.019283 0.032528
v -0.003278 -0.018742 0.032570
v -0.002570 -0.020277 0.036261
v -0.002570 -0.020204 0.035798
v -0.002571 -0.020136 0.035369
v -0.002572 -0.020059 0.034881
v -0.002576 -0.019970 0.034315
v -0.002585 -0.019878 0.033726
v -0.002596 -0.019729 0.033129
v -0.002413 -0.019293 0.032907
v -0.002414 -0.018749 0.032949
v -0.002871 -0.019592 0.032830
v -0.002824 -0.019248 0.032744
v -0.002843 -0.018738 0.032780
v -0.001941 -0.020278 0.036266
v -0.001941 -0.020204 0.035799
v -0.001941 -0.020136 0.035369
v -0.001942 -0.020060 0.034882
v -0.001945 -0.019972 0.034324
v -0.001949 -0.019884 0.033765
v -0.001940 -0.019712 0.033277
v -0.001897 -0.019286 0.033065
v -0.001909 -0.018747 0.033111
v -0.001310 -0.020278 0.036268
v -0.001311 -0.020204 0.035799
v -0.001311 -0.020136 0.035369
v -0.001312 -0.020060 0.034883
v -0.001314 -0.019973 0.034331
v -0.001316 -0.019887 0.033792
v -0.001311 -0.019714 0.033343
v -0.001305 -0.019284 0.033169
v -0.001318 -0.018750 0.033233
v -0.000680 -0.020278 0.036270
v -0.000680 -0.020204 0.035799
v -0.000681 -0.020136 0.035368
v -0.000682 -0.020060 0.034883
v -0.000684 -0.019973 0.034335
v -0.000685 -0.019883 0.033809
v -0.000682 -0.019717 0.033373
v -0.000682 -0.019287 0.033216
v -0.000694 -0.018757 0.033301
v -0.000050 -0.020278 0.036270
v -0.000050 -0.020204 0.035799
v -0.000051 -0.020136 0.035368
v -0.000052 -0.020060 0.034883
v -0.000054 -0.019974 0.034336
v -0.000055 -0.019866 0.033824
v -0.000054 -0.019686 0.033426
v -0.000058 -0.019268 0.033323
v -0.000065 -0.018763 0.033351
v -0.004566 -0.013902 0.035844
v -0.004267 -0.014422 0.032895
v -0.004378 -0.013786 0.033000
v -0.004285 -0.016949 0.032285
v -0.004359 -0.016304 0.032362
v -0.004449 -0.015670 0.032434
v -0.004541 -0.015044 0.032522
v -0.004630 -0.014417 0.032620
v -0.004738 -0.013781 0.032718
v -0.004530 -0.018160 0.031864
v -0.004586 -0.017571 0.031936
v -0.004646 -0.016947 0.032013
v -0.004722 -0.016306 0.032082
v -0.004806 -0.015671 0.032150
v -0.003692 -0.013643 0.036036
v -0.003592 -0.013789 0.033519
v -0.003589 -0.016294 0.032876
v -0.003670 -0.015673 0.032965
v -0.003753 -0.015051 0.033071
v -0.003876 -0.014422 0.033165
v -0.003991 -0.013791 0.033271
v -0.003763 -0.018166 0.032400
v -0.003830 -0.017567 0.032475
v -0.003905 -0.016941 0.032552
v -0.003978 -0.016300 0.032633
v -0.004067 -0.015671 0.032713
v -0.004162 -0.015047 0.032801
v -0.004155 -0.018155 0.032141
v -0.004218 -0.017565 0.032212
v -0.002976 -0.014794 0.033562
v -0.003060 -0.014352 0.033643
v -0.003148 -0.013783 0.033764
v -0.002995 -0.017573 0.032934
v -0.003083 -0.016936 0.033019
v -0.003160 -0.016308 0.033107
v -0.003207 -0.015709 0.033217
v -0.003224 -0.015070 0.033370
v -0.003448 -0.014411 0.033422
v -0.003332 -0.018171 0.032649
v -0.003409 -0.017568 0.032725
v -0.003499 -0.016935 0.032796
v -0.002317 -0.013519 0.034164
v -0.002645 -0.015379 0.033549
v -0.002562 -0.014914 0.033709
v -0.002555 -0.014389 0.033850
v -0.002570 -0.013791 0.034011
v -0.002473 -0.018174 0.033041
v -0.002531 -0.017570 0.033141
v -0.002579 -0.016945 0.033243
v -0.002668 -0.016350 0.033322
v -0.002710 -0.015837 0.033411
v -0.002910 -0.018171 0.032855
v -0.001942 -0.014031 0.034130
v -0.001886 -0.013614 0.034255
v -0.001695 -0.016672 0.033560
v -0.001815 -0.016249 0.033616
v -0.002029 -0.015666 0.033689
v -0.001981 -0.015041 0.033859
v -0.001958 -0.014508 0.034001
v -0.001935 -0.018173 0.033212
v -0.001954 -0.017580 0.033324
v -0.001959 -0.016949 0.033445
v -0.002195 -0.016370 0.033483
v -0.002313 -0.015955 0.033531
v -0.001328 -0.014175 0.034222
v -0.001316 -0.013691 0.034352
v -0.001318 -0.017185 0.033539
v -0.001259 -0.016763 0.033629
v -0.001288 -0.016251 0.033726
v -0.001346 -0.015674 0.033843
v -0.001344 -0.015106 0.033981
v -0.001334 -0.014621 0.034106
v -0.001328 -0.018194 0.033339
v -0.001330 -0.017666 0.033442
v -0.000697 -0.014712 0.034163
v -0.000697 -0.014265 0.034276
v -0.000696 -0.013740 0.034412
v -0.000697 -0.017313 0.033587
v -0.000683 -0.016828 0.033685
v -0.000688 -0.016270 0.033798
v -0.000701 -0.015690 0.033923
v -0.000701 -0.015161 0.034050
v -0.000702 -0.018228 0.033405
v -0.000703 -0.017753 0.033499
v -0.000065 -0.014778 0.034201
v -0.000065 -0.014310 0.034319
v -0.000065 -0.013767 0.034459
v -0.000074 -0.017392 0.033620
v -0.000065 -0.016869 0.033726
v -0.000064 -0.016289 0.033844
v -0.000066 -0.015717 0.033969
v -0.000065 -0.015215 0.034091
v -0.000075 -0.018258 0.033445
v -0.000079 -0.017820 0.033533
v -0.004692 -0.013179 0.035881
v -0.004495 -0.012449 0.035623
v -0.004442 -0.011782 0.035694
v -0.004388 -0.011173 0.035870
v -0.004297 -0.010683 0.036078
v -0.004250 -0.009409 0.034779
v -0.004400 -0.008856 0.034942
v -0.004550 -0.010345 0.034164
v -0.004552 -0.009879 0.034358
v -0.004644 -0.009366 0.034507
v -0.004768 -0.008854 0.034642
v -0.004250 -0.012551 0.033523
v -0.004372 -0.011934 0.033672
v -0.004512 -0.011339 0.033800
v -0.004583 -0.010815 0.033951
v -0.004503 -0.013156 0.033117
v -0.004626 -0.012539 0.033249
v -0.004757 -0.011920 0.033378
v -0.003587 -0.013045 0.035859
v -0.003570 -0.012472 0.035878
v -0.003591 -0.011817 0.035967
v -0.003683 -0.011213 0.036124
v -0.003788 -0.010713 0.036244
v -0.003956 -0.008507 0.035413
v -0.003617 -0.010386 0.034749
v -0.003701 -0.009967 0.034873
v -0.003797 -0.009462 0.035041
v -0.003879 -0.008975 0.035223
v -0.003644 -0.011691 0.034240
v -0.003745 -0.011264 0.034345
v -0.003927 -0.010648 0.034473
v -0.004112 -0.009986 0.034623
v -0.003724 -0.013181 0.033650
v -0.003824 -0.012593 0.033801
v -0.003875 -0.011968 0.034002
v -0.004106 -0.011368 0.034075
v -0.004216 -0.010938 0.034166
v -0.004120 -0.013167 0.033388
v -0.003284 -0.009140 0.035456
v -0.003305 -0.008700 0.035664
v -0.003242 -0.010920 0.034728
v -0.003183 -0.010502 0.034916
v -0.003203 -0.010037 0.035090
v -0.003245 -0.009580 0.035267
v -0.003297 -0.012271 0.034208
v -0.003210 -0.011833 0.034408
v -0.003208 -0.011382 0.034572
v -0.003271 -0.013215 0.033885
v -0.003345 -0.012717 0.034022
v -0.002633 -0.008427 0.036012
v -0.002619 -0.009712 0.035414
v -0.002629 -0.009277 0.035602
v -0.002633 -0.008835 0.035809
v -0.002601 -0.011545 0.034744
v -0.002607 -0.011091 0.034901
v -0.002599 -0.010608 0.035073
v -0.002604 -0.010142 0.035246
v -0.002447 -0.013113 0.034257
v -0.002671 -0.012560 0.034372
v -0.002621 -0.012005 0.034582
v -0.002819 -0.013233 0.034083
v -0.002951 -0.012833 0.034162
v -0.001984 -0.008542 0.036119
v -0.001972 -0.009827 0.035514
v -0.001979 -0.009377 0.035708
v -0.001983 -0.008944 0.035916
v -0.001970 -0.011669 0.034849
v -0.001970 -0.011185 0.035008
v -0.001965 -0.010686 0.035181
v -0.001965 -0.010243 0.035348
v -0.001921 -0.013121 0.034398
v -0.001982 -0.012596 0.034553
v -0.001977 -0.012114 0.034705
v -0.001344 -0.008614 0.036181
v -0.001319 -0.010318 0.035407
v -0.001326 -0.009899 0.035571
v -0.001335 -0.009439 0.035772
v -0.001342 -0.009017 0.035977
v -0.001333 -0.012205 0.034787
v -0.001332 -0.011757 0.034923
v -0.001329 -0.011243 0.035084
v -0.001324 -0.010743 0.035250
v -0.001323 -0.013157 0.034503
v -0.001335 -0.012650 0.034653
v -0.000713 -0.008665 0.036220
v -0.000692 -0.010368 0.035438
v -0.000696 -0.009932 0.035609
v -0.000703 -0.009470 0.035814
v -0.000710 -0.009064 0.036015
v -0.000699 -0.012274 0.034830
v -0.000698 -0.011805 0.034969
v -0.000696 -0.011280 0.035127
v -0.000693 -0.010791 0.035285
v -0.000698 -0.013196 0.034563
v -0.000699 -0.012709 0.034704
v -0.000078 -0.009098 0.036043
v -0.000076 -0.008705 0.036247
v -0.000064 -0.010411 0.035470
v -0.000067 -0.009957 0.035646
v -0.000073 -0.009494 0.035848
v -0.000064 -0.012330 0.034865
v -0.000065 -0.011838 0.035009
v -0.000065 -0.011312 0.035167
v -0.000064 -0.010837 0.035318
v -0.000064 -0.013227 0.034607
v -0.000062 -0.012762 0.034741
v -0.004580 -0.006759 0.036081
v -0.004542 -0.006433 0.036387
v -0.004570 -0.007825 0.035368
v -0.004517 -0.007470 0.035635
v -0.004541 -0.007113 0.035850
v -0.004612 -0.008301 0.035066
v -0.004870 -0.008475 0.034751
v -0.003960 -0.007315 0.036109
v -0.003955 -0.006964 0.036355
v -0.003956 -0.008077 0.035643
v -0.003949 -0.007687 0.035876
v -0.003312 -0.007889 0.036084
v -0.003315 -0.007504 0.036318
v -0.003304 -0.007138 0.036555
v -0.003309 -0.008279 0.035872
v -0.002642 -0.008031 0.036227
v -0.002651 -0.007634 0.036460
v -0.001990 -0.008134 0.036339
v -0.001994 -0.007742 0.036561
v -0.001350 -0.008195 0.036407
v -0.001353 -0.007816 0.036626
v -0.000717 -0.008241 0.036452
v -0.000074 -0.008282 0.036482
v -0.004819 -0.019076 0.031466
v -0.004833 -0.018669 0.031515
v -0.004880 -0.018145 0.031576
v 0.000558 -0.013406 0.041436
v 0.001186 -0.013329 0.041326
v 0.000253 -0.010216 0.042616
v 0.000372 -0.009845 0.042673
v 0.000597 -0.009321 0.042655
v 0.000591 -0.008738 0.042642
v 0.000547 -0.012050 0.041968
v 0.000551 -0.011619 0.042126
v 0.000550 -0.011104 0.042300
v 0.000528 -0.010492 0.042488
v 0.000749 -0.009966 0.042566
v 0.000872 -0.009597 0.042597
v 0.000555 -0.012966 0.041614
v 0.000552 -0.012487 0.041801
v 0.001238 -0.009182 0.042569
v 0.001221 -0.008720 0.042587
v 0.001194 -0.011537 0.042006
v 0.001197 -0.011054 0.042166
v 0.001207 -0.010499 0.042335
v 0.001274 -0.009989 0.042469
v 0.001307 -0.009572 0.042545
v 0.001188 -0.012906 0.041497
v 0.001190 -0.012419 0.041682
v 0.001190 -0.011964 0.041852
v 0.001893 -0.009631 0.042581
v 0.001869 -0.009205 0.042642
v 0.001851 -0.008749 0.042657
v 0.001852 -0.011517 0.041973
v 0.001859 -0.011044 0.042146
v 0.001871 -0.010522 0.042325
v 0.001893 -0.010052 0.042476
v 0.001844 -0.012874 0.041441
v 0.001847 -0.012390 0.041630
v 0.001849 -0.011938 0.041807
v 0.000607 -0.008267 0.042625
v 0.000630 -0.007858 0.042598
v 0.000656 -0.007381 0.042506
v 0.000767 -0.006879 0.042289
v 0.000884 -0.006494 0.042139
v 0.000683 -0.006235 0.041907
v 0.000799 -0.005834 0.041629
v 0.001216 -0.008286 0.042604
v 0.001220 -0.007868 0.042600
v 0.001226 -0.007382 0.042526
v 0.001255 -0.006883 0.042359
v 0.001292 -0.006459 0.042175
v 0.001260 -0.006084 0.041943
v 0.001225 -0.005771 0.041620
v 0.001833 -0.008340 0.042649
v 0.001842 -0.007904 0.042618
v 0.001792 -0.007392 0.042503
v 0.001800 -0.006897 0.042374
v 0.001858 -0.006490 0.042135
v 0.001841 -0.006110 0.041751
v 0.001634 -0.005785 0.041564
v 0.000582 -0.018394 0.038882
v 0.000585 -0.019632 0.038262
v 0.000585 -0.019235 0.038452
v 0.000583 -0.018794 0.038669
v 0.000583 -0.020297 0.037791
v 0.000584 -0.019998 0.038083
v 0.000582 -0.020404 0.037341
v 0.000581 -0.020362 0.036805
v 0.001214 -0.018385 0.038864
v 0.001215 -0.019631 0.038255
v 0.001215 -0.019230 0.038443
v 0.001215 -0.018787 0.038654
v 0.001212 -0.020298 0.037792
v 0.001213 -0.019998 0.038081
v 0.001212 -0.020406 0.037342
v 0.001211 -0.020362 0.036806
v 0.001850 -0.018384 0.038851
v 0.001846 -0.019635 0.038258
v 0.001848 -0.019231 0.038443
v 0.001849 -0.018790 0.038649
v 0.001842 -0.020301 0.037794
v 0.001844 -0.020005 0.038085
v 0.001842 -0.020407 0.037342
v 0.001841 -0.020362 0.036806
v 0.000571 -0.014725 0.040880
v 0.000568 -0.014278 0.041070
v 0.000563 -0.013822 0.041262
v 0.000575 -0.015980 0.040255
v 0.000574 -0.015558 0.040476
v 0.000573 -0.015134 0.040690
v 0.000578 -0.017195 0.039583
v 0.000577 -0.016791 0.039813
v 0.000576 -0.016378 0.040041
v 0.000581 -0.018001 0.039110
v 0.000580 -0.017587 0.039354
v 0.001199 -0.014644 0.040763
v 0.001195 -0.014205 0.040951
v 0.001190 -0.013743 0.041150
v 0.001204 -0.015933 0.040191
v 0.001203 -0.015503 0.040391
v 0.001201 -0.015059 0.040586
v 0.001209 -0.017171 0.039545
v 0.001207 -0.016760 0.039765
v 0.001206 -0.016336 0.039987
v 0.001212 -0.017987 0.039088
v 0.001211 -0.017567 0.039326
v 0.001847 -0.014603 0.040689
v 0.001846 -0.014169 0.040885
v 0.001844 -0.013708 0.041091
v 0.001845 -0.015880 0.040099
v 0.001846 -0.015449 0.040296
v 0.001846 -0.015011 0.040501
v 0.001846 -0.017150 0.039503
v 0.001845 -0.016729 0.039711
v 0.001845 -0.016293 0.039913
v 0.001849 -0.017977 0.039067
v 0.001848 -0.017551 0.039293
v 0.001842 -0.013296 0.041270
v 0.000603 -0.005713 0.041205
v 0.000665 -0.005608 0.040571
v 0.000691 -0.005706 0.040001
v 0.000645 -0.005979 0.039134
v 0.000700 -0.005846 0.039541
v 0.000602 -0.006152 0.038644
v 0.000589 -0.006368 0.038175
v 0.000574 -0.006877 0.037502
v 0.000581 -0.006607 0.037810
v 0.000569 -0.007919 0.036725
v 0.000570 -0.007550 0.036962
v 0.000572 -0.007197 0.037218
v 0.001195 -0.005601 0.041152
v 0.001192 -0.005637 0.040571
v 0.001165 -0.005769 0.040024
v 0.001179 -0.006081 0.039187
v 0.001142 -0.005917 0.039584
v 0.001179 -0.006271 0.038699
v 0.001195 -0.006653 0.037860
v 0.001178 -0.006457 0.038239
v 0.001200 -0.006900 0.037526
v 0.001208 -0.007925 0.036732
v 0.001207 -0.007558 0.036970
v 0.001204 -0.007211 0.037229
v 0.001941 -0.006077 0.041159
v 0.001697 -0.005684 0.041136
v 0.001949 -0.006082 0.040570
v 0.001672 -0.005725 0.040567
v 0.001883 -0.006114 0.039966
v 0.001584 -0.005844 0.040027
v 0.001706 -0.006145 0.039354
v 0.001479 -0.005969 0.039645
v 0.001687 -0.006353 0.038762
v 0.001801 -0.006674 0.037921
v 0.001705 -0.006507 0.038306
v 0.001820 -0.006917 0.037531
v 0.001845 -0.007917 0.036722
v 0.001842 -0.007560 0.036959
v 0.001834 -0.007221 0.037221
v 0.000580 -0.020278 0.036270
v 0.000580 -0.020204 0.035799
v 0.000579 -0.020136 0.035367
v 0.000578 -0.020060 0.034883
v 0.000577 -0.019974 0.034337
v 0.000576 -0.019865 0.033828
v 0.000576 -0.019691 0.033428
v 0.000573 -0.019266 0.033343
v 0.000566 -0.018767 0.033372
v 0.001210 -0.020278 0.036270
v 0.001210 -0.020204 0.035798
v 0.001209 -0.020136 0.035367
v 0.001208 -0.020060 0.034882
v 0.001208 -0.019974 0.034337
v 0.001207 -0.019865 0.033829
v 0.001206 -0.019689 0.033431
v 0.001206 -0.019267 0.033346
v 0.001206 -0.018770 0.033377
v 0.001840 -0.020278 0.036270
v 0.001840 -0.020204 0.035797
v 0.001839 -0.020136 0.035366
v 0.001839 -0.020060 0.034881
v 0.001838 -0.019974 0.034336
v 0.001838 -0.019866 0.033827
v 0.001837 -0.019679 0.033440
v 0.001840 -0.019267 0.033332
v 0.001846 -0.018766 0.033367
v 0.000569 -0.014820 0.034223
v 0.000569 -0.014333 0.034348
v 0.000572 -0.013779 0.034493
v 0.000550 -0.017860 0.033548
v 0.000557 -0.017432 0.033637
v 0.000566 -0.016890 0.033748
v 0.000569 -0.016302 0.033870
v 0.000569 -0.015738 0.033994
v 0.000569 -0.015254 0.034113
v 0.000558 -0.018275 0.033463
v 0.001205 -0.014839 0.034236
v 0.001206 -0.014343 0.034365
v 0.001210 -0.013784 0.034513
v 0.001207 -0.017872 0.033553
v 0.001207 -0.017441 0.033643
v 0.001206 -0.016896 0.033756
v 0.001206 -0.016308 0.033879
v 0.001205 -0.015750 0.034005
v 0.001205 -0.015273 0.034124
v 0.001206 -0.018283 0.033467
v 0.001844 -0.014835 0.034241
v 0.001843 -0.014345 0.034370
v 0.001841 -0.013789 0.034521
v 0.001861 -0.017852 0.033549
v 0.001858 -0.017424 0.033639
v 0.001851 -0.016892 0.033751
v 0.001846 -0.016308 0.033876
v 0.001844 -0.015750 0.034004
v 0.001844 -0.015268 0.034126
v 0.001854 -0.018274 0.033460
v 0.000565 -0.009123 0.036065
v 0.000567 -0.008724 0.036269
v 0.000567 -0.010455 0.035504
v 0.000567 -0.009987 0.035682
v 0.000566 -0.009524 0.035877
v 0.000576 -0.012376 0.034892
v 0.000570 -0.011865 0.035044
v 0.000568 -0.011341 0.035205
v 0.000567 -0.010880 0.035354
v 0.000577 -0.013247 0.034640
v 0.000581 -0.012803 0.034768
v 0.001209 -0.009136 0.036083
v 0.001209 -0.008731 0.036278
v 0.001202 -0.010488 0.035534
v 0.001204 -0.010009 0.035712
v 0.001207 -0.009540 0.035902
v 0.001220 -0.012830 0.034786
v 0.001213 -0.012405 0.034912
v 0.001206 -0.011884 0.035070
v 0.001203 -0.011363 0.035234
v 0.001202 -0.010912 0.035383
v 0.001215 -0.013259 0.034661
v 0.001860 -0.009129 0.036082
v 0.001856 -0.008725 0.036269
v 0.001841 -0.010499 0.035552
v 0.001846 -0.010011 0.035725
v 0.001855 -0.009535 0.035909
v 0.001834 -0.012837 0.034798
v 0.001836 -0.012410 0.034926
v 0.001839 -0.011892 0.035087
v 0.001839 -0.011374 0.035254
v 0.001840 -0.010925 0.035404
v 0.001837 -0.013266 0.034671
v 0.000568 -0.008303 0.036500
v 0.001208 -0.008309 0.036506
v 0.001849 -0.008299 0.036497
vn -0.8738 -0.2279 0.4296
vn -0.8539 -0.2220 0.4708
vn -0.8595 -0.2429 0.4496
vn -0.8843 -0.2145 0.4146
vn -0.8684 -0.2287 0.4400
vn -0.8358 -0.2491 0.4893
vn -0.8098 -0.2690 0.5215
vn -0.8147 -0.2607 0.5179
vn -0.8389 -0.2416 0.4877
vn -0.8153 -0.2426 0.5258
vn -0.8234 -0.2559 0.5065
vn -0.8441 -0.2534 0.4725
vn -0.8280 -0.2618 0.4959
vn -0.8512 -0.2377 0.4679
vn -0.8075 -0.2284 0.5439
vn -0.7840 -0.2645 0.5616
vn -0.7941 -0.2393 0.5587
vn -0.8260 -0.1991 0.5273
vn -0.8092 -0.2204 0.5446
vn -0.8446 -0.1987 0.4972
vn -0.8268 -0.2227 0.5165
vn -0.8619 -0.1753 0.4758
vn -0.8692 -0.2049 0.4499
vn -0.7862 -0.2742 0.5537
vn -0.7572 -0.2770 0.5916
vn -0.7586 -0.2797 0.5885
vn -0.7910 -0.2646 0.5517
vn -0.7635 -0.2662 0.5883
vn -0.8031 -0.2547 0.5387
vn -0.7851 -0.2541 0.5648
vn -0.7833 -0.2594 0.5649
vn -0.8062 -0.2653 0.5289
vn -0.7831 -0.2716 0.5595
vn -0.7908 -0.2494 0.5589
vn -0.7783 -0.2789 0.5626
vn -0.7897 -0.2586 0.5564
vn -0.7799 -0.2714 0.5640
vn -0.8034 -0.2384 0.5456
vn -0.7974 -0.2497 0.5493
vn -0.7550 -0.2868 0.5897
vn -0.7689 -0.2909 0.5694
vn -0.7708 -0.2770 0.5737
vn -0.7703 -0.2777 0.5740
vn -0.7914 -0.2529 0.5566
vn -0.9381 0.0059 0.3464
vn -0.9378 -0.0645 0.3412
vn -0.9396 0.0028 0.3422
vn -0.9434 0.0574 0.3267
vn -0.9379 0.0598 0.3417
vn -0.9238 -0.1075 0.3674
vn -0.9268 -0.1269 0.3534
vn -0.9329 -0.1141 0.3416
vn -0.9284 -0.0999 0.3579
vn -0.9361 -0.1023 0.3367
vn -0.9314 -0.0731 0.3565
vn -0.9391 -0.0682 0.3367
vn -0.9305 0.0024 0.3662
vn -0.9292 0.0667 0.3636
vn -0.8965 -0.0679 0.4378
vn -0.8646 -0.1090 0.4905
vn -0.8676 -0.0653 0.4930
vn -0.9003 -0.0232 0.4347
vn -0.8711 -0.0258 0.4904
vn -0.8734 0.0264 0.4863
vn -0.9067 0.0393 0.4200
vn -0.9003 -0.1709 0.4002
vn -0.8701 -0.2118 0.4450
vn -0.8854 -0.1878 0.4251
vn -0.9132 -0.1401 0.3826
vn -0.8936 -0.1461 0.4244
vn -0.9189 -0.1124 0.3781
vn -0.8945 -0.1113 0.4330
vn -0.9222 -0.0635 0.3814
vn -0.9283 -0.0103 0.3718
vn -0.9349 0.0518 0.3511
vn -0.8841 -0.1883 0.4277
vn -0.8656 -0.2064 0.4561
vn -0.9011 -0.1606 0.4028
vn -0.8831 -0.1878 0.4299
vn -0.9156 -0.1444 0.3753
vn -0.9272 -0.1239 0.3534
vn -0.9334 -0.1068 0.3425
vn -0.8999 -0.1672 0.4028
vn -0.9007 -0.1575 0.4049
vn -0.9155 -0.1367 0.3783
vn -0.9090 -0.1200 0.3992
vn -0.9172 -0.1129 0.3822
vn -0.8079 -0.1564 0.5681
vn -0.7644 -0.2012 0.6126
vn -0.7593 -0.1545 0.6321
vn -0.8170 -0.1148 0.5651
vn -0.7581 -0.1183 0.6413
vn -0.8237 -0.0708 0.5627
vn -0.7606 -0.0776 0.6446
vn -0.8326 -0.0311 0.5531
vn -0.7649 -0.0394 0.6429
vn -0.8389 0.0244 0.5437
vn -0.7689 0.0168 0.6391
vn -0.8344 -0.2326 0.4997
vn -0.7914 -0.2510 0.5574
vn -0.7924 -0.2417 0.5600
vn -0.8477 -0.1995 0.4914
vn -0.7979 -0.2070 0.5661
vn -0.8582 -0.1485 0.4914
vn -0.8519 -0.2272 0.4719
vn -0.8226 -0.2461 0.5126
vn -0.7359 -0.1876 0.6505
vn -0.7120 -0.1356 0.6890
vn -0.7305 -0.1417 0.6680
vn -0.7073 -0.0958 0.7004
vn -0.7226 -0.1088 0.6826
vn -0.6908 -0.0512 0.7212
vn -0.7133 -0.0708 0.6973
vn -0.6635 -0.0043 0.7481
vn -0.6967 -0.0315 0.7167
vn -0.6322 0.0443 0.7735
vn -0.6755 0.0202 0.7371
vn -0.7689 -0.2509 0.5881
vn -0.7338 -0.2695 0.6237
vn -0.7383 -0.2521 0.6256
vn -0.7673 -0.2379 0.5956
vn -0.7383 -0.2333 0.6329
vn -0.9317 0.1373 0.3362
vn -0.9256 0.1253 0.3572
vn -0.8983 0.2469 0.3634
vn -0.8993 0.2189 0.3786
vn -0.8728 0.1267 0.4713
vn -0.9053 0.1472 0.3985
vn -0.8691 0.2333 0.4361
vn -0.8966 0.2585 0.3597
vn -0.9246 0.1562 0.3475
vn -0.9005 0.2732 0.3384
vn -0.8932 0.3158 0.3199
vn -0.8862 0.3290 0.3262
vn -0.9323 0.1496 0.3293
vn -0.8997 0.2667 0.3456
vn -0.8764 0.3262 0.3542
vn -0.8733 0.3631 0.3248
vn -0.8602 0.3593 0.3620
vn -0.8686 0.3177 0.3802
vn -0.8500 0.3503 0.3934
vn -0.8612 0.2965 0.4128
vn -0.8165 0.4560 0.3541
vn -0.8164 0.4259 0.3899
vn -0.7669 0.1220 0.6300
vn -0.8340 0.1228 0.5379
vn -0.7596 0.2247 0.6103
vn -0.8205 0.2244 0.5258
vn -0.6702 0.4369 0.5999
vn -0.6719 0.4350 0.5994
vn -0.8663 0.3041 0.3962
vn -0.3554 0.6286 0.6917
vn -0.7033 0.5399 0.4625
vn -0.8722 0.3708 0.3190
vn -0.2507 0.8077 0.5336
vn -0.5073 0.7220 0.4705
vn -0.6214 0.6176 0.4821
vn -0.5565 0.6685 0.4933
vn -0.6463 0.7130 0.2720
vn -0.7110 0.6038 0.3604
vn -0.6065 0.1101 0.7874
vn -0.6703 0.1097 0.7339
vn -0.5959 0.1844 0.7816
vn -0.6720 0.2195 0.7073
vn -0.5142 0.5040 0.6940
vn -0.3279 0.7778 0.5362
vn 0.2504 0.9398 0.2324
vn 0.2786 0.7992 0.5326
vn 0.8886 0.4585 -0.0137
vn 0.6075 0.6349 0.4773
vn 0.5029 0.7670 0.3985
vn 0.9676 0.2442 0.0648
vn 0.9046 0.3245 0.2764
vn 0.5211 0.6732 0.5246
vn 0.9577 0.1287 0.2573
vn 0.8916 0.1485 0.4277
vn 0.4469 0.4648 0.7644
vn 0.0432 0.7396 0.6717
vn -0.2692 0.8792 0.3930
vn -0.7836 -0.3239 0.5301
vn -0.6949 -0.5920 0.4083
vn -0.7735 -0.3119 0.5517
vn -0.6576 -0.5306 0.5348
vn -0.4296 -0.8579 0.2818
vn -0.2239 -0.9746 0.0089
vn -0.5171 -0.7818 0.3484
vn -0.8726 -0.1560 0.4629
vn -0.8467 -0.1773 0.5017
vn -0.8783 -0.1868 0.4401
vn -0.8831 -0.2129 0.4182
vn -0.8912 -0.2051 0.4046
vn -0.7920 -0.2545 0.5549
vn -0.7799 -0.2625 0.5682
vn -0.8052 -0.2392 0.5426
vn -0.8200 -0.2216 0.5277
vn -0.8254 -0.2088 0.5246
vn -0.8414 -0.1869 0.5071
vn -0.8608 -0.1563 0.4844
vn -0.8056 -0.2390 0.5422
vn -0.8255 0.3337 0.4553
vn -0.7542 0.4368 0.4903
vn -0.6021 0.6789 0.4203
vn -0.5110 0.8157 0.2711
vn -0.4170 0.8729 0.2532
vn -0.3434 0.9390 -0.0163
vn -0.3483 0.9250 0.1519
vn -0.4455 0.8745 0.1918
vn -0.2179 0.9172 0.3336
vn -0.2796 0.9554 0.0954
vn -0.2256 0.9701 0.0900
vn -0.2480 0.9687 -0.0084
vn -0.4146 -0.3991 0.8178
vn -0.5115 -0.4004 0.7603
vn -0.4315 -0.4035 0.8068
vn -0.7796 -0.3184 0.5393
vn -0.7504 -0.3378 0.5682
vn -0.7644 -0.3308 0.5534
vn -0.7934 -0.3023 0.5283
vn -0.7814 -0.3110 0.5411
vn -0.8090 -0.2856 0.5137
vn -0.8072 -0.2773 0.5210
vn -0.7126 -0.3345 0.6167
vn -0.6324 -0.3640 0.6838
vn -0.6450 -0.3452 0.6817
vn -0.7324 -0.3464 0.5861
vn -0.6648 -0.3655 0.6515
vn -0.6729 -0.3681 0.6417
vn -0.7194 -0.3490 0.6005
vn -0.7527 -0.3206 0.5750
vn -0.7371 -0.3394 0.5844
vn -0.6747 -0.3742 0.6363
vn -0.7066 -0.3568 0.6111
vn -0.7524 -0.3200 0.5757
vn -0.7143 -0.3438 0.6096
vn -0.7659 -0.3251 0.5547
vn -0.5485 -0.3567 0.7563
vn -0.5522 -0.3800 0.7420
vn -0.5774 -0.3868 0.7190
vn -0.5797 -0.3876 0.7167
vn -0.6460 -0.3786 0.6628
vn -0.5491 -0.4088 0.7290
vn -0.5661 -0.3971 0.7224
vn -0.5945 -0.4083 0.6927
vn -0.6428 -0.3662 0.6728
vn -0.5517 -0.3965 0.7338
vn -0.5772 -0.3991 0.7124
vn -0.6437 -0.3488 0.6812
vn -0.5878 -0.3872 0.7103
vn -0.4572 -0.3934 0.7976
vn -0.4670 -0.4094 0.7838
vn -0.4469 -0.3640 0.8172
vn -0.4329 -0.3467 0.8321
vn -0.5309 -0.3485 0.7725
vn -0.4698 -0.4119 0.7808
vn -0.4680 -0.4295 0.7724
vn -0.4706 -0.4111 0.7807
vn -0.4843 -0.4239 0.7653
vn -0.4738 -0.4228 0.7725
vn -0.4861 -0.4270 0.7624
vn 0.8991 0.4119 -0.1481
vn 0.7324 0.4602 -0.5017
vn 0.8638 0.4423 -0.2413
vn -0.4897 -0.3966 0.7765
vn -0.5542 -0.3802 0.7405
vn -0.4900 -0.3992 0.7749
vn -0.4894 -0.4041 0.7728
vn -0.5694 -0.3737 0.7322
vn 0.9295 0.3488 0.1196
vn 0.8715 0.4394 -0.2175
vn 0.9257 0.3690 0.0836
vn 0.9359 0.3287 0.1264
vn 0.9253 0.3126 0.2145
vn -0.3171 -0.3562 0.8790
vn -0.3225 -0.3831 0.8656
vn -0.3369 -0.4236 0.8408
vn -0.3490 -0.4210 0.8372
vn -0.3280 -0.4100 0.8511
vn -0.3641 -0.4450 0.8182
vn -0.3723 -0.4486 0.8125
vn -0.3568 -0.4251 0.8319
vn 0.3528 0.4674 -0.8106
vn 0.7140 0.4400 -0.5447
vn 0.5350 0.3950 -0.7468
vn 0.2551 0.3824 -0.8881
vn -0.3807 -0.4361 0.8154
vn -0.3910 -0.4202 0.8189
vn -0.3749 -0.4446 0.8135
vn 0.5909 0.5366 -0.6024
vn 0.4297 0.4734 -0.7689
vn -0.4008 -0.4062 0.8212
vn 0.8926 0.4498 0.0301
vn 0.7119 0.5608 -0.4228
vn 0.8089 0.5817 -0.0852
vn 0.7308 0.5149 -0.4481
vn -0.8614 -0.0694 0.5032
vn -0.8669 -0.1427 0.4776
vn -0.8850 -0.0844 0.4579
vn -0.8706 0.0186 0.4917
vn -0.9087 -0.0086 0.4174
vn -0.8770 0.0728 0.4749
vn -0.9215 0.0584 0.3839
vn -0.9174 0.1249 0.3778
vn -0.8713 0.1251 0.4746
vn -0.8821 -0.0719 0.4655
vn -0.8207 -0.1558 0.5497
vn -0.8414 -0.0926 0.5324
vn -0.9059 -0.0023 0.4235
vn -0.8632 -0.0418 0.5032
vn -0.8920 0.0341 0.4508
vn -0.9265 0.0886 0.3657
vn -0.8521 -0.1967 0.4849
vn -0.8108 -0.2627 0.5230
vn -0.8309 -0.2146 0.5134
vn -0.8691 -0.1607 0.4679
vn -0.8488 -0.1824 0.4963
vn -0.8897 -0.1139 0.4420
vn -0.8642 -0.1392 0.4835
vn -0.9139 -0.0461 0.4033
vn -0.9300 0.0418 0.3653
vn -0.9344 0.1177 0.3363
vn -0.8170 -0.2627 0.5134
vn -0.8201 -0.2734 0.5027
vn -0.8322 -0.2361 0.5017
vn -0.8342 -0.2486 0.4923
vn -0.8117 -0.2262 0.5385
vn -0.8513 -0.1849 0.4910
vn -0.8293 -0.1736 0.5311
vn -0.8454 -0.1305 0.5179
vn -0.7824 -0.1699 0.5992
vn -0.7249 -0.2191 0.6531
vn -0.7393 -0.1774 0.6496
vn -0.7978 -0.1142 0.5920
vn -0.7503 -0.1221 0.6497
vn -0.8146 -0.0667 0.5762
vn -0.7591 -0.0787 0.6462
vn -0.8326 -0.0111 0.5537
vn -0.7702 -0.0279 0.6372
vn -0.7755 -0.2757 0.5680
vn -0.7239 -0.3164 0.6131
vn -0.7389 -0.2799 0.6130
vn -0.7911 -0.2308 0.5665
vn -0.7534 -0.2396 0.6123
vn -0.8053 -0.1989 0.5585
vn -0.7670 -0.2098 0.6064
vn -0.7936 -0.2917 0.5340
vn -0.7627 -0.3076 0.5689
vn -0.6418 -0.2262 0.7328
vn -0.5412 -0.1878 0.8197
vn -0.6556 -0.1844 0.7322
vn -0.5544 -0.1446 0.8196
vn -0.6714 -0.1313 0.7294
vn -0.5785 -0.1150 0.8075
vn -0.6898 -0.0915 0.7182
vn -0.6105 -0.0735 0.7886
vn -0.7116 -0.0456 0.7011
vn -0.6888 -0.2897 0.6645
vn -0.5862 -0.3202 0.7442
vn -0.5998 -0.2948 0.7439
vn -0.6484 -0.3315 0.6854
vn -0.7095 -0.2512 0.6584
vn -0.6221 -0.2596 0.7387
vn 0.9861 0.1449 -0.0812
vn 0.9269 0.2173 -0.3060
vn 0.9737 0.1997 -0.1100
vn 0.9407 0.1409 -0.3086
vn 0.9337 0.1672 -0.3167
vn 0.9917 0.1195 -0.0467
vn 0.9484 0.1131 -0.2963
vn 0.9952 0.0950 -0.0216
vn 0.9553 0.0712 -0.2869
vn 0.9811 0.1668 0.0980
vn 0.9730 0.1180 0.1983
vn 0.9663 0.0940 0.2398
vn 0.9629 0.0727 0.2600
vn 0.9979 0.0637 -0.0101
vn 0.8678 0.0751 0.4913
vn 0.9597 0.0700 0.2722
vn -0.4535 -0.1850 0.8719
vn -0.5354 -0.2275 0.8134
vn -0.4475 -0.2182 0.8673
vn -0.4652 -0.1506 0.8723
vn -0.4771 -0.1344 0.8685
vn -0.4107 -0.1174 0.9042
vn -0.5039 -0.1051 0.8574
vn -0.5007 -0.3037 0.8106
vn -0.4994 -0.3298 0.8011
vn -0.5293 -0.2576 0.8084
vn -0.4544 -0.2772 0.8466
vn -0.4512 -0.2379 0.8601
vn 0.7895 0.2203 -0.5729
vn 0.6092 0.2922 -0.7372
vn 0.8042 0.3124 -0.5056
vn 0.6433 0.1835 -0.7433
vn 0.6092 0.2370 -0.7568
vn 0.8171 0.1622 -0.5532
vn 0.6737 0.1404 -0.7255
vn 0.8266 0.1261 -0.5484
vn 0.6866 0.0962 -0.7206
vn 0.8344 0.0724 -0.5464
vn 0.9300 0.3009 -0.2111
vn 0.7843 0.3400 -0.5189
vn 0.9148 0.3110 -0.2578
vn 0.9425 0.2972 -0.1531
vn 0.8065 0.3173 -0.4989
vn 0.9526 0.2903 -0.0913
vn 0.8550 0.3256 -0.4038
vn 0.9667 0.2557 0.0117
vn 0.9624 0.2498 0.1066
vn 0.9577 0.1816 0.2231
vn 0.9062 0.0784 0.4155
vn 0.8788 0.0793 0.4706
vn 0.9271 0.3501 -0.1340
vn 0.9488 0.2440 0.2005
vn 0.9386 0.1823 0.2927
vn 0.9034 0.1324 0.4077
vn 0.8520 0.0645 0.5196
vn 0.8000 0.0409 0.5986
vn 0.7709 0.0588 0.6343
vn 0.8643 0.0684 0.4984
vn 0.7623 0.0709 0.6434
vn 0.7623 0.0718 0.6432
vn -0.3290 -0.1058 0.9384
vn -0.4122 -0.1355 0.9009
vn -0.3328 -0.1308 0.9339
vn -0.3844 -0.2302 0.8940
vn -0.3840 -0.2912 0.8762
vn -0.3735 -0.2126 0.9029
vn -0.3927 -0.1871 0.9004
vn -0.3265 -0.1925 0.9254
vn -0.3286 -0.1773 0.9277
vn -0.3299 -0.1523 0.9316
vn -0.4032 -0.1532 0.9022
vn -0.4149 -0.3380 0.8447
vn -0.4012 -0.3257 0.8561
vn 0.3679 0.2868 -0.8845
vn 0.4857 0.1924 -0.8527
vn 0.2394 0.2414 -0.9404
vn 0.3642 0.2480 -0.8977
vn 0.5198 0.1521 -0.8406
vn 0.2900 0.2082 -0.9341
vn 0.5395 0.1132 -0.8344
vn 0.3133 0.1693 -0.9345
vn 0.6095 0.3139 -0.7280
vn 0.3731 0.3421 -0.8624
vn 0.5768 0.3629 -0.7319
vn 0.3720 0.3164 -0.8727
vn 0.8139 0.3446 -0.4677
vn 0.5631 0.3538 -0.7468
vn 0.8964 0.2098 0.3905
vn 0.8561 0.1103 0.5050
vn -0.2752 -0.1677 0.9466
vn -0.2675 -0.1952 0.9436
vn -0.2697 -0.1425 0.9523
vn -0.2567 -0.1223 0.9587
vn -0.2400 -0.0938 0.9662
vn -0.2960 -0.3076 0.9043
vn -0.3028 -0.3350 0.8922
vn -0.2946 -0.2466 0.9233
vn -0.2833 -0.2108 0.9356
vn 0.0205 0.2114 -0.9772
vn 0.0378 0.1741 -0.9840
vn 0.3265 0.1096 -0.9388
vn -0.3081 -0.3438 0.8871
vn 0.0634 0.2890 -0.9552
vn 0.0442 0.2658 -0.9630
vn 0.0279 0.2594 -0.9654
vn 0.0104 0.2424 -0.9701
vn 0.2117 0.3400 -0.9163
vn 0.1722 0.3414 -0.9240
vn 0.0772 0.3162 -0.9455
vn -0.9118 0.1519 0.3816
vn -0.9303 0.1844 0.3171
vn -0.9003 0.2729 0.3390
vn -0.9186 0.2662 0.2922
vn -0.9251 0.2013 0.3220
vn -0.9126 0.2603 0.3154
vn -0.8981 0.3048 0.3170
vn -0.9020 0.2854 0.3239
vn -0.9024 0.2047 0.3791
vn -0.8859 0.2580 0.3855
vn -0.8500 0.2009 0.4869
vn -0.8708 0.2889 0.3978
vn -0.8867 0.3359 0.3177
vn -0.8471 0.3912 0.3598
vn -0.7844 0.0593 0.6174
vn -0.8566 0.1079 0.5046
vn -0.5697 0.5568 0.6044
vn -0.5638 0.5080 0.6512
vn -0.1481 0.7098 0.6887
vn -0.6559 0.5500 0.5170
vn -0.0102 0.7523 0.6587
vn -0.7161 0.4793 0.5075
vn -0.8562 0.4585 0.2381
vn -0.4767 0.6003 0.6421
vn -0.6703 0.6803 0.2965
vn -0.6298 0.2162 0.7461
vn -0.6862 0.1828 0.7040
vn 0.3701 0.9121 -0.1762
vn 0.5376 0.8377 0.0960
vn 0.8540 0.0916 -0.5122
vn 0.9612 0.0453 -0.2721
vn 0.9656 0.2600 0.0021
vn 0.8075 0.4955 0.3201
vn 0.9995 0.0326 -0.0023
vn 0.9994 0.0196 0.0300
vn 0.8829 0.2767 0.3793
vn 0.7390 0.4209 0.5260
vn 0.9630 0.0306 0.2677
vn 0.9631 0.0081 0.2690
vn 0.9399 0.0367 0.3396
vn 0.6183 0.1743 0.7664
vn 0.3566 0.3599 0.8621
vn 0.8719 0.0419 0.4878
vn 0.8781 0.0125 0.4783
vn 0.8684 -0.0154 0.4956
vn 0.8337 -0.0209 0.5518
vn 0.4562 0.3163 0.8318
vn -0.6537 0.7097 0.2626
vn -0.1017 0.8312 0.5465
vn -0.5017 0.1847 0.8451
vn -0.4485 0.0305 0.8933
vn -0.3746 0.9013 -0.2176
vn -0.5082 0.4161 0.7540
vn 0.7021 0.1043 -0.7044
vn 0.5392 0.1200 -0.8336
vn 0.7709 0.0577 0.6343
vn 0.7842 0.0197 0.6202
vn 0.7841 -0.0293 0.6199
vn 0.7772 -0.0568 0.6267
vn 0.7646 -0.0238 0.6441
vn 0.6063 0.4548 0.6524
vn -0.3176 0.0283 0.9478
vn -0.5104 0.4318 0.7437
vn 0.3254 0.1005 -0.9402
vn -0.0475 0.1090 -0.9929
vn 0.0288 0.0134 -0.9995
vn -0.6983 0.7140 0.0516
vn -0.2453 -0.0129 0.9694
vn -0.3012 0.1716 0.9380
vn -0.4500 0.7890 0.4182
vn 0.0538 0.1361 -0.9892
vn 0.0448 0.0895 -0.9950
vn 0.0126 0.0691 -0.9975
vn -0.0789 0.2677 -0.9603
vn -0.7582 -0.3214 0.5673
vn -0.7414 -0.4000 0.5388
vn -0.7575 -0.3113 0.5739
vn -0.7481 -0.3370 0.5717
vn -0.6740 -0.5736 0.4655
vn -0.5361 -0.7525 0.3825
vn -0.7439 -0.3221 0.5856
vn -0.7003 -0.3906 0.5976
vn -0.7300 -0.3296 0.5987
vn -0.7046 -0.4946 0.5088
vn -0.5757 -0.8016 0.1615
vn -0.4026 -0.8853 0.2328
vn -0.0994 -0.9909 -0.0905
vn -0.2133 -0.9769 0.0106
vn -0.7137 -0.3375 0.6138
vn -0.6935 -0.3796 0.6123
vn -0.7002 -0.3399 0.6278
vn -0.6612 -0.4913 0.5670
vn -0.4652 -0.7776 0.4229
vn -0.1490 -0.9867 0.0650
vn -0.0462 -0.9952 -0.0866
vn -0.1854 -0.9825 -0.0187
vn -0.0086 -0.9886 -0.1504
vn -0.6820 -0.3578 0.6378
vn -0.6742 -0.4196 0.6077
vn -0.6951 -0.3390 0.6340
vn -0.2853 -0.9468 0.1488
vn -0.5290 -0.7628 0.3719
vn -0.0795 -0.9943 -0.0705
vn -0.0138 -0.9895 -0.1439
vn -0.0008 -0.9881 -0.1540
vn -0.0121 -0.9883 -0.1523
vn -0.0001 -0.9879 -0.1553
vn -0.5098 -0.7443 0.4314
vn -0.6512 -0.3893 0.6514
vn -0.6587 -0.4024 0.6358
vn -0.6782 -0.3533 0.6444
vn -0.6530 -0.3644 0.6639
vn -0.6046 -0.5685 0.5579
vn -0.2841 -0.9292 0.2363
vn -0.0915 -0.9957 -0.0105
vn -0.0151 -0.9903 -0.1379
vn -0.0010 -0.9879 -0.1553
vn -0.0002 -0.9878 -0.1555
vn -0.0001 -0.9878 -0.1556
vn -0.6016 -0.4149 0.6826
vn -0.6320 -0.5306 0.5649
vn -0.5077 -0.7267 0.4627
vn -0.5961 -0.3870 0.7034
vn -0.6377 -0.3636 0.6791
vn -0.2706 -0.9466 0.1752
vn -0.1411 -0.9888 -0.0486
vn -0.0340 -0.9923 -0.1189
vn -0.0013 -0.9882 -0.1533
vn 0.0003 -0.9878 -0.1560
vn 0.0002 -0.9879 -0.1553
vn -0.0002 -0.9878 -0.1558
vn -0.5301 -0.3977 0.7488
vn -0.5880 -0.3800 0.7140
vn -0.4781 -0.5874 0.6530
vn -0.2755 -0.9170 0.2886
vn -0.0947 -0.9951 -0.0298
vn -0.0225 -0.9902 -0.1381
vn -0.0039 -0.9883 -0.1526
vn -0.0000 -0.9878 -0.1556
vn 0.0001 -0.9878 -0.1557
vn 0.0005 -0.9879 -0.1550
vn 0.0005 -0.9879 -0.1552
vn -0.4386 -0.4485 0.7787
vn -0.3595 -0.8147 0.4550
vn -0.1256 -0.9885 0.0846
vn -0.0211 -0.9925 -0.1202
vn -0.0019 -0.9881 -0.1536
vn -0.0002 -0.9878 -0.1559
vn -0.0002 -0.9878 -0.1556
vn -0.0006 -0.9878 -0.1560
vn -0.0003 -0.9877 -0.1562
vn 0.0003 -0.9879 -0.1552
vn -0.7346 -0.2783 0.6188
vn -0.7243 -0.2599 0.6387
vn -0.7180 -0.2762 0.6389
vn -0.7321 -0.2811 0.6205
vn -0.7177 -0.2803 0.6374
vn -0.7186 -0.2678 0.6417
vn -0.7629 -0.2513 0.5957
vn -0.7453 -0.2584 0.6146
vn -0.7441 -0.2486 0.6201
vn -0.7584 -0.2613 0.5971
vn -0.7394 -0.2631 0.6198
vn -0.7741 -0.2870 0.5643
vn -0.7542 -0.3115 0.5780
vn -0.7628 -0.2906 0.5777
vn -0.7831 -0.2649 0.5627
vn -0.7660 -0.2634 0.5864
vn -0.7683 -0.2985 0.5662
vn -0.7642 -0.3041 0.5688
vn -0.7369 -0.2658 0.6216
vn -0.7525 -0.2894 0.5916
vn -0.7627 -0.2667 0.5893
vn -0.7137 -0.2780 0.6429
vn -0.7211 -0.2638 0.6407
vn -0.7252 -0.2837 0.6273
vn -0.7151 -0.2585 0.6494
vn -0.7176 -0.2827 0.6365
vn -0.7298 -0.2851 0.6213
vn -0.7224 -0.2659 0.6383
vn -0.7306 -0.2469 0.6366
vn -0.7212 -0.2522 0.6452
vn -0.7185 -0.2435 0.6515
vn -0.7314 -0.2564 0.6319
vn -0.7362 -0.3168 0.5980
vn -0.7275 -0.2883 0.6226
vn -0.7422 -0.2896 0.6044
vn -0.7897 -0.2732 0.5493
vn -0.7795 -0.2966 0.5517
vn -0.7459 -0.2894 0.6000
vn -0.7581 -0.2823 0.5879
vn -0.7670 -0.2916 0.5715
vn -0.7428 -0.2730 0.6113
vn -0.7174 -0.2477 0.6512
vn -0.7112 -0.2795 0.6450
vn -0.7218 -0.2487 0.6459
vn -0.7169 -0.2427 0.6536
vn -0.7349 -0.2520 0.6296
vn -0.7138 -0.3177 0.6241
vn -0.7053 -0.3144 0.6354
vn -0.7201 -0.2845 0.6329
vn -0.7131 -0.2786 0.6434
vn -0.7216 -0.3172 0.6154
vn -0.7560 -0.2999 0.5818
vn -0.7285 -0.3137 0.6090
vn -0.7713 -0.3041 0.5592
vn -0.7831 -0.3086 0.5399
vn -0.7305 -0.2647 0.6295
vn -0.6962 -0.3003 0.6520
vn -0.7198 -0.2846 0.6332
vn -0.7112 -0.2844 0.6428
vn -0.7491 -0.2683 0.6057
vn -0.7402 -0.2847 0.6092
vn -0.6892 -0.3439 0.6377
vn -0.6920 -0.3278 0.6432
vn -0.6988 -0.3197 0.6399
vn -0.6757 -0.3185 0.6648
vn -0.6874 -0.3308 0.6466
vn -0.6996 -0.3037 0.6468
vn -0.6740 -0.3369 0.6574
vn -0.6533 -0.3425 0.6752
vn -0.6125 -0.3549 0.7063
vn 0.8804 0.3376 0.3330
vn 0.8736 0.2755 0.4010
vn 0.8434 0.4016 0.3568
vn 0.6989 0.7131 0.0553
vn 0.7039 0.5817 0.4076
vn 0.8585 0.2923 0.4214
vn 0.7915 0.2368 0.5634
vn 0.7484 0.1930 0.6346
vn 0.7464 0.2914 0.5983
vn 0.7381 0.2228 0.6368
vn 0.6857 0.1878 0.7033
vn -0.7252 -0.1736 0.6663
vn -0.7547 -0.2159 0.6196
vn -0.7623 -0.1683 0.6249
vn -0.7244 -0.1281 0.6774
vn -0.7652 -0.1204 0.6324
vn -0.7194 -0.0794 0.6901
vn -0.7657 -0.0710 0.6392
vn -0.7510 0.0004 0.6603
vn -0.7020 -0.0258 0.7117
vn -0.7240 0.0474 0.6881
vn -0.6744 0.0220 0.7380
vn -0.6986 0.0911 0.7097
vn -0.6513 0.0650 0.7560
vn -0.7179 -0.2482 0.6504
vn -0.7241 -0.2422 0.6458
vn -0.7149 -0.2251 0.6620
vn -0.7252 -0.2170 0.6535
vn -0.7123 -0.1804 0.6783
vn -0.7866 -0.2220 0.5762
vn -0.8000 -0.2568 0.5423
vn -0.7995 -0.1677 0.5767
vn -0.8086 -0.1186 0.5763
vn -0.8178 -0.0642 0.5720
vn -0.8155 0.0215 0.5784
vn -0.8028 0.0697 0.5922
vn -0.7860 0.1131 0.6078
vn -0.7435 -0.2417 0.6235
vn -0.7726 -0.2490 0.5840
vn 0.9076 0.3736 -0.1915
vn 0.7267 0.4244 -0.5402
vn 0.8617 0.4121 -0.2961
vn 0.9112 0.3889 -0.1357
vn 0.7394 0.3805 -0.5554
vn 0.8628 0.3917 -0.3195
vn 0.7273 0.4567 -0.5124
vn 0.9443 0.3285 0.0182
vn 0.8589 0.4122 -0.3039
vn 0.9442 0.3271 -0.0381
vn 0.9409 0.3211 0.1078
vn 0.9294 0.3083 0.2029
vn 0.9367 0.3493 -0.0232
vn 0.9542 0.2521 0.1613
vn 0.9234 0.2484 0.2926
vn 0.8822 0.2118 0.4205
vn 0.3000 0.3836 -0.8734
vn 0.2760 0.4147 -0.8671
vn 0.5984 0.4281 -0.6772
vn 0.1706 0.3894 -0.9051
vn 0.4996 0.5535 -0.6663
vn 0.3497 0.4407 -0.8267
vn 0.8920 0.4225 -0.1604
vn 0.5888 0.5558 -0.5869
vn 0.7943 0.4957 -0.3513
vn 0.6268 0.5550 -0.5470
vn 0.9387 0.3439 0.0244
vn 0.7711 0.5025 -0.3909
vn 0.8898 0.4279 -0.1588
vn 0.9589 0.2038 0.1973
vn 0.8708 0.1113 0.4789
vn 0.7547 0.0914 0.6496
vn -0.2588 0.3116 -0.9143
vn 0.0096 0.4803 -0.8771
vn -0.1321 0.3651 -0.9215
vn -0.2271 0.3069 -0.9242
vn 0.0546 0.5321 -0.8449
vn 0.3066 0.5948 -0.7431
vn 0.1122 0.5855 -0.8028
vn 0.4530 0.6774 -0.5796
vn 0.8790 0.4363 -0.1922
vn 0.2927 0.6150 -0.7322
vn -0.3924 0.3983 -0.8291
vn -0.5080 0.2860 -0.8125
vn -0.5601 0.2189 -0.7990
vn -0.5197 0.2249 -0.8242
vn -0.5972 0.2026 -0.7761
vn -0.1914 0.5330 -0.8242
vn -0.3801 0.4611 -0.8018
vn -0.4954 0.3926 -0.7749
vn -0.6619 0.2486 -0.7072
vn -0.7088 0.1868 -0.6803
vn -0.0941 0.5647 -0.8199
vn -0.2855 0.4494 -0.8465
vn -0.5437 0.3580 -0.7591
vn -0.6754 0.2884 -0.6787
vn -0.0997 0.6532 -0.7506
vn 0.4909 0.6683 -0.5589
vn 0.6480 0.6035 -0.4646
vn 0.7944 0.0397 0.6061
vn 0.7386 0.0044 0.6741
vn 0.6974 0.0126 0.7165
vn 0.6765 0.0462 0.7350
vn 0.6722 0.0720 0.7368
vn -0.7602 0.1973 -0.6190
vn -0.7892 0.1594 -0.5931
vn -0.7362 0.1656 -0.6562
vn -0.8033 0.1414 -0.5785
vn -0.5067 0.4309 -0.7467
vn -0.6023 0.3256 -0.7288
vn -0.7057 0.2535 -0.6616
vn -0.7787 0.2011 -0.5943
vn -0.8106 0.1724 -0.5596
vn -0.8275 0.1457 -0.5422
vn -0.8392 0.1291 -0.5282
vn -0.5406 0.5852 -0.6044
vn -0.1655 0.7267 -0.6667
vn -0.5820 0.4332 -0.6882
vn -0.7192 0.2652 -0.6422
vn -0.7870 0.1930 -0.5860
vn -0.8167 0.1754 -0.5497
vn 0.8524 0.2477 0.4605
vn 0.8125 0.1418 0.5655
vn 0.7543 0.0357 0.6555
vn 0.6969 -0.0231 0.7168
vn 0.6555 -0.0373 0.7543
vn 0.6314 -0.0092 0.7754
vn 0.6230 0.0399 0.7812
vn 0.6301 0.0822 0.7722
vn 0.6438 0.0985 0.7588
vn 0.6985 0.0885 0.7101
vn 0.6554 -0.0094 0.7552
vn 0.6278 -0.0525 0.7766
vn 0.6583 0.1091 0.7448
vn 0.6465 0.0963 0.7568
vn -0.8376 0.1476 -0.5260
vn -0.8508 0.1293 -0.5093
vn -0.7476 0.3369 -0.5723
vn -0.7979 0.1950 -0.5704
vn -0.8416 0.1476 -0.5195
vn -0.8537 0.1340 -0.5033
vn -0.8602 0.1188 -0.4959
vn -0.8620 0.1122 -0.4944
vn -0.8742 0.0864 -0.4778
vn 0.6167 -0.0528 0.7854
vn 0.6187 -0.0122 0.7855
vn 0.6304 0.0497 0.7747
vn 0.6477 0.1387 0.7491
vn 0.6312 0.0519 0.7739
vn 0.6199 -0.0280 0.7842
vn 0.6206 -0.0563 0.7821
vn 0.6310 -0.0476 0.7743
vn 0.6498 0.0017 0.7601
vn 0.6651 0.0679 0.7436
vn 0.6732 0.1069 0.7316
vn 0.6679 0.1086 0.7363
vn 0.6694 0.1016 0.7359
vn -0.6223 0.1298 0.7719
vn -0.6662 0.1645 0.7274
vn -0.5857 0.2207 0.7799
vn -0.6379 0.2553 0.7266
vn -0.4653 0.7103 0.5282
vn 0.0366 0.9923 -0.1186
vn 0.6622 0.6525 -0.3683
vn 0.9142 0.2750 -0.2976
vn 0.7486 0.3199 -0.5807
vn 0.8689 0.3330 -0.3662
vn 0.7548 0.2739 -0.5960
vn 0.9138 0.3376 -0.2258
vn 0.9499 0.3098 -0.0412
vn 0.9615 0.2727 -0.0340
vn 0.9773 0.2117 0.0067
vn 0.9295 0.2931 0.2237
vn 0.9289 0.2611 0.2625
vn 0.9375 0.2038 0.2822
vn 0.9220 0.0946 0.3755
vn 0.8330 0.0118 0.5532
vn 0.7718 0.0781 0.6310
vn 0.6024 0.4073 0.6864
vn 0.8213 0.2117 0.5298
vn 0.7723 0.1044 0.6266
vn 0.7440 0.0026 0.6682
vn 0.7027 -0.0183 0.7112
vn 0.6704 0.0313 0.7413
vn 0.3823 0.4282 0.8188
vn 0.1075 0.8412 0.5300
vn -0.7609 0.1846 0.6221
vn -0.8244 0.2505 0.5076
vn -0.7347 0.2299 0.6382
vn -0.7448 0.3405 0.5739
vn -0.6625 0.6479 0.3758
vn -0.7398 0.6612 0.1244
vn -0.7769 0.4804 0.4071
vn -0.1180 0.7269 -0.6765
vn -0.4974 0.6796 -0.5392
vn 0.4492 0.2962 -0.8429
vn 0.3565 0.4722 -0.8062
vn 0.4862 0.3328 -0.8080
vn 0.8264 0.1854 0.5317
vn 0.7644 0.1436 0.6286
vn 0.6410 0.0545 0.7656
vn 0.6155 -0.0055 0.7881
vn 0.6148 -0.0165 0.7885
vn 0.6047 -0.0053 0.7964
vn 0.5647 0.1738 0.8068
vn 0.3941 0.6071 0.6900
vn -0.8076 0.3021 0.5064
vn -0.7724 0.5024 0.3885
vn -0.6892 0.7245 -0.0018
vn -0.7616 0.6009 0.2425
vn -0.7005 0.7130 0.0302
vn 0.0014 0.3282 -0.9446
vn -0.1640 0.3316 -0.9291
vn -0.4726 0.4422 -0.7623
vn -0.6556 0.5927 -0.4678
vn 0.0512 0.3108 -0.9491
vn 0.0030 0.2776 -0.9607
vn -0.7480 0.6554 0.1046
vn -0.6757 0.7372 0.0032
vn -0.6999 0.7130 -0.0420
vn -0.6473 0.7620 -0.0199
vn -0.2943 0.2663 -0.9179
vn -0.3889 0.2502 -0.8866
vn -0.4900 0.2565 -0.8332
vn -0.6887 0.4556 -0.5641
vn -0.6932 0.6629 -0.2829
vn -0.2861 0.2695 -0.9195
vn -0.3383 0.2321 -0.9120
vn -0.3938 0.2350 -0.8887
vn -0.5295 0.2020 -0.8239
vn -0.5931 0.1844 -0.7837
vn -0.3489 0.9348 0.0666
vn -0.4499 0.8930 0.0099
vn -0.6833 0.2652 -0.6802
vn -0.6586 0.6622 -0.3574
vn -0.5672 0.1929 -0.8006
vn -0.6001 0.1844 -0.7783
vn -0.6440 0.1538 -0.7494
vn -0.6790 0.1434 -0.7200
vn -0.7001 0.1570 -0.6966
vn -0.7362 0.3838 -0.5574
vn -0.6766 0.1722 -0.7159
vn -0.7052 0.1615 -0.6904
vn -0.7311 0.1382 -0.6681
vn -0.7518 0.1212 -0.6482
vn 0.6824 0.0820 0.7264
vn 0.7005 0.0717 0.7101
vn 0.7146 0.0285 0.6989
vn 0.7184 -0.0297 0.6950
vn 0.7151 -0.0597 0.6964
vn 0.7104 -0.0236 0.7034
vn 0.3763 0.7570 0.5342
vn -0.0825 0.9801 0.1806
vn -0.4328 0.8909 -0.1376
vn -0.0219 0.9815 0.1903
vn -0.2047 0.9771 0.0588
vn -0.7794 0.1185 -0.6152
vn -0.7783 0.4721 -0.4139
vn -0.4854 0.8637 -0.1359
vn -0.7630 0.1438 -0.6302
vn -0.7836 0.1349 -0.6065
vn -0.7973 0.1213 -0.5912
vn -0.8136 0.0967 -0.5733
vn -0.8287 0.0824 -0.5536
vn -0.8445 0.2023 -0.4959
vn -0.7531 0.5846 -0.3018
vn -0.8156 0.1308 -0.5636
vn -0.8300 0.1157 -0.5457
vn -0.8440 0.1045 -0.5261
vn -0.8583 0.0776 -0.5072
vn -0.8740 0.0586 -0.4824
vn -0.8935 0.0752 -0.4428
vn -0.8523 0.1154 -0.5102
vn 0.6606 0.0894 0.7454
vn 0.6721 0.0347 0.7396
vn 0.6732 -0.0301 0.7389
vn 0.6704 -0.0620 0.7394
vn 0.6697 -0.0309 0.7420
vn 0.6322 0.3715 0.6799
vn 0.6601 0.0944 0.7452
vn 0.6506 0.0325 0.7587
vn 0.6418 -0.0337 0.7661
vn 0.6380 -0.0629 0.7675
vn 0.6358 -0.0081 0.7718
vn 0.4047 0.6312 0.6617
vn 0.2079 0.9378 0.2782
vn 0.1038 0.9896 0.0991
vn 0.0849 0.9930 0.0820
vn -0.1096 0.9931 -0.0410
vn -0.8828 0.0773 -0.4634
vn -0.9093 0.0401 -0.4142
vn -0.9322 0.0174 -0.3616
vn -0.7304 0.5766 -0.3662
vn -0.0718 0.9404 -0.3323
vn -0.8787 0.0963 -0.4675
vn -0.8640 0.0959 -0.4943
vn -0.9054 0.0663 -0.4193
vn -0.9274 0.0271 -0.3731
vn -0.9511 -0.0317 -0.3071
vn -0.9686 -0.0560 -0.2424
vn -0.7971 0.5615 -0.2222
vn -0.8995 0.0530 -0.4337
vn -0.9536 -0.0113 -0.3010
vn -0.9765 -0.0483 -0.2099
vn -0.9834 -0.1256 -0.1311
vn -0.9858 -0.1592 -0.0538
vn -0.8917 0.4439 -0.0884
vn 0.6488 0.0773 0.7570
vn 0.6270 0.0159 0.7788
vn 0.6127 -0.0414 0.7893
vn 0.6056 -0.0635 0.7932
vn 0.6043 -0.0287 0.7962
vn 0.6604 0.3934 0.6396
vn 0.6454 0.0861 0.7590
vn 0.6177 0.0535 0.7846
vn 0.5984 0.0003 0.8012
vn 0.5670 -0.0682 0.8209
vn 0.5799 -0.0550 0.8128
vn 0.5959 0.1139 0.7949
vn 0.5094 0.7522 0.4179
vn 0.2887 0.9516 0.1053
vn 0.3778 0.9217 0.0879
vn 0.3082 0.9447 0.1116
vn 0.4060 0.9137 0.0161
vn 0.4467 0.8938 -0.0401
vn 0.3282 0.9426 -0.0615
vn 0.2782 0.9492 -0.1470
vn 0.1678 0.9747 -0.1479
vn -0.9223 0.0150 -0.3861
vn -0.9512 -0.0883 -0.2956
vn 0.1695 0.9749 -0.1444
vn -0.2222 -0.9740 0.0432
vn -0.0482 -0.9919 -0.1178
vn -0.0089 -0.9890 -0.1476
vn -0.0750 -0.9936 -0.0849
vn -0.0060 -0.9886 -0.1504
vn -0.0005 -0.9878 -0.1560
vn -0.0003 -0.9878 -0.1557
vn -0.0003 -0.9878 -0.1559
vn -0.0224 -0.9906 -0.1350
vn -0.0004 -0.9879 -0.1549
vn -0.0001 -0.9879 -0.1554
vn -0.0002 -0.9878 -0.1560
vn -0.0000 -0.9879 -0.1552
vn 0.0003 -0.9879 -0.1554
vn -0.0000 -0.9878 -0.1557
vn 0.0006 -0.9879 -0.1549
vn -0.0001 -0.9878 -0.1559
vn -0.0002 -0.9877 -0.1561
vn 0.0005 -0.9878 -0.1558
vn 0.0003 -0.9879 -0.1550
vn -0.0000 -0.9878 -0.1560
vn -0.0002 -0.9878 -0.1554
vn -0.0002 -0.9879 -0.1553
vn -0.0004 -0.9877 -0.1563
vn -0.0000 -0.9878 -0.1558
vn 0.0003 -0.9879 -0.1553
vn -0.0002 -0.9879 -0.1554
vn -0.0003 -0.9878 -0.1560
vn -0.0001 -0.9878 -0.1558
vn -0.0002 -0.9878 -0.1557
vn -0.0000 -0.9879 -0.1553
vn 0.0004 -0.9879 -0.1552
vn -0.0000 -0.9879 -0.1554
vn -0.0001 -0.9879 -0.1552
vn 0.0001 -0.9879 -0.1550
vn 0.0004 -0.9878 -0.1558
vn -0.0000 -0.9878 -0.1559
vn -0.0003 -0.9878 -0.1558
vn 0.0001 -0.9879 -0.1554
vn 0.0002 -0.9878 -0.1556
vn 0.0008 -0.9877 -0.1562
vn -0.4428 0.8223 -0.3574
vn -0.0014 0.8805 -0.4740
vn -0.4236 0.7426 -0.5188
vn -0.3830 0.9151 0.1257
vn 0.3143 0.9339 -0.1704
vn -0.2155 0.6398 0.7377
vn 0.4716 0.7862 0.3994
vn 0.9468 0.2658 0.1816
vn 0.9504 0.2630 0.1663
vn 0.9354 0.1751 0.3071
vn 0.8771 0.0356 0.4789
vn 0.7684 -0.0418 0.6386
vn 0.6645 0.0844 0.7425
vn 0.6585 -0.0168 0.7524
vn 0.5875 0.0156 0.8091
vn 0.8858 0.1257 0.4466
vn 0.8144 0.0377 0.5791
vn 0.7367 -0.0875 0.6706
vn 0.7342 0.6425 -0.2194
vn 0.9094 0.4157 0.0107
vn 0.6677 -0.1193 0.7348
vn 0.6139 -0.0781 0.7855
vn 0.5707 -0.0208 0.8209
vn 0.8975 0.4046 0.1753
vn 0.9198 0.1878 0.3445
vn 0.8658 0.0711 0.4953
vn 0.7424 -0.0650 0.6668
vn 0.6633 -0.1399 0.7351
vn 0.6321 -0.1524 0.7598
vn 0.6073 -0.1139 0.7863
vn 0.8669 0.1907 0.4606
vn 0.8064 0.0428 0.5898
vn 0.7339 -0.0642 0.6762
vn 0.6582 -0.1439 0.7390
vn 0.1655 0.8290 -0.5342
vn 0.7863 0.6178 -0.0078
vn 0.6134 -0.1717 0.7709
vn 0.5953 -0.1708 0.7851
vn 0.5794 -0.1401 0.8029
vn 0.5740 -0.0498 0.8173
vn 0.5287 -0.0925 0.8438
vn 0.8394 0.1924 0.5083
vn 0.6957 -0.0387 0.7173
vn 0.6131 -0.1272 0.7797
vn 0.5668 -0.1695 0.8063
vn 0.5367 -0.1840 0.8235
vn 0.5031 -0.1820 0.8449
vn 0.4777 -0.1668 0.8625
vn 0.3715 0.4782 0.7958
vn 0.4789 0.0538 0.8762
vn 0.4423 -0.0537 0.8953
vn 0.4749 -0.1440 0.8682
vn -0.5546 0.6377 -0.5345
vn -0.7363 0.6026 -0.3078
vn -0.7992 0.5576 0.2242
vn 0.4722 -0.1919 0.8604
vn 0.4375 -0.2036 0.8759
vn 0.3005 -0.2174 0.9287
vn 0.2515 -0.2033 0.9463
vn 0.4343 -0.1470 0.8887
vn 0.2054 -0.2022 0.9576
vn -0.2676 0.2636 0.9268
vn -0.8805 0.3797 0.2839
vn -0.2431 0.0856 0.9662
vn 0.1771 -0.0607 0.9823
vn 0.2682 -0.1970 0.9430
vn 0.2630 -0.2245 0.9383
vn 0.2087 -0.2588 0.9431
vn -0.7579 0.4973 -0.4222
vn -0.7928 0.3999 -0.4600
vn -0.8406 0.2231 -0.4935
vn -0.8475 0.1431 -0.5111
vn -0.8256 0.1563 -0.5421
vn -0.8557 0.1319 -0.5004
vn -0.8662 0.1226 -0.4844
vn -0.8849 0.0993 -0.4551
vn -0.9080 0.0641 -0.4141
vn -0.8528 0.4644 -0.2388
vn -0.8629 0.4278 -0.2690
vn -0.8722 0.2444 -0.4238
vn -0.8766 0.1454 -0.4587
vn -0.8446 0.4575 0.2782
vn -0.2430 -0.2717 0.9312
vn -0.2753 -0.2573 0.9263
vn -0.2648 -0.3098 0.9132
vn -0.7798 -0.1980 0.5939
vn -0.6969 -0.2349 0.6776
vn -0.5046 0.2961 0.8110
vn -0.7923 0.1922 0.5791
vn -0.2476 0.1328 0.9597
vn -0.6994 -0.0713 0.7112
vn -0.1635 -0.1924 0.9676
vn -0.1004 -0.2390 0.9658
vn -0.5482 -0.1674 0.8194
vn 0.0147 -0.2256 0.9741
vn -0.8957 0.1118 -0.4303
vn -0.9301 0.0743 -0.3598
vn -0.9583 0.0453 -0.2823
vn -0.9772 0.0259 -0.2107
vn -0.8948 0.3744 -0.2433
vn -0.9316 0.2340 -0.2782
vn -0.9554 0.1299 -0.2651
vn -0.9847 0.0338 -0.1710
vn -0.9973 -0.0537 -0.0503
vn -0.9969 -0.0341 0.0705
vn -0.9818 -0.0883 0.1683
vn -0.8914 0.4515 0.0393
vn -0.9770 0.1824 0.1104
vn -0.9782 0.0589 0.1992
vn -0.9456 -0.0699 0.3176
vn -0.8528 -0.2140 0.4764
vn 0.8937 0.2298 -0.3854
vn 0.8861 0.2305 -0.4021
vn 0.8932 0.2249 -0.3894
vn 0.8925 0.2504 -0.3753
vn 0.8867 0.2376 -0.3967
vn -0.0655 0.9891 0.1322
vn -0.1370 0.9855 0.1003
vn -0.1596 0.9855 0.0577
vn 0.6130 0.0513 0.7884
vn 0.5697 0.0187 0.8216
vn 0.5534 -0.0079 0.8329
vn 0.5510 -0.0209 0.8342
vn 0.5370 -0.0222 0.8433
vn 0.4740 0.1619 0.8655
vn 0.1714 0.8690 0.4641
vn -0.0810 0.9855 0.1488
vn -0.0826 0.9947 0.0615
vn -0.2153 0.9681 -0.1282
vn -0.0890 0.9959 -0.0169
vn 0.5539 0.0190 0.8324
vn 0.5373 0.0056 0.8434
vn 0.5237 -0.0136 0.8518
vn 0.5140 -0.0275 0.8573
vn 0.4965 -0.0403 0.8671
vn 0.4744 0.0427 0.8793
vn 0.2991 0.6857 0.6636
vn 0.0265 0.9742 0.2243
vn -0.0461 0.9983 0.0353
vn -0.0076 0.9999 -0.0073
vn -0.2170 0.9686 -0.1216
vn 0.0366 0.9992 -0.0135
vn 0.5508 0.0046 0.8346
vn 0.5354 -0.0074 0.8446
vn 0.5158 -0.0273 0.8563
vn 0.4874 -0.0471 0.8719
vn 0.4512 -0.0682 0.8898
vn 0.4176 0.0180 0.9084
vn 0.3978 0.4618 0.7928
vn 0.5359 -0.0150 0.8441
vn 0.4990 -0.0269 0.8662
vn 0.4637 -0.0518 0.8845
vn 0.4155 -0.0901 0.9051
vn 0.3565 -0.1167 0.9270
vn 0.3082 0.0980 0.9463
vn 0.2521 0.7877 0.5621
vn 0.0535 0.9951 0.0836
vn 0.0787 0.9929 -0.0890
vn 0.1758 0.9797 -0.0962
vn 0.2824 0.9583 0.0428
vn 0.4486 -0.0628 0.8915
vn 0.3603 -0.0754 0.9298
vn 0.3009 -0.1001 0.9484
vn 0.2357 -0.1563 0.9592
vn 0.1649 -0.1799 0.9698
vn 0.1648 0.0750 0.9835
vn 0.2051 0.7243 0.6582
vn 0.1872 0.9788 0.0834
vn 0.2178 0.9625 -0.1619
vn 0.2835 0.9445 -0.1659
vn 0.5859 0.7736 -0.2415
vn 0.5037 0.8241 -0.2590
vn 0.4055 0.9099 -0.0877
vn 0.6732 0.7241 -0.1500
vn 0.7017 0.7086 0.0742
vn 0.0176 0.9925 -0.1210
vn 0.3275 -0.1489 0.9331
vn 0.0210 -0.1432 0.9895
vn -0.0875 -0.1702 0.9815
vn -0.1293 -0.2455 0.9607
vn -0.1733 -0.2221 0.9595
vn -0.5753 0.0139 0.8178
vn -0.0567 0.2133 0.9753
vn 0.2979 0.7435 0.5987
vn 0.0818 -0.2343 0.9687
vn -0.0694 -0.2250 0.9719
vn 0.3689 0.9283 -0.0460
vn 0.6299 0.7150 -0.3033
vn 0.5678 0.7953 -0.2126
vn 0.4498 0.8617 -0.2348
vn 0.6831 0.6590 -0.3149
vn 0.7733 0.5379 -0.3357
vn 0.7519 0.5595 -0.3488
vn 0.7366 0.6109 -0.2900
vn 0.8486 0.5044 -0.1595
vn 0.7990 0.6003 0.0348
vn 0.9040 0.4023 -0.1448
vn 0.8404 0.4578 -0.2901
vn 0.8859 0.3650 -0.2862
vn -0.1868 0.9790 0.0821
vn -0.9824 -0.1526 0.1077
vn -0.9635 -0.1746 0.2030
vn -0.9440 -0.2125 0.2524
vn -0.9324 -0.2331 0.2761
vn -0.8637 0.4650 0.1943
vn -0.5963 -0.3183 0.7370
vn -0.6481 -0.2224 0.7284
vn -0.6381 -0.2608 0.7244
vn -0.6379 -0.2736 0.7199
vn 0.1367 0.8989 0.4163
vn 0.4723 0.8207 0.3216
vn -0.2857 -0.2575 0.9231
vn -0.6399 -0.2285 0.7337
vn -0.2978 -0.2446 0.9228
vn 0.6744 0.7080 -0.2096
vn 0.7600 0.5196 -0.3905
vn 0.7293 0.6001 -0.3286
vn 0.7117 0.6039 -0.3589
vn 0.7828 0.5037 -0.3654
vn 0.8002 0.4885 -0.3481
vn 0.8046 0.4575 -0.3786
vn 0.8230 0.4375 -0.3624
vn 0.8432 0.4170 -0.3393
vn 0.8383 0.4005 -0.3700
vn 0.8474 0.3833 -0.3673
vn 0.8549 0.3564 -0.3770
vn 0.8548 0.3589 -0.3749
vn 0.8522 0.3722 -0.3679
vn 0.8697 0.3504 -0.3477
vn -0.9909 -0.0544 -0.1227
vn -0.9858 -0.1679 -0.0102
vn 0.1590 0.9667 -0.2007
vn -0.9432 -0.1724 0.2839
vn -0.9050 -0.2603 0.3364
vn 0.7825 0.5215 -0.3400
vn 0.7518 0.5986 -0.2765
vn 0.5512 0.8208 -0.1497
vn 0.7894 0.4783 -0.3848
vn 0.8088 0.4307 -0.4004
vn 0.8011 0.4493 -0.3955
vn 0.7883 0.4716 -0.3952
vn 0.8242 0.4092 -0.3915
vn 0.8215 0.3956 -0.4106
vn 0.8368 0.3755 -0.3983
vn 0.8620 0.3371 -0.3786
vn 0.8576 0.3162 -0.4056
vn 0.8687 0.3067 -0.3890
vn 0.8504 0.3700 -0.3741
vn 0.8504 0.3419 -0.4000
vn 0.8789 0.2950 -0.3750
vn 0.8730 0.2715 -0.4051
vn 0.8843 0.2621 -0.3865
vn 0.8683 0.3288 -0.3714
vn 0.8864 0.2835 -0.3659
vn 0.8738 0.3289 -0.3582
vn 0.0074 -0.9868 -0.1618
vn 0.8983 0.2221 -0.3790
vn 0.8884 0.2257 -0.3998
vn 0.9064 0.2254 -0.3573
vn 0.8990 0.2241 -0.3762
vn 0.8980 0.2379 -0.3702
vn 0.9029 0.2370 -0.3586
vn 0.9044 0.2207 -0.3651
vn 0.9204 0.1849 -0.3446
vn 0.9018 0.2075 -0.3790
vn 0.9078 0.1957 -0.3709
vn 0.9239 0.2325 -0.3039
vn 0.9098 0.2055 -0.3607
vn 0.9073 0.2362 -0.3478
vn 0.8927 0.2693 -0.3613
vn 0.8936 0.2824 -0.3489
vn -0.5099 -0.1652 0.8442
vn -0.5020 -0.1922 0.8433
vn -0.4592 -0.2639 0.8482
vn -0.5678 -0.1338 0.8122
vn -0.5427 -0.1160 0.8319
vn -0.5374 -0.1080 0.8364
vn -0.6194 -0.0726 0.7817
vn -0.6119 -0.0462 0.7896
vn -0.3868 -0.1284 0.9132
vn -0.4950 -0.1749 0.8511
vn -0.3565 -0.2001 0.9126
vn -0.3484 -0.3596 0.8656
vn -0.3597 -0.3053 0.8817
vn -0.4413 -0.2184 0.8704
vn -0.2945 -0.2748 0.9153
vn -0.3217 -0.2426 0.9152
vn -0.1473 -0.2366 0.9604
vn -0.1493 -0.2907 0.9451
vn -0.1574 -0.2135 0.9642
vn -0.1742 -0.1465 0.9738
vn -0.2086 -0.3938 0.8952
vn -0.3371 -0.3790 0.8618
vn -0.2048 -0.4121 0.8878
vn -0.1909 -0.3542 0.9155
vn 0.0066 -0.2282 0.9736
vn -0.0240 -0.2680 0.9631
vn 0.0242 -0.2118 0.9770
vn 0.0353 -0.1525 0.9877
vn -0.0822 -0.3963 0.9145
vn -0.0934 -0.4163 0.9044
vn -0.0603 -0.3432 0.9373
vn -0.6487 0.0398 0.7600
vn -0.5825 0.0046 0.8128
vn -0.6328 0.0677 0.7713
vn -0.6758 0.1451 0.7227
vn -0.5733 0.2494 0.7804
vn -0.6429 0.1571 0.7497
vn -0.3864 0.4379 0.8117
vn -0.4071 -0.0237 0.9131
vn -0.3871 0.1896 0.9023
vn -0.0363 0.8677 0.4957
vn 0.3520 0.9071 0.2307
vn 0.5983 0.6214 0.5059
vn -0.1851 -0.0505 0.9814
vn -0.2141 0.2805 0.9357
vn -0.2340 0.9710 0.0487
vn 0.2173 0.8233 -0.5243
vn 0.0339 -0.0671 0.9972
vn -0.0428 0.1028 0.9938
vn -0.4457 0.7775 0.4436
vn -0.3628 0.2731 -0.8909
vn 0.4613 0.4852 -0.7428
vn -0.3287 0.4810 -0.8128
vn -0.5343 0.8235 -0.1908
vn -0.7086 0.4448 -0.5478
vn -0.3413 -0.4060 0.8477
vn -0.3260 -0.5860 0.7418
vn -0.3235 -0.3975 0.8587
vn -0.3083 -0.4009 0.8627
vn -0.2254 -0.3885 0.8934
vn -0.2398 -0.3897 0.8892
vn -0.2551 -0.4052 0.8779
vn -0.2501 -0.6344 0.7315
vn -0.1719 -0.3788 0.9093
vn -0.1803 -0.3802 0.9071
vn -0.0821 -0.9507 0.2992
vn -0.1699 -0.6935 0.7002
vn -0.1896 -0.4136 0.8905
vn -0.1542 -0.3734 0.9148
vn -0.1499 -0.4360 0.8874
vn -0.1513 -0.3752 0.9145
vn -0.0639 -0.9726 0.2237
vn -0.1232 -0.7414 0.6596
vn -0.1559 -0.3714 0.9153
vn -0.1516 -0.4657 0.8719
vn -0.1573 -0.3746 0.9137
vn -0.1617 -0.3898 0.9066
vn -0.1516 -0.3874 0.9093
vn -0.0529 -0.9838 0.1711
vn -0.1135 -0.7784 0.6175
vn -0.1658 -0.3733 0.9128
vn -0.1591 -0.5002 0.8512
vn -0.1714 -0.3787 0.9095
vn -0.1801 -0.3954 0.9007
vn -0.0439 -0.9904 0.1313
vn -0.1075 -0.8187 0.5641
vn -0.1916 -0.4068 0.8932
vn -0.1803 -0.3893 0.9033
vn -0.1695 -0.3820 0.9085
vn -0.1587 -0.5420 0.8253
vn -0.0354 -0.9951 0.0924
vn -0.1003 -0.8624 0.4961
vn -0.1887 -0.4186 0.8884
vn -0.1747 -0.4051 0.8974
vn -0.0941 -0.9034 0.4183
vn -0.1510 -0.5898 0.7933
vn -0.1620 -0.3974 0.9032
vn -0.0254 -0.9982 0.0534
vn -0.2050 -0.3972 0.8946
vn -0.2067 -0.4179 0.8847
vn -0.2045 -0.3674 0.9073
vn -0.2024 -0.3536 0.9132
vn -0.2207 -0.4250 0.8779
vn -0.2260 -0.4356 0.8713
vn -0.2122 -0.4239 0.8805
vn 0.0153 0.4007 -0.9161
vn -0.2435 -0.4569 0.8555
vn -0.2552 -0.4495 0.8560
vn -0.2329 -0.4535 0.8603
vn 0.1757 0.4593 -0.8707
vn 0.0561 0.3740 -0.9257
vn -0.2900 -0.4152 0.8623
vn -0.2712 -0.4343 0.8590
vn 0.3122 0.5228 -0.7932
vn 0.4663 0.7983 -0.3811
vn 0.3731 0.6118 -0.6975
vn -0.1451 -0.4224 0.8947
vn -0.1427 -0.4257 0.8936
vn -0.1479 -0.4053 0.9022
vn -0.1516 -0.3767 0.9139
vn -0.1574 -0.3609 0.9192
vn -0.1428 -0.4386 0.8873
vn -0.1494 -0.4487 0.8811
vn -0.1421 -0.4270 0.8930
vn -0.0892 0.3515 -0.9319
vn -0.2397 0.3296 -0.9132
vn -0.1794 -0.4328 0.8835
vn -0.1948 -0.4158 0.8883
vn -0.1628 -0.4453 0.8804
vn -0.0982 0.3994 -0.9115
vn -0.2273 0.3270 -0.9173
vn -0.3216 0.2958 -0.8995
vn -0.4874 0.2404 -0.8395
vn -0.3328 0.2961 -0.8953
vn -0.2101 -0.3984 0.8928
vn 0.0312 0.7783 -0.6271
vn -0.0904 0.4903 -0.8668
vn 0.2309 0.9231 -0.3074
vn -0.1901 -0.3740 0.9077
vn -0.1747 -0.3879 0.9050
vn -0.1564 -0.4284 0.8899
vn -0.1500 -0.4312 0.8897
vn -0.1642 -0.4134 0.8956
vn -0.1419 -0.4361 0.8887
vn -0.1466 -0.4365 0.8877
vn -0.1446 -0.4315 0.8904
vn -0.1588 -0.4207 0.8932
vn -0.1614 -0.4061 0.8995
vn -0.1535 -0.4300 0.8897
vn -0.4326 0.3056 -0.8482
vn -0.5005 0.2562 -0.8270
vn -0.5495 0.2379 -0.8009
vn -0.1656 -0.3880 0.9067
vn -0.4621 0.4416 -0.7690
vn -0.5197 0.2800 -0.8072
vn -0.6218 0.2256 -0.7500
vn -0.6514 0.2132 -0.7282
vn -0.6150 0.1865 -0.7662
vn -0.6685 0.1598 -0.7264
vn -0.3779 0.6960 -0.6105
vn 0.1476 0.9410 -0.3046
vn -0.2541 -0.3944 0.8831
vn -0.2345 -0.4061 0.8832
vn -0.2063 -0.4361 0.8759
vn -0.1968 -0.4360 0.8781
vn -0.2186 -0.4260 0.8779
vn -0.1839 -0.4347 0.8816
vn -0.1779 -0.4329 0.8837
vn -0.1896 -0.4347 0.8804
vn -0.1624 -0.4226 0.8917
vn -0.1555 -0.4064 0.9004
vn -0.1705 -0.4294 0.8868
vn -0.6869 0.2260 -0.6907
vn -0.7216 0.2075 -0.6605
vn -0.7174 0.2110 -0.6640
vn -0.7302 0.4029 -0.5517
vn -0.7514 0.2305 -0.6182
vn -0.7920 0.2060 -0.5747
vn -0.7835 0.2269 -0.5784
vn -0.7800 0.1930 -0.5953
vn -0.7040 0.1691 -0.6898
vn -0.2815 -0.4244 0.8606
vn -0.2688 -0.4406 0.8565
vn -0.2950 -0.4121 0.8621
vn -0.3069 -0.4113 0.8583
vn -0.2733 -0.3956 0.8768
vn -0.2483 -0.4420 0.8620
vn -0.2384 -0.4404 0.8656
vn -0.2581 -0.4451 0.8575
vn -0.2125 -0.4458 0.8696
vn -0.1973 -0.4429 0.8746
vn -0.2269 -0.4441 0.8668
vn -0.1697 -0.4139 0.8944
vn -0.1825 -0.4342 0.8822
vn -0.8706 0.2270 -0.4365
vn -0.8829 0.2011 -0.4244
vn -0.2703 -0.4388 0.8569
vn -0.2671 -0.4512 0.8515
vn -0.2750 -0.4254 0.8622
vn -0.2784 -0.4226 0.8625
vn -0.2588 -0.4524 0.8534
vn -0.2506 -0.4537 0.8552
vn -0.2639 -0.4544 0.8508
vn -0.2305 -0.4623 0.8562
vn -0.2183 -0.4605 0.8604
vn -0.2411 -0.4593 0.8549
vn -0.1914 -0.4248 0.8848
vn -0.2054 -0.4497 0.8692
vn -0.2073 -0.4298 0.8788
vn -0.2077 -0.4335 0.8769
vn -0.2152 -0.4567 0.8632
vn -0.2205 -0.4602 0.8600
vn -0.2101 -0.4468 0.8696
vn -0.2225 -0.4632 0.8579
vn -0.2203 -0.4694 0.8551
vn -0.2235 -0.4601 0.8593
vn -0.2147 -0.4709 0.8557
vn -0.2088 -0.4622 0.8618
vn -0.2184 -0.4720 0.8541
vn -0.2010 -0.4372 0.8766
vn -0.1367 -0.4344 0.8903
vn -0.1415 -0.4443 0.8846
vn -0.1337 -0.4317 0.8921
vn -0.1512 -0.4529 0.8787
vn -0.1631 -0.4568 0.8745
vn -0.1792 -0.4649 0.8670
vn -0.1848 -0.4701 0.8631
vn -0.1727 -0.4599 0.8710
vn -0.1925 -0.4729 0.8598
vn -0.1962 -0.4637 0.8640
vn -0.1887 -0.4738 0.8602
vn -0.1962 -0.4414 0.8756
vn -0.2297 -0.2132 0.9496
vn -0.2135 -0.2220 0.9514
vn -0.2500 -0.1766 0.9520
vn -0.2490 -0.1309 0.9596
vn -0.2280 -0.1037 0.9681
vn -0.2053 -0.0731 0.9760
vn -0.2037 -0.3486 0.9149
vn -0.2070 -0.3207 0.9243
vn -0.2090 -0.2621 0.9421
vn -0.1726 0.2468 -0.9536
vn -0.2153 0.2332 -0.9483
vn -0.2289 0.1858 -0.9556
vn -0.2556 0.2721 -0.9277
vn -0.2400 0.2246 -0.9444
vn -0.2622 0.2290 -0.9374
vn -0.2954 0.2467 -0.9230
vn -0.4178 0.2317 -0.8785
vn -0.4426 0.1994 -0.8743
vn -0.1629 0.2951 -0.9415
vn -0.2238 0.2923 -0.9298
vn -0.2148 -0.2493 0.9443
vn -0.1928 -0.2877 0.9381
vn -0.2401 -0.2436 0.9397
vn -0.2675 -0.2027 0.9420
vn -0.2634 -0.1156 0.9577
vn -0.3018 -0.1657 0.9388
vn -0.2921 -0.0864 0.9525
vn -0.2738 -0.0681 0.9594
vn -0.2397 -0.0848 0.9671
vn -0.2533 -0.0396 0.9666
vn -0.2192 -0.0565 0.9740
vn -0.1662 -0.3581 0.9188
vn -0.1770 -0.3389 0.9240
vn -0.2190 0.1427 -0.9652
vn -0.4600 0.1956 -0.8661
vn -0.5301 0.1835 -0.8278
vn -0.5779 0.2022 -0.7907
vn -0.6158 0.2097 -0.7595
vn -0.6268 0.2021 -0.7525
vn -0.4513 0.1529 -0.8792
vn -0.6292 0.1550 -0.7616
vn -0.4126 0.2207 -0.8838
vn -0.4854 0.2121 -0.8482
vn -0.5609 0.1823 -0.8075
vn -0.6900 0.1311 -0.7119
vn -0.7358 0.1745 -0.6543
vn -0.7550 0.2095 -0.6213
vn -0.5757 0.1610 -0.8017
vn -0.3758 -0.0957 0.9218
vn -0.3797 -0.1884 0.9057
vn -0.3623 -0.0578 0.9303
vn -0.3517 -0.0258 0.9357
vn -0.2829 -0.2793 0.9176
vn -0.2524 -0.3225 0.9123
vn -0.3134 -0.2685 0.9109
vn -0.3386 -0.2473 0.9079
vn -0.2079 -0.3745 0.9036
vn -0.2288 -0.3640 0.9029
vn -0.7464 0.2151 -0.6298
vn -0.6532 0.1224 -0.7472
vn -0.7324 0.0808 -0.6761
vn -0.7878 0.0705 -0.6119
vn -0.8141 0.1351 -0.5648
vn -0.8173 0.2051 -0.5385
vn -0.8030 0.2424 -0.5444
vn -0.7839 0.2201 -0.5806
vn -0.7193 0.1836 -0.6700
vn -0.6653 0.1010 -0.7397
vn -0.7141 0.0526 -0.6981
vn -0.7547 0.0304 -0.6554
vn -0.7760 0.0455 -0.6290
vn -0.7967 0.1086 -0.5945
vn -0.8037 0.2013 -0.5600
vn -0.8054 0.2469 -0.5389
vn -0.4103 -0.2869 0.8657
vn -0.4554 -0.2202 0.8626
vn -0.4735 -0.0891 0.8763
vn -0.4875 -0.0613 0.8710
vn -0.5803 -0.0905 0.8093
vn -0.5047 -0.0242 0.8629
vn -0.3139 -0.3590 0.8790
vn -0.2921 -0.3896 0.8734
vn -0.3424 -0.3174 0.8843
vn -0.3719 -0.3054 0.8766
vn -0.8031 0.2458 -0.5428
vn -0.6795 0.0775 -0.7296
vn -0.6890 0.0253 -0.7243
vn -0.6987 0.0112 -0.7153
vn -0.7102 0.0230 -0.7036
vn -0.7416 0.1793 -0.6464
vn -0.7534 0.2355 -0.6139
vn -0.7727 0.2372 -0.5888
vn -0.6955 0.0820 -0.7138
vn -0.6929 0.0231 -0.7206
vn -0.6919 0.0078 -0.7220
vn -0.6894 0.0165 -0.7242
vn -0.6850 0.0692 -0.7252
vn -0.7256 0.0833 -0.6831
vn -0.6961 0.1520 -0.7017
vn -0.7160 0.2134 -0.6646
vn -0.7467 0.2077 -0.6319
vn -0.4079 -0.3393 0.8476
vn -0.3826 -0.3401 0.8590
vn -0.4362 -0.3141 0.8432
vn -0.3181 -0.4077 0.8559
vn -0.3315 -0.3896 0.8593
vn -0.3544 -0.3589 0.8635
vn -0.7779 0.1011 -0.6202
vn -0.7678 0.0321 -0.6399
vn -0.7558 0.0163 -0.6546
vn -0.7363 0.0313 -0.6759
vn -0.7117 0.0730 -0.6987
vn -0.7074 0.1305 -0.6946
vn -0.7283 0.1787 -0.6615
vn -0.8891 0.1215 -0.4413
vn -0.8696 0.0515 -0.4910
vn -0.8455 0.0377 -0.5326
vn -0.8163 0.0660 -0.5739
vn -0.7768 0.0933 -0.6228
vn -0.7617 0.1215 -0.6364
vn -0.7712 0.1502 -0.6186
vn -0.7616 0.1733 -0.6245
vn -0.8016 0.1372 -0.5819
vn -0.3187 -0.3911 0.8634
vn -0.2985 -0.4028 0.8652
vn -0.2814 -0.4232 0.8613
vn -0.2874 -0.4150 0.8632
vn -0.8512 0.1291 -0.5087
vn -0.8434 0.1276 -0.5219
vn -0.8533 0.1244 -0.5064
vn -0.2022 -0.4240 0.8828
vn -0.2029 -0.4303 0.8796
vn -0.2025 -0.4192 0.8850
vn -0.2063 -0.4314 0.8783
vn 0.8376 0.3376 -0.4294
vn 0.3926 0.4266 -0.8148
vn 0.6756 0.4111 -0.6120
vn 0.9577 0.2530 -0.1370
vn 0.6008 0.4624 -0.6521
vn 0.8294 0.3844 -0.4054
vn 0.9878 0.1552 0.0103
vn 0.9905 0.1226 0.0629
vn 0.9856 0.1645 0.0385
vn 0.7687 0.3796 -0.5147
vn 0.9225 0.2944 -0.2496
vn 0.9757 0.0704 0.2074
vn 0.9885 0.1407 0.0549
vn 0.8537 0.3613 -0.3751
vn 0.9812 0.0457 0.1873
vn 0.9568 0.0151 0.2904
vn 0.9449 0.0277 0.3261
vn 0.9528 0.0450 0.3001
vn 0.9838 0.1580 0.0846
vn 0.9693 0.2071 -0.1327
vn 0.8970 0.3796 -0.2264
vn 0.9714 0.0700 0.2270
vn 0.9488 -0.0044 0.3158
vn 0.9378 -0.0122 0.3470
vn 0.9403 0.0167 0.3399
vn 0.9397 0.0270 0.3409
vn 0.9418 0.0286 0.3350
vn -0.1143 -0.4236 0.8986
vn -0.1239 -0.4288 0.8948
vn -0.1044 -0.4187 0.9021
vn -0.1084 0.3311 -0.9373
vn 0.4868 0.3845 -0.7843
vn -0.1304 -0.4318 0.8925
vn -0.1012 0.4504 -0.8871
vn -0.2361 0.4257 -0.8735
vn 0.0606 0.5004 -0.8637
vn -0.0165 0.5027 -0.8643
vn 0.3764 0.5495 -0.7459
vn 0.1684 0.5102 -0.8434
vn 0.7683 0.4059 -0.4949
vn 0.1546 0.6567 -0.7382
vn 0.4913 0.5957 -0.6354
vn 0.2868 0.5830 -0.7602
vn 0.2752 0.5663 -0.7769
vn 0.7082 0.6052 -0.3636
vn 0.2348 0.6520 -0.7210
vn 0.9783 0.2065 0.0179
vn 0.9453 -0.0034 0.3263
vn 0.9316 -0.0214 0.3628
vn 0.9387 0.0026 0.3446
vn 0.9377 0.0144 0.3471
vn 0.9228 0.0007 0.3854
vn 0.9329 0.0130 0.3598
vn 0.9003 -0.0293 0.4342
vn 0.9096 0.4131 0.0453
vn 0.9568 -0.0027 0.2907
vn 0.9336 -0.0335 0.3566
vn 0.9386 -0.0116 0.3447
vn 0.9338 0.0024 0.3577
vn 0.9019 -0.0353 0.4305
vn 0.7356 -0.0486 0.6756
vn 0.9323 0.0658 0.3557
vn 0.9323 -0.0291 0.3606
vn 0.9251 -0.0274 0.3788
vn 0.8984 -0.0192 0.4387
vn 0.8377 -0.0508 0.5438
vn 0.6518 -0.2088 0.7291
vn 0.7720 -0.1709 0.6122
vn -0.1914 0.0100 0.9815
vn -0.1811 -0.0143 0.9834
vn -0.1680 0.1749 0.9701
vn -0.1962 0.1262 0.9724
vn -0.4683 0.5756 0.6704
vn -0.2223 0.0735 -0.9722
vn -0.2456 0.0277 -0.9690
vn -0.5051 0.1768 -0.8448
vn -0.7166 0.6536 0.2437
vn -0.7016 0.4189 -0.5764
vn -0.2327 0.0315 0.9720
vn -0.2228 0.1019 0.9695
vn -0.2718 0.3059 0.9124
vn -0.2397 0.2409 0.9405
vn -0.5102 0.6455 0.5684
vn -0.4569 0.0685 -0.8869
vn -0.4613 0.0111 -0.8872
vn -0.4889 0.0146 -0.8722
vn -0.6974 0.3135 -0.6445
vn -0.5794 0.7762 0.2488
vn -0.7281 0.5162 -0.4511
vn -0.6119 0.0879 -0.7861
vn -0.5959 0.0257 -0.8026
vn -0.5871 0.0127 -0.8094
vn -0.6048 0.0725 -0.7930
vn -0.3403 0.0452 0.9392
vn -0.3146 0.1164 0.9421
vn -0.3101 0.2125 0.9267
vn -0.2901 0.4657 0.8360
vn -0.3696 0.4006 0.8384
vn -0.3572 0.7353 0.5759
vn -0.5084 0.8609 -0.0176
vn -0.6909 0.1204 -0.7129
vn -0.6681 0.0403 -0.7430
vn -0.6553 0.0171 -0.7552
vn -0.6820 0.0977 -0.7248
vn -0.7186 0.4912 -0.4923
vn -0.7595 0.1528 -0.6323
vn -0.7354 0.0625 -0.6747
vn -0.7173 0.0253 -0.6963
vn -0.5021 0.0724 0.8618
vn -0.4825 0.1490 0.8632
vn -0.4689 0.2081 0.8584
vn -0.5934 0.2872 0.7519
vn -0.4275 0.3198 0.8456
vn -0.4461 0.4752 0.7584
vn -0.4658 0.6832 0.5624
vn -0.5105 0.8493 0.1345
vn -0.5120 0.8069 0.2947
vn -0.4680 0.8710 0.1492
vn -0.7224 0.0562 -0.6892
vn -0.7570 0.4970 -0.4243
vn -0.5480 0.8191 -0.1694
vn -0.7954 0.1853 -0.5770
vn -0.7820 0.0881 -0.6170
vn -0.7628 0.0202 -0.6463
vn -0.7802 0.2058 -0.5908
vn -0.7470 0.5458 -0.3796
vn -0.7972 0.1953 -0.5713
vn -0.8112 0.1021 -0.5757
vn -0.8138 0.0430 -0.5796
vn -0.7714 0.0356 -0.6354
vn -0.8127 0.0241 -0.5821
vn -0.8131 0.0690 -0.5781
vn -0.0222 0.5933 0.8047
vn -0.2229 0.4681 0.8551
vn 0.0220 0.4825 0.8756
vn -0.0513 0.6846 0.7271
vn -0.2277 0.9004 0.3707
vn -0.2490 0.9554 0.1590
vn -0.3112 0.9488 -0.0544
vn -0.3999 0.8997 -0.1748
vn -0.7897 0.1634 -0.5913
vn -0.8254 0.0885 -0.5575
vn -0.8415 0.0334 -0.5393
vn -0.8429 0.0365 -0.5368
vn -0.8082 0.1871 -0.5584
vn -0.5145 0.7219 -0.4628
vn -0.7980 0.1233 -0.5899
vn -0.8329 0.0531 -0.5509
vn -0.8567 0.0132 -0.5156
vn -0.8665 0.0493 -0.4967
vn -0.8009 0.2590 -0.5399
vn -0.5418 0.5702 -0.6175
vn -0.8351 0.0916 -0.5424
vn 0.9070 0.3786 -0.1843
vn 0.8325 0.3728 0.4098
vn 0.6567 0.4128 0.6311
vn 0.9831 0.1163 -0.1416
vn 0.8723 0.2391 -0.4264
vn 0.8526 0.2040 -0.4812
vn 0.9937 0.1057 -0.0385
vn 0.9942 0.0887 0.0614
vn 0.9716 0.0965 0.2159
vn 0.8074 0.2026 0.5541
vn 0.5563 0.6412 0.5285
vn 0.8993 0.2707 -0.3435
vn 0.9895 0.0543 0.1340
vn 0.9813 0.0412 0.1878
vn 0.9716 0.0158 0.2360
vn 0.9574 0.0100 0.2886
vn 0.9288 0.0402 0.3683
vn 0.6310 0.6825 0.3688
vn 0.2420 0.9564 0.1637
vn 0.0359 0.9971 -0.0671
vn -0.1097 0.9557 -0.2731
vn -0.8823 -0.0132 -0.4706
vn -0.8868 0.0768 -0.4557
vn -0.2732 0.8261 -0.4929
vn -0.8724 0.1039 -0.4776
vn -0.8927 0.0583 -0.4469
vn -0.8624 0.0111 -0.5062
vn -0.9170 -0.0218 -0.3983
vn -0.9292 -0.0341 -0.3681
vn -0.9378 0.0469 -0.3439
vn -0.6758 0.6359 -0.3728
vn -0.6254 0.6041 -0.4939
vn 0.4868 0.3364 -0.8062
vn 0.5427 0.3390 -0.7685
vn 0.9655 0.0348 0.2579
vn 0.9561 0.0154 0.2926
vn 0.9461 -0.0084 0.3237
vn 0.9358 -0.0250 0.3516
vn 0.9252 -0.0184 0.3790
vn 0.8879 0.2173 0.4054
vn 0.9459 0.0231 0.3238
vn 0.9393 -0.0024 0.3431
vn 0.9308 -0.0281 0.3645
vn 0.9184 -0.0527 0.3922
vn 0.8939 -0.0631 0.4438
vn 0.7881 0.4184 0.4516
vn 0.9359 0.0082 0.3521
vn 0.9263 -0.0214 0.3762
vn 0.9032 -0.0623 0.4247
vn 0.8603 -0.1274 0.4936
vn 0.8147 -0.1175 0.5678
vn 0.6253 0.6895 0.3655
vn 0.9192 -0.0165 0.3934
vn 0.8801 -0.0723 0.4693
vn 0.1704 0.9773 -0.1261
vn -0.0548 0.9043 -0.4235
vn 0.0036 0.9305 -0.3664
vn 0.0448 0.9153 -0.4002
vn -0.1033 0.3592 -0.9275
vn -0.1988 0.3362 -0.9206
vn 0.8080 -0.1531 0.5689
vn 0.7368 -0.2182 0.6399
vn 0.7079 -0.1844 0.6818
vn 0.7054 0.2402 0.6669
vn 0.8623 -0.0861 0.4990
vn 0.7641 -0.1921 0.6159
vn 0.4726 -0.2895 0.8324
vn 0.3661 -0.3421 0.8654
vn 0.2842 -0.3148 0.9056
vn 0.2541 0.7452 0.6165
vn 0.6728 -0.1074 0.7320
vn 0.5866 -0.2001 0.7848
vn 0.2121 -0.4078 0.8881
vn 0.4285 -0.3949 0.8127
vn 0.1465 0.8366 -0.5279
vn 0.0708 0.9629 -0.2603
vn 0.2660 0.8016 -0.5354
vn -0.0493 -0.9968 -0.0631
vn -0.2037 -0.9455 0.2542
vn -0.0580 -0.9962 -0.0645
vn -0.0056 -0.9890 -0.1481
vn 0.0002 -0.9878 -0.1557
vn 0.0003 -0.9878 -0.1558
vn -0.0002 -0.9877 -0.1563
vn -0.0907 -0.9422 0.3225
vn -0.0960 -0.9951 0.0236
vn -0.0227 -0.9997 0.0100
vn 0.0026 -0.9951 -0.0986
vn -0.0024 -0.9882 -0.1533
vn 0.0005 -0.9878 -0.1554
vn -0.0227 -0.9997 -0.0071
vn -0.0018 -0.9936 -0.1129
vn -0.0004 -0.9879 -0.1551
vn 0.0001 -0.9878 -0.1556
vn -0.0001 -0.9878 -0.1555
vn -0.0003 -0.9878 -0.1555
vn -0.0006 -0.9878 -0.1558
vn 0.0003 -0.9878 -0.1556
vn 0.0006 -0.9877 -0.1562
vn -0.0000 -0.9878 -0.1554
vn -0.0216 -0.9992 -0.0337
vn -0.0039 -0.9918 -0.1280
vn -0.0003 -0.9879 -0.1550
vn -0.0001 -0.9879 -0.1551
vn -0.0004 -0.9878 -0.1554
vn 0.0003 -0.9878 -0.1557
vn 0.0001 -0.9879 -0.1553
vn -0.0167 -0.9982 -0.0573
vn -0.0027 -0.9901 -0.1403
vn 0.0004 -0.9878 -0.1559
vn -0.0004 -0.9878 -0.1560
vn -0.0134 -0.9969 -0.0777
vn -0.0019 -0.9886 -0.1503
vn 0.0002 -0.9879 -0.1551
vn -0.0001 -0.9878 -0.1554
vn -0.0001 -0.9877 -0.1561
vn 0.0002 -0.9879 -0.1552
vn -0.0004 -0.9878 -0.1557
vn 0.0074 -0.9867 -0.1625
vn -0.0074 -0.9955 -0.0946
vn -0.0009 -0.9879 -0.1553
vn 0.0002 -0.9879 -0.1550
vn 0.0026 -0.9875 -0.1574
vn 0.0175 -0.9859 -0.1664
vn 0.0962 -0.9678 -0.2325
vn -0.0047 -0.9939 -0.1102
vn -0.0001 -0.9877 -0.1562
vn 0.0007 -0.9879 -0.1554
vn 0.0002 -0.9877 -0.1562
vn 0.0023 -0.9874 -0.1581
vn 0.0201 -0.9840 -0.1772
vn 0.1053 -0.9625 -0.2500
vn 0.2450 -0.8642 -0.4394
vn 0.5745 0.7509 0.3258
vn 0.5074 0.8569 -0.0912
vn 0.6045 0.5165 0.6065
vn 0.6671 0.3364 0.6647
vn 0.6408 0.1780 0.7468
vn 0.6059 0.1508 0.7812
vn 0.5979 0.1274 0.7913
vn 0.5769 0.2428 0.7799
vn 0.5730 0.1508 0.8055
vn 0.5734 0.1305 0.8088
vn 0.5747 0.1439 0.8056
vn 0.3314 0.9433 0.0181
vn 0.5529 0.8180 0.1588
vn 0.3665 0.8607 0.3534
vn 0.5359 0.6431 0.5471
vn 0.4524 0.4405 0.7754
vn 0.4993 0.2891 0.8168
vn 0.4674 0.1673 0.8681
vn 0.4900 0.1430 0.8599
vn 0.4999 0.1310 0.8561
vn -0.0985 0.9937 -0.0533
vn -0.3487 0.8533 -0.3877
vn -0.0151 0.9480 0.3178
vn -0.0337 0.7444 0.6669
vn -0.0109 0.5062 0.8624
vn 0.1139 0.2535 0.9606
vn 0.2025 0.1835 0.9619
vn 0.3660 0.1530 0.9179
vn 0.3706 0.1237 0.9205
vn 0.0361 0.2066 0.9778
vn 0.1177 0.1283 0.9847
vn -0.5904 0.8024 -0.0872
vn -0.8124 0.4948 -0.3084
vn -0.8642 0.2238 -0.4506
vn -0.8682 0.2003 -0.4541
vn -0.4979 0.8201 0.2821
vn -0.6659 0.6534 0.3601
vn -0.5651 0.4886 0.6648
vn -0.4240 0.3176 0.8481
vn -0.4096 0.2140 0.8868
vn -0.1942 0.1790 0.9645
vn -0.5785 0.1539 0.8010
vn -0.2456 0.1336 0.9601
vn -0.5814 0.1421 0.8011
vn -0.2280 0.1304 0.9649
vn 0.1271 0.1095 0.9858
vn -0.9123 0.3814 -0.1492
vn -0.9500 0.2187 -0.2228
vn -0.9565 0.1999 -0.2125
vn -0.9642 0.1872 -0.1880
vn -0.8741 0.4703 0.1214
vn -0.9251 0.2943 0.2400
vn -0.9787 0.1689 0.1171
vn -0.9539 0.1809 -0.2394
vn -0.9776 0.1742 0.1181
vn -0.9760 0.1730 0.1322
vn -0.7771 0.2497 0.5777
vn -0.8205 0.1940 0.5377
vn -0.8447 0.1663 0.5088
vn -0.8457 0.1570 0.5100
vn 0.6682 0.1883 -0.7198
vn 0.6399 0.2080 -0.7398
vn 0.6353 0.1947 -0.7474
vn 0.6972 0.1979 -0.6890
vn 0.6950 0.1840 -0.6951
vn 0.6714 0.2023 -0.7129
vn 0.6454 0.2280 -0.7290
vn 0.6739 0.2216 -0.7048
vn 0.6996 0.2161 -0.6810
vn 0.6116 0.0520 0.7895
vn 0.6248 -0.0217 0.7805
vn 0.6392 -0.0428 0.7678
vn 0.6603 -0.0291 0.7504
vn 0.6784 0.0171 0.7345
vn 0.6810 0.0725 0.7287
vn 0.5874 0.0646 0.8067
vn 0.6042 -0.0084 0.7968
vn 0.6174 -0.0274 0.7862
vn 0.6319 -0.0111 0.7750
vn 0.6442 0.0250 0.7645
vn 0.6410 0.0625 0.7650
vn 0.6175 0.0800 0.7825
vn 0.5889 0.0583 0.8061
vn 0.5090 0.0748 0.8575
vn 0.5219 0.0040 0.8530
vn 0.5350 -0.0164 0.8447
vn 0.5487 -0.0012 0.8360
vn 0.5582 0.0262 0.8293
vn 0.5517 0.0463 0.8328
vn 0.5298 0.0539 0.8464
vn 0.5086 0.0382 0.8602
vn 0.3668 0.0682 0.9278
vn 0.3689 0.0090 0.9294
vn 0.3917 -0.0021 0.9201
vn 0.4294 0.0137 0.9030
vn 0.4580 0.0286 0.8885
vn 0.4622 0.0347 0.8861
vn 0.4525 0.0350 0.8911
vn 0.1330 0.0715 0.9885
vn 0.1651 0.0225 0.9860
vn 0.2088 0.0387 0.9772
vn 0.2672 0.0530 0.9622
vn 0.2996 0.0500 0.9528
vn 0.2971 0.0265 0.9545
vn 0.2719 0.0150 0.9622
vn 0.4447 0.0261 0.8953
vn 0.2458 0.0188 0.9691
vn -0.5798 0.1337 0.8037
vn -0.2181 0.1102 0.9697
vn -0.1749 0.0826 0.9811
vn -0.1130 0.1026 0.9883
vn -0.0629 0.1173 0.9911
vn -0.0304 0.0682 0.9972
vn -0.0334 0.0115 0.9994
vn -0.0437 -0.0147 0.9989
vn -0.0629 -0.0097 0.9980
vn -0.9633 0.1579 -0.2170
vn -0.9334 0.0796 -0.3499
vn -0.9053 0.0736 -0.4185
vn -0.8761 0.1035 -0.4709
vn -0.9616 0.2181 0.1668
vn -0.8282 0.1676 0.5347
vn -0.9493 0.2345 0.2092
vn -0.7838 0.1999 0.5879
vn -0.5502 0.1385 0.8235
vn -0.7135 0.1691 0.6799
vn -0.4742 0.1363 0.8698
vn -0.7037 0.1528 0.6938
vn -0.4451 0.1423 0.8841
vn -0.6991 0.1202 0.7048
vn -0.4277 0.0945 0.8990
vn -0.6836 0.0648 0.7269
vn -0.4008 0.0287 0.9157
vn -0.3733 0.0040 0.9277
vn -0.3520 -0.0055 0.9360
vn 0.7300 0.2832 -0.6220
vn 0.7338 0.2515 -0.6311
vn 0.7421 0.2538 -0.6204
vn 0.7381 0.2896 -0.6093
vn 0.7531 0.2619 -0.6036
vn -0.9741 0.1786 -0.1389
vn -0.9520 0.1148 -0.2837
vn -0.9383 0.1423 -0.3151
vn -0.9352 0.1476 -0.3219
vn -0.9422 0.1227 -0.3119
vn -0.9517 0.0981 -0.2908
vn -0.9617 0.0646 -0.2665
vn -0.9880 0.1483 0.0428
vn -0.9647 0.1121 -0.2383
vn -0.9919 0.1259 -0.0145
vn -0.9899 0.1412 -0.0155
vn -0.9911 0.1330 0.0005
vn -0.9947 0.0998 0.0233
vn -0.9965 0.0698 0.0451
vn -0.9971 0.0429 0.0636
vn -0.8996 0.1922 0.3922
vn -0.9095 0.1539 0.3861
vn -0.9128 0.1490 0.3803
vn -0.9128 0.1269 0.3882
vn -0.9104 0.0846 0.4050
vn -0.9045 0.0518 0.4234
vn -0.8972 0.0217 0.4411
vn -0.6623 0.0294 0.7487
vn -0.6443 0.0051 0.7648
vn 0.7238 0.2539 -0.6415
vn 0.7080 0.2495 -0.6606
vn 0.7220 0.2448 -0.6471
vn 0.7231 0.2798 -0.6316
vn 0.7125 0.2598 -0.6518
vn 0.7289 0.2780 -0.6257
vn 0.7340 0.2540 -0.6299
vn 0.7136 0.2668 -0.6478
vn 0.7310 0.2639 -0.6293
vn 0.7526 0.2551 -0.6071
vn 0.7506 0.2604 -0.6072
vn 0.7354 0.2431 -0.6325
vn 0.7180 0.2553 -0.6476
vn 0.7496 0.2459 -0.6145
vn 0.6893 0.2593 -0.6765
vn 0.6803 0.2780 -0.6782
vn 0.6610 0.2743 -0.6984
vn 0.7015 0.2918 -0.6502
vn 0.6974 0.2645 -0.6661
vn 0.7123 0.2834 -0.6421
vn 0.6923 0.2705 -0.6690
vn 0.6759 0.2661 -0.6872
vn 0.6647 0.2769 -0.6939
vn 0.6998 0.2577 -0.6662
vn 0.7018 0.2417 -0.6701
vn 0.6812 0.2645 -0.6827
vn 0.6769 0.2478 -0.6931
vn 0.7060 0.2565 -0.6601
vn 0.7235 0.2347 -0.6492
vn 0.7264 0.2515 -0.6396
vn 0.6865 0.2714 -0.6746
vn 0.7275 0.2609 -0.6345
vn 0.7103 0.2647 -0.6522
vn 0.8748 0.0017 0.4844
vn 0.6591 0.2982 -0.6904
vn 0.6199 0.3072 -0.7220
vn 0.6317 0.2926 -0.7179
vn 0.6475 0.3346 -0.6847
vn 0.6315 0.3220 -0.7054
vn 0.6760 0.3168 -0.6654
vn 0.6894 0.3033 -0.6578
vn 0.6401 0.2822 -0.7146
vn 0.6219 0.2852 -0.7293
vn 0.6137 0.2880 -0.7352
vn 0.6467 0.2748 -0.7115
vn 0.6489 0.2548 -0.7169
vn 0.6270 0.2770 -0.7282
vn 0.6228 0.2610 -0.7376
vn 0.6539 0.2704 -0.7066
vn 0.6329 0.2823 -0.7209
vn 0.6594 0.2762 -0.6992
vn 0.5641 0.0326 0.8251
vn 0.5443 -0.0164 0.8387
vn 0.5235 -0.0703 0.8491
vn 0.5147 -0.0713 0.8544
vn 0.5566 0.1216 0.8219
vn 0.5528 0.6506 0.5207
vn 0.4289 0.8985 0.0936
vn 0.4478 0.8890 -0.0962
vn 0.5290 0.8392 -0.1261
vn 0.5902 0.7580 -0.2775
vn 0.5179 0.8296 -0.2088
vn 0.6104 0.7682 -0.1930
vn 0.6865 0.6574 -0.3108
vn 0.6958 0.6853 -0.2151
vn 0.4937 0.0169 0.8695
vn 0.4644 -0.0368 0.8848
vn 0.4342 -0.0894 0.8963
vn 0.4155 -0.0630 0.9074
vn 0.5608 0.2265 0.7963
vn 0.6440 0.5707 0.5096
vn 0.4256 -0.0018 0.9049
vn 0.3658 -0.0801 0.9272
vn 0.3144 0.0190 0.9491
vn 0.3053 -0.1152 0.9453
vn 0.5051 0.8441 0.1799
vn 0.4898 0.6639 0.5651
vn 0.4617 0.8814 -0.0995
vn 0.4724 0.8714 -0.1326
vn 0.4989 0.8245 -0.2668
vn 0.5690 0.7431 -0.3522
vn 0.6340 0.6572 -0.4077
vn 0.7067 0.5860 -0.3965
vn 0.2243 -0.0439 0.9735
vn 0.1850 -0.1474 0.9716
vn 0.1222 -0.1843 0.9752
vn 0.0627 0.0371 0.9973
vn 0.2144 0.7637 0.6090
vn 0.3500 0.9223 -0.1641
vn 0.4604 0.8014 -0.3818
vn 0.6198 0.6138 -0.4891
vn 0.5491 0.7087 -0.4430
vn 0.6672 0.5426 -0.5103
vn 0.7072 0.4936 -0.5062
vn 0.6856 0.5693 -0.4537
vn -0.0723 -0.0581 0.9957
vn -0.0618 -0.1716 0.9832
vn -0.0872 -0.2466 0.9652
vn -0.0959 -0.0158 0.9953
vn 0.0735 0.7886 0.6105
vn 0.2456 0.8891 -0.3862
vn 0.5464 0.6136 -0.5700
vn 0.4115 0.6893 -0.5962
vn 0.6619 0.4863 -0.5704
vn 0.6186 0.5514 -0.5597
vn 0.7035 0.3942 -0.5914
vn 0.7116 0.3333 -0.6185
vn 0.7228 0.3357 -0.6041
vn 0.7384 0.3367 -0.5843
vn 0.7223 0.3958 -0.5671
vn 0.6830 0.4503 -0.5750
vn 0.6855 0.4012 -0.6075
vn 0.6968 0.4671 -0.5443
vn -0.3492 -0.0446 0.9360
vn -0.3349 -0.1558 0.9293
vn -0.5832 -0.2303 0.7790
vn -0.2870 -0.2317 0.9295
vn -0.5158 0.0380 0.8559
vn 0.1872 0.4025 0.8961
vn 0.3651 0.8787 0.3076
vn 0.5979 0.6143 -0.5150
vn 0.3588 0.7693 -0.5286
vn 0.6260 0.4545 -0.6336
vn 0.5725 0.4893 -0.6579
vn 0.6875 0.3946 -0.6096
vn 0.7117 0.3184 -0.6262
vn 0.7127 0.3271 -0.6205
vn 0.6588 0.4486 -0.6039
vn 0.6767 0.3779 -0.6319
vn -0.9717 0.0090 -0.2361
vn -0.9774 -0.0597 -0.2030
vn -0.9837 -0.0858 -0.1582
vn -0.9439 0.1981 -0.2641
vn -0.5960 0.6780 -0.4302
vn -0.9961 -0.0251 0.0851
vn -0.9879 -0.1080 0.1111
vn -0.9776 -0.1578 0.1395
vn -0.8918 0.4500 -0.0468
vn -0.8888 -0.0490 0.4556
vn -0.8712 -0.1417 0.4701
vn -0.8485 -0.2030 0.4887
vn -0.6175 -0.1477 0.7725
vn -0.6163 0.6480 0.4474
vn -0.6324 -0.0574 0.7725
vn 0.2642 0.9464 -0.1861
vn 0.6262 0.5604 -0.5421
vn 0.6928 0.3552 -0.6276
vn 0.7053 0.3186 -0.6333
vn 0.7113 0.3127 -0.6296
vn 0.6582 0.3896 -0.6442
vn 0.6987 0.3387 -0.6301
vn 0.6623 0.3791 -0.6462
vn 0.0911 0.8505 -0.5180
vn 0.2084 0.9027 -0.3765
vn 0.1148 0.8278 -0.5491
vn 0.3723 0.7752 -0.5104
vn 0.6992 0.3805 -0.6052
vn 0.6876 0.3834 -0.6167
vn 0.6890 0.3571 -0.6306
vn 0.5740 0.6805 -0.4555
vn 0.6860 0.4248 -0.5907
vn 0.6951 0.3258 -0.6409
vn 0.7016 0.3409 -0.6257
vn 0.6840 0.3410 -0.6449
vn 0.7039 0.3531 -0.6163
vn 0.5118 0.6662 -0.5425
vn 0.3865 0.7649 -0.5153
vn 0.5933 0.5741 -0.5643
vn 0.6640 0.4181 -0.6199
vn 0.6087 0.4332 -0.6647
vn 0.6367 0.4094 -0.6534
vn 0.6457 0.4995 -0.5775
vn 0.6153 0.4718 -0.6315
vn 0.6578 0.3494 -0.6673
vn 0.6471 0.3790 -0.6615
vn -0.0000 -0.9878 -0.1555
vn 0.0004 -0.9877 -0.1561
vn -0.0004 -0.9878 -0.1558
vn 0.0051 -0.9870 -0.1604
vn 0.0489 -0.9807 -0.1891
vn -0.0003 -0.9878 -0.1556
vn 0.0002 -0.9878 -0.1554
vn 0.0017 -0.9877 -0.1564
vn 0.0094 -0.9868 -0.1615
vn 0.0633 -0.9806 -0.1855
vn 0.1677 -0.9629 -0.2114
vn 0.2579 -0.9055 -0.3371
vn 0.0003 -0.9879 -0.1551
vn 0.0001 -0.9878 -0.1560
vn 0.0039 -0.9874 -0.1585
vn 0.0221 -0.9848 -0.1722
vn 0.1254 -0.9623 -0.2413
vn 0.3030 -0.8963 -0.3237
vn 0.5722 -0.6535 -0.4955
vn 0.6843 -0.5164 -0.5148
vn 0.0001 -0.9878 -0.1554
vn 0.0009 -0.9877 -0.1565
vn 0.0193 -0.9847 -0.1730
vn 0.0685 -0.9790 -0.1921
vn 0.0968 -0.9689 -0.2278
vn 0.3613 -0.7727 -0.5219
vn 0.6913 -0.4412 -0.5722
vn 0.8015 -0.2761 -0.5304
vn 0.0039 -0.9873 -0.1586
vn 0.0362 -0.9824 -0.1833
vn 0.1110 -0.9611 -0.2528
vn 0.3371 -0.8343 -0.4362
vn 0.4945 -0.7762 -0.3912
vn 0.7924 -0.1543 -0.5902
vn 0.8022 -0.0762 -0.5922
vn 0.0646 -0.9763 -0.2065
vn 0.1773 -0.9357 -0.3051
vn 0.4292 -0.7272 -0.5356
vn 0.6152 -0.5569 -0.5580
vn 0.7724 -0.0291 -0.6345
vn 0.2337 -0.8949 -0.3803
vn 0.4897 -0.6217 -0.6113
vn 0.6707 -0.3998 -0.6247
vn 0.7386 0.0451 -0.6726
vn 0.5028 -0.5288 -0.6838
vn 0.6710 -0.2839 -0.6850
vn 0.6763 0.0811 -0.7321
vn 0.8724 0.1614 -0.4613
vn 0.8610 0.1542 -0.4847
vn 0.8700 0.1485 -0.4702
vn 0.8759 0.1744 -0.4499
vn 0.8635 0.1699 -0.4749
vn 0.8451 0.1944 -0.4980
vn 0.8338 0.1866 -0.5196
vn 0.8438 0.1827 -0.5046
vn 0.8509 0.1389 -0.5067
vn 0.8424 0.1395 -0.5205
vn 0.8507 0.1389 -0.5069
vn 0.8516 0.1450 -0.5037
vn 0.8427 0.1405 -0.5198
vn 0.8528 0.1606 -0.4969
vn 0.8431 0.1490 -0.5167
vn 0.8551 0.1770 -0.4874
vn 0.8431 0.1668 -0.5113
vn 0.8564 0.1891 -0.4805
vn 0.8660 0.1831 -0.4654
vn 0.8467 0.0215 -0.5316
vn 0.8615 0.0183 -0.5075
vn 0.8508 0.1325 -0.5085
vn 0.8590 0.1372 -0.4933
vn 0.8587 0.1333 -0.4949
vn 0.8688 0.1357 -0.4763
vn 0.8680 0.1303 -0.4792
vn 0.8594 0.1375 -0.4925
vn 0.8692 0.1363 -0.4752
vn 0.8600 0.1415 -0.4903
vn 0.8692 0.1385 -0.4746
vn 0.8282 0.1726 -0.5332
vn 0.8212 0.1549 -0.5492
vn 0.8290 0.1531 -0.5378
vn 0.8262 0.1886 -0.5308
vn 0.8192 0.1741 -0.5465
vn 0.8238 0.1992 -0.5308
vn 0.8163 0.1883 -0.5460
vn 0.8336 0.1981 -0.5157
vn 0.8346 0.1377 -0.5333
vn 0.8293 0.1266 -0.5443
vn 0.8357 0.0936 -0.5411
vn 0.8357 0.1405 -0.5309
vn 0.8298 0.1406 -0.5401
vn 0.8359 0.1421 -0.5301
vn 0.8298 0.1416 -0.5398
vn 0.8355 0.1512 -0.5283
vn 0.8298 0.1433 -0.5394
vn 0.8345 0.1703 -0.5241
vn 0.8421 0.1048 -0.5290
vn 0.8424 0.1361 -0.5213
vn 0.7922 0.1981 -0.5773
vn 0.7802 0.1873 -0.5968
vn 0.7941 0.1873 -0.5782
vn 0.8126 0.1447 -0.5646
vn 0.8006 0.1424 -0.5821
vn 0.8128 0.1423 -0.5648
vn 0.8113 0.1557 -0.5634
vn 0.8000 0.1446 -0.5824
vn 0.8086 0.1743 -0.5619
vn 0.7987 0.1566 -0.5809
vn 0.8057 0.1873 -0.5619
vn 0.7962 0.1741 -0.5794
vn 0.8032 0.1979 -0.5619
vn 0.8130 0.1987 -0.5473
vn 0.8295 0.1168 -0.5461
vn 0.7747 -0.2411 -0.5845
vn 0.8230 0.1411 -0.5503
vn 0.8138 0.1043 -0.5717
vn 0.8223 0.1420 -0.5511
vn 0.8132 0.1397 -0.5650
vn 0.8222 0.1439 -0.5508
vn 0.7632 0.1887 -0.6180
vn 0.7440 0.1789 -0.6438
vn 0.7638 0.1764 -0.6209
vn 0.7625 0.2018 -0.6147
vn 0.7441 0.1906 -0.6403
vn 0.7789 0.1995 -0.5946
vn 0.7853 0.1403 -0.6030
vn 0.7667 0.1432 -0.6258
vn 0.7655 0.1423 -0.6276
vn 0.7852 0.1455 -0.6019
vn 0.7853 0.1425 -0.6024
vn 0.7837 0.1573 -0.6008
vn 0.7664 0.1462 -0.6255
vn 0.7817 0.1754 -0.5985
vn 0.7649 0.1584 -0.6244
vn 0.7947 -0.0371 -0.6059
vn 0.7840 0.1245 -0.6081
vn 0.8027 0.1240 -0.5834
vn 0.8008 0.1405 -0.5823
vn 0.7204 0.1815 -0.6694
vn 0.7213 0.1930 -0.6652
vn 0.7221 0.2108 -0.6589
vn 0.7443 0.2062 -0.6353
vn 0.7415 0.1379 -0.6567
vn 0.7141 0.1456 -0.6847
vn 0.7128 0.1410 -0.6870
vn 0.7427 0.1437 -0.6540
vn 0.7163 0.1457 -0.6824
vn 0.7437 0.1441 -0.6528
vn 0.7435 0.1469 -0.6524
vn 0.7443 0.1608 -0.6482
vn 0.7181 0.1496 -0.6797
vn 0.7196 0.1645 -0.6746
vn 0.7567 0.0451 -0.6522
vn 0.7640 0.1374 -0.6304
vn 0.6846 0.1478 -0.7137
vn 0.6544 0.1518 -0.7407
vn 0.6514 0.1513 -0.7435
vn 0.6875 0.1486 -0.7108
vn 0.6594 0.1570 -0.7352
vn 0.6913 0.1528 -0.7063
vn 0.6625 0.1718 -0.7291
vn 0.6932 0.1671 -0.7011
vn 0.7122 0.0992 -0.6950
vn 0.6819 0.1436 -0.7172
vn 0.8664 0.2527 -0.4306
vn 0.8555 0.2470 -0.4550
vn 0.8663 0.2403 -0.4380
vn 0.8633 0.2820 -0.4185
vn 0.8555 0.2605 -0.4475
vn 0.8754 0.2286 -0.4260
vn 0.8647 0.2278 -0.4477
vn 0.8743 0.2251 -0.4300
vn 0.8769 0.2349 -0.4193
vn 0.8652 0.2331 -0.4440
vn 0.8758 0.2459 -0.4153
vn 0.8839 0.2188 -0.4132
vn 0.8765 0.2127 -0.4319
vn 0.8844 0.2081 -0.4178
vn 0.8836 0.2225 -0.4120
vn 0.8750 0.2203 -0.4311
vn 0.8843 0.2240 -0.4096
vn 0.8241 0.3039 -0.4781
vn 0.8178 0.2763 -0.5048
vn 0.8298 0.2722 -0.4871
vn 0.8430 0.2524 -0.4751
vn 0.8305 0.2478 -0.4989
vn 0.8421 0.2433 -0.4814
vn 0.8417 0.2669 -0.4693
vn 0.8311 0.2572 -0.4931
vn 0.8376 0.2965 -0.4589
vn 0.8518 0.2898 -0.4364
vn 0.8537 0.2311 -0.4666
vn 0.8420 0.2266 -0.4896
vn 0.8542 0.2244 -0.4691
vn 0.8544 0.2383 -0.4617
vn 0.8417 0.2350 -0.4862
vn 0.8671 0.2002 -0.4562
vn 0.8662 0.2154 -0.4509
vn 0.8567 0.2052 -0.4733
vn 0.8649 0.2219 -0.4503
vn 0.8550 0.2173 -0.4709
vn 0.8774 0.1935 -0.4390
vn 0.8856 0.1857 -0.4258
vn 0.8844 0.1656 -0.4364
vn 0.8049 0.2788 -0.5238
vn 0.7981 0.2648 -0.5413
vn 0.8083 0.2638 -0.5264
vn 0.8001 0.2969 -0.5212
vn 0.7933 0.2783 -0.5415
vn 0.8118 0.3039 -0.4987
vn 0.8197 0.2517 -0.5145
vn 0.8090 0.2466 -0.5336
vn 0.8192 0.2427 -0.5195
vn 0.8194 0.2610 -0.5104
vn 0.8094 0.2549 -0.5291
vn 0.8310 0.2210 -0.5105
vn 0.8213 0.2117 -0.5298
vn 0.8323 0.2105 -0.5128
vn 0.8301 0.2291 -0.5083
vn 0.8194 0.2227 -0.5282
vn 0.8305 0.2391 -0.5030
vn 0.8189 0.2331 -0.5244
vn 0.8445 0.2078 -0.4935
vn 0.8430 0.2191 -0.4912
vn 0.7521 0.2955 -0.5891
vn 0.7650 0.2693 -0.5850
vn 0.7872 0.2641 -0.5573
vn 0.7788 0.2597 -0.5710
vn 0.7895 0.2595 -0.5563
vn 0.7791 0.2755 -0.5632
vn 0.7742 0.2585 -0.5777
vn 0.7679 0.2986 -0.5667
vn 0.7853 0.2999 -0.5417
vn 0.7998 0.2492 -0.5461
vn 0.7891 0.2434 -0.5640
vn 0.7999 0.2400 -0.5501
vn 0.7993 0.2573 -0.5431
vn 0.7891 0.2519 -0.5602
vn 0.8099 0.2122 -0.5468
vn 0.8089 0.2251 -0.5431
vn 0.8005 0.2137 -0.5600
vn 0.8089 0.2366 -0.5382
vn 0.7994 0.2288 -0.5555
vn 0.7668 0.2572 -0.5881
vn 0.7671 0.2585 -0.5872
vn 0.7625 0.2527 -0.5956
vn 0.7775 0.2465 -0.5786
vn 0.7634 0.2400 -0.5997
vn 0.7767 0.2353 -0.5842
vn 0.7790 0.2556 -0.5726
vn 0.7656 0.2519 -0.5920
vn 0.7902 0.2156 -0.5737
vn 0.7889 0.2318 -0.5691
vn 0.7775 0.2188 -0.5896
vn 0.7468 0.2461 -0.6179
vn 0.7447 0.2284 -0.6271
vn 0.7491 0.2566 -0.6107
vn 0.7622 0.2224 -0.6080
vn 0.7652 0.5499 -0.3348
vn 0.7600 0.5158 -0.3953
vn 0.7924 0.4841 -0.3712
vn 0.7908 0.4647 -0.3984
vn 0.8050 0.4219 -0.4171
vn 0.7753 0.4512 -0.4420
vn 0.8055 0.3941 -0.4425
vn 0.8280 0.3516 -0.4368
vn 0.8157 0.3367 -0.4703
vn 0.8317 0.3277 -0.4483
vn 0.8225 0.3778 -0.4251
vn 0.8122 0.3638 -0.4561
vn 0.8446 0.3215 -0.4281
vn 0.8396 0.3423 -0.4218
vn 0.8325 0.3647 -0.4171
vn 0.7304 0.5157 -0.4479
vn 0.7468 0.4596 -0.4806
vn 0.7661 0.4206 -0.4859
vn 0.7363 0.4324 -0.5204
vn 0.7654 0.3940 -0.5088
vn 0.7886 0.3733 -0.4886
vn 0.7695 0.3615 -0.5266
vn 0.7948 0.3422 -0.5013
vn 0.7878 0.3968 -0.4711
vn 0.7444 0.3816 -0.5479
vn 0.7569 0.3320 -0.5630
vn 0.7752 0.3264 -0.5409
vn 0.7927 0.3222 -0.5175
vn 0.1548 -0.9651 -0.2113
vn 0.2489 -0.9227 -0.2946
vn 0.0299 -0.9838 -0.1768
vn 0.5492 -0.7108 -0.4394
vn 0.6497 -0.5717 -0.5010
vn 0.7859 -0.3473 -0.5116
vn 0.8980 0.1351 -0.4187
vn 0.8902 0.1336 -0.4356
vn 0.8977 0.1318 -0.4205
vn 0.8995 0.1432 -0.4127
vn 0.8911 0.1393 -0.4319
vn 0.9015 0.1514 -0.4054
vn 0.8916 0.1482 -0.4278
vn 0.8721 -0.2179 -0.4381
vn 0.6722 -0.7079 -0.2170
vn 0.9033 0.1276 -0.4096
vn 0.8955 0.1259 -0.4268
vn 0.9035 0.0727 -0.4224
vn 0.9024 0.1300 -0.4108
vn 0.8970 0.1302 -0.4225
vn 0.9024 0.1309 -0.4105
vn 0.8973 0.1309 -0.4217
vn 0.9025 0.1323 -0.4099
vn 0.9038 0.1369 -0.4054
vn 0.9063 0.1441 -0.3973
vn 0.8787 0.1323 -0.4587
vn 0.8791 0.1169 -0.4621
vn 0.8796 0.1350 -0.4562
vn 0.8798 0.1364 -0.4554
vn 0.8804 0.1434 -0.4520
vn 0.8818 0.1537 -0.4458
vn 0.8929 0.1579 -0.4216
vn 0.8790 -0.0393 -0.4752
vn 0.8960 -0.0009 -0.4440
vn 0.8894 0.1312 -0.4379
vn 0.8913 0.1224 -0.4365
vn 0.8897 0.1325 -0.4368
vn 0.8890 0.0218 -0.4573
vn 0.8592 0.0247 -0.5111
vn 0.8937 0.1778 -0.4118
vn 0.8930 0.2025 -0.4019
vn 0.8919 0.2150 -0.3978
vn 0.8917 0.2192 -0.3961
vn 0.8922 0.2217 -0.3935
vn 0.9020 0.1701 -0.3969
vn 0.9008 0.1961 -0.3874
vn 0.9067 0.1900 -0.3766
vn 0.9078 0.1624 -0.3868
vn 0.0270 -0.1964 0.9802
vn -0.0023 -0.2316 0.9728
vn 0.0608 -0.1841 0.9810
vn 0.0983 -0.1368 0.9857
vn -0.0736 -0.3991 0.9140
vn -0.0866 -0.4052 0.9101
vn -0.0537 -0.3773 0.9245
vn -0.0312 -0.3137 0.9490
vn -0.0698 -0.1709 0.9828
vn -0.0843 -0.2073 0.9746
vn -0.0499 -0.1489 0.9876
vn -0.0090 -0.0962 0.9953
vn -0.1321 -0.3828 0.9143
vn -0.1383 -0.3952 0.9081
vn -0.1203 -0.3542 0.9274
vn -0.1051 -0.2858 0.9525
vn -0.2093 -0.1928 0.9586
vn -0.2050 -0.2725 0.9401
vn -0.2074 -0.1630 0.9646
vn -0.1858 -0.1260 0.9745
vn -0.1491 -0.0557 0.9873
vn -0.2021 -0.3763 0.9042
vn -0.2071 -0.3860 0.8989
vn -0.2017 -0.3456 0.9165
vn -0.2737 -0.2172 0.9370
vn -0.2511 -0.2945 0.9221
vn -0.3021 -0.1692 0.9381
vn -0.2957 -0.0876 0.9513
vn -0.3156 -0.1597 0.9354
vn -0.3237 -0.0667 0.9438
vn -0.3092 0.0181 0.9508
vn -0.2387 -0.0068 0.9711
vn -0.2628 -0.3726 0.8900
vn -0.2131 -0.3943 0.8939
vn -0.2699 -0.3837 0.8832
vn -0.2549 -0.3693 0.8936
vn -0.2498 -0.3493 0.9031
vn -0.2132 -0.0640 0.9749
vn -0.2155 -0.1799 0.9598
vn -0.1865 0.0940 0.9779
vn -0.2158 -0.3058 0.9273
vn -0.2227 -0.3445 0.9120
vn -0.2187 -0.2600 0.9405
vn -0.2286 -0.2235 0.9475
vn -0.2322 -0.3694 0.8998
vn -0.2314 -0.3876 0.8923
vn -0.2284 -0.3630 0.9033
vn -0.1101 -0.1809 0.9773
vn -0.1164 -0.2410 0.9635
vn -0.1051 -0.0756 0.9916
vn -0.1201 0.1380 0.9831
vn -0.1294 -0.3475 0.9287
vn -0.1265 -0.3715 0.9198
vn -0.1262 -0.3058 0.9437
vn -0.1211 -0.2660 0.9563
vn -0.1200 -0.4005 0.9084
vn -0.2326 -0.4162 0.8790
vn -0.1258 -0.4210 0.8983
vn -0.1226 -0.3827 0.9157
vn 0.0197 -0.1856 0.9824
vn 0.0140 -0.2383 0.9711
vn 0.0340 -0.0910 0.9953
vn 0.0553 0.1540 0.9865
vn 0.0210 -0.3529 0.9354
vn 0.0171 -0.3782 0.9255
vn 0.0246 -0.3065 0.9516
vn 0.0211 -0.2672 0.9634
vn 0.0065 -0.3971 0.9177
vn -0.0071 -0.4116 0.9113
vn 0.0134 -0.3880 0.9216
vn -0.2546 0.3612 -0.8971
vn 0.2550 0.4719 -0.8440
vn 0.3104 0.4169 -0.8543
vn 0.1443 -0.2354 0.9611
vn 0.1618 -0.1591 0.9739
vn 0.2102 -0.0469 0.9765
vn 0.2137 0.0820 0.9735
vn 0.1509 -0.3608 0.9204
vn 0.1615 -0.3379 0.9272
vn 0.1677 -0.3007 0.9389
vn 0.1600 -0.2693 0.9497
vn 0.1165 -0.3883 0.9141
vn 0.1273 -0.3807 0.9159
vn 0.1390 -0.3724 0.9176
vn 0.1221 -0.0637 0.9905
vn 0.1374 0.0012 0.9905
vn 0.1148 0.2788 0.9535
vn -0.2150 0.7493 0.6263
vn -0.7854 0.6138 0.0792
vn 0.0382 -0.0236 0.9990
vn 0.0993 0.0503 0.9938
vn 0.1323 0.1852 0.9738
vn 0.0069 0.4211 0.9070
vn -0.2137 0.5447 0.8109
vn -0.8797 0.4668 0.0912
vn -0.3513 0.7658 0.5386
vn -0.0848 0.0447 0.9954
vn -0.0030 0.1121 0.9937
vn 0.0644 0.2200 0.9734
vn 0.1228 0.3695 0.9211
vn 0.1626 0.5114 0.8438
vn 0.2066 0.6493 0.7319
vn -0.1998 0.7784 0.5951
vn 0.2641 0.7388 0.6200
vn -0.2534 0.1563 0.9546
vn -0.1225 0.1991 0.9723
vn 0.1582 0.1898 0.9690
vn 0.2766 0.2441 0.9295
vn 0.4158 0.3731 0.8294
vn 0.4865 0.5085 0.7104
vn 0.5937 0.6038 0.5319
vn 0.0152 0.3752 0.9268
vn 0.2621 0.5708 0.7781
vn 0.6483 0.5370 0.5398
vn 0.7357 0.3232 0.5953
vn 0.9585 0.2850 -0.0011
vn 0.9119 0.2226 0.3448
vn 0.8731 0.3276 0.3611
vn -0.1128 0.7553 0.6456
vn 0.3289 0.9330 -0.1462
vn 0.8150 0.5588 -0.1532
vn 0.4195 0.4254 -0.8019
vn 0.8698 0.3625 -0.3347
vn 0.0131 0.8019 0.5973
vn -0.2807 0.9520 -0.1220
vn -0.3952 0.3788 -0.8369
vn -0.7967 0.3278 -0.5078
vn -0.8345 0.5350 -0.1314
vn -0.0123 0.2998 0.9539
vn -0.3319 0.5451 0.7699
vn -0.6928 0.5717 0.4396
vn -0.7777 0.2438 -0.5794
vn -0.8682 0.2244 -0.4426
vn -0.9473 0.2694 -0.1732
vn -0.7643 0.4187 0.4904
vn -0.9622 0.2273 0.1500
vn -0.1528 -0.4259 0.8918
vn -0.1351 -0.4210 0.8969
vn -0.1655 -0.4350 0.8851
vn -0.1746 -0.4465 0.8776
vn -0.0830 -0.9334 0.3490
vn -0.1221 -0.6301 0.7669
vn -0.0264 -0.9996 0.0059
vn -0.1286 -0.4412 0.8881
vn -0.1166 -0.4502 0.8853
vn -0.1365 -0.4474 0.8838
vn -0.1427 -0.4557 0.8786
vn -0.0524 -0.9515 0.3031
vn -0.0937 -0.6635 0.7423
vn -0.0168 -0.9994 -0.0303
vn -0.1128 -0.4752 0.8726
vn -0.1230 -0.4504 0.8843
vn -0.1317 -0.4543 0.8810
vn -0.1415 -0.4635 0.8747
vn -0.0342 -0.9642 0.2628
vn -0.0844 -0.7051 0.7041
vn -0.0034 -0.9991 -0.0422
vn -0.1659 -0.4789 0.8621
vn -0.1545 -0.4676 0.8703
vn -0.1420 -0.4614 0.8758
vn -0.1276 -0.4996 0.8568
vn -0.0384 -0.9745 0.2213
vn -0.0934 -0.7442 0.6614
vn -0.0050 -0.9986 -0.0530
vn -0.1557 -0.4873 0.8592
vn -0.1532 -0.4769 0.8655
vn -0.1388 -0.5347 0.8336
vn -0.1498 -0.4743 0.8675
vn -0.0399 -0.9837 0.1755
vn -0.0986 -0.7903 0.6048
vn -0.0061 -0.9976 -0.0686
vn -0.1143 -0.4870 0.8659
vn -0.1181 -0.4786 0.8701
vn -0.0822 -0.8282 0.5544
vn -0.1163 -0.5635 0.8179
vn -0.1208 -0.4777 0.8702
vn -0.0204 -0.9898 0.1412
vn -0.0065 -0.9961 -0.0882
vn -0.0527 -0.4825 0.8743
vn -0.0652 -0.4729 0.8787
vn -0.0461 -0.4994 0.8651
vn -0.1112 -0.5003 0.8587
vn -0.0570 -0.8568 0.5124
vn -0.0806 -0.5854 0.8068
vn -0.0765 -0.4745 0.8769
vn -0.0112 -0.9944 0.1055
vn -0.0039 -0.9947 -0.1027
vn -0.0036 -0.4529 0.8916
vn -0.0186 -0.4601 0.8877
vn 0.0103 -0.4657 0.8849
vn 0.0202 -0.4925 0.8701
vn -0.0309 -0.8748 0.4835
vn -0.0339 -0.5918 0.8054
vn -0.0030 -0.9966 0.0819
vn -0.0023 -0.9937 -0.1116
vn -0.1100 -0.4327 0.8948
vn -0.1095 -0.4389 0.8919
vn -0.1101 -0.4282 0.8970
vn -0.1077 -0.4264 0.8981
vn -0.1253 -0.4446 0.8869
vn -0.1367 -0.4495 0.8828
vn -0.1152 -0.4415 0.8898
vn -0.1564 -0.4646 0.8716
vn -0.1647 -0.4674 0.8685
vn -0.1477 -0.4561 0.8776
vn -0.1761 -0.4597 0.8705
vn -0.1718 -0.4660 0.8679
vn -0.1270 -0.4400 0.8890
vn -0.1207 -0.4401 0.8898
vn -0.1370 -0.4319 0.8915
vn -0.1446 -0.4230 0.8945
vn -0.1237 -0.4345 0.8921
vn -0.1312 -0.4368 0.8900
vn -0.1201 -0.4356 0.8921
vn -0.1462 -0.4551 0.8784
vn -0.1502 -0.4610 0.8746
vn -0.1394 -0.4451 0.8846
vn -0.1481 -0.4619 0.8745
vn -0.1501 -0.4643 0.8729
vn -0.7689 0.6366 -0.0587
vn -0.2110 0.8945 -0.3940
vn -0.7384 0.5274 -0.4202
vn -0.1913 -0.4461 0.8743
vn -0.1869 -0.4399 0.8784
vn -0.1983 -0.4433 0.8742
vn -0.2072 -0.4315 0.8780
vn -0.1760 -0.4278 0.8866
vn -0.1743 -0.4286 0.8865
vn -0.1813 -0.4329 0.8830
vn -0.1747 -0.4526 0.8744
vn -0.1701 -0.4635 0.8696
vn -0.1752 -0.4379 0.8818
vn -0.1531 -0.4692 0.8697
vn -0.1632 -0.4689 0.8680
vn -0.2701 -0.4315 0.8607
vn -0.2693 -0.4400 0.8567
vn -0.2675 -0.4386 0.8579
vn -0.2596 -0.4364 0.8615
vn -0.2696 -0.4409 0.8561
vn -0.2414 -0.4272 0.8713
vn -0.2322 -0.4387 0.8681
vn -0.2497 -0.4310 0.8671
vn -0.2074 -0.4724 0.8566
vn -0.1926 -0.4828 0.8543
vn -0.2208 -0.4584 0.8609
vn -0.1781 -0.4860 0.8556
vn -0.2366 -0.4346 0.8690
vn -0.2414 -0.4399 0.8650
vn -0.2450 -0.4462 0.8607
vn -0.2409 -0.4485 0.8607
vn -0.2459 -0.4413 0.8630
vn -0.2208 -0.4463 0.8672
vn -0.2037 -0.4634 0.8624
vn -0.2332 -0.4452 0.8645
vn -0.1737 -0.4957 0.8509
vn -0.1638 -0.5009 0.8499
vn -0.1872 -0.4840 0.8548
vn -0.1584 -0.4982 0.8525
vn -0.1424 -0.4414 0.8859
vn -0.1489 -0.4472 0.8820
vn -0.1343 -0.4353 0.8902
vn -0.1489 -0.4623 0.8741
vn -0.1416 -0.4654 0.8737
vn -0.1513 -0.4558 0.8771
vn -0.1216 -0.4878 0.8645
vn -0.1156 -0.5017 0.8573
vn -0.1318 -0.4720 0.8717
vn -0.1124 -0.5077 0.8542
vn -0.1112 -0.5082 0.8540
vn -0.0353 -0.4359 0.8993
vn -0.0436 -0.4445 0.8947
vn -0.0230 -0.4264 0.9043
vn -0.0468 -0.4726 0.8800
vn -0.0446 -0.4767 0.8780
vn -0.0479 -0.4611 0.8861
vn -0.0429 -0.4940 0.8684
vn -0.0432 -0.5058 0.8616
vn -0.0431 -0.4820 0.8751
vn -0.0445 -0.5098 0.8592
vn -0.0438 -0.5113 0.8583
vn 0.0803 -0.4146 0.9065
vn 0.0594 -0.4325 0.8997
vn 0.1018 -0.3992 0.9112
vn 0.0398 -0.4705 0.8815
vn 0.0350 -0.4758 0.8789
vn 0.0473 -0.4559 0.8888
vn 0.0310 -0.4924 0.8698
vn 0.0280 -0.5046 0.8629
vn 0.0332 -0.4806 0.8763
vn 0.0240 -0.5083 0.8609
vn 0.0258 -0.5100 0.8598
vn -0.6604 0.7307 -0.1731
vn 0.2989 0.7725 -0.5603
vn -0.4683 0.6558 -0.5921
vn -0.5981 0.5910 0.5413
vn 0.5508 0.8240 -0.1327
vn -0.1027 -0.4207 0.9014
vn -0.0955 -0.4123 0.9060
vn -0.5496 0.3942 -0.7365
vn -0.6682 0.2938 -0.6836
vn -0.5985 0.2663 -0.7556
vn -0.7287 0.2440 -0.6399
vn -0.3569 0.4835 -0.7992
vn -0.5343 0.3715 -0.7593
vn -0.6619 0.3044 -0.6850
vn -0.8313 0.2066 -0.5160
vn -0.8891 0.1552 -0.4306
vn -0.2983 0.6257 -0.7208
vn -0.4525 0.4462 -0.7721
vn -0.5521 0.3846 -0.7398
vn -0.7955 0.2562 -0.5491
vn -0.8812 0.1766 -0.4385
vn -0.4577 0.4824 -0.7468
vn -0.7664 0.3368 -0.5469
vn -0.8598 0.2294 -0.4561
vn -0.2806 0.7068 -0.6494
vn -0.4844 0.5480 -0.6819
vn -0.0731 -0.3151 0.9462
vn -0.1599 -0.2659 0.9506
vn 0.1056 0.9751 0.1949
vn 0.3095 0.8388 -0.4478
vn 0.9135 0.3461 0.2138
vn 0.8714 -0.0244 0.4900
vn 0.8221 -0.1028 0.5600
vn 0.7408 -0.1283 0.6594
vn 0.2786 -0.1950 0.9404
vn 0.0945 -0.2776 0.9560
vn 0.0717 -0.3622 0.9293
vn -0.1461 -0.4138 0.8986
vn -0.1427 -0.4038 0.9037
vn -0.9356 0.1103 -0.3354
vn -0.9305 0.1256 -0.3440
vn -0.9579 0.0899 -0.2725
vn -0.9713 0.0638 -0.2292
vn -0.9591 0.0774 -0.2722
vn -0.9792 0.0451 -0.1979
vn -0.8451 0.2812 -0.4548
vn -0.9219 0.2004 -0.3317
vn -0.9557 0.1250 -0.2665
vn -0.9681 0.0815 -0.2368
vn -0.9765 0.0543 -0.2086
vn -0.9849 0.0291 -0.1706
vn -0.9929 -0.0023 -0.1191
vn -0.8367 0.3934 -0.3811
vn -0.9044 0.2192 -0.3661
vn -0.9583 0.1301 -0.2543
vn -0.9729 0.0907 -0.2126
vn -0.9836 0.0485 -0.1739
vn -0.9944 0.0025 -0.1061
vn -0.9990 -0.0422 -0.0161
vn -0.9946 -0.0849 0.0591
vn -0.8696 0.2630 -0.4178
vn -0.9625 0.1358 -0.2350
vn -0.9832 0.0786 -0.1649
vn -0.9955 0.0388 -0.0860
vn -0.9996 -0.0267 -0.0050
vn -0.9888 -0.1122 0.0988
vn -0.8974 -0.2180 0.3836
vn -0.8499 -0.1935 0.4902
vn -0.9879 0.1424 -0.0614
vn -0.9985 0.0535 -0.0115
vn -0.9978 -0.0193 0.0631
vn -0.9839 -0.0415 0.1738
vn -0.8235 -0.1615 0.5439
vn -0.7371 -0.2880 0.6114
vn -0.7065 -0.3556 0.6119
vn -0.2139 -0.4116 0.8859
vn -0.2715 -0.4109 0.8703
vn 0.9920 0.1167 0.0484
vn 0.9734 0.1507 -0.1725
vn 0.9512 0.2092 -0.2268
vn 0.9894 0.0884 0.1151
vn 0.9948 0.0817 0.0600
vn 0.7771 0.3254 -0.5387
vn 0.6207 0.4467 -0.6443
vn 0.8870 0.3298 -0.3233
vn 0.4290 0.4854 -0.7618
vn 0.7178 0.3973 -0.5717
vn 0.9550 0.2674 -0.1284
vn 0.5399 0.5365 -0.6486
vn 0.9673 0.2317 -0.1037
vn 0.6511 0.4438 -0.6158
vn 0.8608 0.3657 -0.3539
vn 0.9863 0.1619 0.0328
vn 0.9885 0.1071 0.1072
vn 0.9850 0.1699 0.0294
vn 0.8249 0.4116 -0.3875
vn 0.9480 0.3025 -0.0990
vn 0.9882 0.1255 0.0876
vn 0.9879 0.1151 0.1041
vn 0.9900 0.1116 0.0862
vn 0.9924 0.1023 0.0686
vn 0.9910 0.0784 0.1086
vn 0.9828 0.1556 0.0993
vn 0.9875 0.1336 0.0831
vn 0.9892 0.1361 0.0536
vn 0.9894 0.1431 0.0231
vn 0.9924 0.1210 0.0243
vn 0.9793 0.1915 0.0658
vn 0.9856 0.1683 0.0168
vn 0.9897 0.1394 0.0332
vn 0.9903 0.0690 0.1206
vn 0.9937 0.1027 0.0442
vn 0.9558 0.2262 0.1878
vn 0.9831 0.0563 0.1742
vn 0.9179 0.2887 0.2723
vn 0.8123 -0.1116 0.5725
vn 0.9818 0.0194 0.1890
vn 0.7729 0.1789 0.6087
vn 0.7227 -0.0155 0.6910
vn -0.1308 0.5064 -0.8523
vn -0.2158 0.4684 -0.8568
vn -0.3818 0.4071 -0.8298
vn -0.1625 0.4424 -0.8820
vn -0.2959 0.4797 -0.8261
vn -0.0076 0.5746 -0.8184
vn -0.0417 0.4899 -0.8708
vn 0.3606 0.8317 -0.4221
vn 0.0453 0.7675 -0.6394
vn 0.7126 0.5792 -0.3959
vn -0.1798 0.8139 -0.5525
vn 0.9721 0.2298 -0.0472
vn 0.9697 0.2434 -0.0228
vn 0.5439 0.3752 -0.7506
vn 0.9840 0.1695 0.0552
vn 0.9860 0.0995 0.1340
vn 0.9719 0.1683 0.1646
vn 0.3019 0.7856 0.5401
vn 0.5037 0.2999 0.8102
vn 0.4473 0.2237 0.8659
vn 0.3108 0.1931 0.9307
vn 0.5134 0.0462 0.8569
vn -0.3048 0.2706 0.9132
vn -0.1976 -0.2876 0.9371
vn -0.2819 -0.2315 0.9311
vn 0.2935 0.0578 0.9542
vn 0.0199 -0.2071 0.9781
vn -0.7299 -0.1135 0.6740
vn 0.1287 -0.2754 0.9527
vn 0.5850 -0.3335 0.7393
vn -0.7522 0.3135 -0.5795
vn -0.8331 0.2219 -0.5067
vn -0.8886 0.1868 -0.4190
vn -0.7293 0.3752 -0.5722
vn -0.8282 0.2467 -0.5032
vn -0.8897 0.2257 -0.3968
vn -0.9736 0.1002 -0.2052
vn -0.9910 0.0539 -0.1222
vn -0.7153 0.5414 -0.4418
vn -0.8705 0.2625 -0.4162
vn -0.9754 0.1090 -0.1917
vn -0.9934 0.0611 -0.0968
vn -0.9998 0.0155 -0.0154
vn -0.9996 -0.0061 0.0282
vn -0.8249 0.3683 -0.4289
vn -0.9911 0.1002 -0.0873
vn -0.9996 0.0232 0.0186
vn -0.9982 -0.0036 0.0602
vn -0.9975 -0.0078 0.0704
vn -0.9972 -0.0187 0.0722
vn -0.6520 0.2275 -0.7233
vn -0.8482 0.2261 -0.4790
vn -0.5665 0.5141 -0.6440
vn -0.9987 0.0203 -0.0459
vn -0.9988 -0.0019 0.0499
vn -0.9964 -0.0109 0.0840
vn -0.9963 -0.0065 0.0854
vn -0.9965 -0.0048 0.0835
vn -0.9947 -0.0339 0.0969
vn -0.9995 0.0216 -0.0248
vn -0.9989 -0.0312 0.0341
vn -0.9935 -0.0676 0.0916
vn -0.9834 -0.0346 0.1781
vn -0.9922 0.0039 0.1247
vn -0.9933 -0.0056 0.1156
vn -0.9877 -0.0347 0.1522
vn -0.9757 -0.0643 0.2097
vn -0.6632 0.0371 0.7475
vn -0.7178 -0.0087 0.6962
vn -0.7517 -0.1584 0.6402
vn -0.8631 0.1102 0.4928
vn -0.9195 0.1274 0.3719
vn -0.9518 -0.0229 0.3058
vn -0.9015 -0.1380 0.4102
vn -0.8576 -0.1397 0.4949
vn -0.6577 0.2461 -0.7120
vn -0.7113 0.2050 -0.6723
vn -0.7605 0.1935 -0.6198
vn -0.8644 0.2269 -0.4488
vn -0.9322 0.1924 -0.3067
vn -0.8372 0.1723 -0.5191
vn -0.8747 0.1428 -0.4632
vn -0.8954 0.1396 -0.4228
vn -0.9156 0.1379 -0.3776
vn -0.9294 0.1094 -0.3524
vn -0.3707 -0.4229 0.8269
vn -0.7683 -0.3085 0.5609
vn -0.3046 -0.4489 0.8401
vn -0.3133 -0.2762 0.9086
vn -0.7073 -0.2534 0.6600
vn -0.6645 0.2492 0.7045
vn -0.0854 0.7403 0.6669
vn -0.1914 -0.3805 0.9048
vn -0.2846 -0.4514 0.8457
vn -0.4372 -0.4288 0.7906
vn 0.2786 0.7588 -0.5887
vn 0.2401 0.9422 -0.2336
vn 0.3947 0.6636 -0.6355
vn 0.3219 0.7119 -0.6242
vn -0.9132 0.4075 0.0045
vn -0.5322 0.8040 0.2652
vn -0.9512 0.0883 -0.2957
vn -0.9631 0.0914 -0.2531
vn -0.9693 0.0937 -0.2272
vn -0.9711 0.1826 -0.1534
vn -0.6674 0.7442 -0.0276
vn -0.9706 0.0676 -0.2310
vn -0.9805 0.0479 -0.1905
vn -0.9876 0.0375 -0.1525
vn -0.9924 0.0491 -0.1127
vn -0.9926 0.1017 -0.0669
vn -0.6878 0.7247 -0.0427
vn -0.9878 0.0232 -0.1540
vn -0.9952 0.0035 -0.0975
vn -0.9992 -0.0306 -0.0256
vn -0.9984 -0.0302 0.0487
vn -0.9921 0.0415 0.1182
vn -0.6284 0.7701 0.1098
vn -0.9981 -0.0428 -0.0443
vn -0.9925 -0.1046 0.0634
vn -0.9805 -0.1065 0.1649
vn -0.9666 -0.1327 0.2193
vn -0.8600 -0.2398 0.4505
vn -0.9378 -0.0919 0.3348
vn -0.5799 0.7726 0.2587
vn -0.9810 -0.1392 0.1354
vn -0.9066 -0.2555 0.3357
vn -0.0149 0.9882 -0.1523
vn -0.8214 -0.2643 0.5055
vn -0.7707 -0.3395 0.5393
vn 0.3865 0.7289 -0.5651
vn 0.2884 0.8713 -0.3970
vn 0.3724 0.6231 -0.6878
vn 0.3704 0.6769 -0.6361
vn 0.1381 0.9415 0.3073
vn 0.0349 0.9991 -0.0236
vn 0.0514 0.9833 -0.1747
vn 0.1555 0.9737 -0.1663
vn 0.3947 0.8697 -0.2964
vn 0.3048 0.9142 -0.2672
vn 0.2336 0.9527 -0.1943
vn 0.3485 0.8986 -0.2666
vn 0.4408 0.8045 -0.3980
vn 0.3773 0.7083 -0.5966
vn 0.4170 0.7595 -0.4992
vn 0.3207 0.5791 -0.7495
vn 0.3952 0.5704 -0.7201
vn 0.3419 0.6496 -0.6791
vn 0.6446 0.6585 0.3885
vn 0.4615 0.8426 0.2774
vn 0.7481 0.6570 0.0930
vn 0.4369 0.8995 -0.0012
vn 0.6506 0.7525 -0.1021
vn 0.3238 0.9289 -0.1796
vn 0.4211 0.8833 -0.2059
vn 0.2951 0.8897 -0.3484
vn 0.3176 0.8571 -0.4055
vn 0.2943 0.8210 -0.4892
vn 0.2590 0.6109 -0.7482
vn 0.2760 0.7683 -0.5776
vn 0.2670 0.6932 -0.6695
vn 0.9808 0.1657 -0.1025
vn 0.9835 0.1548 0.0932
vn 0.9915 0.1224 0.0451
vn 0.9410 0.2727 0.2005
vn 0.8876 0.4069 0.2160
vn 0.9935 0.0893 0.0710
vn 0.9910 0.1061 0.0820
vn 0.9805 0.1776 0.0837
vn 0.9885 0.1341 0.0705
vn 0.9311 0.3412 0.1292
vn 0.9910 0.1008 0.0876
vn 0.9889 0.1366 0.0587
vn 0.9854 0.1289 0.1113
vn 0.9904 0.1240 0.0603
vn 0.9000 0.4258 0.0933
vn 0.9920 0.1137 0.0555
vn 0.9899 0.1352 0.0416
vn 0.9902 0.1284 0.0544
vn 0.9882 0.0506 0.1449
vn 0.8275 0.5613 0.0141
vn 0.9708 0.1444 0.1915
vn 0.9903 0.1001 0.0959
vn 0.9756 0.0376 0.2164
vn 0.9372 -0.0560 0.3444
vn 0.6243 0.7465 -0.2302
vn 0.8866 0.4182 0.1978
vn 0.3789 0.8494 -0.3674
vn 0.4274 0.8540 -0.2968
vn 0.2285 0.8079 -0.5433
vn 0.1836 0.6265 -0.7575
vn 0.2477 0.5443 -0.8015
vn 0.1771 0.7061 -0.6856
vn 0.8384 0.3068 -0.4505
vn 0.9891 0.0630 0.1327
vn 0.9352 -0.1252 0.3313
vn 0.8598 -0.1735 0.4803
vn 0.8286 0.2189 0.5153
vn 0.9359 -0.1009 0.3376
vn 0.4550 -0.3891 0.8010
vn 0.5783 -0.4179 0.7006
vn 0.4969 0.6670 0.5552
vn 0.6876 -0.1148 0.7170
vn 0.4982 -0.3807 0.7790
vn 0.1481 0.9143 -0.3771
vn 0.1256 0.6251 -0.7704
vn 0.1837 0.5552 -0.8112
vn 0.1280 0.6850 -0.7172
vn -0.2571 -0.4549 0.8526
vn -0.8309 -0.3351 0.4443
vn -0.7874 -0.2945 0.5415
vn -0.2788 -0.5664 0.7755
vn -0.6665 0.2074 0.7161
vn -0.8655 0.1704 0.4711
vn -0.2567 -0.4498 0.8554
vn 0.0736 -0.5566 0.8275
vn -0.3436 -0.5422 0.7668
vn 0.1061 0.7262 -0.6792
vn 0.1924 0.9767 -0.0953
vn 0.0880 0.6315 -0.7704
vn 0.1270 0.5608 -0.8182
vn -0.9676 0.1013 -0.2313
vn -0.9901 0.0668 -0.1234
vn -0.9988 0.0475 0.0085
vn -0.8804 0.3046 0.3636
vn -0.9921 0.0585 0.1109
vn -0.9988 0.0153 -0.0457
vn -0.9999 -0.0089 0.0143
vn -0.9975 -0.0240 0.0660
vn -0.9955 0.0512 0.0799
vn -0.8772 0.4537 0.1573
vn -0.8498 0.5264 0.0272
vn -0.9981 -0.0278 0.0550
vn -0.9948 -0.0519 0.0876
vn -0.9924 -0.0424 0.1158
vn -0.9906 0.1082 0.0832
vn -0.7759 0.6308 0.0115
vn -0.9936 -0.0578 0.0966
vn -0.9868 -0.0859 0.1376
vn -0.9845 -0.0353 0.1721
vn -0.8996 0.4366 0.0103
vn -0.6277 0.7472 -0.2184
vn -0.9809 -0.1233 0.1502
vn -0.9588 -0.1580 0.2362
vn -0.9442 -0.1225 0.3058
vn -0.7463 0.6646 0.0380
vn -0.9085 -0.2603 0.3268
vn -0.3200 0.8631 -0.3907
vn -0.7848 -0.2150 0.5812
vn 0.0584 0.7660 -0.6402
vn -0.1205 0.8614 -0.4934
vn 0.0887 0.5618 -0.8225
vn 0.0563 0.5222 -0.8510
vn 0.0875 0.5213 -0.8489
vn 0.0555 0.5608 -0.8261
vn 0.0569 0.6375 -0.7683
vn -0.0047 -0.9918 -0.1276
vn 0.0003 -0.9878 -0.1554
vn 0.0001 -0.9879 -0.1549
vn 0.0043 -0.9853 -0.1705
vn 0.0759 -0.9597 -0.2706
vn 0.2444 -0.8545 -0.4584
vn 0.5064 -0.4830 -0.7144
vn -0.0039 -0.9897 -0.1434
vn 0.0001 -0.9879 -0.1551
vn -0.0004 -0.9878 -0.1556
vn 0.0047 -0.9871 -0.1601
vn 0.0210 -0.9816 -0.1896
vn 0.1057 -0.8779 -0.4670
vn 0.4160 -0.4762 -0.7747
vn 0.5645 -0.2067 -0.7991
vn 0.5141 0.0939 -0.8526
vn 0.6139 0.1022 -0.7828
vn -0.0006 -0.9891 -0.1475
vn -0.0006 -0.9878 -0.1556
vn -0.0002 -0.9877 -0.1562
vn -0.0004 -0.9847 -0.1745
vn 0.0338 -0.9682 -0.2477
vn 0.1496 -0.7933 -0.5901
vn 0.4090 -0.2302 -0.8830
vn -0.0005 -0.9888 -0.1493
vn 0.0002 -0.9877 -0.1561
vn 0.0180 -0.9789 -0.2036
vn 0.3143 -0.6484 -0.6933
vn 0.3285 -0.1899 -0.9252
vn 0.1693 -0.8096 -0.5621
vn 0.3792 -0.0731 -0.9224
vn 0.3306 0.1333 -0.9343
vn 0.4649 0.1208 -0.8771
vn -0.0006 -0.9884 -0.1519
vn -0.0000 -0.9877 -0.1563
vn -0.0004 -0.9879 -0.1552
vn 0.0067 -0.9695 -0.2450
vn 0.0983 -0.7721 -0.6279
vn 0.2448 -0.1880 -0.9512
vn -0.0001 -0.9881 -0.1538
vn -0.0000 -0.9877 -0.1561
vn 0.0015 -0.9874 -0.1581
vn 0.0042 -0.9667 -0.2557
vn 0.0432 -0.7191 -0.6936
vn 0.1335 -0.1261 -0.9830
vn 0.1519 0.1523 -0.9766
vn 0.2510 0.1323 -0.9589
vn 0.0001 -0.9880 -0.1545
vn 0.0042 -0.9860 -0.1668
vn 0.0214 -0.9644 -0.2636
vn 0.0710 -0.6962 -0.7143
vn 0.1350 -0.0882 -0.9869
vn 0.1002 0.1603 -0.9820
vn -0.0000 -0.9879 -0.1551
vn -0.0000 -0.9834 -0.1814
vn 0.0049 -0.9538 -0.3003
vn 0.0427 -0.6429 -0.7648
vn 0.0888 -0.0834 -0.9926
vn 0.6093 0.2143 -0.7634
vn 0.5789 0.2436 -0.7782
vn 0.5721 0.2219 -0.7896
vn 0.6167 0.2350 -0.7513
vn 0.6160 0.1560 -0.7722
vn 0.5863 0.1681 -0.7925
vn 0.5801 0.1600 -0.7986
vn 0.6223 0.1612 -0.7660
vn 0.5952 0.1842 -0.7822
vn 0.6287 0.1772 -0.7572
vn 0.6016 0.2016 -0.7730
vn 0.1483 0.4567 0.8772
vn -0.5689 0.6078 0.5540
vn 0.5361 0.2510 -0.8059
vn 0.5451 0.1740 -0.8201
vn 0.5029 0.1989 -0.8412
vn 0.4951 0.1806 -0.8499
vn 0.5538 0.1906 -0.8106
vn 0.5108 0.2170 -0.8319
vn 0.5619 0.2083 -0.8005
vn 0.5258 0.2272 -0.8197
vn 0.5635 0.1239 -0.8168
vn 0.5201 0.1628 -0.8384
vn 0.6082 0.1520 -0.7791
vn 0.5679 0.1559 -0.8082
vn 0.5287 0.1639 -0.8329
vn 0.6119 0.1549 -0.7756
vn 0.5738 0.1593 -0.8034
vn 0.5360 0.1662 -0.8277
vn 0.4397 0.2059 -0.8742
vn 0.4450 0.2249 -0.8668
vn 0.4754 0.2348 -0.8479
vn 0.4068 0.2359 -0.8825
vn 0.4214 0.2625 -0.8680
vn 0.4179 0.2479 -0.8740
vn 0.4846 0.2609 -0.8349
vn 0.4766 0.1681 -0.8629
vn 0.4311 0.1752 -0.8851
vn 0.4209 0.1760 -0.8899
vn 0.4863 0.1707 -0.8570
vn 0.4383 0.1838 -0.8798
vn 0.3292 0.2481 -0.9111
vn 0.3264 0.2581 -0.9093
vn 0.3532 0.1796 -0.9182
vn 0.3675 0.1826 -0.9119
vn 0.3766 0.2031 -0.9038
vn 0.3554 0.2324 -0.9054
vn 0.3361 0.2390 -0.9110
vn 0.4001 0.1284 -0.9074
vn 0.3372 0.1821 -0.9237
vn 0.4103 0.1729 -0.8954
vn 0.4646 0.1699 -0.8691
vn 0.3498 0.1753 -0.9203
vn 0.2529 0.2396 -0.9374
vn 0.2441 0.2433 -0.9387
vn 0.2366 0.2516 -0.9385
vn 0.2741 0.2735 -0.9220
vn 0.2188 0.2676 -0.9384
vn 0.2525 0.1845 -0.9498
vn 0.2551 0.1848 -0.9491
vn 0.2935 0.1846 -0.9380
vn 0.2178 0.1851 -0.9583
vn 0.2562 0.1817 -0.9494
vn 0.3112 0.2055 -0.9279
vn 0.2394 0.2045 -0.9491
vn 0.2644 0.2162 -0.9399
vn 0.1537 0.2640 -0.9522
vn 0.1603 0.2035 -0.9659
vn 0.1692 0.2213 -0.9604
vn 0.1629 0.2438 -0.9561
vn 0.1593 0.2485 -0.9554
vn 0.1605 0.1876 -0.9690
vn 0.1636 0.1883 -0.9684
vn 0.1614 0.1906 -0.9683
vn 0.1528 0.1866 -0.9705
vn 0.0983 0.2581 -0.9611
vn 0.0969 0.1962 -0.9758
vn 0.0999 0.2045 -0.9738
vn 0.1028 0.2221 -0.9696
vn 0.1036 0.2365 -0.9661
vn 0.1650 0.2383 -0.9571
vn 0.1026 0.2432 -0.9645
vn 0.1009 0.2469 -0.9638
vn 0.0923 0.1932 -0.9768
vn 0.0957 0.1932 -0.9765
vn 0.0962 0.1944 -0.9762
vn 0.0688 0.2474 -0.9665
vn 0.0698 0.2566 -0.9640
vn 0.0596 0.1984 -0.9783
vn 0.0614 0.2062 -0.9766
vn 0.0630 0.2245 -0.9724
vn 0.0650 0.2389 -0.9689
vn 0.0671 0.2441 -0.9674
vn 0.0540 0.1919 -0.9799
vn 0.0554 0.1978 -0.9787
vn 0.0578 0.1977 -0.9786
vn 0.5253 0.1701 0.8337
vn 0.2920 0.0163 0.9563
vn 0.2625 -0.2317 0.9367
vn 0.2096 -0.3534 0.9117
vn -0.0239 -0.3639 0.9311
vn 0.5880 0.3352 -0.7362
vn 0.5426 0.3701 -0.7541
vn 0.5278 0.3520 -0.7730
vn 0.6067 0.3503 -0.7136
vn 0.5833 0.2970 -0.7560
vn 0.5760 0.3086 -0.7569
vn 0.5767 0.3170 -0.7530
vn 0.5945 0.2831 -0.7526
vn 0.5621 0.2970 -0.7719
vn 0.5539 0.2916 -0.7798
vn 0.6039 0.2879 -0.7432
vn 0.5745 0.2973 -0.7626
vn 0.5864 0.2688 -0.7642
vn -0.6506 0.1964 0.7336
vn -0.7524 0.0049 0.6586
vn -0.7573 -0.1548 0.6344
vn -0.7210 -0.2488 0.6468
vn -0.5802 -0.3147 0.7512
vn 0.4662 0.3871 -0.7955
vn 0.5150 0.3324 -0.7901
vn 0.4413 0.3323 -0.8336
vn 0.4926 0.3188 -0.8098
vn 0.4579 0.3657 -0.8103
vn 0.4464 0.3477 -0.8245
vn 0.5033 0.3042 -0.8088
vn 0.5294 0.3024 -0.7926
vn 0.4586 0.3089 -0.8332
vn 0.5381 0.3059 -0.7854
vn 0.4700 0.3163 -0.8240
vn 0.4956 0.2859 -0.8201
vn 0.5492 0.2753 -0.7891
vn 0.5027 0.2964 -0.8120
vn 0.3506 0.3551 -0.8666
vn 0.3513 0.3801 -0.8556
vn 0.3528 0.4030 -0.8445
vn 0.3531 0.4151 -0.8384
vn 0.3806 0.3160 -0.8691
vn 0.3773 0.3286 -0.8658
vn 0.3546 0.3381 -0.8718
vn 0.4275 0.2868 -0.8573
vn 0.4350 0.2999 -0.8490
vn 0.4132 0.3108 -0.8559
vn 0.3865 0.3106 -0.8684
vn 0.2461 0.4237 -0.8717
vn 0.2536 0.3344 -0.9077
vn 0.2491 0.3513 -0.9025
vn 0.2484 0.3762 -0.8926
vn 0.2461 0.4034 -0.8813
vn 0.2943 0.3077 -0.9048
vn 0.2755 0.3131 -0.9089
vn 0.2673 0.3175 -0.9098
vn 0.3582 0.2829 -0.8897
vn 0.3720 0.3038 -0.8771
vn 0.2896 0.3053 -0.9072
vn 0.3164 0.3046 -0.8984
vn 0.1697 0.4108 -0.8958
vn 0.1748 0.4345 -0.8836
vn 0.1794 0.4558 -0.8718
vn 0.1714 0.3150 -0.9335
vn 0.1641 0.3348 -0.9279
vn 0.1629 0.3571 -0.9198
vn 0.1643 0.3804 -0.9101
vn 0.2140 0.2932 -0.9318
vn 0.2091 0.2981 -0.9314
vn 0.1831 0.3037 -0.9350
vn 0.1932 0.2927 -0.9365
vn 0.1054 0.4180 -0.9023
vn 0.1108 0.4425 -0.8899
vn 0.1148 0.4614 -0.8797
vn 0.1117 0.3050 -0.9458
vn 0.1041 0.3277 -0.9390
vn 0.1008 0.3546 -0.9296
vn 0.1009 0.3830 -0.9182
vn 0.1467 0.2784 -0.9492
vn 0.1377 0.2847 -0.9487
vn 0.1297 0.2869 -0.9491
vn 0.1212 0.2924 -0.9486
vn 0.0718 0.3845 -0.9203
vn 0.0719 0.4238 -0.9029
vn 0.0748 0.4494 -0.8902
vn 0.0794 0.4675 -0.8804
vn 0.0838 0.2855 -0.9547
vn 0.0795 0.2973 -0.9515
vn 0.0746 0.3227 -0.9436
vn 0.0731 0.3521 -0.9331
vn 0.0948 0.2723 -0.9575
vn 0.0913 0.2778 -0.9563
vn 0.0872 0.2807 -0.9558
vn 0.0687 0.3795 -0.9226
vn 0.0603 0.4184 -0.9063
vn 0.0555 0.4504 -0.8911
vn 0.0545 0.4714 -0.8802
vn 0.0712 0.2847 -0.9560
vn 0.0736 0.2950 -0.9527
vn 0.0744 0.3187 -0.9449
vn 0.0727 0.3478 -0.9348
vn 0.0693 0.2702 -0.9603
vn 0.0688 0.2763 -0.9586
vn 0.0697 0.2787 -0.9579
vn 0.4667 0.6019 -0.6480
vn 0.5382 0.4847 -0.6895
vn 0.5201 0.5446 -0.6579
vn 0.5558 0.4300 -0.7115
vn 0.5420 0.4521 -0.7084
vn 0.6146 0.3656 -0.6990
vn 0.5726 0.3829 -0.7249
vn 0.4257 0.5348 -0.7299
vn 0.4489 0.4702 -0.7599
vn 0.4400 0.4978 -0.7474
vn 0.4753 0.4014 -0.7830
vn 0.4662 0.4339 -0.7710
vn 0.3237 0.5289 -0.7845
vn 0.3498 0.4360 -0.8292
vn 0.3441 0.4719 -0.8117
vn 0.3373 0.4978 -0.7990
vn 0.2447 0.5057 -0.8273
vn 0.2473 0.4487 -0.8588
vn 0.2475 0.4794 -0.8420
vn 0.1812 0.4785 -0.8592
vn 0.1811 0.5071 -0.8427
vn 0.1181 0.4856 -0.8662
vn 0.1229 0.5154 -0.8481
vn 0.0841 0.4908 -0.8672
vn 0.0554 0.4947 -0.8673
vn 0.6162 -0.2174 -0.7570
vn 0.6448 0.1301 -0.7532
vn 0.6490 0.1486 -0.7461
vn 0.1983 -0.2284 0.9531
vn 0.2108 -0.1444 0.9668
vn 0.1941 -0.0167 0.9808
vn 0.1760 0.0307 0.9839
vn 0.2037 -0.3438 0.9167
vn 0.2086 -0.3259 0.9221
vn 0.2099 -0.2965 0.9317
vn 0.2071 -0.2593 0.9433
vn 0.2041 -0.2012 0.9580
vn 0.1636 -0.0980 0.9816
vn 0.1833 -0.3744 0.9090
vn 0.1875 -0.3639 0.9124
vn 0.1965 -0.3527 0.9149
vn -0.0005 -0.0419 0.9991
vn -0.0088 -0.0264 0.9996
vn 0.1397 -0.3270 0.9346
vn 0.1309 -0.3037 0.9437
vn 0.1109 -0.2759 0.9548
vn 0.0578 -0.2375 0.9697
vn 0.0038 -0.1312 0.9914
vn 0.1521 -0.3787 0.9129
vn 0.1508 -0.3621 0.9198
vn 0.1502 -0.3502 0.9245
vn 0.1470 -0.3434 0.9276
vn -0.1075 0.0074 0.9942
vn -0.1579 -0.0818 0.9841
vn -0.0671 -0.3523 0.9335
vn -0.0856 -0.3280 0.9408
vn -0.1040 -0.3054 0.9465
vn -0.1290 -0.2756 0.9526
vn -0.1506 -0.1885 0.9705
vn -0.0246 -0.3699 0.9288
vn -0.0339 -0.3642 0.9307
vn -0.0481 -0.3638 0.9302
vn 0.1034 0.0656 0.9925
vn -0.0634 0.1955 0.9787
vn -0.2608 0.3296 0.9074
vn -0.3424 0.4245 0.8382
vn -0.2739 0.4489 0.8506
vn -0.5526 0.4868 0.6765
vn -0.0177 -0.0029 0.9998
vn -0.0089 0.0971 0.9952
vn -0.0065 0.2461 0.9692
vn -0.0578 0.3488 0.9354
vn -0.0090 0.4830 0.8756
vn 0.0223 0.6365 0.7710
vn -0.3756 0.7489 0.5459
vn -0.0155 0.8491 0.5280
vn 0.0830 0.0942 0.9921
vn 0.2949 0.1709 0.9401
vn 0.3619 0.2416 0.9004
vn 0.3729 0.3085 0.8751
vn 0.5209 0.4940 0.6962
vn 0.6393 0.6048 0.4749
vn 0.4184 0.7853 0.4564
vn 0.0221 -0.4373 0.8990
vn 0.0083 -0.4366 0.8996
vn 0.0317 -0.4558 0.8895
vn 0.0382 -0.4851 0.8736
vn -0.0083 -0.8775 0.4795
vn -0.0045 -0.5777 0.8162
vn 0.0039 -0.9974 0.0716
vn -0.0007 -0.9933 -0.1159
vn 0.0078 -0.4272 0.9041
vn 0.0028 -0.4257 0.9049
vn 0.0163 -0.4460 0.8949
vn 0.0271 -0.4751 0.8795
vn -0.0028 -0.8763 0.4818
vn -0.0017 -0.5713 0.8207
vn 0.0075 -0.9975 0.0697
vn -0.0003 -0.9930 -0.1180
vn -0.0468 -0.4211 0.9058
vn -0.0396 -0.4230 0.9053
vn -0.0470 -0.4339 0.8997
vn -0.0390 -0.4574 0.8884
vn -0.0104 -0.8814 0.4723
vn -0.0270 -0.5753 0.8175
vn 0.0085 -0.9977 0.0671
vn -0.0004 -0.9929 -0.1189
vn 0.1634 -0.4008 0.9015
vn 0.1778 -0.3844 0.9059
vn 0.1821 -0.3805 0.9067
vn 0.0925 -0.4657 0.8801
vn 0.1138 -0.4515 0.8850
vn 0.1397 -0.4290 0.8924
vn 0.0607 -0.4972 0.8655
vn 0.0722 -0.4855 0.8712
vn 0.0818 -0.4750 0.8762
vn 0.0436 -0.5046 0.8622
vn 0.0504 -0.5046 0.8619
vn 0.1757 -0.3882 0.9047
vn 0.1654 -0.3888 0.9064
vn 0.1573 -0.3879 0.9082
vn 0.1437 -0.4322 0.8902
vn 0.1674 -0.4101 0.8966
vn 0.1780 -0.3959 0.9009
vn 0.0786 -0.4756 0.8761
vn 0.0960 -0.4674 0.8788
vn 0.1165 -0.4519 0.8844
vn 0.0424 -0.4914 0.8699
vn 0.0608 -0.4875 0.8710
vn -0.0176 -0.4129 0.9106
vn -0.0223 -0.4073 0.9130
vn -0.0221 -0.4010 0.9158
vn 0.0335 -0.4174 0.9081
vn 0.0173 -0.4210 0.9069
vn -0.0031 -0.4206 0.9072
vn 0.0127 -0.4391 0.8983
vn -0.0035 -0.4554 0.8903
vn 0.0312 -0.4209 0.9066
vn -0.0262 -0.4702 0.8822
vn -0.0139 -0.4683 0.8835
vn -0.0205 -0.3871 0.9218
vn -0.4887 0.8234 0.2885
vn -0.2928 0.9518 -0.0914
vn -0.1247 0.9718 -0.2000
vn -0.1342 0.9344 -0.3301
vn 0.0079 0.9486 -0.3165
vn -0.0643 0.9457 -0.3185
vn 0.0100 0.8947 -0.4465
vn 0.0181 0.7170 -0.6968
vn 0.0014 0.7992 -0.6011
vn 0.0279 0.5229 -0.8520
vn 0.0312 0.5644 -0.8249
vn 0.0355 0.6314 -0.7747
vn 0.0025 0.9893 0.1462
vn 0.1043 0.9843 -0.1421
vn 0.1526 0.9524 -0.2640
vn 0.2063 0.9135 -0.3507
vn 0.1871 0.9230 -0.3362
vn 0.1972 0.9142 -0.3541
vn 0.1684 0.8941 -0.4151
vn 0.0535 0.7476 -0.6619
vn 0.1146 0.8431 -0.5254
vn 0.0038 0.5725 -0.8199
vn 0.0162 0.6473 -0.7621
vn 0.8961 0.4389 0.0658
vn 0.5533 0.8277 0.0937
vn 0.9094 0.4042 -0.0984
vn 0.5131 0.8381 -0.1851
vn 0.4315 0.8545 -0.2891
vn 0.8324 0.5344 -0.1468
vn 0.3127 0.8946 -0.3193
vn 0.5299 0.7981 -0.2869
vn 0.3624 0.8975 -0.2513
vn 0.3071 0.8988 -0.3127
vn 0.1670 0.9096 -0.3805
vn 0.0069 0.7936 -0.6084
vn -0.0352 0.5816 -0.8127
vn -0.0020 0.5265 -0.8502
vn -0.0212 0.6666 -0.7452
vn 0.0002 -0.9832 -0.1826
vn -0.0051 -0.9538 -0.3003
vn 0.0032 -0.6279 -0.7783
vn 0.0227 -0.0679 -0.9974
vn 0.0207 0.1202 -0.9925
vn 0.0567 0.1201 -0.9911
vn -0.0000 -0.9879 -0.1549
vn -0.0007 -0.9833 -0.1820
vn -0.0048 -0.9522 -0.3054
vn 0.0118 -0.6276 -0.7785
vn 0.0064 -0.0671 -0.9977
vn -0.0053 0.1224 -0.9925
vn -0.0001 -0.9880 -0.1548
vn -0.0004 -0.9833 -0.1821
vn -0.0279 -0.6372 -0.7702
vn -0.0465 -0.0997 -0.9939
vn 0.0411 0.2501 -0.9673
vn 0.0440 0.2594 -0.9648
vn 0.0274 0.2015 -0.9791
vn 0.0303 0.2090 -0.9774
vn 0.0330 0.2265 -0.9735
vn 0.0364 0.2421 -0.9696
vn 0.0387 0.2471 -0.9682
vn 0.0205 0.1917 -0.9812
vn 0.0229 0.2024 -0.9790
vn 0.0253 0.2015 -0.9792
vn 0.0195 0.2541 -0.9670
vn -0.0000 0.2037 -0.9790
vn 0.0025 0.2044 -0.9789
vn 0.0058 0.2127 -0.9771
vn 0.0086 0.2300 -0.9731
vn 0.0113 0.2455 -0.9693
vn 0.0154 0.2510 -0.9679
vn -0.0029 0.1937 -0.9811
vn -0.0012 0.2044 -0.9789
vn -0.0183 0.2551 -0.9667
vn -0.0120 0.2691 -0.9630
vn 0.0247 0.2636 -0.9643
vn -0.0312 0.2059 -0.9781
vn -0.0301 0.2053 -0.9782
vn -0.0259 0.2158 -0.9761
vn -0.0231 0.2338 -0.9720
vn -0.0202 0.2506 -0.9679
vn -0.0450 0.1351 -0.9898
vn -0.0328 0.1976 -0.9797
vn 0.0307 0.4678 -0.8833
vn 0.0625 0.3704 -0.9268
vn 0.0518 0.4047 -0.9130
vn 0.0405 0.4391 -0.8975
vn 0.0566 0.2896 -0.9555
vn 0.0623 0.3001 -0.9519
vn 0.0672 0.3192 -0.9453
vn 0.0668 0.3427 -0.9371
vn 0.0468 0.2716 -0.9613
vn 0.0487 0.2777 -0.9594
vn 0.0521 0.2824 -0.9579
vn 0.0041 0.4550 -0.8905
vn 0.0409 0.3606 -0.9318
vn 0.0291 0.3910 -0.9199
vn 0.0178 0.4211 -0.9068
vn 0.0388 0.2955 -0.9546
vn 0.0441 0.3064 -0.9509
vn 0.0470 0.3228 -0.9453
vn 0.0469 0.3411 -0.9388
vn 0.0303 0.2819 -0.9590
vn 0.0336 0.2876 -0.9571
vn -0.0287 0.4063 -0.9133
vn 0.0043 0.3328 -0.9430
vn -0.0064 0.3481 -0.9374
vn -0.0187 0.3768 -0.9261
vn -0.0010 0.2919 -0.9564
vn 0.0023 0.3014 -0.9535
vn 0.0073 0.3117 -0.9501
vn 0.0092 0.3220 -0.9467
vn -0.0064 0.2792 -0.9602
vn 0.0282 0.2756 -0.9609
vn -0.0032 0.2856 -0.9583
vn 0.0274 0.4937 -0.8692
vn -0.0028 0.4919 -0.8707
vn -0.0380 0.4890 -0.8714
vn -0.0385 0.5298 -0.8472
vn -0.0657 0.9976 0.0223
vn 0.8511 0.5127 -0.1126
vn -0.0002 -0.9879 -0.1552
vn -0.0025 -0.9493 -0.3143
vn -0.0168 0.2591 -0.9657
vn -0.0281 0.2076 -0.9778
vn -0.0352 0.4449 -0.8949
vn 0.8564 0.3585 -0.3716
vn -0.0002 -0.9877 -0.1565
s 1
usemtl Arch.004
f 13//1 7//2 8//3
f 14//4 8//3 9//5
f 20//6 15//7 16//8
f 25//9 17//10 18//11
f 26//12 18//11 19//13
f 8//3 25//9 26//12
f 6//14 19//13 20//6
f 9//5 26//12 6//14
f 29//15 21//16 22//17
f 30//18 22//17 23//19
f 31//20 23//19 24//21
f 11//22 30//18 31//20
f 7//2 24//21 25//9
f 12//23 31//20 7//2
f 39//24 33//25 34//26
f 40//27 34//26 35//28
f 16//8 39//24 40//27
f 44//29 36//30 37//31
f 45//32 37//31 38//33
f 18//11 44//29 45//32
f 15//7 38//33 39//24
f 19//13 45//32 15//7
f 48//34 41//35 42//36
f 22//17 47//37 48//34
f 49//38 42//36 43//39
f 23//19 48//34 49//38
f 17//10 43//39 44//29
f 24//21 49//38 17//10
f 4//40 46//41 50//42
f 50//42 1//43 4//40
f 50//42 47//37 21//16
f 28//44 50//42 21//16
f 58//45 51//46 52//47
f 58//45 53//48 59//49
f 63//50 54//51 55//52
f 64//53 55//52 56//54
f 65//55 56//54 57//56
f 66//57 57//56 58//45
f 66//57 59//49 67//58
f 76//59 68//60 69//61
f 77//62 69//61 70//63
f 77//62 71//64 78//65
f 81//66 72//67 73//68
f 82//69 73//68 74//70
f 83//71 74//70 75//72
f 84//73 75//72 76//59
f 85//74 76//59 77//62
f 52//47 84//73 85//74
f 85//74 78//65 86//75
f 86//75 52//47 85//74
f 87//76 6//14 79//77
f 88//78 79//77 80//79
f 89//80 80//79 81//66
f 90//81 81//66 82//69
f 55//52 89//80 90//81
f 91//82 82//69 83//71
f 56//54 90//81 91//82
f 51//46 83//71 84//73
f 57//56 91//82 51//46
f 92//83 9//5 87//76
f 60//84 14//4 92//83
f 93//85 87//76 88//78
f 61//86 92//83 93//85
f 54//51 88//78 89//80
f 62//87 93//85 54//51
f 103//88 94//89 95//90
f 104//91 95//90 96//92
f 105//93 96//92 97//94
f 69//61 104//91 105//93
f 106//95 97//94 98//96
f 70//63 105//93 106//95
f 107//97 98//96 99//98
f 107//97 70//63 106//95
f 109//99 100//100 101//101
f 110//102 101//101 102//103
f 73//68 109//99 110//102
f 111//104 102//103 103//88
f 74//70 110//102 111//104
f 68//60 103//88 104//91
f 75//72 111//104 68//60
f 112//105 16//8 108//106
f 79//77 20//6 112//105
f 72//67 108//106 109//99
f 80//79 112//105 72//67
f 121//107 114//108 122//109
f 122//109 94//89 121//107
f 122//109 115//110 123//111
f 123//111 95//90 122//109
f 123//111 116//112 124//113
f 97//94 123//111 124//113
f 124//113 117//114 125//115
f 98//96 124//113 125//115
f 125//115 118//116 126//117
f 126//117 98//96 125//115
f 127//118 32//119 119//120
f 128//121 119//120 120//122
f 101//101 127//118 128//121
f 94//89 120//122 121//107
f 102//103 128//121 94//89
f 100//100 35//28 127//118
f 108//106 40//27 100//100
f 67//58 129//123 131//124
f 131//124 130//125 132//126
f 78//65 135//127 137//128
f 137//128 136//129 138//130
f 86//75 137//128 140//131
f 140//131 138//130 141//132
f 141//132 139//133 142//134
f 53//48 140//131 144//135
f 144//135 59//49 53//48
f 144//135 141//132 145//136
f 145//136 129//123 144//135
f 145//136 142//134 146//137
f 146//137 143//138 147//139
f 130//125 146//137 149//140
f 149//140 132//126 130//125
f 149//140 147//139 150//141
f 150//141 133//142 149//140
f 150//141 148//143 151//144
f 107//97 153//145 156//146
f 156//146 71//64 107//97
f 156//146 154//147 157//148
f 157//148 135//127 156//146
f 157//148 155//149 158//150
f 136//129 158//150 160//151
f 160//151 138//130 136//129
f 160//151 159//152 161//153
f 139//133 161//153 163//154
f 163//154 142//134 139//133
f 163//154 162//155 164//156
f 143//138 164//156 165//157
f 165//157 147//139 143//138
f 148//143 166//158 167//159
f 152//160 148//143 167//159
f 126//117 168//161 171//162
f 171//162 99//98 126//117
f 171//162 169//163 172//164
f 154//147 171//162 172//164
f 172//164 170//165 173//166
f 155//149 172//164 173//166
f 174//167 155//149 173//166
f 175//168 158//150 174//167
f 176//169 175//168 174//167
f 161//153 175//168 177//170
f 162//155 177//170 178//171
f 179//172 177//170 176//169
f 180//173 178//171 177//170
f 164//156 178//171 181//174
f 182//175 180//173 179//172
f 183//176 181//174 180//173
f 165//157 181//174 184//177
f 166//158 184//177 185//178
f 186//179 166//158 185//178
f 191//180 188//181 189//182
f 3//183 188//181 192//184
f 3//183 1//43 189//182
f 193//185 188//181 190//186
f 199//187 10//188 11//22
f 200//189 11//22 12//23
f 201//190 12//23 13//1
f 5//191 13//1 14//4
f 202//192 1//43 27//193
f 203//194 27//193 28//44
f 196//195 202//192 203//194
f 204//196 28//44 29//15
f 197//197 203//194 204//196
f 10//188 29//15 30//18
f 198//198 204//196 10//188
f 191//180 202//192 195//199
f 134//200 151//144 205//201
f 205//201 152//160 206//202
f 207//203 152//160 167//159
f 208//204 206//202 207//203
f 209//205 208//204 212//206
f 210//207 167//159 186//179
f 210//207 187//208 211//209
f 212//206 207//203 210//207
f 212//206 211//209 213//210
f 209//205 213//210 214//211
f 221//212 216//213 220//214
f 232//215 226//216 227//217
f 223//218 227//217 228//219
f 223//218 222//220 224//221
f 237//222 233//223 234//224
f 241//225 235//226 236//227
f 227//217 240//228 241//225
f 241//225 237//222 225//229
f 225//229 227//217 241//225
f 245//230 238//231 239//232
f 230//233 244//234 245//230
f 226//216 239//232 240//228
f 231//235 245//230 226//216
f 249//236 233//223 248//237
f 247//238 235//226 252//239
f 247//238 233//223 236//227
f 256//240 250//241 251//242
f 256//240 238//231 255//243
f 256//240 252//239 235//226
f 235//226 239//232 256//240
f 260//244 253//245 254//246
f 260//244 242//247 259//248
f 238//231 254//246 255//243
f 244//234 260//244 238//231
f 266//249 247//238 265//250
f 262//251 248//237 266//249
f 249//236 263//252 246//253
f 270//254 250//241 269//255
f 264//256 251//242 270//254
f 252//239 265//250 247//238
f 275//257 253//245 274//258
f 268//259 254//246 275//257
f 268//259 250//241 255//243
f 278//260 271//261 277//262
f 279//263 215//264 217//265
f 273//266 258//267 279//263
f 273//266 253//245 259//248
f 281//268 276//269 280//270
f 281//268 278//260 277//262
f 261//271 278//260 282//272
f 286//273 262//251 285//274
f 289//275 264//256 288//276
f 284//277 265//250 289//275
f 266//249 285//274 262//251
f 294//278 268//259 293//279
f 287//280 269//255 294//278
f 270//254 288//276 264//256
f 290//281 271//261 272//282
f 290//281 267//283 291//284
f 298//285 273//266 297//286
f 292//287 274//258 298//285
f 275//257 293//279 268//259
f 295//288 276//269 277//262
f 295//288 271//261 296//289
f 218//290 217//265 221//212
f 279//263 297//286 273//266
f 303//291 299//292 302//293
f 303//291 276//269 300//294
f 313//295 304//296 305//297
f 314//298 305//297 306//299
f 315//300 306//299 307//301
f 315//300 308//302 316//303
f 325//304 317//305 318//306
f 326//307 318//306 319//308
f 326//307 320//309 327//310
f 330//311 321//312 322//313
f 331//314 322//313 323//315
f 332//316 323//315 324//317
f 305//297 331//314 332//316
f 333//318 324//317 325//304
f 306//299 332//316 333//318
f 333//318 326//307 334//319
f 334//319 306//299 333//318
f 334//319 327//310 335//320
f 335//320 307//301 334//319
f 336//321 222//220 328//322
f 337//323 328//322 329//324
f 310//325 336//321 337//323
f 338//326 329//324 330//311
f 311//327 337//323 338//326
f 304//296 330//311 331//314
f 312//328 338//326 304//296
f 348//329 339//330 340//331
f 349//332 340//331 341//333
f 318//306 348//329 349//332
f 350//334 341//333 342//335
f 319//308 349//332 350//334
f 351//336 342//335 343//337
f 320//309 350//334 351//336
f 353//338 344//339 345//340
f 354//341 345//340 346//342
f 322//313 353//338 354//341
f 355//343 346//342 347//344
f 323//315 354//341 355//343
f 317//305 347//344 348//329
f 324//317 355//343 317//305
f 356//345 225//229 352//346
f 356//345 222//220 228//219
f 321//312 352//346 353//338
f 329//324 356//345 321//312
f 365//347 358//348 366//349
f 340//331 365//347 366//349
f 366//349 359//350 367//351
f 341//333 366//349 367//351
f 367//351 360//352 368//353
f 342//335 367//351 368//353
f 368//353 361//354 369//355
f 369//355 342//335 368//353
f 372//356 362//357 363//358
f 372//356 344//339 371//359
f 373//360 363//358 364//361
f 346//342 372//356 373//360
f 339//330 364//361 365//347
f 347//344 373//360 339//330
f 344//339 234//224 371//359
f 352//346 237//222 344//339
f 380//362 374//363 379//364
f 380//362 376//365 375//366
f 381//367 377//368 376//365
f 382//369 378//370 377//368
f 384//371 380//362 379//364
f 385//372 381//367 380//362
f 386//373 382//369 381//367
f 387//374 383//375 382//369
f 424//376 388//377 387//374
f 395//378 357//379 394//380
f 396//381 358//348 395//378
f 397//382 359//350 396//381
f 397//382 391//383 398//384
f 398//384 360//352 397//382
f 401//385 362//357 400//386
f 402//387 392//388 393//389
f 402//387 363//358 401//385
f 402//387 394//380 357//379
f 357//379 364//361 402//387
f 246//253 234//224 249//236
f 246//253 362//357 371//359
f 411//390 403//391 410//392
f 411//390 374//363 375//366
f 411//390 405//393 404//394
f 412//395 375//366 376//365
f 412//395 406//396 405//393
f 413//397 376//365 377//368
f 413//397 407//398 406//396
f 370//399 377//368 378//370
f 416//400 408//401 415//402
f 417//403 409//404 416//400
f 417//403 374//363 410//392
f 418//405 415//402 414//406
f 419//407 416//400 415//402
f 420//408 417//403 416//400
f 384//371 417//403 421//409
f 422//410 384//371 421//409
f 423//411 385//372 422//410
f 387//374 423//411 424//376
f 261//271 418//405 257//412
f 425//413 419//407 418//405
f 426//414 420//408 419//407
f 427//415 421//409 420//408
f 428//416 422//410 421//409
f 429//417 423//411 422//410
f 430//418 424//376 423//411
f 389//419 431//420 432//421
f 437//422 390//423 436//424
f 440//425 392//388 439//426
f 441//427 393//389 440//425
f 442//428 433//429 434//430
f 442//428 394//380 441//427
f 442//428 435//431 444//432
f 444//432 395//378 442//428
f 444//432 436//424 390//423
f 390//423 396//381 444//432
f 448//433 246//253 263//252
f 438//434 400//386 448//433
f 438//434 392//388 401//385
f 404//394 451//435 403//391
f 453//436 443//437 452//438
f 453//436 404//394 405//393
f 454//439 445//440 453//436
f 454//439 405//393 406//396
f 399//441 446//442 454//439
f 407//398 454//439 406//396
f 457//443 449//444 456//445
f 457//443 408//401 409//404
f 403//391 450//446 457//443
f 403//391 409//404 410//392
f 458//447 267//283 272//282
f 414//406 455//448 458//447
f 414//406 408//401 456//445
f 278//260 458//447 272//282
f 418//405 458//447 257//412
f 459//449 261//271 282//272
f 426//414 459//449 460//450
f 463//451 433//429 462//452
f 464//453 434//430 463//451
f 465//454 435//431 464//453
f 466//455 436//424 465//454
f 468//456 438//434 467//457
f 469//458 439//426 468//456
f 461//459 440//425 469//458
f 461//459 433//429 441//427
f 471//460 443//437 445//440
f 472//461 445//440 446//442
f 447//462 472//461 446//442
f 283//463 263//252 286//273
f 448//433 467//457 438//434
f 475//464 449//444 450//446
f 476//465 450//446 451//435
f 477//466 451//435 452//438
f 477//466 443//437 470//467
f 478//468 267//283 455//448
f 479//469 455//448 456//445
f 479//469 449//444 474//470
f 327//310 482//471 484//472
f 484//472 483//473 485//474
f 335//320 484//472 487//475
f 487//475 485//474 488//476
f 488//476 486//477 489//478
f 308//302 487//475 491//479
f 491//479 316//303 308//302
f 491//479 488//476 492//480
f 492//480 480//481 491//479
f 492//480 489//478 493//482
f 493//482 490//483 494//484
f 351//336 495//485 497//486
f 497//486 320//309 351//336
f 497//486 496//487 498//488
f 498//488 482//471 497//486
f 483//473 499//489 500//490
f 500//490 485//474 483//473
f 486//477 501//491 502//492
f 490//483 486//477 502//492
f 504//493 490//483 502//492
f 504//493 503//494 505//495
f 369//355 507//496 509//497
f 509//497 343//337 369//355
f 509//497 508//498 511//499
f 496//487 509//497 511//499
f 378//370 510//500 370//399
f 512//501 511//499 510//500
f 513//502 496//487 511//499
f 514//503 498//488 513//502
f 383//375 512//501 378//370
f 515//504 513//502 512//501
f 516//505 514//503 513//502
f 500//490 514//503 517//506
f 518//507 500//490 517//506
f 388//377 515//504 383//375
f 519//508 516//505 515//504
f 520//509 517//506 516//505
f 521//510 518//507 517//506
f 502//492 518//507 522//511
f 503//494 522//511 523//512
f 389//419 519//508 388//377
f 524//513 520//509 519//508
f 525//514 521//510 520//509
f 526//515 522//511 521//510
f 527//516 523//512 522//511
f 528//517 503//494 523//512
f 506//518 528//517 529//519
f 532//520 391//383 530//521
f 507//496 398//384 532//520
f 534//522 530//521 531//523
f 508//498 532//520 534//522
f 535//524 399//441 407//398
f 535//524 370//399 510//500
f 535//524 534//522 533//525
f 508//498 510//500 511//499
f 524//513 432//421 536//526
f 525//514 536//526 537//527
f 526//515 537//527 538//528
f 527//516 538//528 539//529
f 540//530 527//516 539//529
f 541//531 528//517 540//530
f 530//521 437//422 542//532
f 531//523 542//532 543//533
f 533//525 447//462 399//441
f 534//522 545//534 533//525
f 546//535 531//523 543//533
f 547//536 543//533 544//537
f 542//532 466//455 548//538
f 543//533 548//538 549//539
f 544//537 549//539 550//540
f 545//534 473//541 447//462
f 546//535 551//542 545//534
f 547//536 552//543 546//535
f 553//544 544//537 550//540
f 557//545 554//546 555//547
f 2//548 556//549 557//545
f 2//548 3//183 558//550
f 563//551 559//552 560//553
f 563//551 554//546 562//554
f 565//555 561//556 562//554
f 565//555 554//546 556//549
f 566//557 565//555 567//558
f 567//558 556//549 558//550
f 573//559 569//560 570//561
f 573//559 559//552 572//562
f 571//563 561//556 574//564
f 571//563 559//552 562//554
f 575//565 561//556 564//566
f 566//557 575//565 564//566
f 577//567 566//557 567//558
f 579//568 569//560 582//569
f 579//568 568//570 570//561
f 572//562 583//571 581//572
f 581//572 569//560 572//562
f 584//573 571//563 574//564
f 585//574 574//564 575//565
f 586//575 575//565 576//576
f 587//577 576//576 577//567
f 592//578 590//579 593//580
f 578//581 590//579 591//582
f 578//581 579//568 593//580
f 595//583 592//578 593//580
f 595//583 581//572 594//584
f 595//583 579//568 582//569
f 596//585 581//572 583//571
f 597//586 583//571 584//573
f 598//587 584//573 585//574
f 599//588 585//574 586//575
f 600//589 586//575 587//577
f 604//590 589//591 603//592
f 601//593 590//579 604//590
f 601//593 588//594 591//582
f 605//595 589//591 592//578
f 606//596 592//578 594//584
f 607//597 594//584 596//585
f 608//598 596//585 597//586
f 609//599 597//586 598//587
f 610//600 598//587 599//588
f 611//601 599//588 600//589
f 216//213 601//593 613//602
f 216//213 215//264 602//603
f 612//604 603//592 614//605
f 604//590 613//602 601//593
f 615//606 603//592 605//595
f 616//607 605//595 606//596
f 617//608 606//596 607//597
f 618//609 607//597 608//598
f 619//610 608//598 609//599
f 620//611 609//599 610//600
f 621//612 610//600 611//601
f 219//613 612//604 622//614
f 613//602 220//214 216//213
f 623//615 612//604 614//605
f 624//616 614//605 615//606
f 625//617 615//606 616//607
f 626//618 616//607 617//608
f 627//619 617//608 618//609
f 628//620 618//609 619//610
f 629//621 619//610 620//611
f 630//622 620//611 621//612
f 639//623 632//624 633//625
f 640//626 633//625 634//627
f 34//26 639//623 640//626
f 32//119 634//627 635//628
f 35//28 640//626 32//119
f 644//629 636//630 637//631
f 645//632 637//631 638//633
f 37//31 644//629 645//632
f 33//25 638//633 639//623
f 38//33 645//632 33//25
f 647//634 641//635 642//636
f 648//637 642//636 643//638
f 42//36 647//634 648//637
f 36//30 643//638 644//629
f 43//39 648//637 36//30
f 649//639 555//547 646//640
f 46//41 557//545 649//639
f 41//35 646//640 647//634
f 47//37 649//639 41//35
f 655//641 650//642 651//643
f 659//644 652//645 653//646
f 633//625 658//647 659//644
f 660//648 653//646 654//649
f 634//627 659//644 660//648
f 631//650 654//649 655//641
f 635//628 660//648 631//650
f 664//651 656//652 657//653
f 637//631 663//654 664//651
f 632//624 657//653 658//647
f 638//633 664//651 632//624
f 665//655 662//656 666//657
f 642//636 665//655 666//657
f 636//630 662//656 663//654
f 643//638 666//657 636//630
f 641//635 560//553 665//655
f 641//635 555//547 563//551
f 670//658 223//218 224//221
f 670//658 650//642 669//659
f 675//660 667//661 668//662
f 653//646 674//663 675//660
f 650//642 668//662 669//659
f 654//649 675//660 650//642
f 678//664 671//665 672//666
f 679//667 672//666 673//668
f 657//653 678//664 679//667
f 652//645 673//668 674//663
f 658//647 679//667 652//645
f 680//669 568//570 676//670
f 681//671 676//670 677//672
f 662//656 680//669 681//671
f 656//652 677//672 678//664
f 663//654 681//671 656//652
f 573//559 680//669 661//673
f 661//673 560//553 573//559
f 685//674 229//675 230//233
f 686//676 230//233 231//235
f 686//676 667//661 685//674
f 687//677 231//235 232//215
f 687//677 668//662 686//676
f 687//677 223//218 669//659
f 690//678 682//679 683//680
f 672//666 689//681 690//678
f 691//682 683//680 684//683
f 673//668 690//678 691//682
f 667//661 684//683 685//674
f 674//663 691//682 667//661
f 580//684 688//685 692//686
f 692//686 568//570 580//684
f 692//686 689//681 671//665
f 677//672 692//686 671//665
f 694//687 243//688 695//689
f 683//680 694//687 695//689
f 229//675 243//688 244//234
f 684//683 695//689 229//675
f 696//690 588//594 693//691
f 696//690 578//581 591//582
f 682//679 693//691 694//687
f 682//679 688//685 696//690
f 697//692 215//264 258//267
f 697//692 588//594 602//603
f 242//247 258//267 259//248
f 242//247 693//691 697//692
f 698//693 281//268 280//270
f 699//694 282//272 281//268
f 702//695 301//696 701//697
f 702//695 303//291 302//293
f 698//693 303//291 703//698
f 704//699 698//693 703//698
f 705//700 699//694 704//699
f 706//701 703//698 702//695
f 707//702 704//699 703//698
f 708//703 705//700 704//699
f 719//704 710//705 711//706
f 720//707 711//706 712//708
f 114//108 719//704 720//707
f 721//709 712//708 713//710
f 115//110 720//707 721//709
f 721//709 714//711 722//712
f 722//712 115//110 721//709
f 722//712 715//713 723//714
f 723//714 116//112 722//712
f 723//714 716//715 724//716
f 724//716 117//114 723//714
f 725//717 631//650 717//718
f 119//120 635//628 725//717
f 726//719 717//718 718//720
f 120//122 725//717 726//719
f 113//721 718//720 719//704
f 121//107 726//719 113//721
f 731//722 309//723 310//325
f 732//724 310//325 311//327
f 711//706 731//722 732//724
f 733//725 311//327 312//328
f 712//708 732//724 733//725
f 734//726 312//328 313//295
f 713//710 733//725 734//726
f 735//727 313//295 314//298
f 714//711 734//726 735//727
f 736//728 314//298 315//300
f 736//728 714//711 735//727
f 736//728 316//303 737//729
f 737//729 715//713 736//728
f 738//730 651//643 730//731
f 717//718 655//641 738//730
f 710//705 730//731 731//722
f 718//720 738//730 710//705
f 745//732 740//733 744//734
f 746//735 741//736 745//732
f 746//735 727//737 742//738
f 748//739 743//740 747//741
f 748//739 745//732 744//734
f 749//742 746//735 745//732
f 750//743 728//744 746//735
f 751//745 748//739 747//741
f 752//746 749//742 748//739
f 753//747 750//743 749//742
f 309//723 224//221 336//321
f 730//731 670//658 309//723
f 759//748 740//733 741//736
f 755//749 741//736 742//738
f 755//749 739//750 756//751
f 757//752 743//740 744//734
f 757//752 740//733 758//753
f 764//754 760//755 763//756
f 764//754 743//740 761//757
f 767//758 762//759 766//760
f 767//758 764//754 763//756
f 751//745 764//754 768//761
f 769//762 751//745 768//761
f 753//747 769//762 770//763
f 756//751 771//764 755//749
f 758//753 773//765 757//752
f 759//748 774//766 758//753
f 775//767 755//749 771//764
f 778//768 760//755 761//757
f 778//768 757//752 773//765
f 776//769 762//759 763//756
f 776//769 760//755 777//770
f 779//771 765//772 766//760
f 779//771 762//759 780//773
f 774//766 784//774 773//765
f 775//767 785//775 774//766
f 771//764 786//776 775//767
f 771//764 783//777 787//778
f 777//770 788//779 776//769
f 778//768 789//780 777//770
f 778//768 784//774 790//781
f 791//782 784//774 785//775
f 803//783 785//775 786//776
f 780//773 792//784 779//771
f 780//773 788//779 793//785
f 794//786 788//779 789//780
f 805//787 789//780 790//781
f 796//788 781//789 782//790
f 796//788 779//771 792//784
f 460//450 427//415 426//414
f 797//791 428//416 427//415
f 798//792 429//417 428//416
f 799//793 430//418 429//417
f 800//794 431//420 430//418
f 801//795 432//421 431//420
f 787//778 803//783 786//776
f 791//782 805//787 790//781
f 803//783 806//796 791//782
f 807//797 804//798 808//799
f 793//785 809//800 792//784
f 794//786 810//801 793//785
f 805//787 811//802 794//786
f 812//803 806//796 813//804
f 813//804 807//797 814//805
f 814//805 808//799 815//806
f 796//788 816//807 795//808
f 796//788 809//800 817//809
f 818//810 809//800 810//801
f 818//810 811//802 819//811
f 819//811 812//803 831//812
f 700//813 459//449 282//272
f 820//814 460//450 459//449
f 797//791 821//815 822//816
f 798//792 822//816 823//817
f 799//793 823//817 824//818
f 800//794 824//818 825//819
f 826//820 800//794 825//819
f 827//821 801//795 826//820
f 842//822 821//815 820//814
f 828//823 822//816 821//815
f 829//824 823//817 822//816
f 830//825 826//820 846//826
f 813//804 831//812 812//803
f 814//805 832//827 813//804
f 815//806 833//828 814//805
f 818//810 835//829 817//809
f 819//811 836//830 818//810
f 838//831 819//811 831//812
f 838//831 832//827 839//832
f 839//832 833//828 840//833
f 840//833 834//834 841//835
f 820//814 705//700 842//822
f 824//818 843//836 844//837
f 825//819 844//837 845//838
f 826//820 845//838 846//826
f 709//839 842//822 705//700
f 828//823 847//840 848//841
f 829//824 848//841 849//842
f 843//836 849//842 850//843
f 850//843 844//837 843//836
f 851//844 845//838 844//837
f 852//845 846//826 845//838
f 830//825 853//846 854//847
f 2111//848 854//847 853//846
f 859//849 716//715 857//850
f 859//849 118//116 724//716
f 860//851 857//850 858//852
f 860//851 168//161 859//849
f 170//165 860//851 861//853
f 862//854 170//165 861//853
f 865//855 173//166 862//854
f 867//856 863//857 866//858
f 867//856 865//855 864//859
f 868//860 174//167 865//855
f 869//861 727//737 728//744
f 869//861 867//856 866//858
f 870//862 868//860 867//856
f 871//863 176//169 868//860
f 872//864 728//744 729//865
f 872//864 870//862 869//861
f 873//866 871//863 870//862
f 182//175 871//863 874//867
f 875//868 182//175 874//867
f 876//869 183//176 875//868
f 877//870 184//177 876//869
f 878//871 873//866 872//864
f 879//872 874//867 873//866
f 880//873 875//868 874//867
f 881//874 876//869 875//868
f 882//875 877//870 876//869
f 186//179 877//870 883//876
f 187//208 883//876 884//877
f 737//729 480//481 885//878
f 885//878 716//715 737//729
f 885//878 481//879 886//880
f 886//880 857//850 885//878
f 858//852 887//881 889//882
f 861//853 858//852 889//882
f 890//883 887//881 888//884
f 892//885 861//853 889//882
f 893//886 889//882 890//883
f 895//887 863//857 864//859
f 891//888 864//859 865//855
f 891//888 862//854 892//885
f 739//750 727//737 866//858
f 739//750 863//857 894//889
f 754//890 729//865 750//743
f 878//871 729//865 896//891
f 897//892 878//871 896//891
f 880//873 897//892 898//893
f 881//874 898//893 899//894
f 882//875 899//894 900//895
f 901//896 882//875 900//895
f 884//877 901//896 902//897
f 481//879 493//482 903//898
f 887//881 481//879 903//898
f 903//898 494//484 904//899
f 888//884 903//898 904//899
f 905//900 888//884 904//899
f 905//900 913//901 906//902
f 892//885 907//903 891//888
f 893//886 908//904 892//885
f 893//886 905//900 909//905
f 910//906 905//900 906//902
f 894//889 756//751 739//750
f 895//887 911//907 894//889
f 912//908 891//888 907//903
f 913//901 494//484 504//493
f 914//909 504//493 505//495
f 914//909 506//518 915//910
f 906//902 914//909 916//911
f 916//911 915//910 917//912
f 908//904 918//913 907//903
f 909//905 919//914 908//904
f 910//906 920//915 909//905
f 910//906 916//911 921//916
f 922//917 916//911 917//912
f 911//907 772//918 756//751
f 912//908 923//919 911//907
f 912//908 918//913 924//920
f 925//921 918//913 919//914
f 925//921 920//915 928//922
f 926//923 506//518 529//519
f 917//912 926//923 927//924
f 921//916 928//922 920//915
f 922//917 929//925 921//916
f 922//917 927//924 930//926
f 923//919 783//777 772//918
f 924//920 931//927 923//919
f 925//921 932//928 924//920
f 928//922 933//929 925//921
f 934//930 929//925 935//931
f 936//932 929//925 930//926
f 937//933 783//777 931//927
f 938//934 931//927 932//928
f 938//934 933//929 939//935
f 939//935 934//930 950//936
f 802//937 536//526 432//421
f 940//938 537//527 536//526
f 941//939 538//528 537//527
f 942//940 539//529 538//528
f 943//941 540//530 539//529
f 944//942 541//531 540//530
f 926//923 541//531 945//943
f 927//924 945//943 946//944
f 948//945 927//924 946//944
f 948//945 947//946 949//947
f 935//931 950//936 934//930
f 936//932 951//948 935//931
f 936//932 948//945 952//949
f 952//949 949//947 953//950
f 937//933 804//798 787//778
f 938//934 954//951 937//933
f 939//935 955//952 938//934
f 950//936 956//953 939//935
f 957//954 951//948 958//955
f 959//956 951//948 952//949
f 959//956 953//950 981//957
f 808//799 954//951 960//958
f 960//958 955//952 961//959
f 962//960 955//952 956//953
f 962//960 957//954 963//961
f 964//962 957//954 958//955
f 965//963 958//955 959//956
f 815//806 960//958 983//964
f 966//965 802//937 827//821
f 967//966 940//938 966//965
f 942//940 967//966 968//967
f 943//941 968//967 969//968
f 944//942 969//968 970//969
f 971//970 944//942 970//969
f 972//971 827//821 830//825
f 973//972 966//965 972//971
f 973//972 968//967 967//966
f 974//973 969//968 968//967
f 975//974 970//969 969//968
f 976//975 971//970 970//969
f 946//944 971//970 977//976
f 947//946 977//976 978//977
f 979//978 947//946 978//977
f 953//950 979//978 980//979
f 981//957 980//979 982//980
f 961//959 983//964 960//958
f 985//981 961//959 962//960
f 986//982 962//960 963//961
f 964//962 986//982 963//961
f 965//963 987//983 964//962
f 965//963 981//957 988//984
f 989//985 981//957 982//980
f 983//964 834//834 815//806
f 990//986 984//987 991//988
f 991//988 985//981 992//989
f 992//989 986//982 993//990
f 994//991 986//982 987//983
f 995//992 987//983 988//984
f 841//835 990//986 996//993
f 996//993 991//988 997//994
f 997//994 992//989 998//995
f 998//995 993//990 999//996
f 1000//997 993//990 994//991
f 1001//998 994//991 995//992
f 972//971 854//847 1002//999
f 973//972 1002//999 1003//1000
f 974//973 1003//1000 1004//1001
f 1005//1002 974//973 1004//1001
f 1006//1003 975//974 1005//1002
f 1007//1004 976//975 1006//1003
f 855//1005 1002//999 854//847
f 1008//1006 1003//1000 1002//999
f 1009//1007 1004//1001 1003//1000
f 1011//1008 1004//1001 1010//1009
f 1011//1008 1006//1003 1005//1002
f 1012//1010 1007//1004 1006//1003
f 978//977 1007//1004 1013//1011
f 1014//1012 978//977 1013//1011
f 1015//1013 1014//1012 1013//1011
f 980//979 1014//1012 1016//1014
f 1018//1015 1015//1013 1017//1016
f 982//980 1016//1014 1018//1015
f 1020//1017 1017//1016 1019//1018
f 989//985 1019//1018 988//984
f 989//985 1018//1015 1020//1017
f 995//992 1019//1018 1021//1019
f 1022//1020 841//835 996//993
f 1023//1021 996//993 997//994
f 1024//1022 995//992 1021//1019
f 1025//1023 3//183 192//184
f 1026//1024 192//184 193//185
f 1027//1025 193//185 194//1026
f 1025//1023 567//558 558//550
f 1030//1027 1025//1023 1026//1024
f 1031//1028 1026//1024 1027//1025
f 1032//1029 1027//1025 1028//1030
f 1029//1031 577//567 567//558
f 1030//1027 1034//1032 1029//1031
f 1036//1033 1030//1027 1031//1028
f 1037//620 1031//1028 1032//1029
f 1038//1034 1032//1029 1033//1035
f 1034//1032 587//577 577//567
f 1035//1036 1040//1037 1034//1032
f 1042//1038 1035//1036 1036//1033
f 1043//1039 1036//1033 1037//620
f 1044//1040 1037//620 1038//1034
f 1045//619 1038//1034 1039//1035
f 1040//1037 600//589 587//577
f 1041//1041 1047//1036 1040//1037
f 1049//1042 1041//1041 1042//1038
f 1050//1041 1042//1038 1043//1039
f 1051//1043 1043//1039 1044//1040
f 1045//619 1051//1043 1044//1040
f 1053//1044 1045//619 1046//1045
f 1055//610 600//589 1047//1036
f 1056//1037 1047//1036 1048//1046
f 1057//1047 1048//1046 1049//1042
f 1050//1041 1057//1047 1049//1042
f 1051//1043 1058//1048 1050//1041
f 1052//589 1059//1049 1051//1043
f 1053//1044 1060//619 1052//589
f 1062//1050 1053//1044 1054//1040
f 1064//1051 611//601 1055//610
f 1065//1052 1055//610 1056//1037
f 1066//1034 1056//1037 1057//1047
f 1067//1053 1057//1047 1058//1048
f 1068//1054 1058//1048 1059//1049
f 1069//1047 1059//1049 1060//619
f 1070//1055 1060//619 1061//1033
f 1071//1056 1061//1033 1062//1050
f 1072//1044 1062//1050 1063//1043
f 1073//1057 621//612 1064//1051
f 1074//1058 1064//1051 1065//1052
f 1075//1059 1065//1052 1066//1034
f 1076//1060 1066//1034 1067//1053
f 1077//1061 1067//1053 1068//1054
f 1078//1036 1068//1054 1069//1047
f 1079//622 1069//1047 1070//1055
f 1080//1062 1070//1055 1071//1056
f 1081//1063 1071//1056 1072//1044
f 1087//1064 1082//1065 1086//1066
f 1088//1067 1083//1068 1087//1064
f 1089//1069 1084//1070 1088//1067
f 770//763 754//890 753//747
f 1092//1071 765//772 1091//1072
f 1092//1071 767//758 766//760
f 1093//1073 768//761 767//758
f 1094//1074 769//762 768//761
f 1095//1075 770//763 769//762
f 1090//1076 1096//1077 1097//1078
f 1098//1079 1093//1073 1092//1071
f 1099//1080 1094//1074 1093//1073
f 1100//1081 1095//1075 1094//1074
f 1101//1082 782//790 781//789
f 1102//1083 765//772 782//790
f 1096//1077 1103//1084 1104//1085
f 1097//1078 1104//1085 1105//1086
f 1106//1087 1102//1083 1101//1082
f 1107//1088 1091//1072 1102//1083
f 1098//1079 1091//1072 1108//1089
f 1109//1090 1098//1079 1108//1089
f 1100//1081 1109//1090 1110//1091
f 1103//1084 1110//1091 1111//1092
f 1111//1092 1104//1085 1103//1084
f 1112//1093 1105//1086 1104//1085
f 1114//1094 1107//1088 1106//1087
f 1115//1095 1108//1089 1107//1088
f 1116//1096 1109//1090 1108//1089
f 1117//1097 1110//1091 1109//1090
f 1118//1098 781//789 795//808
f 1119//1099 1082//1065 1083//1068
f 1119//1099 1101//1082 1118//1098
f 1111//1092 1120//1100 1121//1101
f 1112//1093 1121//1101 1122//1102
f 1113//1103 1122//1102 1123//1104
f 1084//1070 1119//1099 1083//1068
f 1114//1094 1119//1099 1124//1105
f 1125//1106 1114//1094 1124//1105
f 1116//1096 1125//1106 1126//1107
f 1117//1097 1126//1107 1127//1108
f 1120//1100 1127//1108 1128//1109
f 1128//1109 1121//1101 1120//1100
f 1129//1110 1122//1102 1121//1101
f 1130//1111 1123//1104 1122//1102
f 1085//1112 1124//1105 1084//1070
f 1132//1113 1125//1106 1124//1105
f 1133//1114 1126//1107 1125//1106
f 1134//1115 1127//1108 1126//1107
f 1118//1098 1086//1066 1082//1065
f 1135//1116 795//808 816//807
f 1136//1117 1086//1066 1135//1116
f 1088//1067 1136//1117 1137//1118
f 1128//1109 1138//1119 1139//1120
f 1129//1110 1139//1120 1140//1121
f 1141//1122 1129//1110 1140//1121
f 1131//1123 1141//1122 1142//1124
f 1089//1069 1137//1118 1143//1125
f 1132//1113 1089//1069 1143//1125
f 1143//1125 1161//1126 1144//1127
f 1144//1127 1132//1113 1143//1125
f 1145//1128 1133//1114 1144//1127
f 1146//1129 1134//1115 1145//1128
f 1147//1130 1138//1119 1146//1129
f 1148//1131 1139//1120 1147//1130
f 816//807 1149//1132 1135//1116
f 816//807 835//829 1150//1133
f 1151//1134 835//829 836//830
f 1152//1135 836//830 837//1136
f 1153//1137 837//1136 838//831
f 1154//1138 838//831 839//832
f 1155//1139 839//832 840//833
f 1155//1139 841//835 856//1140
f 1136//1117 1149//1132 1156//1141
f 1157//1142 1149//1132 1150//1133
f 1158//1143 1150//1133 1151//1134
f 1174//1144 1151//1134 1152//1135
f 1137//1118 1156//1141 1161//1126
f 1162//1145 1156//1141 1157//1142
f 1167//1146 1140//1121 1166//1147
f 1168//1148 1159//1149 1160//1150
f 1142//1124 1167//1146 1168//1148
f 1169//1151 1161//1126 1162//1145
f 1169//1151 1163//1152 1170//1153
f 1145//1128 1169//1151 1170//1153
f 1170//1153 1164//1154 1171//1155
f 1171//1155 1145//1128 1170//1153
f 1172//1156 1164//1154 1165//1157
f 1172//1156 1146//1129 1171//1155
f 1173//1158 1165//1157 1166//1147
f 1173//1158 1147//1130 1172//1156
f 1173//1158 1140//1121 1148//1131
f 1175//1159 1152//1135 1153//1137
f 1176//1160 1153//1137 1154//1138
f 1177//1161 1154//1138 1155//1139
f 1178//1162 1155//1139 856//1140
f 1158//1143 1179//1163 1157//1142
f 1174//1144 1180//1164 1158//1143
f 1181//1165 1175//1159 1182//1166
f 1182//1166 1176//1160 1183//1167
f 1184//1168 1176//1160 1177//1161
f 1185//1169 1177//1161 1178//1162
f 1185//1169 1159//1149 1184//1168
f 1186//1170 1157//1142 1179//1163
f 1186//1170 1180//1164 1187//1171
f 1163//1152 1186//1170 1187//1171
f 1187//1171 1181//1165 1188//1172
f 1164//1154 1187//1171 1188//1172
f 1188//1172 1182//1166 1189//1173
f 1189//1173 1164//1154 1188//1172
f 1189//1173 1183//1167 1190//1174
f 1190//1174 1165//1157 1189//1173
f 1159//1149 1183//1167 1184//1168
f 1167//1146 1190//1174 1159//1149
f 1197//1175 1192//1176 1196//1177
f 1198//1178 1193//1179 1197//1175
f 1199//1180 187//208 884//877
f 213//210 1199//1180 1200//1181
f 214//211 1200//1181 1201//1182
f 1090//1076 896//891 754//890
f 1203//1183 897//892 896//891
f 1204//1184 898//893 897//892
f 1205//1185 899//894 898//893
f 1206//1186 900//895 899//894
f 1207//1187 901//896 900//895
f 1208//1188 902//897 901//896
f 1199//1180 902//897 1209//1189
f 1200//1181 1209//1189 1210//1190
f 1201//1182 1210//1190 1211//1191
f 1202//1192 1211//1191 1212//1193
f 1203//1183 1097//1078 1214//1194
f 1204//1184 1214//1194 1215//1195
f 1205//1185 1215//1195 1216//1196
f 1206//1186 1216//1196 1217//1197
f 1207//1187 1217//1197 1218//1198
f 1219//1199 1207//1187 1218//1198
f 1220//1200 1208//1188 1219//1199
f 1210//1190 1220//1200 1221//1201
f 1211//1191 1221//1201 1222//1202
f 1212//1193 1222//1202 1223//1203
f 1213//1204 1223//1203 1224//1205
f 1214//1194 1105//1086 1225//1206
f 1215//1195 1225//1206 1226//1207
f 1216//1196 1226//1207 1227//1208
f 1217//1197 1227//1208 1228//1209
f 1218//1198 1228//1209 1229//1210
f 1230//1211 1218//1198 1229//1210
f 1231//1212 1219//1199 1230//1211
f 1113//1103 1225//1206 1105//1086
f 1232//1213 1226//1207 1225//1206
f 1233//1214 1227//1208 1226//1207
f 1234//1215 1228//1209 1227//1208
f 1235//1216 1229//1210 1228//1209
f 1236//1217 1230//1211 1229//1210
f 1237//1218 1231//1212 1230//1211
f 1221//1201 1231//1212 1238//1219
f 1239//1220 1221//1201 1238//1219
f 1223//1203 1239//1220 1240//1221
f 1224//1205 1240//1221 1241//1222
f 1242//1223 1224//1205 1241//1222
f 1232//1213 1123//1104 1243//1224
f 1233//1214 1243//1224 1244//1225
f 1234//1215 1244//1225 1245//1226
f 1235//1216 1245//1226 1246//1227
f 1247//1228 1235//1216 1246//1227
f 1248//1229 1236//1217 1247//1228
f 1249//1230 1237//1218 1248//1229
f 1131//1123 1243//1224 1123//1104
f 1239//1220 1249//1230 1250//1231
f 1240//1221 1250//1231 1251//1232
f 1253//1233 1240//1221 1251//1232
f 1254//1234 1253//1233 1252//1235
f 1255//1236 1241//1222 1253//1233
f 1256//1237 1255//1236 1254//1234
f 1257//1238 1242//1223 1255//1236
s 0
f 1224//1239 1242//1239 1213//1239
s 1
f 1244//1225 1260//1240 1261//1241
f 1245//1226 1261//1241 1262//1242
f 1246//1227 1262//1242 1263//1243
f 1264//1244 1246//1227 1263//1243
f 1264//1244 1259//1245 1265//1246
f 1265//1246 1247//1228 1264//1244
f 1266//1247 1248//1229 1265//1246
f 1260//1240 1142//1124 1267//1248
f 1268//1249 1260//1240 1267//1248
f 1270//1250 1249//1230 1266//1247
f 1271//1251 1270//1250 1269//1252
f 1272//1253 1250//1231 1270//1250
f 1274//1254 1272//1253 1271//1251
f 1252//1235 1251//1232 1272//1253
f 1275//1255 1274//1254 1273//1256
f 1276//1257 1252//1235 1274//1254
f 1278//1258 1276//1257 1275//1255
f 1279//1259 1254//1234 1276//1257
f 1282//1260 1277//1261 1281//1262
s 0
f 214//1263 1201//1263 1202//1263
s 1
f 1283//1264 998//995 1284//1265
f 1284//1265 999//996 1285//1266
f 1285//1266 1000//997 1286//1267
f 1287//1268 1000//997 1001//998
f 1287//1268 1258//1269 1286//1267
f 1290//1270 1283//1264 1284//1265
f 1262//1242 1289//1271 1290//1270
f 1291//1272 1284//1265 1285//1266
f 1291//1272 1262//1242 1290//1270
f 1291//1272 1286//1267 1258//1269
f 1258//1269 1263//1243 1291//1272
f 1292//1273 1259//1245 1287//1268
f 1293//1274 1265//1246 1292//1273
f 1294//1275 1160//1150 1288//1276
f 1267//1248 1168//1148 1294//1275
f 1295//1277 1288//1276 1289//1271
f 1268//1249 1294//1275 1295//1277
f 1295//1277 1261//1241 1268//1249
f 1297//1278 1293//1274 1292//1273
f 1270//1250 1293//1274 1269//1252
f 1298//1279 1297//1278 1296//1280
f 1299//1281 1269//1252 1297//1278
f 1301//1282 1299//1281 1298//1279
f 1273//1256 1271//1251 1299//1281
f 1304//1283 1300//1284 1303//1285
f 1304//1283 1273//1256 1301//1282
f 1307//1286 1302//1287 1306//1288
f 1277//1261 1303//1285 1307//1286
f 1278//1258 1304//1283 1277//1261
f 1310//1289 1305//1290 1309//1291
f 1280//1292 1306//1288 1310//1289
f 1281//1262 1307//1286 1280//1292
f 1178//1162 1022//1020 1311//1293
f 1311//1293 1023//1021 1312//1294
f 1283//1264 1023//1021 997//994
f 1314//1295 1001//998 1024//1022
f 1185//1169 1311//1293 1315//1296
f 1315//1296 1160//1150 1185//1169
f 1315//1296 1312//1294 1316//1297
f 1316//1297 1288//1276 1315//1296
f 1316//1297 1283//1264 1289//1271
f 1317//1298 1314//1295 1313//1299
f 1318//1300 1287//1268 1314//1295
f 1320//1301 1318//1300 1317//1298
f 1296//1280 1292//1273 1318//1300
f 1322//1302 1320//1301 1319//1303
f 1323//1304 1296//1280 1320//1301
f 1327//1305 1321//1306 1326//1307
f 1300//1284 1322//1302 1327//1305
f 1300//1284 1298//1279 1323//1304
f 1329//1308 1324//1309 1328//1310
f 1330//1311 1325//1312 1329//1308
f 1302//1287 1326//1307 1330//1311
f 1303//1285 1327//1305 1302//1287
f 1331//1313 1191//1314 1194//1315
f 1332//1316 1328//1310 1331//1313
f 1305//1290 1329//1308 1332//1316
f 1306//1288 1330//1311 1305//1290
f 1333//1317 1194//1315 1198//1178
f 1308//1318 1331//1313 1333//1317
f 1309//1291 1332//1316 1308//1318
f 1335//1319 1072//1044 1334//1050
f 1342//1320 1195//1321 1341//1322
f 1343//1323 1196//1177 1342//1320
f 1344//1324 1197//1175 1343//1323
f 1338//1325 1343//1323 1337//1326
f 1348//1327 1339//1328 1347//1329
f 1349//1330 1340//1331 1348//1327
f 1350//1332 1341//1322 1349//1330
f 1337//1326 1342//1320 1350//1332
f 1352//1333 1198//1178 1344//1324
f 1352//1333 1338//1325 1351//1334
f 1352//1333 1308//1318 1333//1317
f 1361//1335 1353//1336 1360//1337
f 1362//1338 1354//1339 1361//1335
f 1362//1338 1358//1340 1363//1341
f 1356//1342 1362//1338 1363//1341
f 1367//1343 1357//1344 1366//1345
f 1360//1337 1369//1346 1370//1347
f 1371//1348 1364//1349 1365//1350
f 1371//1348 1360//1337 1370//1347
f 1371//1348 1366//1345 1357//1344
f 1357//1344 1361//1335 1371//1348
f 1373//1351 1364//1349 1372//1352
f 1374//1353 1365//1350 1373//1351
f 1375//1354 1366//1345 1374//1353
f 1377//1355 1368//1356 1376//1357
f 1378//1358 1369//1346 1377//1355
f 1378//1358 1364//1349 1370//1347
f 1380//1359 1372//1352 1379//1360
f 1381//1361 1373//1351 1380//1359
f 1382//1362 1374//1353 1381//1361
f 1385//1363 1376//1357 1384//1364
f 1386//1365 1377//1355 1385//1363
f 1378//1358 1379//1360 1372//1352
f 1392//1366 1358//1340 1390//1367
f 1387//1368 1363//1341 1392//1366
f 1393//1369 1390//1367 1391//1370
f 1388//1371 1392//1366 1393//1369
f 1394//1372 1388//1371 1393//1369
f 1396//1373 1358//1340 1367//1343
f 1397//1374 1390//1367 1396//1373
f 1391//1370 1398//1375 1399//1376
f 1394//1372 1391//1370 1399//1376
f 1400//1377 1394//1372 1399//1376
f 1401//1378 1367//1343 1375//1354
f 1397//1374 1401//1378 1402//1379
f 1403//1380 1397//1374 1402//1379
f 1405//1381 1398//1375 1403//1380
f 1401//1378 1382//1362 1406//1382
f 1402//1379 1406//1382 1407//1383
f 1403//1380 1407//1383 1408//1384
f 1405//1381 1410//1385 1404//1386
f 1411//1387 1403//1380 1408//1384
f 1411//1387 1409//1388 2797//1389
f 1415//1390 219//613 1414//1391
f 1412//1392 220//214 1415//1390
f 221//212 1413//1393 218//290
f 1417//1394 1412//1392 1416//1395
f 1420//1396 1414//1391 1419//1397
f 1415//1390 1416//1395 1412//1392
f 1423//1398 1416//1395 1422//1399
f 1419//1397 1424//1400 1425//1401
f 1421//1402 1419//1397 1425//1401
f 1420//1396 1422//1399 1416//1395
f 1428//1403 1421//1402 1427//1404
f 1429//1405 1422//1399 1428//1403
f 1425//1401 1430//1406 1431//1407
f 1425//1401 1427//1404 1421//1402
f 1434//1408 1427//1404 1433//1409
f 1435//1410 1428//1403 1434//1408
f 1429//1405 1432//1411 1426//1412
f 1431//1407 1436//1413 1437//1414
f 1437//1414 1427//1404 1431//1407
f 1441//1415 1433//1409 1440//1416
f 1438//1417 1434//1408 1441//1415
f 1435//1410 1439//1418 1432//1411
f 1437//1414 1442//1419 1443//1420
f 1443//1420 1433//1409 1437//1414
f 1445//1421 1438//1417 1444//1422
f 1448//1423 1440//1416 1447//1424
f 1441//1415 1444//1422 1438//1417
f 1443//1420 1449//1425 1446//1426
f 1446//1426 1440//1416 1443//1420
f 1453//1427 1444//1422 1452//1428
f 1447//1424 1454//1429 1455//1430
f 1448//1423 1455//1430 1451//1431
f 1448//1423 1452//1428 1444//1422
f 1456//1432 1446//1426 1449//1425
f 1460//1433 284//277 1459//1434
f 1461//1435 285//274 1460//1433
f 286//273 1457//1436 283//463
f 1464//1437 287//280 1463//1438
f 1458//1439 288//276 1464//1437
f 289//275 1459//1434 284//277
f 291//284 1465//1440 290//281
f 1469//1441 292//287 1468//1442
f 1462//1443 293//279 1469//1441
f 294//278 1463//1438 287//280
f 296//289 1471//1444 295//288
f 296//289 1465//1440 1472//1445
f 1473//1446 218//290 1413//1393
f 1467//1447 297//286 1473//1446
f 298//285 1468//1442 292//287
f 1470//1448 299//292 300//294
f 1470//1448 295//288 1471//1444
f 1474//1449 301//696 302//293
f 1474//1449 299//292 1475//1450
f 1480//1451 1458//1439 1479//1452
f 1481//1453 1459//1434 1480//1451
f 1477//1454 1460//1433 1481//1453
f 1461//1435 1478//1455 1457//1436
f 1483//1456 1462//1443 1482//1457
f 1484//1458 1463//1438 1483//1456
f 1464//1437 1479//1452 1458//1439
f 1466//1459 1485//1460 1465//1440
f 1488//1461 1467//1447 1487//1462
f 1489//1463 1468//1442 1488//1461
f 1469//1441 1482//1457 1462//1443
f 1471//1444 1490//1464 1470//1448
f 1472//1445 1491//1465 1471//1444
f 1472//1445 1485//1460 1492//1466
f 1493//1467 1485//1460 1486//1468
f 1494//1469 1413//1393 1417//1394
f 1473//1446 1487//1462 1467//1447
f 1475//1450 1495//1470 1474//1449
f 1475//1450 1490//1464 1496//1471
f 1498//1472 1474//1449 1495//1470
f 1500//1473 1477//1454 1499//1474
f 1502//1475 1479//1452 1501//1476
f 1503//1477 1480//1451 1502//1475
f 1481//1453 1499//1474 1477//1454
f 1505//1478 1482//1457 1504//1479
f 1506//1480 1483//1456 1505//1478
f 1484//1458 1501//1476 1479//1452
f 1508//1481 1487//1462 1507//1482
f 1509//1483 1488//1461 1508//1481
f 1489//1463 1504//1479 1482//1457
f 1491//1465 1510//1484 1490//1464
f 1492//1466 1511//1485 1491//1465
f 1493//1467 1512//1486 1492//1466
f 1514//1487 1417//1394 1423//1398
f 1494//1469 1507//1482 1487//1462
f 1496//1471 1515//1488 1495//1470
f 1496//1471 1510//1484 1516//1489
f 1517//1490 1510//1484 1511//1485
f 1518//1491 1511//1485 1512//1486
f 1518//1491 1513//1492 1533//1493
f 1520//1494 1497//1495 1498//1472
f 1520//1494 1495//1470 1515//1488
f 1524//1496 1499//1474 1523//1497
f 1527//1498 1501//1476 1526//1499
f 1522//1500 1502//1475 1527//1498
f 1503//1477 1523//1497 1499//1474
f 1530//1501 1504//1479 1529//1502
f 1525//1503 1505//1478 1530//1501
f 1506//1480 1526//1499 1501//1476
f 1532//1504 1507//1482 1531//1505
f 1528//1506 1508//1481 1532//1504
f 1509//1483 1529//1502 1504//1479
f 1426//1412 1423//1398 1429//1405
f 1514//1487 1531//1505 1507//1482
f 1517//1490 1534//1507 1516//1489
f 1518//1491 1535//1508 1517//1490
f 1533//1493 1536//1509 1518//1491
f 1515//1488 1538//1510 1520//1494
f 1515//1488 1534//1507 1539//1511
f 1540//1512 1534//1507 1535//1508
f 1541//1513 1535//1508 1536//1509
f 1554//1514 1536//1509 1537//1515
f 1544//1516 1522//1500 1543//1517
f 1545//1518 1523//1497 1544//1516
f 1524//1496 1542//1519 1521//1520
f 1547//1521 1525//1503 1546//1522
f 1548//1523 1526//1499 1547//1521
f 1527//1498 1543//1517 1522//1500
f 1550//1524 1528//1506 1549//1525
f 1551//1526 1529//1502 1550//1524
f 1530//1501 1546//1522 1525//1503
f 1552//1527 1426//1412 1432//1411
f 1553//1528 1531//1505 1552//1527
f 1532//1504 1549//1525 1528//1506
f 1556//1529 1540//1512 1541//1513
f 1557//1530 1541//1513 1554//1514
f 1562//1531 1543//1517 1561//1532
f 1558//1533 1544//1516 1562//1531
f 1545//1518 1559//1534 1542//1519
f 1565//1535 1546//1522 1564//1536
f 1560//1537 1547//1521 1565//1535
f 1548//1523 1561//1532 1543//1517
f 1568//1538 1549//1525 1567//1539
f 1563//1540 1550//1524 1568//1538
f 1551//1526 1564//1536 1546//1522
f 1569//1541 1432//1411 1439//1418
f 1566//1542 1552//1527 1569//1541
f 1553//1528 1567//1539 1549//1525
f 1572//1543 1558//1533 1571//1544
f 1574//1545 1560//1537 1573//1546
f 1570//1547 1561//1532 1574//1545
f 1562//1531 1571//1544 1558//1533
f 1576//1548 1563//1540 1575//1549
f 1577//1550 1564//1536 1576//1548
f 1565//1535 1573//1546 1560//1537
f 1579//1551 1566//1542 1578//1552
f 1580//1553 1567//1539 1579//1551
f 1568//1538 1575//1549 1563//1540
f 1581//1554 1439//1418 1445//1421
f 1569//1541 1578//1552 1566//1542
f 1584//1555 1570//1547 1583//1556
f 1585//1557 1571//1544 1584//1555
f 1588//1558 1573//1546 1587//1559
f 1574//1545 1583//1556 1570//1547
f 1591//1560 1575//1549 1590//1561
f 1586//1562 1576//1548 1591//1560
f 1577//1550 1587//1559 1573//1546
f 1593//1563 1578//1552 1592//1564
f 1589//1565 1579//1551 1593//1563
f 1580//1553 1590//1561 1575//1549
f 1450//1566 1445//1421 1453//1427
f 1581//1554 1592//1564 1578//1552
f 1597//1567 461//459 1596//1568
f 1598//1569 462//452 1597//1567
f 1599//1570 463//451 1598//1569
f 1600//1571 464//453 1599//1570
f 1601//1572 465//454 1600//1571
f 1602//1573 283//463 1457//1436
f 1603//1574 467//457 1602//1573
f 1595//1575 468//456 1603//1574
f 469//458 1596//1568 461//459
f 471//460 1604//1576 470//467
f 472//461 1605//1577 471//460
f 473//541 1606//1578 472//461
f 475//464 1608//1579 474//470
f 476//465 1609//1580 475//464
f 477//466 1610//1581 476//465
f 477//466 1604//1576 1611//1582
f 1612//1583 1604//1576 1605//1577
f 1627//1584 1605//1577 1606//1578
f 478//468 1466//1459 291//284
f 479//469 1613//1585 478//468
f 1614//1586 474//470 1608//1579
f 1620//1587 1595//1575 1619//1588
f 1621//1589 1596//1568 1620//1587
f 1622//1590 1597//1567 1621//1589
f 1623//1591 1615//1592 1616//1593
f 1623//1591 1598//1569 1622//1590
f 1623//1591 1617//1594 1624//1595
f 1624//1595 1599//1570 1623//1591
f 1624//1595 1618//1596 1594//1597
f 1594//1597 1600//1571 1624//1595
f 1625//1598 1457//1436 1478//1455
f 1626//1599 1602//1573 1625//1598
f 1603//1574 1619//1588 1595//1575
f 1607//1600 1627//1584 1606//1578
f 1610//1581 1629//1601 1609//1580
f 1611//1582 1630//1602 1610//1581
f 1612//1583 1631//1603 1611//1582
f 1627//1584 1632//1604 1612//1583
f 1633//1605 1628//1606 1634//1607
f 1613//1585 1486//1468 1466//1459
f 1614//1586 1635//1608 1613//1585
f 1608//1579 1636//1609 1614//1586
f 1608//1579 1629//1601 1637//1610
f 1638//1611 1629//1601 1630//1602
f 1639//1612 1630//1602 1631//1603
f 1639//1612 1632//1604 1650//1613
f 1493//1467 1635//1608 1653//1614
f 1642//1615 1615//1592 1641//1616
f 1643//1617 1616//1593 1642//1615
f 1644//1618 1617//1594 1643//1617
f 1647//1619 1619//1588 1646//1620
f 1648//1621 1620//1587 1647//1619
f 1640//1622 1621//1589 1648//1621
f 1640//1622 1615//1592 1622//1590
f 1649//1623 1478//1455 1500//1473
f 1645//1624 1625//1598 1649//1623
f 1626//1599 1646//1620 1619//1588
f 1633//1605 1650//1613 1632//1604
f 1634//1607 1651//1625 1633//1605
f 1636//1609 1653//1614 1635//1608
f 1637//1610 1654//1626 1636//1609
f 1638//1611 1655//1627 1637//1610
f 1639//1612 1656//1628 1638//1611
f 1650//1613 1657//1629 1639//1612
f 1658//1630 1651//1625 1659//1631
f 1660//1632 1651//1625 1652//1633
f 1653//1614 1513//1492 1493//1467
f 1661//1634 1654//1626 1662//1635
f 1662//1635 1655//1627 1663//1636
f 1663//1636 1656//1628 1664//1637
f 1664//1637 1657//1629 1665//1638
f 1665//1638 1658//1630 1666//1639
f 1676//1640 1658//1630 1659//1631
f 1641//1616 1668//1641 1669//1642
f 1670//1643 1353//1336 1354//1339
f 1670//1643 1641//1616 1669//1642
f 1671//1644 1354//1339 1355//1645
f 1671//1644 1642//1615 1670//1643
f 1672//1646 1355//1645 1356//1342
f 1672//1646 1643//1617 1671//1644
f 1674//1647 1645//1624 1673//1648
f 1675//1649 1646//1620 1674//1647
f 1667//1650 1647//1619 1675//1649
f 1648//1621 1668//1641 1640//1622
f 1521//1520 1500//1473 1524//1496
f 1649//1623 1673//1648 1645//1624
f 1677//1651 1659//1631 1660//1632
f 1661//1634 1533//1493 1513//1492
f 1662//1635 1678//1652 1661//1634
f 1663//1636 1679//1653 1662//1635
f 1664//1637 1680//1654 1663//1636
f 1665//1638 1681//1655 1664//1637
f 1683//1656 1665//1638 1666//1639
f 1684//1657 1666//1639 1676//1640
f 1685//1658 1676//1640 1677//1651
f 1537//1515 1678//1652 1686//1659
f 1686//1659 1679//1653 1687//1660
f 1687//1660 1680//1654 1688//1661
f 1688//1661 1681//1655 1689//1662
f 1690//1663 1681//1655 1682//1664
f 1691//1665 1682//1664 1683//1656
f 1692//1666 1683//1656 1684//1657
f 1692//1666 1685//1658 1698//1667
f 1695//1668 1667//1650 1694//1669
f 1359//1670 1668//1641 1695//1668
f 1359//1670 1353//1336 1669//1642
f 1696//1671 1521//1520 1542//1519
f 1697//1672 1673//1648 1696//1671
f 1693//1673 1674//1647 1697//1672
f 1675//1649 1694//1669 1667//1650
f 1699//1674 1537//1515 1686//1659
f 1700//1675 1686//1659 1687//1660
f 1701//1676 1687//1660 1688//1661
f 1702//1677 1688//1661 1689//1662
f 1703//1678 1689//1662 1690//1663
f 1704//1679 1690//1663 1691//1665
f 1705//1680 1691//1665 1692//1666
f 1698//1667 1705//1680 1692//1666
f 1707//1681 1554//1514 1699//1674
f 1708//1682 1699//1674 1700//1675
f 1709//1683 1700//1675 1701//1676
f 1710//1684 1701//1676 1702//1677
f 1711//1685 1702//1677 1703//1678
f 1712//1686 1703//1678 1704//1679
f 1713//1687 1704//1679 1705//1680
f 1713//1687 1706//1688 1714//1689
f 1717//1690 1693//1673 1716//1691
f 1368//1356 1694//1669 1717//1690
f 1695//1668 1369//1346 1359//1670
f 1718//1692 1542//1519 1559//1534
f 1715//1693 1696//1671 1718//1692
f 1697//1672 1716//1691 1693//1673
f 1722//1694 1710//1684 1711//1685
f 1723//1695 1711//1685 1712//1686
f 1724//1696 1712//1686 1713//1687
f 1714//1689 1724//1696 1713//1687
f 1727//1697 1715//1693 1726//1698
f 1728//1699 1716//1691 1727//1697
f 1717//1690 1376//1357 1368//1356
f 1731//1700 1559//1534 1572//1543
f 1718//1692 1726//1698 1715//1693
f 1734//1701 1729//1702 1733//1703
f 1737//1704 1732//1705 1736//1706
f 1737//1704 1734//1701 1733//1703
f 1720//1707 1734//1701 1738//1708
f 1741//1709 1735//1710 1740//1711
f 1741//1709 1737//1704 1736//1706
f 1742//1712 1738//1708 1737//1704
f 1746//1713 1740//1711 1739//1714
f 1747//1715 1741//1709 1740//1711
f 1748//1716 1742//1712 1741//1709
f 1749//1717 1743//1718 1742//1712
f 1751//1719 1745//1720 1744//1721
f 1752//1722 1746//1713 1745//1720
f 1753//1723 1747//1715 1746//1713
f 1754//1724 1748//1716 1747//1715
f 1755//1725 1749//1717 1748//1716
f 1756//1726 1750//1727 1749//1717
f 1759//1728 1726//1698 1758//1729
f 1383//1730 1727//1697 1759//1728
f 1728//1699 1384//1364 1376//1357
f 1761//1731 1729//1702 1730//1732
f 1582//1733 1572//1543 1585//1557
f 1731//1700 1758//1729 1726//1698
f 1763//1734 1732//1705 1733//1703
f 1763//1734 1729//1702 1760//1735
f 1766//1736 1735//1710 1736//1706
f 1766//1736 1732//1705 1762//1737
f 1764//1738 1739//1714 1740//1711
f 1764//1738 1735//1710 1765//1739
f 1772//1740 1767//1741 1771//1742
f 1772//1740 1744//1721 1745//1720
f 1772//1740 1769//1743 1768//1744
f 1739//1714 1745//1720 1746//1713
f 1773//1745 1771//1742 1770//1746
f 1774//1747 1744//1721 1771//1742
f 1775//1748 1751//1719 1774//1747
f 1776//1749 1752//1722 1775//1748
f 1754//1724 1776//1749 1777//1750
f 1755//1725 1777//1750 1778//1751
f 1756//1726 1778//1751 1779//1752
f 1757//1753 1779//1752 1780//1754
f 1781//1755 1774//1747 1773//1745
f 1782//1756 1775//1748 1774//1747
f 1783//1757 1776//1749 1775//1748
f 1784//1758 1777//1750 1776//1749
f 1785//1759 1778//1751 1777//1750
f 1786//1760 1779//1752 1778//1751
f 1787//1761 1780//1754 1779//1752
f 1789//1762 1782//1756 1781//1755
f 1790//1763 1783//1757 1782//1756
f 1791//1764 1784//1758 1783//1757
f 1792//1765 1785//1759 1784//1758
f 1793//1766 1786//1760 1785//1759
f 1795//1767 1786//1760 1794//1768
f 1601//1572 1796//1769 1798//1770
f 1798//1770 466//455 1601//1572
f 1799//1771 1796//1769 1797//1772
f 549//539 1798//1770 1799//1771
f 550//540 1799//1771 1800//1773
f 551//542 1607//1600 473//541
f 552//543 1802//1774 551//542
f 553//544 1803//1775 552//543
f 553//544 1800//1773 1804//1776
f 1804//1776 1801//1777 1805//1778
f 1796//1769 1618//1596 1806//1779
f 1797//1772 1806//1779 1807//1780
f 1809//1781 1807//1780 1808//1782
f 1800//1773 1797//1772 1809//1781
f 1801//1777 1809//1781 1810//1783
f 1802//1774 1628//1606 1607//1600
f 1803//1775 1812//1784 1802//1774
f 1804//1776 1813//1785 1803//1775
f 1805//1778 1814//1786 1804//1776
f 1805//1778 1810//1783 1815//1787
f 1815//1787 1811//1788 1826//1789
f 1634//1607 1812//1784 1816//1790
f 1816//1790 1813//1785 1817//1791
f 1817//1791 1814//1786 1818//1792
f 1819//1793 1814//1786 1815//1787
f 1806//1779 1644//1618 1820//1794
f 1807//1780 1820//1794 1821//1795
f 1808//1782 1821//1795 1822//1796
f 1824//1797 1822//1796 1823//1798
f 1810//1783 1808//1782 1824//1797
f 1811//1788 1824//1797 1825//1799
f 1827//1800 1811//1788 1825//1799
f 1816//1790 1652//1633 1634//1607
f 1817//1791 1828//1801 1816//1790
f 1818//1792 1829//1802 1817//1791
f 1819//1793 1830//1803 1818//1792
f 1819//1793 1826//1789 1831//1804
f 1832//1805 1826//1789 1827//1800
f 1833//1806 1652//1633 1828//1801
f 1834//1807 1828//1801 1829//1802
f 1834//1807 1830//1803 1844//1808
f 1835//1809 1356//1342 1387//1368
f 1820//1794 1672//1646 1835//1809
f 1836//1810 1387//1368 1388//1371
f 1821//1795 1835//1809 1836//1810
f 1837//1811 1388//1371 1389//1812
f 1822//1796 1836//1810 1837//1811
f 1823//1798 1837//1811 1838//1813
f 1823//1798 1839//1814 1840//1815
f 1825//1799 1823//1798 1840//1815
f 1842//1816 1825//1799 1840//1815
f 1842//1816 1841//1817 1843//1818
f 1845//1819 1830//1803 1831//1804
f 1832//1805 1845//1819 1831//1804
f 1832//1805 1842//1816 1846//1820
f 1847//1821 1842//1816 1843//1818
f 1848//1822 1660//1632 1833//1806
f 1849//1823 1833//1806 1834//1807
f 1844//1808 1849//1823 1834//1807
f 1851//1824 1844//1808 1845//1819
f 1852//1825 1845//1819 1846//1820
f 1852//1825 1847//1821 1864//1826
f 1853//1827 1677//1651 1848//1822
f 1854//1828 1848//1822 1849//1823
f 1855//1829 1849//1823 1850//1830
f 1856//1831 1850//1830 1851//1824
f 1857//1832 1851//1824 1852//1825
f 1389//1812 1395//1833 1858//1834
f 1838//1813 1389//1812 1858//1834
f 1859//1835 1838//1813 1858//1834
f 1860//1836 1839//1814 1859//1835
f 1841//1817 1860//1836 1861//1837
f 1862//1838 1841//1817 1861//1837
f 1847//1821 1862//1838 1863//1839
f 1864//1826 1863//1839 1865//1840
f 1866//1841 1685//1658 1853//1827
f 1867//1842 1853//1827 1854//1828
f 1868//1843 1854//1828 1855//1829
f 1856//1831 1868//1843 1855//1829
f 1857//1832 1869//1844 1856//1831
f 1857//1832 1864//1826 1870//1845
f 1871//1846 1864//1826 1865//1840
f 1706//1688 1866//1841 1872//1847
f 1873//1848 1866//1841 1867//1842
f 1874//1849 1867//1842 1868//1843
f 1875//1850 1868//1843 1869//1844
f 1876//1851 1869//1844 1870//1845
f 1877//1852 1870//1845 1871//1846
f 1714//1689 1872//1847 1898//1853
f 1880//1854 1400//1377 1399//1376
f 1881//1855 1395//1833 1400//1377
f 1882//1856 1858//1834 1881//1855
f 1883//1857 1879//1858 1878//1859
f 1884//1860 1880//1854 1879//1858
f 1885//1861 1881//1855 1880//1854
f 1886//1862 1882//1856 1881//1855
f 1860//1836 1882//1856 1887//1863
f 1888//1864 1860//1836 1887//1863
f 1720//1707 1883//1857 1719//1865
f 1889//1866 1884//1860 1883//1857
f 1890//1867 1885//1861 1884//1860
f 1891//1868 1886//1862 1885//1861
f 1892//1869 1887//1863 1886//1862
f 1893//1870 1888//1864 1887//1863
f 1862//1838 1888//1864 1894//1871
f 1895//1872 1862//1838 1894//1871
f 1865//1840 1895//1872 1896//1873
f 1871//1846 1896//1873 1897//1874
f 1873//1848 1898//1853 1872//1847
f 1900//1875 1873//1848 1874//1849
f 1901//1876 1874//1849 1875//1850
f 1876//1851 1901//1876 1875//1850
f 1903//1877 1876//1851 1877//1852
f 1877//1852 1897//1874 1903//1877
f 1898//1853 1725//1878 1714//1689
f 1904//1879 1899//1880 1905//1881
f 1906//1882 1899//1880 1900//1875
f 1907//1883 1900//1875 1901//1876
f 1908//1884 1901//1876 1902//1885
f 1910//1886 1878//1859 1879//1858
f 1404//1386 1879//1858 1880//1854
f 1404//1386 1399//1376 1405//1381
f 1719//1865 1730//1732 1734//1701
f 1719//1865 1878//1859 1909//1887
f 1911//1888 1720//1707 1738//1708
f 1912//1889 1889//1866 1911//1888
f 1891//1868 1912//1889 1913//1890
f 1892//1869 1913//1890 1914//1891
f 1893//1870 1914//1891 1915//1892
f 1916//1893 1893//1870 1915//1892
f 1743//1718 1911//1888 1738//1708
f 1917//1894 1912//1889 1911//1888
f 1918//1895 1913//1890 1912//1889
f 1919//1896 1914//1891 1913//1890
f 1920//1897 1915//1892 1914//1891
f 1921//1898 1916//1893 1915//1892
f 1895//1872 1916//1893 1922//1899
f 1750//1727 1917//1894 1743//1718
f 1923//1900 1918//1895 1917//1894
f 1924//1901 1919//1896 1918//1895
f 1925//1902 1920//1897 1919//1896
f 1926//1903 1921//1898 1920//1897
f 1927//1904 1922//1899 1921//1898
f 1896//1873 1922//1899 1928//1905
f 1757//1753 1923//1900 1750//1727
f 1929//1906 1924//1901 1923//1900
f 1930//1907 1925//1902 1924//1901
f 1897//1874 1928//1905 1931//1908
f 1903//1877 1932//1909 1902//1885
f 1903//1877 1931//1908 1933//1910
f 1908//1884 1932//1909 1934//1911
f 1935//1912 1730//1732 1909//1887
f 1910//1886 1935//1912 1909//1887
f 1936//1913 1404//1386 1410//1385
f 1926//1903 1937//1914 1938//1915
f 1939//1916 1926//1903 1938//1915
f 1940//1917 1927//1904 1939//1916
f 1929//1906 1780//1754 1941//1918
f 1930//1907 1941//1918 1942//1919
f 1937//1914 1942//1919 1943//1920
f 1944//1921 1937//1914 1943//1920
f 1945//1922 1938//1915 1944//1921
f 1946//1923 1939//1916 1945//1922
f 1931//1908 1940//1917 1946//1923
f 1788//1924 1941//1918 1780//1754
f 1947//1925 1942//1919 1941//1918
f 1949//1926 1942//1919 1948//1927
f 1933//1910 1950//1928 1932//1909
f 1933//1910 1946//1923 1951//1929
f 1934//1911 1950//1928 1953//1930
f 622//614 1414//1391 219//613
f 1956//1931 1955//1932 1957//1933
f 1957//1933 622//614 623//615
f 1958//1934 623//615 624//616
f 1959//1935 624//616 625//617
f 1960//1936 625//617 626//618
f 1961//600 626//618 627//619
f 1962//1049 627//619 628//620
f 1963//1937 628//620 629//621
f 1964//1049 629//621 630//622
f 1418//1938 1954//1939 1965//1940
f 1418//1938 1414//1391 1955//1932
f 1966//1941 1954//1939 1956//1931
f 1967//1942 1956//1931 1957//1933
f 1958//1934 1967//1942 1957//1933
f 1959//1935 1968//1053 1958//1934
f 1970//601 1959//1935 1960//1936
f 1971//1061 1960//1936 1961//600
f 1972//1943 1961//600 1962//1049
f 1963//1937 1972//1943 1962//1049
f 1974//577 1963//1937 1964//1049
f 1975//1944 1418//1938 1965//1940
f 1976//1945 1965//1940 1966//1941
f 1977//1946 1966//1941 1967//1942
f 1968//1053 1977//1946 1967//1942
f 1969//1947 1978//1948 1968//1053
f 1980//1949 1969//1947 1970//601
f 1981//1950 1970//601 1971//1061
f 1982//1951 1971//1061 1972//1943
f 1983//1947 1972//1943 1973//1952
f 1984//1953 1973//1952 1974//577
f 1985//1954 1424//1400 1975//1944
f 1986//1955 1975//1944 1976//1945
f 1987//1956 1976//1945 1977//1946
f 1988//1957 1977//1946 1978//1948
f 1989//1958 1978//1948 1979//1037
f 1990//1959 1979//1037 1980//1949
f 1991//601 1980//1949 1981//1950
f 1992//1051 1981//1950 1982//1951
f 1993//1960 1982//1951 1983//1947
f 1994//1047 1983//1947 1984//1953
f 1995//1961 1430//1406 1985//1954
f 1996//1962 1985//1954 1986//1955
f 1997//1033 1986//1955 1987//1956
f 1998//619 1987//1956 1988//1957
f 1989//1958 1998//619 1988//1957
f 1990//1959 1999//1043 1989//1958
f 1991//601 2000//1963 1990//1959
f 2002//1964 1991//601 1992//1051
f 2003//1049 1992//1051 1993//1960
f 2004//588 1993//1960 1994//1047
f 2005//1965 1436//1413 1995//1961
f 2006//1966 1995//1961 1996//1962
f 2007//1967 1996//1962 1997//1033
f 2008//1968 1997//1033 1998//619
f 2009//1969 1998//619 1999//1043
f 2010//1047 1999//1043 2000//1963
f 2011//1970 2000//1963 2001//588
f 2012//1971 2001//588 2002//1964
f 2013//1971 2002//1964 2003//1049
f 2014//1972 2003//1049 2004//588
f 2015//1973 1442//1419 2005//1965
f 2016//1974 2005//1965 2006//1966
f 2017//1975 2006//1966 2007//1967
f 2018//1056 2007//1967 2008//1968
f 2009//1969 2018//1056 2008//1968
f 2020//1034 2009//1969 2010//1047
f 2021//1056 2010//1047 2011//1970
f 2022//1976 2011//1970 2012//1971
f 2023//1977 2012//1971 2013//1971
f 2024//1978 2013//1971 2014//1972
f 2025//1979 1449//1425 2015//1973
f 2026//1980 2015//1973 2016//1974
f 2027//1062 2016//1974 2017//1975
f 2028//1981 2017//1975 2018//1056
f 2019//1982 2028//1981 2018//1056
f 2030//1056 2019//1982 2020//1034
f 2031//1983 2020//1034 2021//1056
f 2032//1984 2021//1056 2022//1976
f 2033//1985 2022//1976 2023//1977
f 2034//1986 2023//1977 2024//1978
f 2035//1987 301//696 1476//1988
f 2036//1989 701//697 2035//1987
f 706//701 701//697 2037//1990
f 2038//1991 706//701 2037//1990
f 708//703 2038//1991 2039//1992
f 709//839 2039//1992 2040//1993
f 2041//1994 2038//1991 2037//1990
f 2042//1995 2039//1992 2038//1991
f 2044//1996 2039//1992 2043//1997
f 2045//1998 1498//1472 1497//1495
f 2046//1999 1476//1988 1498//1472
f 2047//2000 2046//1999 2045//1998
f 2036//1989 2046//1999 2048//2001
f 2049//2002 2036//1989 2048//2001
f 2041//1994 2036//1989 2050//2003
f 2051//2004 2041//1994 2050//2003
f 2052//2005 2042//1995 2051//2004
f 2053//2006 2043//1997 2052//2005
f 2054//2007 1497//1495 1519//2008
f 2047//2000 2054//2007 2055//2009
f 2056//2010 2047//2000 2055//2009
f 2049//2002 2056//2010 2057//2011
f 2058//2012 2049//2002 2057//2011
f 2051//2004 2058//2012 2059//2013
f 2060//2014 2051//2004 2059//2013
f 2061//2015 2052//2005 2060//2014
f 2062//2016 2060//2014 2059//2013
f 2063//2017 2061//2015 2060//2014
f 1519//2008 2065//2018 2054//2007
f 1519//2008 1538//1510 2066//2019
f 2067//2020 1538//1510 1539//1511
f 2067//2020 1540//1512 1555//2021
f 2068//2022 2054//2007 2065//2018
f 2069//2023 2065//2018 2066//2019
f 2056//2010 2068//2022 2069//2023
f 2070//2024 2056//2010 2069//2023
f 2071//2025 2057//2011 2070//2024
f 2072//2026 2058//2012 2071//2025
f 2075//2027 2059//2013 2072//2026
f 2075//2027 2073//2028 2076//2029
f 2076//2029 2062//2016 2075//2027
f 2076//2029 2074//2030 2077//2031
f 2064//2032 2076//2029 2077//2031
f 2067//2020 2078//2033 2066//2019
f 1555//2021 2079//2034 2067//2020
f 2081//2035 1555//2021 1556//1529
f 2082//2036 1556//1529 1557//1530
f 2069//2023 2078//2033 2083//2037
f 2083//2037 2079//2034 2084//2038
f 2070//2024 2083//2037 2084//2038
f 2085//2039 2079//2034 2080//2040
f 2086//2041 2080//2040 2081//2035
f 2087//2042 2081//2035 2082//2036
f 2088//2043 2070//2024 2084//2038
f 2088//2043 2085//2039 2089//2044
f 2072//2026 2088//2043 2089//2044
f 2089//2044 2086//2041 2090//2045
f 2073//2028 2089//2044 2090//2045
f 2090//2045 2087//2042 2091//2046
f 2074//2030 2090//2045 2091//2046
f 2102//2047 2096//2048 2095//2049
f 2093//2050 2102//2047 2092//2051
f 2103//2052 2097//2053 2096//2048
f 2104//2054 2093//2050 2094//2055
f 847//840 2040//1993 2105//2056
f 848//841 2105//2056 2106//2057
f 849//842 2106//2057 2107//2058
f 850//843 2107//2058 2108//2059
f 851//844 2108//2059 2109//2060
f 852//845 2109//2060 2110//2061
f 853//846 2110//2061 2111//848
f 2112//2062 2040//1993 2044//1996
f 2113//2063 2105//2056 2112//2062
f 2114//2064 2106//2057 2113//2063
f 2115//2065 2107//2058 2114//2064
f 2116//2066 2108//2059 2115//2065
f 2117//2067 2109//2060 2116//2066
f 2118//2068 2110//2061 2117//2067
f 855//1005 2118//2068 2119//2069
f 2120//2070 2044//1996 2053//2006
f 2121//2071 2112//2062 2120//2070
f 2122//2072 2113//2063 2121//2071
f 2123//2073 2114//2064 2122//2072
f 2124//2074 2115//2065 2123//2073
f 2125//2075 2116//2066 2124//2074
f 2126//2076 2117//2067 2125//2075
f 2119//2069 2126//2076 2127//2077
f 2128//2078 2053//2006 2061//2015
f 2129//2079 2120//2070 2128//2078
f 2130//2080 2121//2071 2129//2079
f 2131//2081 2122//2072 2130//2080
f 2132//2082 2123//2073 2131//2081
f 2133//2083 2124//2074 2132//2082
f 2134//2084 2125//2075 2133//2083
f 2134//2084 2127//2077 2126//2076
f 2128//2078 2064//2032 2136//2085
f 2137//2086 2128//2078 2136//2085
f 2138//2087 2129//2079 2137//2086
f 2139//2088 2130//2080 2138//2087
f 2140//2089 2131//2081 2139//2088
f 2141//2090 2132//2082 2140//2089
f 2142//2091 2133//2083 2141//2090
f 2135//2092 2142//2091 2143//2093
f 2077//2031 2144//2094 2145//2095
f 2136//2085 2077//2031 2145//2095
f 2146//2096 2136//2085 2145//2095
f 2147//2097 2137//2086 2146//2096
f 2148//2098 2138//2087 2147//2097
f 2140//2089 2148//2098 2149//2099
f 2150//2100 2140//2089 2149//2099
f 2151//2101 2141//2090 2150//2100
f 2152//2102 2142//2091 2151//2101
f 2082//2036 1707//1681 2155//2103
f 2156//2104 1707//1681 1708//1682
f 2157//2105 1708//1682 1709//1683
f 1721//2106 1709//1683 1710//1684
f 2158//2107 2082//2036 2155//2103
f 2091//2046 2158//2107 2159//2108
f 2159//2108 2074//2030 2091//2046
f 2159//2108 2187//2109 2160//2110
f 2144//2094 2160//2110 2165//2111
f 2165//2111 2145//2095 2144//2094
f 2165//2111 2161//2112 2166//2113
f 2166//2113 2146//2096 2165//2111
f 2166//2113 2162//2114 2167//2115
f 2167//2115 2147//2097 2166//2113
f 2167//2115 2163//2116 2168//2117
f 2168//2117 2148//2098 2167//2115
f 2168//2117 2164//2118 2169//2119
f 2169//2119 2149//2099 2168//2117
f 2170//2120 2150//2100 2169//2119
f 2171//2121 2151//2101 2170//2120
f 2178//2122 2172//2123 2177//2124
f 2154//2125 2177//2124 2153//2126
f 2156//2104 2179//2127 2155//2103
f 2181//2128 2156//2104 2157//2105
f 2182//2129 2157//2105 1721//2106
f 2183//2130 1721//2106 1722//1694
f 2184//2131 1722//1694 1723//1695
f 2185//2132 1723//1695 1724//1696
f 2185//2132 1725//1878 2186//2133
f 2158//2107 2179//2127 2187//2109
f 2188//2134 2179//2127 2180//2135
f 2189//2136 2180//2135 2181//2128
f 2190//2137 2181//2128 2182//2129
f 2190//2137 2183//2130 2191//2138
f 2191//2138 2184//2131 2192//2139
f 2192//2139 2185//2132 2193//2140
f 2193//2140 2186//2133 2194//2141
f 2195//2142 2187//2109 2188//2134
f 2195//2142 2189//2136 2196//2143
f 2161//2112 2195//2142 2196//2143
f 2196//2143 2190//2137 2197//2144
f 2162//2114 2196//2143 2197//2144
f 2197//2144 2191//2138 2198//2145
f 2198//2145 2162//2114 2197//2144
f 2198//2145 2192//2139 2199//2146
f 2199//2146 2163//2116 2198//2145
f 2199//2146 2193//2140 2200//2147
f 2200//2147 2194//2141 2201//2148
f 2164//2118 2200//2147 2202//2149
f 2202//2149 2169//2119 2164//2118
f 2202//2149 2201//2148 2203//2150
f 2203//2150 2170//2120 2202//2149
f 2210//2151 2204//2152 2209//2153
f 2211//2154 2205//2155 2210//2151
f 2173//2156 2210//2151 2172//2123
f 2216//2157 2207//2158 2215//2159
f 2175//2160 2215//2159 2174//2161
f 2217//2162 2208//2163 2216//2157
f 2176//2164 2216//2157 2175//2160
f 2172//2123 2209//2153 2217//2162
f 2177//2124 2217//2162 2176//2164
f 2224//2165 2220//2166 2219//2167
f 2205//2155 2224//2165 2204//2152
f 2226//2168 2220//2166 2225//2169
f 2206//2170 2225//2169 2205//2155
f 2230//2171 2223//2172 2222//2173
f 2208//2163 2230//2171 2207//2158
f 2204//2152 2223//2172 2231//2174
f 2209//2153 2231//2174 2208//2163
f 2232//2175 2228//2176 2227//2177
f 2233//2178 2212//2179 2213//2180
f 2233//2178 2229//2181 2228//2176
f 2214//2182 2233//2178 2213//2180
f 2234//2183 2230//2171 2229//2181
f 2215//2159 2234//2183 2214//2182
f 2235//2184 1790//1763 1789//1762
f 2242//2185 2236//2186 2241//2187
f 2242//2185 2219//2167 2220//2166
f 2242//2185 2238//2188 2237//2189
f 2218//2190 2220//2166 2221//2191
f 2246//2192 2240//2193 2239//2194
f 2247//2195 2222//2173 2223//2172
f 2219//2167 2240//2193 2247//2195
f 2219//2167 2223//2172 2224//2165
f 2248//2196 2244//2197 2243//2198
f 2249//2199 2227//2177 2228//2176
f 2249//2199 2245//2200 2244//2197
f 2250//2201 2228//2176 2229//2181
f 2250//2201 2246//2192 2245//2200
f 2222//2173 2229//2181 2230//2171
f 2104//2054 2248//2196 2097//2053
f 2227//2177 2094//2055 2232//2175
f 1008//1006 2119//2069 2251//2202
f 1009//1007 2251//2202 2252//2203
f 1010//1009 2252//2203 2253//2204
f 2254//2205 1010//1009 2253//2204
f 2255//2206 1011//1008 2254//2205
f 2256//2207 1012//1010 2255//2206
f 1015//1013 2256//2207 2257//2208
f 1017//1016 2257//2208 2258//2209
f 2260//2210 1017//1016 2258//2209
f 2261//2211 2260//2210 2259//2212
f 1021//1019 2260//2210 2262//2213
f 2264//2214 2262//2213 2261//2211
f 2265//2215 1021//1019 2262//2213
f 2251//2202 2127//2077 2266//2216
f 2252//2203 2266//2216 2267//2217
f 2253//2204 2267//2217 2268//2218
f 2269//2219 2253//2204 2268//2218
f 2270//2220 2254//2205 2269//2219
f 2271//2221 2255//2206 2270//2220
f 2135//2092 2266//2216 2127//2077
f 2272//2222 2267//2217 2266//2216
f 2273//2223 2268//2218 2267//2217
f 2275//2224 2268//2218 2274//2225
f 2275//2224 2270//2220 2269//2219
f 2277//2226 2270//2220 2276//2227
f 2257//2208 2271//2221 2277//2226
f 2278//2228 2277//2226 2276//2227
f 2258//2209 2277//2226 2279//2229
f 2280//2230 2279//2229 2278//2228
f 2259//2212 2258//2209 2279//2229
f 2282//2231 2259//2212 2280//2230
f 2281//2232 2263//2233 2264//2214
f 2281//2232 2261//2211 2282//2231
f 2272//2222 2143//2093 2285//2234
f 2273//2223 2285//2234 2286//2235
f 2287//2236 2273//2223 2286//2235
f 2288//2237 2274//2225 2287//2236
f 2289//2238 2275//2224 2288//2237
f 2290//2239 2276//2227 2289//2238
f 2292//2240 2278//2228 2290//2239
f 2282//2231 2294//2241 2281//2232
f 2291//2242 2280//2230 2292//2240
f 2293//2243 2283//2244 2284//2245
f 2293//2243 2281//2232 2294//2241
f 2285//2234 2152//2102 2298//2246
f 2299//2247 2285//2234 2298//2246
f 2300//2248 2286//2235 2299//2247
f 2301//2249 2287//2236 2300//2248
f 2302//2250 2288//2237 2301//2249
f 2304//2251 2289//2238 2302//2250
f 2292//2240 2306//2252 2291//2242
f 2303//2253 2290//2239 2304//2251
f 2294//2241 2309//2254 2293//2243
f 2305//2255 2291//2242 2306//2252
f 2311//2256 2307//2257 2310//2258
f 2311//2256 2295//2259 2296//2260
f 2312//2261 2308//2262 2311//2256
f 2312//2261 2296//2260 2297//2263
f 2312//2261 2293//2243 2309//2254
f 2316//2264 2152//2102 2171//2121
f 2317//2265 2298//2246 2316//2264
f 2317//2265 2314//2266 2318//2267
f 2318//2267 2299//2247 2317//2265
f 2318//2267 2315//2268 2319//2269
f 2301//2249 2318//2267 2319//2269
f 2320//2270 2301//2249 2319//2269
f 2322//2271 2320//2270 2319//2269
f 2323//2272 2303//2253 2304//2251
f 2323//2272 2302//2250 2320//2270
f 2306//2252 2326//2273 2305//2255
f 2321//2274 2303//2253 2322//2271
f 2328//2275 2324//2276 2327//2277
f 2328//2275 2307//2257 2308//2262
f 2329//2278 2325//2279 2328//2275
f 2329//2278 2308//2262 2309//2254
f 2329//2278 2305//2255 2326//2273
f 2178//2122 2327//2277 2173//2156
f 2310//2258 2178//2122 2154//2125
f 2186//2133 1904//1879 2330//2280
f 2330//2280 1905//1881 2331//2281
f 2332//2282 1905//1881 1906//1882
f 2332//2282 1907//1883 2333//2283
f 2334//2284 1907//1883 1908//1884
f 2194//2141 2330//2280 2335//2285
f 2336//2286 2330//2280 2331//2281
f 2337//2287 2331//2281 2332//2282
f 2338//2288 2332//2282 2333//2283
f 2201//2148 2335//2285 2339//2289
f 2340//2290 2335//2285 2336//2286
f 2341//2291 2336//2286 2337//2287
f 2341//2291 2313//2292 2340//2290
f 2342//2293 2337//2287 2338//2288
f 2315//2268 2341//2291 2342//2293
f 2203//2150 2339//2289 2343//2294
f 2343//2294 2171//2121 2203//2150
f 2343//2294 2340//2290 2313//2292
f 2313//2292 2316//2264 2343//2294
f 2345//2295 2315//2268 2342//2293
f 2344//2296 2321//2274 2322//2271
f 2344//2296 2319//2269 2345//2295
f 2350//2297 2346//2298 2349//2299
f 2350//2297 2324//2276 2325//2279
f 2351//2300 2347//2301 2350//2297
f 2351//2300 2325//2279 2326//2273
f 2351//2300 2321//2274 2348//2302
f 2324//2276 2206//2170 2211//2154
f 2327//2277 2211//2154 2173//2156
f 2334//2284 2352//2303 2333//2283
f 2334//2284 1934//1911 2353//2304
f 2338//2288 2352//2303 2354//2305
f 2357//2306 2338//2288 2354//2305
f 2360//2307 2355//2308 2359//2309
f 2361//2310 2356//2311 2360//2307
f 2361//2310 2344//2296 2345//2295
f 2361//2310 2342//2293 2357//2306
f 2362//2312 2218//2190 2221//2191
f 2363//2313 2358//2314 2362//2312
f 2363//2313 2346//2298 2347//2301
f 2363//2313 2360//2307 2359//2309
f 2364//2315 2347//2301 2348//2302
f 2364//2315 2344//2296 2360//2307
f 2346//2298 2221//2191 2226//2168
f 2349//2299 2226//2168 2206//2170
f 2353//2304 2365//2316 2352//2303
f 1952//2317 1934//1911 1953//1930
f 2368//2318 2352//2303 2365//2316
f 2371//2319 2366//2320 2370//2321
f 2371//2319 2355//2308 2356//2311
f 2372//2322 2367//2323 2371//2319
f 2372//2322 2356//2311 2357//2306
f 2372//2322 2354//2305 2368//2318
f 2373//2324 2218//2190 2358//2314
f 2369//2325 2358//2314 2359//2309
f 2369//2325 2355//2308 2370//2321
f 2374//2326 630//622 1073//1057
f 1074//1058 2374//2326 1073//1057
f 1075//1059 2375//2327 1074//1058
f 2377//1036 1075//1059 1076//1060
f 2378//619 1076//1060 1077//1061
f 2379//2328 1077//1061 1078//1036
f 2380//589 1078//1036 1079//622
f 2381//2329 1079//622 1080//1062
f 2382//2330 1080//1062 1081//1063
f 2383//2331 1964//1049 2374//2326
f 2384//1964 2374//2326 2375//2327
f 2385//2332 2375//2327 2376//1968
f 2386//601 2376//1968 2377//1036
f 2387//2333 2377//1036 2378//619
f 2388//2334 2378//619 2379//2328
f 2389//2335 2379//2328 2380//589
f 2390//2336 2380//589 2381//2329
f 2391//2337 2381//2329 2382//2330
f 2392//2338 1974//577 2383//2331
f 2393//1034 2383//2331 2384//1964
f 2394//2339 2384//1964 2385//2332
f 2395//2340 2385//2332 2386//601
f 2396//2341 2386//601 2387//2333
f 2397//2342 2387//2333 2388//2334
f 2398//2343 2388//2334 2389//2335
f 2399//2344 2389//2335 2390//2336
f 2400//2345 2390//2336 2391//2337
f 2401//2346 1984//1953 2392//2338
f 2402//2347 2392//2338 2393//1034
f 2403//2348 2393//1034 2394//2339
f 2404//2349 2394//2339 2395//2340
f 2405//2350 2395//2340 2396//2341
f 2406//2351 2396//2341 2397//2342
f 2407//2352 2397//2342 2398//2343
f 2408//2353 2398//2343 2399//2344
f 2409//2354 1994//1047 2401//2346
f 2410//2355 2401//2346 2402//2347
f 2411//2356 2402//2347 2403//2348
f 2412//2357 2403//2348 2404//2349
f 2414//2358 2404//2349 2405//2350
f 2414//2358 2413//2359 2412//2357
f 2406//2351 2414//2358 2405//2350
f 2416//2360 2406//2351 2407//2352
f 2417//2361 2004//588 2409//2354
f 2418//2362 2409//2354 2410//2355
f 2419//2363 2410//2355 2411//2356
f 2421//2364 2411//2356 2412//2357
f 2421//2364 2420//2365 2419//2363
f 2413//2359 2421//2364 2412//2357
f 2423//2366 2014//1972 2417//2361
f 2424//2367 2417//2361 2418//2362
f 2426//2368 2418//2362 2419//2363
f 2426//2368 2425//2369 2424//2367
f 2420//2365 2426//2368 2419//2363
f 2428//2370 2024//1978 2423//2366
f 2430//2371 2423//2366 2424//2367
f 2430//2371 2429//2372 2428//2370
f 2425//2369 2430//2371 2424//2367
f 2442//2373 2434//2374 2441//2375
f 2443//2376 2435//2377 2442//2373
f 2451//2378 2444//2379 2450//2380
f 2455//2381 2446//2382 2454//2383
f 2456//2384 2447//2385 2455//2381
f 2457//2386 2448//2387 2456//2384
f 2458//2388 2449//2389 2457//2386
f 2435//2377 2457//2386 2434//2374
f 2433//2390 2450//2380 2458//2388
f 2436//2391 2458//2388 2435//2377
f 2400//2345 2452//2392 2399//2344
f 2459//2393 2453//2394 2452//2392
f 2461//2395 2453//2394 2460//2396
f 2438//2397 2460//2396 2437//2398
f 2462//2399 2454//2383 2461//2395
f 2439//2400 2461//2395 2438//2397
f 2463//2401 2455//2381 2462//2399
f 2440//2402 2462//2399 2439//2400
f 2434//2374 2456//2384 2463//2401
f 2441//2375 2463//2401 2440//2402
f 2474//2403 2465//2404 2473//2405
f 2475//2406 2466//2407 2474//2403
f 2476//2408 2467//2409 2475//2406
f 2445//2410 2475//2406 2444//2379
f 2478//2411 2469//2412 2477//2413
f 2479//2414 2470//2415 2478//2411
f 2480//2416 2471//2417 2479//2414
f 2447//2385 2479//2414 2446//2382
f 2481//2418 2472//2419 2480//2416
f 2448//2387 2480//2416 2447//2385
f 2482//2420 2473//2405 2481//2418
f 2449//2389 2481//2418 2448//2387
f 2444//2379 2474//2403 2482//2420
f 2450//2380 2482//2420 2449//2389
f 2408//2353 2477//2413 2407//2352
f 2452//2392 2408//2353 2399//2344
f 2483//2421 2478//2411 2477//2413
f 2453//2394 2483//2421 2452//2392
f 2446//2382 2478//2411 2484//2422
f 2454//2383 2484//2422 2453//2394
f 2492//2423 2485//2424 2491//2425
f 2496//2426 2487//2427 2495//2428
f 2497//2429 2488//2430 2496//2426
f 2498//2431 2489//2432 2497//2429
f 2466//2407 2497//2429 2465//2404
f 2499//2433 2490//2434 2498//2431
f 2467//2409 2498//2431 2466//2407
f 2464//2435 2491//2425 2499//2433
f 2468//2436 2499//2433 2467//2409
f 2500//2437 2413//2359 2415//2438
f 2501//2439 2493//2440 2500//2437
f 2470//2415 2500//2437 2469//2412
f 2502//2441 2494//2442 2501//2439
f 2471//2417 2501//2439 2470//2415
f 2503//2443 2495//2428 2502//2441
f 2472//2419 2502//2441 2471//2417
f 2465//2404 2496//2426 2503//2443
f 2473//2405 2503//2443 2472//2419
f 2416//2360 2500//2437 2415//2438
f 2477//2413 2416//2360 2407//2352
f 2512//2444 2504//2445 2511//2446
f 2513//2447 2505//2448 2512//2444
f 2486//2449 2512//2444 2485//2424
f 2515//2450 2508//2451 2507//2452
f 2517//2453 2508//2451 2516//2454
f 2488//2430 2516//2454 2487//2427
f 2518//2455 2509//2456 2517//2453
f 2489//2432 2517//2453 2488//2430
f 2519//2457 2510//2458 2518//2455
f 2490//2434 2518//2455 2489//2432
f 2485//2424 2511//2446 2519//2457
f 2491//2425 2519//2457 2490//2434
f 2422//2459 2514//2460 2420//2365
f 2493//2440 2422//2459 2413//2359
f 2520//2461 2515//2450 2514//2460
f 2494//2442 2520//2461 2493//2440
f 2521//2462 2516//2454 2515//2450
f 2495//2428 2521//2462 2494//2442
f 2527//2463 2093//2050 2092//2051
f 2528//2464 2504//2445 2505//2448
f 2529//2465 2093//2050 2528//2464
f 2506//2466 2528//2464 2505//2448
f 2530//2467 2523//2468 2522//2469
f 2531//2470 2524//2471 2523//2468
f 2532//2472 2507//2452 2508//2451
f 2533//2473 2524//2471 2532//2472
f 2509//2456 2532//2472 2508//2451
f 2534//2474 2525//2475 2533//2473
f 2510//2458 2533//2473 2509//2456
f 2504//2445 2526//2476 2534//2474
f 2511//2446 2534//2474 2510//2458
f 2427//2477 2530//2467 2425//2369
f 2514//2460 2427//2477 2420//2365
f 2535//2478 2531//2470 2530//2467
f 2507//2452 2514//2460 2515//2450
f 2537//2479 2522//2469 2523//2468
f 2537//2479 2099//2480 2098//2481
f 2538//2482 2523//2468 2524//2471
f 2538//2482 2100//2483 2099//2480
f 2539//2484 2524//2471 2525//2475
f 2539//2484 2101//2485 2100//2483
f 2540//2486 2525//2475 2526//2476
f 2540//2486 2102//2047 2101//2485
f 2092//2051 2526//2476 2527//2463
f 2431//2487 2536//2488 2429//2372
f 2530//2467 2431//2487 2425//2369
f 2548//2489 2542//2490 2547//2491
f 2549//2492 2543//2493 2548//2489
f 2553//2494 2545//2495 2552//2496
f 2554//2497 2546//2498 2553//2494
f 2555//2499 2547//2491 2554//2497
f 2555//2499 1192//1176 1193//1179
f 1191//1314 2548//2489 2555//2499
f 1194//1315 2555//2499 1193//1179
f 2558//2500 2550//2501 2557//2502
f 2559//2503 2551//2504 2558//2500
f 2560//2505 2552//2496 2559//2503
f 1195//1321 2553//2494 2560//2505
f 1195//1321 1192//1176 2554//2497
f 2566//2506 2561//2507 2565//2508
f 2570//2509 2563//2510 2569//2511
f 2571//2512 2564//2513 2570//2509
f 2543//2493 2570//2509 2542//2490
f 2541//2514 2565//2508 2571//2512
f 2544//2515 2571//2512 2543//2493
f 2575//2516 2567//2517 2574//2518
f 2576//2519 2568//2520 2575//2516
f 2546//2498 2575//2516 2545//2495
f 2542//2490 2569//2511 2576//2519
f 2547//2491 2576//2519 2546//2498
f 2577//2521 2433//2390 2436//2391
f 2578//2522 2572//2523 2577//2521
f 2579//2524 2573//2525 2578//2522
f 2551//2504 2578//2522 2550//2501
f 2545//2495 2574//2518 2579//2524
f 2552//2496 2579//2524 2551//2504
f 2580//2526 2436//2391 2443//2376
f 2556//2527 2443//2376 2432//2528
f 2550//2501 2577//2521 2580//2526
f 2557//2502 2580//2526 2556//2527
f 2588//2529 2582//2530 2587//2531
f 2589//2532 2583//2533 2588//2529
f 2589//2532 2561//2507 2562//2534
f 2594//2535 2585//2536 2593//2537
f 2595//2538 2586//2539 2594//2535
f 2564//2513 2594//2535 2563//2510
f 2561//2507 2587//2531 2595//2538
f 2565//2508 2595//2538 2564//2513
f 2597//2540 2590//2541 2596//2542
f 2598//2543 2591//2544 2597//2540
f 2599//2545 2592//2546 2598//2543
f 2568//2520 2598//2543 2567//2517
f 2563//2510 2593//2537 2599//2545
f 2569//2511 2599//2545 2568//2520
f 2600//2547 2445//2410 2451//2378
f 2572//2523 2451//2378 2433//2390
f 2601//2548 2596//2542 2600//2547
f 2573//2525 2600//2547 2572//2523
f 2567//2517 2597//2540 2601//2548
f 2574//2518 2601//2548 2573//2525
f 2605//2549 2153//2126 2604//2550
f 2609//2551 2602//2552 2608//2553
f 2610//2554 2603//2555 2609//2551
f 2583//2533 2609//2551 2582//2530
f 2581//2556 2604//2550 2610//2554
f 2584//2557 2610//2554 2583//2533
f 2614//2558 2606//2559 2613//2560
f 2615//2561 2607//2562 2614//2558
f 2586//2539 2614//2558 2585//2536
f 2582//2530 2608//2553 2615//2561
f 2587//2531 2615//2561 2586//2539
f 2616//2563 2464//2435 2468//2436
f 2617//2564 2611//2565 2616//2563
f 2591//2544 2616//2563 2590//2541
f 2618//2566 2612//2567 2617//2564
f 2592//2546 2617//2564 2591//2544
f 2585//2536 2613//2560 2618//2566
f 2593//2537 2618//2566 2592//2546
f 2590//2541 2468//2436 2476//2408
f 2596//2542 2476//2408 2445//2410
f 2622//2568 2174//2161 2621//2569
f 2623//2570 2175//2160 2622//2568
f 2603//2555 2622//2568 2602//2552
f 2153//2126 2176//2164 2623//2570
f 2604//2550 2623//2570 2603//2555
f 2626//2571 2619//2572 2625//2573
f 2627//2574 2620//2575 2626//2571
f 2607//2562 2626//2571 2606//2559
f 2602//2552 2621//2569 2627//2574
f 2608//2553 2627//2574 2607//2562
f 2628//2576 2486//2449 2492//2423
f 2611//2565 2492//2423 2464//2435
f 2629//2577 2624//2578 2628//2576
f 2612//2567 2628//2576 2611//2565
f 2606//2559 2625//2573 2629//2577
f 2613//2560 2629//2577 2612//2567
f 2631//2579 2212//2179 2630//2580
f 2632//2581 2213//2180 2631//2579
f 2620//2575 2631//2579 2619//2572
f 2174//2161 2214//2182 2632//2581
f 2621//2569 2632//2581 2620//2575
f 2633//2582 2506//2466 2513//2447
f 2624//2578 2513//2447 2486//2449
f 2619//2572 2630//2580 2633//2582
f 2625//2573 2633//2582 2624//2578
f 2212//2179 2094//2055 2529//2465
f 2630//2580 2529//2465 2506//2466
f 2635//2583 2263//2233 2634//2584
f 2635//2583 2265//2215 2264//2214
f 1313//1299 1024//1022 2265//2215
f 2638//2585 2634//2584 2637//2586
f 2638//2585 1313//1299 2635//2583
f 2642//2587 2636//2588 2641//2589
f 1319//1303 2637//2586 2642//2587
f 1319//1303 1317//1298 2638//2585
f 2644//2590 2639//2591 2643//2592
f 2645//2593 2640//2594 2644//2590
f 2645//2593 2642//2587 2641//2589
f 1322//1302 2642//2587 1321//1306
f 2646//2595 2541//2514 2544//2515
f 2647//2596 2643//2592 2646//2595
f 1325//1312 2646//2595 1324//1309
f 2648//2597 2644//2590 2647//2596
f 2648//2597 1325//1312 1326//1307
f 2648//2597 1321//1306 2645//2593
f 1324//1309 2544//2515 2549//2492
f 1328//1310 2549//2492 1191//1314
f 2651//2598 2283//2244 2650//2599
f 2651//2598 2263//2233 2284//2245
f 2654//2600 2649//2601 2653//2602
f 2636//2588 2650//2599 2654//2600
f 2636//2588 2634//2584 2651//2598
f 2656//2603 2652//2604 2655//2605
f 2656//2603 2639//2591 2640//2594
f 2657//2606 2653//2602 2656//2603
f 2657//2606 2640//2594 2641//2589
f 2657//2606 2636//2588 2654//2600
f 2639//2591 2562//2534 2566//2506
f 2643//2592 2566//2506 2541//2514
f 2659//2607 2295//2259 2658//2608
f 2649//2601 2296//2260 2659//2607
f 2649//2601 2283//2244 2297//2263
f 2660//2609 2581//2556 2584//2557
f 2652//2604 2658//2608 2660//2609
f 2653//2602 2659//2607 2652//2604
f 2661//2610 2584//2557 2589//2532
f 2661//2610 2562//2534 2655//2605
f 2661//2610 2652//2604 2660//2609
f 2295//2259 2154//2125 2605//2549
f 2658//2608 2605//2549 2581//2556
f 2662//2611 1081//1063 1335//1319
f 2663//2612 1335//1319 1336//2613
f 2665//2614 2382//2330 2662//2611
f 2666//2615 2662//2611 2663//2612
f 2667//2616 2391//2337 2665//2614
f 2676//2617 2668//2618 2675//2619
f 2677//2620 2669//2621 2676//2617
f 2678//2622 2670//2623 2677//2620
f 2679//2624 2663//2612 2664//2625
f 2681//2626 2672//2627 2680//2628
f 2682//2629 2673//2630 2681//2626
f 2683//2631 2674//2632 2682//2629
f 2684//2633 2675//2619 2683//2631
f 2685//2634 2676//2617 2684//2633
f 2686//2635 2677//2620 2685//2634
f 2689//2636 2437//2398 2688//2637
f 2690//2638 2438//2397 2689//2636
f 2691//2639 2439//2400 2690//2638
f 2692//2640 2440//2402 2691//2639
f 2669//2621 2691//2639 2668//2618
f 2693//2641 2441//2375 2692//2640
f 2670//2623 2692//2640 2669//2621
f 2432//2528 2442//2373 2693//2641
f 2671//2642 2693//2641 2670//2623
f 2666//2615 2687//2643 2665//2614
f 2694//2644 2688//2637 2687//2643
f 2696//2645 2688//2637 2695//2646
f 2673//2630 2695//2646 2672//2627
f 2697//2647 2689//2636 2696//2645
f 2674//2632 2696//2645 2673//2630
f 2668//2618 2690//2638 2697//2647
f 2675//2619 2697//2647 2674//2632
f 2698//2648 2666//2615 2679//2624
f 2698//2648 2695//2646 2694//2644
f 2680//2628 2698//2648 2679//2624
f 2667//2616 2459//2393 2400//2345
f 2687//2643 2667//2616 2665//2614
f 2699//2649 2460//2396 2459//2393
f 2688//2637 2699//2649 2687//2643
f 2700//2650 2432//2528 2671//2642
f 2701//2651 2556//2527 2700//2650
f 2702//2652 2557//2502 2701//2651
f 2703//2653 2558//2500 2702//2652
f 1340//1331 2702//2652 1339//1328
f 2704//2654 2559//2503 2703//2653
f 2704//2654 1340//1331 1341//1322
f 2704//2654 1195//1321 2560//2505
f 2705//2655 2671//2642 2678//2622
f 2706//2656 2700//2650 2705//2655
f 1346//2657 2705//2655 1345//2658
f 1339//1328 2701//2651 2706//2656
f 1347//1329 2706//2656 1346//2657
f 1345//2658 2678//2622 2686//2635
f 2712//2659 1379//1360 2711//2660
f 2713//2661 1380//1359 2712//2659
f 2714//2662 1381//1361 2713//2661
f 2716//2663 1383//1730 2715//2664
f 2717//2665 1384//1364 2716//2663
f 2718//2666 1385//1363 2717//2665
f 1386//1365 2711//2660 1379//1360
f 2721//2667 2711//2660 2720//2668
f 2722//2669 2712//2659 2721//2667
f 2723//2670 2713//2661 2722//2669
f 2725//2671 2715//2664 2724//2672
f 2726//2673 2716//2663 2725//2671
f 2719//2674 2717//2665 2726//2673
f 2718//2666 2720//2668 2711//2660
f 2728//2675 2719//2674 2727//2676
f 2721//2667 2728//2675 2729//2677
f 2730//2678 2721//2667 2729//2677
f 2731//2679 2722//2669 2730//2678
f 2734//2680 2724//2672 2733//2681
f 2735//2682 2725//2671 2734//2680
f 2726//2673 2727//2676 2719//2674
f 2741//2683 2727//2676 2740//2684
f 2729//2677 2741//2683 2742//2685
f 2743//2686 2736//2687 2737//2688
f 2743//2686 2729//2677 2742//2685
f 2743//2686 2738//2689 2744//2690
f 2744//2690 2730//2678 2743//2686
f 2746//2691 2732//2692 2745//2693
f 2747//2694 2733//2681 2746//2691
f 2739//2695 2734//2680 2747//2694
f 2735//2682 2740//2684 2727//2676
f 2750//2696 2736//2687 2749//2697
f 2751//2698 2737//2688 2750//2696
f 2754//2699 2739//2695 2753//2700
f 2755//2701 2740//2684 2754//2699
f 2748//2702 2741//2683 2755//2701
f 2748//2702 2736//2687 2742//2685
f 2757//2703 2745//2693 2756//2704
f 2752//2705 2746//2691 2757//2703
f 2747//2694 2753//2700 2739//2695
f 2759//2706 2748//2702 2758//2707
f 2760//2708 2749//2697 2759//2706
f 2761//2709 2750//2696 2760//2708
f 2763//2710 2752//2705 2762//2711
f 2764//2712 2753//2700 2763//2710
f 2765//2713 2754//2699 2764//2712
f 2755//2701 2758//2707 2748//2702
f 2766//2714 2707//2715 2708//2716
f 2767//2717 2756//2704 2766//2714
f 2757//2703 2762//2711 2752//2705
f 2771//2718 2758//2707 2770//2719
f 2772//2720 2759//2706 2771//2718
f 2761//2709 2772//2720 2773//2721
f 2775//2722 2762//2711 2774//2723
f 2776//2724 2763//2710 2775//2722
f 2777//2725 2764//2712 2776//2724
f 2765//2713 2770//2719 2758//2707
f 2778//2726 2708//2716 2709//2727
f 2779//2728 2766//2714 2778//2726
f 2767//2717 2774//2723 2762//2711
f 2781//2729 2768//2730 2769//2731
f 2771//2718 2782//2732 2783//2733
f 2772//2720 2783//2733 2784//2734
f 2773//2721 2784//2734 2785//2735
f 2775//2722 2786//2736 2787//2737
f 2776//2724 2787//2737 2788//2738
f 2777//2725 2788//2738 2789//2739
f 2777//2725 2782//2732 2770//2719
f 2778//2726 2710//2740 2790//2741
f 2779//2728 2790//2741 2791//2742
f 2791//2742 2774//2723 2779//2728
f 2793//2743 1382//1362 2714//2662
f 1407//1383 2793//2743 2794//2744
f 2795//2745 1407//1383 2794//2744
f 1409//1388 2795//2745 2796//2746
f 2797//1389 2796//2746 2798//2747
f 2800//2748 2714//2662 2723//2670
f 2801//2749 2793//2743 2800//2748
f 2795//2745 2801//2749 2802//2750
f 2796//2746 2802//2750 2803//2751
f 2798//2747 2803//2751 2804//2752
f 2799//2753 2804//2752 2805//2754
f 2807//2755 2723//2670 2731//2679
f 2808//2756 2800//2748 2807//2755
f 2809//2757 2801//2749 2808//2756
f 2803//2751 2809//2757 2810//2758
f 2811//2759 2803//2751 2810//2758
f 2812//2760 2804//2752 2811//2759
f 2806//2761 2812//2760 2813//2762
f 2744//2690 2814//2763 2815//2764
f 2807//2755 2744//2690 2815//2764
f 2816//2765 2807//2755 2815//2764
f 2817//2766 2808//2756 2816//2765
f 2818//2767 2809//2757 2817//2766
f 2819//2768 2810//2758 2818//2767
f 2812//2760 2819//2768 2820//2769
f 2814//2763 2751//2698 2821//2770
f 2822//2771 2814//2763 2821//2770
f 2823//2772 2815//2764 2822//2771
f 2824//2773 2816//2765 2823//2772
f 2826//2774 2824//2773 2823//2772
f 2818//2767 2824//2773 2827//2775
f 2828//2776 2818//2767 2827//2775
f 2829//2777 2751//2698 2761//2709
f 2830//2778 2821//2770 2829//2777
f 2831//2779 2822//2771 2830//2778
f 2832//2780 2831//2779 2830//2778
f 2826//2774 2831//2779 2825//2781
f 2829//2777 2773//2721 2833//2782
f 2830//2778 2833//2782 2834//2783
f 2832//2780 2781//2729 2769//2731
f 2836//2784 2830//2778 2834//2783
f 2837//2785 2834//2783 2835//2786
f 2833//2782 2785//2735 2838//2787
f 2834//2783 2838//2787 2839//2788
f 2835//2786 2839//2788 2840//2789
f 2836//2784 2792//2790 2781//2729
f 2837//2785 2842//2791 2836//2784
f 2843//2792 2835//2786 2840//2789
f 2843//2792 2841//2793 2844//2794
f 2848//2795 1451//1431 2847//2796
f 2849//2797 1452//1428 2848//2795
f 1453//1427 2846//2798 1450//1566
f 1455//1430 2850//2799 2851//2800
f 1455//1430 2847//2796 1451//1431
f 2852//2801 1454//1429 1456//1432
f 2855//2802 2847//2796 2854//2803
f 2856//2804 2848//2795 2855//2802
f 2849//2797 2853//2805 2846//2798
f 2851//2800 2857//2806 2858//2807
f 2858//2807 2847//2796 2851//2800
f 2859//2808 2850//2799 2852//2801
f 2855//2802 2862//2809 2863//2810
f 2860//2811 2855//2802 2863//2810
f 2856//2804 2861//2812 2853//2805
f 2858//2807 2864//2813 2865//2814
f 2865//2814 2854//2803 2858//2807
f 2866//2815 2857//2806 2859//2808
f 2868//2816 2860//2811 2867//2817
f 2870//2818 2862//2809 2869//2819
f 2863//2810 2867//2817 2860//2811
f 2865//2814 2871//2820 2872//2821
f 2872//2821 2862//2809 2865//2814
f 2873//2822 2864//2813 2866//2815
f 2875//2823 2867//2817 2874//2824
f 2870//2818 2877//2825 2878//2826
f 2870//2818 2874//2824 2867//2817
f 2872//2821 2879//2827 2876//2828
f 2876//2828 2869//2819 2872//2821
f 2880//2829 2871//2820 2873//2822
f 2883//2830 2874//2824 2882//2831
f 2877//2825 2884//2832 2885//2833
f 2878//2826 2885//2833 2886//2834
f 2878//2826 2882//2831 2874//2824
f 2887//2835 2876//2828 2879//2827
f 2888//2836 2879//2827 2880//2829
f 2892//2837 2882//2831 2891//2838
f 2883//2830 2889//2839 2881//2840
f 2885//2833 2893//2841 2894//2842
f 2886//2834 2894//2842 2890//2843
f 2886//2834 2891//2838 2882//2831
f 2895//2844 2884//2832 2887//2835
f 2896//2845 2887//2835 2888//2836
f 2899//2846 2890//2843 2898//2847
f 2900//2848 2891//2838 2899//2846
f 2892//2837 2897//2849 2889//2839
f 2894//2842 2901//2850 2902//2851
f 2894//2842 2898//2847 2890//2843
f 2903//2852 2893//2841 2895//2844
f 2904//2853 2895//2844 2896//2845
f 2907//2854 1583//1556 2906//2855
f 2908//2856 1584//1555 2907//2854
f 1585//1557 2905//2857 1582//1733
f 2910//2858 1586//1562 2909//2859
f 2911//2860 1587//1559 2910//2858
f 1588//1558 2906//2855 1583//1556
f 2913//2861 1589//1565 2912//2862
f 2914//2863 1590//1561 2913//2861
f 1591//1560 2909//2859 1586//1562
f 2915//2864 1450//1566 2846//2798
f 2916//2865 1592//1564 2915//2864
f 1593//1563 2912//2862 1589//1565
f 2921//2866 2906//2855 2920//2867
f 2922//2868 2907//2854 2921//2866
f 2908//2856 2919//2869 2905//2857
f 2924//2870 2909//2859 2923//2871
f 2925//2872 2910//2858 2924//2870
f 2911//2860 2920//2867 2906//2855
f 2927//2873 2912//2862 2926//2874
f 2928//2875 2913//2861 2927//2873
f 2914//2863 2923//2871 2909//2859
f 2929//2876 2846//2798 2853//2805
f 2930//2877 2915//2864 2929//2876
f 2916//2865 2926//2874 2912//2862
f 2932//2878 2917//2879 2931//2880
f 2937//2881 2920//2867 2936//2882
f 2933//2883 2921//2866 2937//2881
f 2922//2868 2934//2884 2919//2869
f 2940//2885 2923//2871 2939//2886
f 2935//2887 2924//2870 2940//2885
f 2925//2872 2936//2882 2920//2867
f 2943//2888 2926//2874 2942//2889
f 2938//2890 2927//2873 2943//2888
f 2928//2875 2939//2886 2923//2871
f 2944//2891 2853//2805 2861//2812
f 2941//2892 2929//2876 2944//2891
f 2930//2877 2942//2889 2926//2874
f 2946//2893 2933//2883 2945//2894
f 2948//2895 2935//2887 2947//2896
f 2949//2897 2936//2882 2948//2895
f 2937//2881 2945//2894 2933//2883
f 2951//2898 2938//2890 2950//2899
f 2952//2900 2939//2886 2951//2898
f 2940//2885 2947//2896 2935//2887
f 2954//2901 2941//2892 2953//2902
f 2955//2903 2942//2889 2954//2901
f 2943//2888 2950//2899 2938//2890
f 2956//2904 2861//2812 2868//2816
f 2944//2891 2953//2902 2941//2892
f 2959//2905 2945//2894 2958//2906
f 2962//2907 2947//2896 2961//2908
f 2957//2909 2948//2895 2962//2907
f 2949//2897 2958//2906 2945//2894
f 2965//2910 2950//2899 2964//2911
f 2960//2912 2951//2898 2965//2910
f 2952//2900 2961//2908 2947//2896
f 2967//2913 2953//2902 2966//2914
f 2963//2915 2954//2901 2967//2913
f 2955//2903 2964//2911 2950//2899
f 2968//2916 2868//2816 2875//2823
f 2956//2904 2966//2914 2953//2902
f 2970//2917 2957//2909 2969//2918
f 2971//2919 2958//2906 2970//2917
f 2959//2905 2708//2716 2707//2715
f 2973//2920 2960//2912 2972//2921
f 2974//2922 2961//2908 2973//2920
f 2962//2907 2969//2918 2957//2909
f 2976//2923 2963//2915 2975//2924
f 2977//2925 2964//2911 2976//2923
f 2965//2910 2972//2921 2960//2912
f 2979//2926 2966//2914 2978//2927
f 2967//2913 2975//2924 2963//2915
f 2881//2840 2875//2823 2883//2830
f 2968//2916 2978//2927 2966//2914
f 2981//2928 2969//2918 2980//2929
f 2982//2930 2970//2917 2981//2928
f 2971//2919 2709//2727 2708//2716
f 2984//2931 2972//2921 2983//2932
f 2985//2933 2973//2920 2984//2931
f 2974//2922 2980//2929 2969//2918
f 2987//2934 2975//2924 2986//2935
f 2988//2936 2976//2923 2987//2934
f 2977//2925 2983//2932 2972//2921
f 2989//2937 2881//2840 2889//2839
f 2990//2938 2978//2927 2989//2937
f 2979//2926 2986//2935 2975//2924
f 2995//2939 2980//2929 2994//2940
f 2982//2930 2995//2939 2996//2941
f 2996//2941 2709//2727 2982//2930
f 2998//2942 2983//2932 2997//2943
f 2999//2944 2984//2931 2998//2942
f 2985//2933 2994//2940 2980//2929
f 3001//2945 2986//2935 3000//2946
f 3002//2947 2987//2934 3001//2945
f 2988//2936 2997//2943 2983//2932
f 3003//2948 2889//2839 2897//2849
f 3004//2949 2989//2937 3003//2948
f 2990//2938 3000//2946 2986//2935
f 3006//2950 2991//2951 3005//2952
f 3007//2953 2992//2954 3006//2950
f 3008//2955 1582//1733 2905//2857
f 3009//2956 1758//1729 3008//2955
f 1759//1728 2715//2664 1383//1730
f 1763//1734 3011//2957 1762//1737
f 1760//1735 3012//2958 1763//1734
f 1760//1735 3010//2959 3013//2960
f 1765//1739 3014//2961 1764//1738
f 1766//1736 3015//2962 1765//1739
f 1766//1736 3011//2957 3016//2963
f 3017//2964 3011//2957 3012//2958
f 3018//2965 3012//2958 3013//2960
f 1768//1744 3019//2966 1767//1741
f 1769//1743 3020//2967 1768//1744
f 1769//1743 3014//2961 3021//2968
f 3022//2969 3014//2961 3015//2962
f 3022//2969 3016//2963 3039//2970
f 3024//2971 1770//1746 1771//1742
f 3024//2971 1767//1741 3019//2966
f 3025//2972 3019//2966 3020//2967
f 3042//2973 3020//2967 3021//2968
f 3026//2974 1770//1746 3023//2975
f 1788//1924 3028//2976 3029//2977
f 2918//2978 3027//2979 2917//2879
f 3030//2980 1781//1755 3027//2979
f 1791//1764 3031//2981 3032//2982
f 1792//1765 3032//2982 3033//2983
f 1793//1766 3033//2983 3034//2984
f 1794//1768 3034//2984 3035//2985
f 1795//1767 3035//2985 3036//2986
f 1795//1767 3028//2976 1787//1761
f 3037//2987 2905//2857 2919//2869
f 3038//2988 3008//2955 3037//2987
f 3009//2956 2724//2672 2715//2664
f 3017//2964 3039//2970 3016//2963
f 3018//2965 3040//2989 3017//2964
f 3022//2969 3042//2973 3021//2968
f 3039//2970 3043//2990 3022//2969
f 3044//2991 3040//2989 3045//2992
f 3045//2992 3041//2993 3046//2994
f 3025//2972 3047//2995 3024//2971
f 3042//2973 3048//2996 3025//2972
f 3049//2997 3043//2990 3050//2998
f 3050//2998 3044//2991 3051//2999
f 3051//2999 3045//2992 3052//3000
f 3052//3000 3046//2994 3053//3001
f 3023//2975 3054//3002 3026//2974
f 3023//2975 3047//2995 3055//3003
f 3056//3004 3047//2995 3048//2996
f 3057//3005 3048//2996 3049//2997
f 3057//3005 3050//2998 3058//3006
f 3058//3006 3051//2999 3059//3007
f 3059//3007 3052//3000 3060//3008
f 3060//3008 3053//3001 3061//3009
f 3027//2979 2931//2880 2917//2879
f 3062//3010 3026//2974 3054//3002
f 3063//3011 3054//3002 3055//3003
f 3063//3011 3056//3004 3064//3012
f 3064//3012 3057//3005 3065//3013
f 3065//3013 3058//3006 3066//3014
f 3066//3014 3059//3007 3067//3015
f 3067//3015 3060//3008 3068//3016
f 3068//3016 3061//3009 3069//3017
f 3069//3017 3028//2976 3068//3016
f 3070//3018 2931//2880 3062//3010
f 3070//3018 3063//3011 3071//3019
f 3071//3019 3064//3012 3072//3020
f 3072//3020 3065//3013 3073//3021
f 3073//3021 3066//3014 3074//3022
f 3074//3022 3067//3015 3075//3023
f 3035//2985 3074//3022 3075//3023
f 3076//3024 3067//3015 3068//3016
f 3076//3024 3035//2985 3075//3023
f 3076//3024 3028//2976 3036//2986
f 3077//3025 2919//2869 2934//2884
f 2732//2692 3037//2987 3077//3025
f 3038//2988 2733//2681 2724//2672
f 3078//3026 2934//2884 2946//2893
f 3077//3025 2745//2693 2732//2692
f 2707//2715 2946//2893 2959//2905
f 3078//3026 2756//2704 2745//2693
f 3081//3027 3080//3028 3079//3029
f 3083//3030 3082//3031 3081//3027
f 3089//3032 2768//2730 3088//3033
f 3089//3032 3079//3029 3080//3028
f 3092//3034 3086//3035 3091//3036
f 3093//3037 3087//3038 3092//3034
f 3093//3037 3079//3029 3088//3033
f 3096//3039 3090//3040 3095//3041
f 3096//3039 3092//3034 3091//3036
f 3097//3042 3093//3037 3092//3034
f 3098//3043 3081//3027 3093//3037
f 3100//3044 3094//3045 3099//3046
f 3100//3044 3096//3039 3095//3041
f 3101//3047 3097//3042 3096//3039
f 3102//3048 3098//3043 3097//3042
f 3103//3049 3083//3030 3098//3043
f 3104//3050 3084//3051 3083//3030
f 3105//3052 3100//3044 3099//3046
f 3106//3053 3101//3047 3100//3044
f 3107//3054 3102//3048 3101//3047
f 3108//3055 3103//3049 3102//3048
f 3109//3056 3104//3050 3103//3049
f 3111//3057 3107//3054 3106//3053
f 3112//3058 3108//3055 3107//3054
f 3113//3059 3109//3056 3108//3055
f 3114//3060 3110//3061 3109//3056
f 3116//3062 3112//3058 3111//3057
f 3118//3063 3112//3058 3117//3064
f 3118//3063 3114//3060 3113//3059
f 3119//3065 3115//3066 3114//3060
f 3121//3067 3118//3063 3117//3064
f 3122//3068 3119//3065 3118//3063
f 3125//3069 3086//3035 3087//3038
f 3126//3070 3087//3038 3088//3033
f 3126//3070 2768//2730 2780//3071
f 3128//3072 3090//3040 3091//3036
f 3128//3072 3086//3035 3124//3073
f 3130//3074 3094//3045 3095//3041
f 3130//3074 3090//3040 3127//3075
f 3132//3076 3094//3045 3129//3077
f 3134//3078 3132//3076 3131//3079
f 3135//3080 3099//3046 3132//3076
f 3136//3081 2991//2951 2992//2954
f 3136//3081 3134//3078 3133//3082
f 3137//3083 3135//3080 3134//3078
f 3138//3084 3105//3052 3135//3080
f 3139//3085 3106//3053 3105//3052
f 2993//3086 3136//3081 2992//2954
f 3140//3087 3137//3083 3136//3081
f 3141//3088 3138//3084 3137//3083
f 3143//3089 3138//3084 3142//3090
f 3116//3062 3139//3085 3143//3089
f 3117//3064 3143//3089 3144//3091
f 3147//3092 3119//3065 3146//3093
f 3121//3067 3144//3091 3148//3094
f 3149//3095 3144//3091 3145//3096
f 3149//3095 3121//3067 3148//3094
f 3150//3097 3145//3096 3146//3093
f 3150//3097 3122//3068 3149//3095
f 3150//3097 3119//3065 3123//3098
f 3126//3070 3151//3099 3125//3069
f 2780//3071 3152//3100 3126//3070
f 2780//3071 2792//2790 3153//3101
f 3128//3072 3154//3102 3127//3075
f 3124//3073 3155//3103 3128//3072
f 3124//3073 3151//3099 3156//3104
f 3157//3105 3151//3099 3152//3100
f 3157//3105 3153//3101 3158//3106
f 3130//3074 3159//3107 3129//3077
f 3130//3074 3154//3102 3160//3108
f 3161//3109 3154//3102 3155//3103
f 3162//3110 3155//3103 3156//3104
f 3162//3110 3157//3105 3163//3111
f 3163//3111 3158//3106 3164//3112
f 3166//3113 3131//3079 3132//3076
f 3166//3113 3129//3077 3159//3107
f 3167//3114 3159//3107 3160//3108
f 3167//3114 3161//3109 3168//3115
f 3168//3115 3162//3110 3169//3116
f 3169//3116 3163//3111 3170//3117
f 3170//3117 3164//3112 3171//3118
f 3172//3119 2991//2951 3133//3082
f 3134//3078 3172//3119 3133//3082
f 3173//3120 3131//3079 3165//3121
f 3173//3120 3166//3113 3174//3122
f 3174//3122 3167//3114 3175//3123
f 3175//3123 3168//3115 3176//3124
f 3176//3124 3169//3116 3177//3125
f 3177//3125 3170//3117 3178//3126
f 3178//3126 3171//3118 3179//3127
f 3180//3128 3005//2952 3172//3119
f 3180//3128 3173//3120 3181//3129
f 3181//3129 3174//3122 3182//3130
f 3182//3130 3175//3123 3183//3131
f 3183//3131 3176//3124 3184//3132
f 3184//3132 3177//3125 3185//3133
f 3185//3133 3178//3126 3186//3134
f 3186//3134 3179//3127 3187//3135
f 3007//2953 3180//3128 3188//3136
f 3188//3136 2993//3086 3007//2953
f 3188//3136 3181//3129 3189//3137
f 3189//3137 3140//3087 3188//3136
f 3189//3137 3182//3130 3190//3138
f 3142//3090 3189//3137 3190//3138
f 3191//3139 3182//3130 3183//3131
f 3143//3089 3190//3138 3191//3139
f 3191//3139 3184//3132 3192//3140
f 3144//3091 3191//3139 3192//3140
f 3193//3141 3184//3132 3185//3133
f 3145//3096 3192//3140 3193//3141
f 3193//3141 3186//3134 3194//3142
f 3194//3142 3145//3096 3193//3141
f 3195//3143 3186//3134 3187//3135
f 3195//3143 3146//3093 3194//3142
f 1935//1912 3010//2959 1761//1731
f 1936//1913 3196//3144 1935//1912
f 1410//1385 3197//3145 1936//1913
f 1410//1385 2797//1389 3198//3146
f 3199//3147 2797//1389 2798//2747
f 3199//3147 2799//2753 3219//3148
f 3200//3149 3010//2959 3196//3144
f 3200//3149 3197//3145 3201//3150
f 3201//3150 3198//3146 3202//3151
f 3202//3151 3199//3147 3203//3152
f 3018//2965 3200//3149 3222//3153
f 3209//3154 3205//3155 3210//3156
f 1944//1921 3209//3154 3210//3156
f 3211//3157 3205//3155 3206//3158
f 1945//1922 3210//3156 3211//3157
f 3211//3157 3207//3159 3212//3160
f 3212//3160 1945//1922 3211//3157
f 1947//1925 3029//2977 3213//3161
f 1948//1927 3213//3161 3214//3162
f 1949//1926 3214//3162 3208//3163
f 1949//1926 3209//3154 1943//1920
f 1951//1929 3215//3164 1950//1928
f 3216//3165 1946//1923 3212//3160
f 1953//1930 3217//3166 1952//2317
f 3218//3167 1950//1928 3215//3164
f 3220//3168 2799//2753 2805//2754
f 3220//3168 2806//2761 3221//3169
f 3201//3150 3222//3153 3200//3149
f 3202//3151 3223//3170 3201//3150
f 3203//3152 3224//3171 3202//3151
f 3203//3152 3219//3148 3225//3172
f 3226//3173 3219//3148 3220//3168
f 3227//3174 3220//3168 3221//3169
f 3222//3153 3041//2993 3018//2965
f 3228//3175 3223//3170 3229//3176
f 3230//3177 3223//3170 3224//3171
f 3231//3178 3224//3171 3225//3172
f 3231//3178 3226//3173 3232//3179
f 3233//3180 3226//3173 3227//3174
f 3046//2994 3228//3175 3234//3181
f 3234//3181 3229//3176 3235//3182
f 3235//3182 3230//3177 3236//3183
f 3237//3184 3230//3177 3231//3178
f 3237//3184 3232//3179 3238//3185
f 3239//3186 3232//3179 3233//3180
f 3053//3001 3234//3181 3240//3187
f 3240//3187 3235//3182 3241//3188
f 3241//3188 3236//3183 3242//3189
f 3243//3190 3236//3183 3237//3184
f 3243//3190 3204//3191 3242//3189
f 3244//3192 3237//3184 3238//3185
f 3244//3192 3205//3155 3243//3190
f 3245//3193 3238//3185 3239//3186
f 3207//3159 3244//3192 3245//3193
f 3061//3009 3240//3187 3246//3194
f 3246//3194 3241//3188 3247//3195
f 3204//3191 3241//3188 3242//3189
f 3204//3191 3208//3163 3247//3195
f 3249//3196 3207//3159 3245//3193
f 3069//3017 3246//3194 3250//3197
f 3213//3161 3069//3017 3250//3197
f 3251//3198 3246//3194 3247//3195
f 3214//3162 3250//3197 3251//3198
f 3251//3198 3208//3163 3214//3162
f 3216//3165 3253//3199 3215//3164
f 3248//3200 3212//3160 3249//3196
f 3218//3167 3255//3201 3217//3166
f 3252//3202 3215//3164 3253//3199
f 3256//3203 2806//2761 2813//2762
f 3227//3174 3256//3203 3257//3204
f 3233//3180 3257//3204 3258//3205
f 3260//3206 3233//3180 3258//3205
f 3261//3207 3260//3206 3259//3208
f 3262//3209 3239//3186 3260//3206
f 3264//3210 3261//3207 3263//3211
f 3264//3210 3248//3200 3249//3196
f 3264//3210 3245//3193 3262//3209
f 3253//3199 3265//3212 3252//3202
f 3266//3213 3248//3200 3263//3211
f 3255//3201 3267//3214 3254//3215
f 3268//3216 3252//3202 3265//3212
f 2813//2762 2820//2769 3269//3217
f 3270//3218 2813//2762 3269//3217
f 3271//3219 3270//3218 3269//3217
f 3257//3204 3270//3218 3272//3220
f 3273//3221 3272//3220 3271//3219
f 3258//3205 3272//3220 3274//3222
f 3275//3223 3274//3222 3273//3221
f 3259//3208 3258//3205 3274//3222
f 3276//3224 3259//3208 3275//3223
f 3278//3225 3261//3207 3276//3224
f 3277//3226 3265//3212 3266//3213
f 3266//3213 3278//3225 3277//3226
f 3268//3216 3282//3227 3267//3214
f 3268//3216 3280//3228 3279//3229
f 3283//3230 2826//2774 2825//2781
f 3285//3231 2826//2774 3284//3232
f 3285//3231 2828//2776 2827//2775
f 2820//2769 2828//2776 3286//3233
f 3287//3234 2820//2769 3286//3233
f 3288//3235 3080//3028 3082//3031
f 3288//3235 3284//3232 3283//3230
f 3289//3236 3285//3231 3284//3232
f 3291//3237 3285//3231 3290//3238
f 3291//3237 3287//3234 3286//3233
f 3271//3219 3287//3234 3292//3239
f 3084//3051 3288//3235 3082//3031
f 3293//3240 3289//3236 3288//3235
f 3294//3241 3290//3238 3289//3236
f 3296//3242 3290//3238 3295//3243
f 3296//3242 3292//3239 3291//3237
f 3273//3221 3292//3239 3297//3244
f 3085//3245 3293//3240 3084//3051
f 3298//3246 3294//3241 3293//3240
f 3299//3247 3295//3243 3294//3241
f 3300//3248 3296//3242 3295//3243
f 3302//3249 3296//3242 3301//3250
f 3275//3223 3297//3244 3302//3249
f 3303//3251 3299//3247 3298//3246
f 3304//3252 3300//3248 3299//3247
f 3305//3253 3301//3250 3300//3248
f 3307//3254 3301//3250 3306//3255
f 3307//3254 3275//3223 3302//3249
f 3309//3256 3306//3255 3308//3257
f 3309//3256 3277//3226 3278//3225
f 3309//3256 3276//3224 3307//3254
f 3311//3258 3279//3229 3280//3228
f 3311//3258 3277//3226 3308//3257
f 3313//3259 3281//3260 3282//3227
f 3282//3227 3310//3261 3313//3259
f 3089//3032 2832//2780 2769//2731
f 3314//3262 3080//3028 3283//3230
f 3314//3262 2825//2781 2832//2780
f 3110//3061 3085//3245 3104//3050
f 3303//3251 3085//3245 3315//3263
f 3316//3264 3303//3251 3315//3263
f 3317//3265 3304//3252 3316//3264
f 3318//3266 3305//3253 3317//3265
f 3115//3066 3315//3263 3110//3061
f 3319//3267 3316//3264 3315//3263
f 3321//3268 3316//3264 3320//3269
f 3322//3270 3317//3265 3321//3268
f 3308//3257 3318//3266 3322//3270
f 3120//3271 3319//3267 3115//3066
f 3323//3272 3320//3269 3319//3267
f 3326//3273 3310//3261 3311//3258
f 3311//3258 3322//3270 3326//3273
f 3328//3274 3312//3275 3313//3259
f 3313//3259 3325//3276 3328//3274
f 3334//3277 3329//3278 3330//3279
f 3321//3268 3333//3280 3334//3277
f 3335//3281 3330//3279 3331//3282
f 3335//3281 3321//3268 3334//3277
f 3323//3272 3147//3092 3336//3283
f 3324//3284 3336//3283 3332//3285
f 3324//3284 3333//3280 3320//3269
f 3326//3273 3337//3286 3325//3276
f 3338//3287 3322//3270 3335//3281
f 3341//3288 3327//3289 3328//3274
f 3341//3288 3325//3276 3337//3286
f 3342//3290 2792//2790 2842//2791
f 3342//3290 2843//2792 3343//3291
f 3343//3291 2844//2794 3344//3292
f 3344//3292 2845//3293 3345//3294
f 3158//3106 3342//3290 3347//3295
f 3347//3295 3343//3291 3348//3296
f 3348//3296 3344//3292 3349//3297
f 3349//3297 3345//3294 3350//3298
f 3350//3298 3346//3299 3351//3300
f 3164//3112 3347//3295 3352//3301
f 3352//3301 3348//3296 3353//3302
f 3353//3302 3349//3297 3354//3303
f 3354//3303 3350//3298 3355//3304
f 3356//3305 3350//3298 3351//3300
f 3171//3118 3352//3301 3357//3306
f 3357//3306 3353//3302 3358//3307
f 3359//3308 3353//3302 3354//3303
f 3359//3308 3355//3304 3360//3309
f 3361//3310 3355//3304 3356//3305
f 3179//3127 3357//3306 3362//3311
f 3363//3312 3357//3306 3358//3307
f 3364//3313 3358//3307 3359//3308
f 3330//3279 3363//3312 3364//3313
f 3365//3314 3359//3308 3360//3309
f 3331//3282 3364//3313 3365//3314
f 3187//3135 3362//3311 3366//3315
f 3329//3278 3362//3311 3363//3312
f 3329//3278 3332//3285 3366//3315
f 3367//3316 3331//3282 3365//3314
f 3368//3317 3187//3135 3366//3315
f 3336//3283 3195//3143 3368//3317
f 3368//3317 3332//3285 3336//3283
f 3338//3287 3369//3318 3337//3286
f 3370//3319 3335//3281 3367//3316
f 3340//3320 3371//3321 3339//3322
f 3341//3288 3372//3323 3340//3320
f 3373//3324 3337//3286 3369//3318
f 3374//3325 1456//1432 2025//1979
f 3375//1039 2025//1979 2026//1980
f 3376//2339 2026//1980 2027//1062
f 3377//3326 2027//1062 2028//1981
f 3378//619 2028//1981 2029//1952
f 3379//3327 2029//1952 2030//1056
f 3380//3328 2030//1056 2031//1983
f 3381//3329 2031//1983 2032//1984
f 3382//3330 2032//1984 2033//1985
f 3383//3331 2033//1985 2034//1986
f 3385//3332 2852//2801 3374//3325
f 3386//618 3374//3325 3375//1039
f 3387//1045 3375//1039 3376//2339
f 3388//3333 3376//2339 3377//3326
f 3389//3334 3377//3326 3378//619
f 3390//3335 3378//619 3379//3327
f 3391//3336 3379//3327 3380//3328
f 3392//3337 3380//3328 3381//3329
f 3393//3338 3381//3329 3382//3330
f 3395//3339 3382//3330 3383//3331
f 3395//3339 3394//3340 3393//3338
f 3384//3341 3395//3339 3383//3331
f 3397//3342 2859//2808 3385//3332
f 3398//3343 3385//3332 3386//618
f 3399//3344 3386//618 3387//1045
f 3400//1935 3387//1045 3388//3333
f 3401//1042 3388//3333 3389//3334
f 3402//3345 3389//3334 3390//3335
f 3403//3346 3390//3335 3391//3336
f 3404//3347 3391//3336 3392//3337
f 3405//3348 3392//3337 3393//3338
f 3394//3340 3405//3348 3393//3338
f 3407//3349 2866//2815 3397//3342
f 3408//3350 3397//3342 3398//3343
f 3409//1040 3398//3343 3399//3344
f 3410//1949 3399//3344 3400//1935
f 3411//1042 3400//1935 3401//1042
f 3412//3351 3401//1042 3402//3345
f 3403//3346 3412//3351 3402//3345
f 3416//3352 3403//3346 3404//3347
f 3416//3352 3414//3353 3413//3354
f 3405//3348 3416//3352 3404//3347
f 3417//3355 3415//3356 3414//3353
f 3406//3357 3417//3355 3405//3348
f 3419//3358 2873//2822 3407//3349
f 3420//3359 3407//3349 3408//3350
f 3421//1960 3408//3350 3409//1040
f 3422//3360 3409//1040 3410//1949
f 3423//601 3410//1949 3411//1042
f 3424//3361 3411//1042 3412//3351
f 3425//3362 3412//3351 3413//3354
f 3414//3353 3425//3362 3413//3354
f 3415//3356 3426//3363 3414//3353
f 3428//3364 2880//2829 3419//3358
f 3429//3365 3419//3358 3420//3359
f 3430//1033 3420//3359 3421//1960
f 3431//1970 3421//1960 3422//3360
f 3432//3366 3422//3360 3423//601
f 3433//3367 3423//601 3424//3361
f 3434//3368 3424//3361 3425//3362
f 3435//3369 3425//3362 3426//3363
f 3436//3370 3426//3363 3427//3371
f 3437//3372 2888//2836 3428//3364
f 3438//1947 3428//3364 3429//3365
f 3439//1033 3429//3365 3430//1033
f 3440//619 3430//1033 3431//1970
f 3441//3373 3431//1970 3432//3366
f 3442//3374 3432//3366 3433//3367
f 3443//3375 3433//3367 3434//3368
f 3444//3376 3434//3368 3435//3369
f 3445//3377 3435//3369 3436//3370
f 3446//1056 2896//2845 3437//3372
f 3447//2326 3437//3372 3438//1947
f 3448//1033 3438//1947 3439//1033
f 3449//3378 3439//1033 3440//619
f 3450//3379 3440//619 3441//3373
f 3451//3380 3441//3373 3442//3374
f 3452//3381 3442//3374 3443//3375
f 3453//3382 3443//3375 3444//3376
f 3445//3377 3453//3382 3444//3376
f 3462//3383 2095//2049 2096//2048
f 3462//3383 3457//3384 3456//3385
f 3463//3386 2096//2048 2097//2053
f 3466//3387 2098//2481 2099//2480
f 3466//3387 3459//3388 3458//3389
f 3467//3390 2099//2480 2100//2483
f 3467//3390 3460//3391 3459//3388
f 3468//3392 2100//2483 2101//2485
f 3468//3392 3461//3393 3460//3391
f 2095//2049 2101//2485 2102//2047
f 3455//3394 2932//2878 3469//3395
f 3475//3396 3456//3385 3457//3384
f 3479//3397 3458//3389 3459//3388
f 3479//3397 3472//3398 3471//3399
f 3480//3400 3459//3388 3460//3391
f 3480//3400 3473//3401 3472//3398
f 3481//3402 3460//3391 3461//3393
f 3481//3402 3474//3403 3473//3401
f 3456//3385 3461//3393 3462//3383
f 3396//3404 3476//3405 3394//3340
f 3464//3406 3396//3404 3384//3341
f 3482//3407 3477//3408 3476//3405
f 3465//3409 3482//3407 3464//3406
f 3483//3410 3478//3411 3477//3408
f 3458//3389 3465//3409 3466//3387
f 3490//3412 3471//3399 3472//3398
f 3491//3413 3472//3398 3473//3401
f 3492//3414 3484//3415 3491//3413
f 3492//3414 3473//3401 3474//3403
f 3492//3414 3486//3416 3485//3417
f 3470//3418 3474//3403 3475//3396
f 3476//3405 3406//3357 3394//3340
f 3494//3419 3476//3405 3477//3408
f 3494//3419 3488//3420 3487//3421
f 3495//3422 3477//3408 3478//3411
f 3495//3422 3489//3423 3488//3420
f 3471//3399 3478//3411 3479//3397
f 3499//3424 3484//3415 3485//3417
f 3500//3425 3485//3417 3486//3416
f 3503//3426 3487//3421 3488//3420
f 3504//3427 3488//3420 3489//3423
f 3505//3428 3489//3423 3490//3412
f 3497//3429 3490//3412 3491//3413
f 3497//3429 3484//3415 3498//3430
f 3418//3431 3501//3432 3415//3356
f 3506//3433 3406//3357 3493//3434
f 3506//3433 3502//3435 3501//3432
f 3487//3421 3493//3434 3494//3419
f 3512//3436 3497//3429 3498//3430
f 3513//3437 3498//3430 3499//3424
f 3507//3438 3499//3424 3500//3425
f 3507//3438 3496//3439 3508//3440
f 3514//3441 3415//3356 3501//3432
f 3515//3442 3501//3432 3502//3435
f 3503//3426 3515//3442 3502//3435
f 3517//3443 3509//3444 3516//3445
f 3517//3443 3503//3426 3504//3427
f 3518//3446 3510//3447 3517//3443
f 3518//3446 3504//3427 3505//3428
f 3518//3446 3497//3429 3511//3448
f 3520//3449 3507//3438 3508//3440
f 3523//3450 3509//3444 3510//3447
f 3524//3451 3510//3447 3511//3448
f 3512//3436 3524//3451 3511//3448
f 3526//3452 3512//3436 3513//3437
f 3513//3437 3519//3453 3526//3452
f 3527//3454 3427//3371 3514//3441
f 3528//3455 3514//3441 3515//3442
f 3521//3456 3515//3442 3516//3445
f 3521//3456 3509//3444 3522//3457
f 3531//3458 3519//3453 3520//3449
f 3533//3459 3521//3456 3522//3457
f 3534//3460 3522//3457 3523//3450
f 3535//3461 3523//3450 3524//3451
f 3536//3462 3524//3451 3525//3463
f 3529//3464 3525//3463 3526//3452
f 3526//3452 3530//3465 3529//3464
f 3537//3466 3436//3370 3527//3454
f 3538//3467 3527//3454 3528//3455
f 3528//3455 3532//3468 3538//3467
f 3540//3469 3529//3464 3530//3465
f 3541//3470 3530//3465 3531//3458
f 3543//3471 3532//3468 3533//3459
f 3544//3472 3533//3459 3534//3460
f 3545//3473 3534//3460 3535//3461
f 3546//3474 3535//3461 3536//3462
f 3536//3462 3539//3475 3546//3474
f 3547//3476 3445//3377 3537//3466
f 3548//3477 3537//3466 3538//3467
f 3538//3467 3542//3478 3548//3477
f 3455//3394 3030//2980 2918//2978
f 2235//2184 3030//2980 3549//3479
f 3031//2981 3549//3479 3550//3480
f 3551//3481 3031//2981 3550//3480
f 3552//3482 3032//2982 3551//3481
f 3553//3483 3033//2983 3552//3482
f 3558//3484 2236//2186 2237//2189
f 3558//3484 3555//3485 3554//3486
f 3559//3487 2237//2189 2238//2188
f 3563//3488 2239//2194 2240//2193
f 3556//3489 2240//2193 2241//2187
f 3556//3489 2236//2186 3557//3490
f 3565//3491 2243//2198 2244//2197
f 3565//3491 3561//3492 3560//3493
f 3566//3494 2244//2197 2245//2200
f 3566//3494 3562//3495 3561//3492
f 2239//2194 2245//2200 2246//2192
f 3463//3386 3564//3496 3457//3384
f 2243//2198 2097//2053 2248//2196
f 3469//3395 3070//3018 3567//3497
f 3549//3479 3469//3395 3567//3497
f 3568//3498 3070//3018 3071//3019
f 3550//3480 3567//3497 3568//3498
f 3569//3499 3071//3019 3072//3020
f 3551//3481 3568//3498 3569//3499
f 3570//3500 3072//3020 3073//3021
f 3552//3482 3569//3499 3570//3500
f 3571//3501 3073//3021 3074//3022
f 3553//3483 3570//3500 3571//3501
f 3571//3501 3034//2984 3553//3483
f 3576//3502 3554//3486 3555//3485
f 3580//3503 3573//3504 3579//3505
f 3580//3503 3556//3489 3557//3490
f 3580//3503 3575//3506 3574//3507
f 3554//3486 3557//3490 3558//3484
f 3583//3508 3560//3493 3561//3492
f 3584//3509 3577//3510 3583//3508
f 3584//3509 3561//3492 3562//3495
f 3585//3511 3578//3512 3584//3509
f 3585//3511 3562//3495 3563//3488
f 3585//3511 3556//3489 3579//3505
f 3475//3396 3581//3513 3470//3418
f 3586//3514 3457//3384 3564//3496
f 3586//3514 3582//3515 3581//3513
f 3560//3493 3564//3496 3565//3491
f 3591//3516 3573//3504 3574//3507
f 3592//3517 3574//3507 3575//3506
f 3587//3518 3575//3506 3576//3502
f 3576//3502 3588//3519 3587//3518
f 3595//3520 3577//3510 3578//3512
f 3589//3521 3578//3512 3579//3505
f 3589//3521 3573//3504 3590//3522
f 3596//3523 3470//3418 3581//3513
f 3597//3524 3581//3513 3582//3515
f 3593//3525 3582//3515 3583//3508
f 3593//3525 3577//3510 3594//3526
f 3601//3527 3587//3518 3588//3519
f 3604//3528 3589//3521 3590//3522
f 3605//3529 3590//3522 3591//3516
f 3599//3530 3591//3516 3592//3517
f 3592//3517 3600//3531 3599//3530
f 3608//3532 3593//3525 3594//3526
f 3602//3533 3594//3526 3595//3520
f 3595//3520 3603//3534 3602//3533
f 3609//3535 3496//3439 3500//3425
f 3609//3535 3486//3416 3596//3523
f 3610//3536 3606//3537 3609//3535
f 3610//3536 3596//3523 3597//3524
f 3610//3536 3593//3525 3607//3538
f 3613//3539 3599//3530 3600//3531
f 3614//3540 3600//3531 3601//3527
f 3601//3527 3611//3541 3614//3540
f 3616//3542 3602//3533 3603//3534
f 3617//3543 3603//3534 3604//3528
f 3618//3544 3604//3528 3605//3529
f 3605//3529 3612//3545 3618//3544
f 3619//3546 3496//3439 3606//3537
f 3620//3547 3606//3537 3607//3538
f 3608//3532 3620//3547 3607//3538
f 3608//3532 3615//3548 3621//3549
f 3625//3550 3612//3545 3613//3539
f 3626//3551 3613//3539 3614//3540
f 3614//3540 3622//3552 3626//3551
f 3629//3553 3615//3548 3616//3542
f 3630//3554 3616//3542 3617//3543
f 3623//3555 3617//3543 3618//3544
f 3618//3544 3624//3556 3623//3555
f 3631//3557 3508//3440 3619//3546
f 3632//3558 3619//3546 3620//3547
f 3627//3559 3620//3547 3621//3549
f 3621//3549 3628//3560 3627//3559
f 3635//3561 3623//3555 3624//3556
f 3636//3562 3624//3556 3625//3550
f 3637//3563 3625//3550 3626//3551
f 3626//3551 3633//3564 3637//3563
f 3639//3565 3627//3559 3628//3560
f 3640//3566 3628//3560 3629//3553
f 3641//3567 3629//3553 3630//3554
f 3630//3554 3634//3568 3641//3567
f 3642//3569 3520//3449 3631//3557
f 3643//3570 3631//3557 3632//3558
f 3632//3558 3638//3571 3643//3570
f 3647//3572 3634//3568 3635//3561
f 3648//3573 3635//3561 3636//3562
f 3644//3574 3636//3562 3637//3563
f 3637//3563 3645//3575 3644//3574
f 3650//3576 3638//3571 3639//3565
f 3651//3577 3639//3565 3640//3566
f 3652//3578 3640//3566 3641//3567
f 3641//3567 3646//3579 3652//3578
f 3653//3580 3531//3458 3642//3569
f 3654//3581 3642//3569 3643//3570
f 3643//3570 3649//3582 3654//3581
f 3656//3583 1952//2317 3217//3166
f 3659//3584 2366//2320 2367//2323
f 3655//3585 2367//2323 2368//2318
f 3655//3585 2365//2316 3656//3583
f 3657//3586 2369//2325 2370//2321
f 3657//3586 2366//2320 3658//3587
f 3661//3588 3555//3485 3559//3487
f 3661//3588 2238//2188 2373//2324
f 3661//3588 2369//2325 3660//3589
f 3656//3583 3663//3590 3655//3585
f 3254//3215 3217//3166 3255//3201
f 3665//3591 3657//3586 3658//3587
f 3662//3592 3658//3587 3659//3584
f 3659//3584 3663//3590 3662//3592
f 3572//3593 3555//3485 3660//3589
f 3660//3589 3664//3594 3572//3593
f 3668//3595 3662//3592 3663//3590
f 3668//3595 3254//3215 3267//3214
f 3669//3596 3572//3593 3664//3594
f 3666//3597 3664//3594 3665//3591
f 3665//3591 3667//3598 3666//3597
f 3671//3599 3666//3597 3667//3598
f 3281//3260 3667//3598 3668//3595
f 3281//3260 3267//3214 3282//3227
f 3598//3600 3588//3519 3669//3596
f 3669//3596 3670//3601 3598//3600
f 3672//3602 3598//3600 3670//3601
f 3673//3603 3670//3601 3671//3599
f 3671//3599 3312//3275 3673//3603
f 3674//3604 3611//3541 3672//3602
f 3675//3605 3672//3602 3673//3603
f 3673//3603 3327//3289 3675//3605
f 3676//3606 3622//3552 3674//3604
f 3339//3322 3674//3604 3675//3605
f 3675//3605 3340//3320 3339//3322
f 3677//3607 3633//3564 3676//3606
f 3676//3606 3371//3321 3677//3607
f 3678//3608 2034//1986 2428//2370
f 3678//3608 3384//3341 3383//3331
f 2429//2372 3678//3608 2428//2370
f 3679//3609 3464//3406 3384//3341
f 2536//2488 3679//3609 2429//2372
f 3680//3610 3465//3409 3464//3406
f 2098//2481 2536//2488 2537//2479
f 2783//2733 3683//3611 3684//3612
f 2784//2734 3684//3612 3685//3613
f 3686//3614 2784//2734 3685//3613
f 2787//2737 3687//3615 3688//3616
f 2788//2738 3688//3616 3689//3617
f 2789//2739 3689//3617 3690//3618
f 2789//2739 3683//3611 2782//2732
f 3691//3619 3683//3611 3690//3618
f 3692//3620 3684//3612 3691//3619
f 2790//2741 3681//3621 3693//3622
f 2791//2742 3693//3622 3694//3623
f 3694//3623 2786//2736 2791//2742
f 3686//3614 3695//3624 3696//3625
f 3689//3617 3697//3626 3698//3627
f 3699//3628 3689//3617 3698//3627
f 3691//3619 3699//3628 3700//3629
f 3692//3620 3700//3629 3701//3630
f 3692//3620 3695//3624 3685//3613
f 3693//3622 3682//3631 3702//3632
f 3694//3623 3702//3632 3703//3633
f 3687//3615 3703//3633 3704//3634
f 3704//3634 3688//3616 3687//3615
f 3707//3635 3695//3624 3706//3636
f 3698//3627 3708//3637 3709//3638
f 3699//3628 3709//3638 3710//3639
f 3700//3629 3710//3639 3711//3640
f 3705//3641 3700//3629 3711//3640
f 3701//3630 3706//3636 3695//3624
f 3703//3633 3712//3642 3713//3643
f 3704//3634 3713//3643 3714//3644
f 3714//3644 3697//3626 3704//3634
f 2838//2787 3686//3614 3715//3645
f 2839//2788 3715//3645 3716//3646
f 2840//2789 3716//3646 3717//3647
f 2841//2793 3717//3647 3718//3648
f 2841//2793 3719//3649 3720//3650
f 3720//3650 2844//2794 2841//2793
f 3715//3645 3696//3625 3722//3651
f 3716//3646 3722//3651 3723//3652
f 3717//3647 3723//3652 3724//3653
f 3718//3648 3724//3653 3725//3654
f 3719//3649 3725//3654 3726//3655
f 3727//3656 3719//3649 3726//3655
f 3721//3657 3727//3656 3728//3658
f 3729//3659 3696//3625 3707//3635
f 3730//3660 3722//3651 3729//3659
f 3731//3661 3723//3652 3730//3660
f 3725//3654 3731//3661 3732//3662
f 3726//3655 3732//3662 3733//3663
f 3727//3656 3733//3663 3734//3664
f 3735//3665 3727//3656 3734//3664
f 3738//3666 2898//2847 3737//3667
f 3739//3668 2899//2846 3738//3666
f 2900//2848 3736//3669 2897//2849
f 2902//2851 3740//3670 3741//3671
f 2902//2851 3737//3667 2898//2847
f 3742//3672 2901//2850 2903//2852
f 3743//3673 2903//2852 2904//2853
f 3746//3674 3737//3667 3745//3675
f 3747//3676 3738//3666 3746//3674
f 3739//3668 3744//3677 3736//3669
f 3741//3671 3748//3678 3749//3679
f 3749//3679 3737//3667 3741//3671
f 3750//3680 3740//3670 3742//3672
f 3751//3681 3742//3672 3743//3673
f 3754//3682 3745//3675 3753//3683
f 3755//3684 3746//3674 3754//3682
f 3747//3676 3752//3685 3744//3677
f 3749//3679 3756//3686 3757//3687
f 3749//3679 3753//3683 3745//3675
f 3758//3688 3748//3678 3750//3680
f 3759//3689 3750//3680 3751//3681
f 2995//2939 3760//3690 3761//3691
f 2996//2941 3761//3691 3762//3692
f 3762//3692 2710//2740 2996//2941
f 2998//2942 3763//3693 3764//3694
f 2999//2944 3764//3694 3765//3695
f 3765//3695 2994//2940 2999//2944
f 3001//2945 3766//3696 3767//3697
f 3002//2947 3767//3697 3768//3698
f 3768//3698 2997//2943 3002//2947
f 3769//3699 2897//2849 3736//3669
f 3770//3700 3003//2948 3769//3699
f 3770//3700 3000//2946 3004//2949
f 3761//3691 3771//3701 3772//3702
f 3762//3692 3772//3702 3773//3703
f 3773//3703 3681//3621 3762//3692
f 3764//3694 3774//3704 3775//3705
f 3765//3695 3775//3705 3776//3706
f 3776//3706 3760//3690 3765//3695
f 3767//3697 3777//3707 3778//3708
f 3768//3698 3778//3708 3779//3709
f 3779//3709 3763//3693 3768//3698
f 3780//3710 3736//3669 3744//3677
f 3770//3700 3780//3710 3781//3711
f 3781//3711 3766//3696 3770//3700
f 3772//3702 3782//3712 3783//3713
f 3773//3703 3783//3713 3784//3714
f 3775//3705 3785//3715 3786//3716
f 3776//3706 3786//3716 3787//3717
f 3787//3717 3771//3701 3776//3706
f 3789//3718 3777//3707 3788//3719
f 3779//3709 3789//3718 3790//3720
f 3790//3720 3774//3704 3779//3709
f 3791//3721 3744//3677 3752//3685
f 3792//3722 3780//3710 3791//3721
f 3781//3711 3788//3719 3777//3707
f 3682//3631 3784//3714 3793//3723
f 3793//3723 3702//3632 3682//3631
f 2845//3293 3721//3657 3794//3724
f 3346//3299 2845//3293 3794//3724
f 3795//3725 3346//3299 3794//3724
f 3796//3726 3351//3300 3795//3725
f 3361//3310 3797//3727 3360//3309
f 3361//3310 3796//3726 3798//3728
f 3799//3729 3360//3309 3797//3727
f 3800//3730 3365//3314 3799//3729
f 3370//3319 3801//3731 3369//3318
f 3802//3732 3367//3316 3800//3730
f 3372//3323 3803//3733 3371//3321
f 3373//3324 3804//3734 3372//3323
f 3805//3735 3369//3318 3801//3731
f 3806//3736 3721//3657 3728//3658
f 3795//3725 3806//3736 3807//3737
f 3808//3738 3795//3725 3807//3737
f 3798//3728 3809//3739 3797//3727
f 3810//3740 3796//3726 3808//3738
f 3811//3741 3797//3727 3809//3739
f 3813//3742 3799//3729 3811//3741
f 3802//3732 3814//3743 3801//3731
f 3812//3744 3800//3730 3813//3742
f 3816//3745 3803//3733 3804//3734
f 3817//3746 3804//3734 3805//3735
f 3805//3735 3814//3743 3817//3746
f 3818//3747 3735//3665 3734//3664
f 3806//3736 3735//3665 3819//3748
f 3820//3749 3819//3748 3818//3747
f 3807//3737 3819//3748 3821//3750
f 3823//3751 3820//3749 3822//3752
f 3823//3751 3807//3737 3821//3750
f 3825//3753 3822//3752 3824//3754
f 3825//3753 3809//3739 3810//3740
f 3825//3753 3808//3738 3823//3751
f 3826//3755 3809//3739 3824//3754
f 3828//3756 3812//3744 3813//3742
f 3828//3756 3811//3741 3826//3755
f 3814//3743 3827//3757 3829//3758
f 3831//3759 3815//3760 3816//3745
f 3832//3761 3816//3745 3817//3746
f 3817//3746 3829//3758 3832//3761
f 3833//1035 2904//2853 3446//1056
f 3834//1055 3446//1056 3447//2326
f 3835//577 3447//2326 3448//1033
f 3836//1033 3448//1033 3449//3378
f 3837//3762 3449//3378 3450//3379
f 3838//3763 3450//3379 3451//3380
f 3839//3764 3451//3380 3452//3381
f 3840//3765 3452//3381 3453//3382
f 3841//3766 3453//3382 3454//3767
f 3842//3768 3743//3673 3833//1035
f 3834//1055 3842//3768 3833//1035
f 3844//1048 3834//1055 3835//577
f 3845//1049 3835//577 3836//1033
f 3846//3769 3836//1033 3837//3762
f 3847//3770 3837//3762 3838//3763
f 3848//3771 3838//3763 3839//3764
f 3849//3772 3839//3764 3840//3765
f 3850//3773 3840//3765 3841//3766
f 3851//3774 3751//3681 3842//3768
f 3843//1045 3851//3774 3842//3768
f 3853//1045 3843//1045 3844//1048
f 3845//1049 3853//1045 3844//1048
f 3846//3769 3854//1045 3845//1049
f 3847//3770 3855//3775 3846//3769
f 3857//3776 3847//3770 3848//3771
f 3849//3772 3857//3776 3848//3771
f 3850//3773 3858//3777 3849//3772
f 3861//3778 3539//3475 3540//3469
f 3862//3779 3540//3469 3541//3470
f 3865//3780 3542//3478 3543//3471
f 3866//3781 3543//3471 3544//3472
f 3867//3782 3544//3472 3545//3473
f 3868//3783 3545//3473 3546//3474
f 3546//3474 3860//3784 3868//3783
f 3869//3785 3454//3767 3547//3476
f 3863//3786 3547//3476 3548//3477
f 3548//3477 3864//3787 3863//3786
f 3871//3788 3860//3784 3861//3778
f 3862//3779 3871//3788 3861//3778
f 3874//3789 3863//3786 3864//3787
f 3875//3790 3864//3787 3865//3780
f 3876//3791 3865//3780 3866//3781
f 3877//3792 3866//3781 3867//3782
f 3878//3793 3867//3782 3868//3783
f 3868//3783 3870//3794 3878//3793
f 3879//3795 3841//3766 3869//3785
f 3869//3785 3873//3796 3879//3795
f 3871//3788 3880//3797 3870//3794
f 3882//3798 3871//3788 3872//3799
f 3874//3789 3883//3800 3873//3796
f 3875//3790 3884//3801 3874//3789
f 3886//3802 3875//3790 3876//3791
f 3887//3803 3876//3791 3877//3792
f 3878//3793 3887//3803 3877//3792
f 3888//3804 3870//3794 3880//3797
f 3879//3795 3859//3805 3850//3773
f 3889//3806 3873//3796 3883//3800
f 3891//3807 3644//3574 3645//3575
f 3893//3808 3646//3579 3647//3572
f 3894//3809 3647//3572 3648//3573
f 3648//3573 3890//3810 3894//3809
f 3896//3811 3649//3582 3650//3576
f 3897//3812 3650//3576 3651//3577
f 3898//3813 3651//3577 3652//3578
f 3652//3578 3892//3814 3898//3813
f 3899//3815 3541//3470 3653//3580
f 3900//3816 3653//3580 3654//3581
f 3654//3581 3895//3817 3900//3816
f 3902//3818 3890//3810 3891//3807
f 3904//3819 3892//3814 3893//3808
f 3905//3820 3893//3808 3894//3809
f 3894//3809 3901//3821 3905//3820
f 3908//3822 3895//3817 3896//3811
f 3909//3823 3896//3811 3897//3812
f 3910//3824 3897//3812 3898//3813
f 3898//3813 3903//3825 3910//3824
f 3899//3815 3872//3799 3862//3779
f 3906//3826 3899//3815 3900//3816
f 3900//3816 3907//3827 3906//3826
f 3902//3818 3912//3828 3901//3821
f 3904//3819 3914//3829 3903//3825
f 3905//3820 3915//3830 3904//3819
f 3916//3831 3901//3821 3912//3828
f 3918//3832 3906//3826 3907//3827
f 3919//3833 3907//3827 3908//3822
f 3920//3834 3908//3822 3909//3823
f 3921//3835 3909//3823 3910//3824
f 3910//3824 3914//3829 3921//3835
f 3922//3836 3872//3799 3911//3837
f 3911//3837 3917//3838 3922//3836
f 3923//3839 3645//3575 3677//3607
f 3677//3607 3803//3733 3923//3839
f 3924//3840 3891//3807 3923//3839
f 3923//3839 3815//3760 3924//3840
f 3925//3841 3902//3818 3924//3840
f 3925//3841 3815//3760 3830//3842
f 1773//1745 3027//2979 1781//1755
f 13//1 12//23 7//2
f 14//4 13//1 8//3
f 20//6 19//13 15//7
f 25//9 24//21 17//10
f 26//12 25//9 18//11
f 8//3 7//2 25//9
f 6//14 26//12 19//13
f 9//5 8//3 26//12
f 29//15 28//44 21//16
f 30//18 29//15 22//17
f 31//20 30//18 23//19
f 11//22 10//188 30//18
f 7//2 31//20 24//21
f 12//23 11//22 31//20
f 39//24 38//33 33//25
f 40//27 39//24 34//26
f 16//8 15//7 39//24
f 44//29 43//39 36//30
f 45//32 44//29 37//31
f 18//11 17//10 44//29
f 15//7 45//32 38//33
f 19//13 18//11 45//32
f 48//34 47//37 41//35
f 22//17 21//16 47//37
f 49//38 48//34 42//36
f 23//19 22//17 48//34
f 17//10 49//38 43//39
f 24//21 23//19 49//38
f 4//40 2//548 46//41
f 50//42 27//193 1//43
f 50//42 46//41 47//37
f 28//44 27//193 50//42
f 58//45 57//56 51//46
f 58//45 52//47 53//48
f 63//50 62//87 54//51
f 64//53 63//50 55//52
f 65//55 64//53 56//54
f 66//57 65//55 57//56
f 66//57 58//45 59//49
f 76//59 75//72 68//60
f 77//62 76//59 69//61
f 77//62 70//63 71//64
f 81//66 80//79 72//67
f 82//69 81//66 73//68
f 83//71 82//69 74//70
f 84//73 83//71 75//72
f 85//74 84//73 76//59
f 52//47 51//46 84//73
f 85//74 77//62 78//65
f 86//75 53//48 52//47
f 87//76 9//5 6//14
f 88//78 87//76 79//77
f 89//80 88//78 80//79
f 90//81 89//80 81//66
f 55//52 54//51 89//80
f 91//82 90//81 82//69
f 56//54 55//52 90//81
f 51//46 91//82 83//71
f 57//56 56//54 91//82
f 92//83 14//4 9//5
f 60//84 5//191 14//4
f 93//85 92//83 87//76
f 61//86 60//84 92//83
f 54//51 93//85 88//78
f 62//87 61//86 93//85
f 103//88 102//103 94//89
f 104//91 103//88 95//90
f 105//93 104//91 96//92
f 69//61 68//60 104//91
f 106//95 105//93 97//94
f 70//63 69//61 105//93
f 107//97 106//95 98//96
f 107//97 71//64 70//63
f 109//99 108//106 100//100
f 110//102 109//99 101//101
f 73//68 72//67 109//99
f 111//104 110//102 102//103
f 74//70 73//68 110//102
f 68//60 111//104 103//88
f 75//72 74//70 111//104
f 112//105 20//6 16//8
f 79//77 6//14 20//6
f 72//67 112//105 108//106
f 80//79 79//77 112//105
f 121//107 113//721 114//108
f 122//109 95//90 94//89
f 122//109 114//108 115//110
f 123//111 96//92 95//90
f 123//111 115//110 116//112
f 97//94 96//92 123//111
f 124//113 116//112 117//114
f 98//96 97//94 124//113
f 125//115 117//114 118//116
f 126//117 99//98 98//96
f 127//118 35//28 32//119
f 128//121 127//118 119//120
f 101//101 100//100 127//118
f 94//89 128//121 120//122
f 102//103 101//101 128//121
f 100//100 40//27 35//28
f 108//106 16//8 40//27
f 67//58 59//49 129//123
f 131//124 129//123 130//125
f 78//65 71//64 135//127
f 137//128 135//127 136//129
f 86//75 78//65 137//128
f 140//131 137//128 138//130
f 141//132 138//130 139//133
f 53//48 86//75 140//131
f 144//135 129//123 59//49
f 144//135 140//131 141//132
f 145//136 130//125 129//123
f 145//136 141//132 142//134
f 146//137 142//134 143//138
f 130//125 145//136 146//137
f 149//140 133//142 132//126
f 149//140 146//137 147//139
f 150//141 134//200 133//142
f 150//141 147//139 148//143
f 107//97 99//98 153//145
f 156//146 135//127 71//64
f 156//146 153//145 154//147
f 157//148 136//129 135//127
f 157//148 154//147 155//149
f 136//129 157//148 158//150
f 160//151 139//133 138//130
f 160//151 158//150 159//152
f 139//133 160//151 161//153
f 163//154 143//138 142//134
f 163//154 161//153 162//155
f 143//138 163//154 164//156
f 165//157 148//143 147//139
f 148//143 165//157 166//158
f 152//160 151//144 148//143
f 126//117 118//116 168//161
f 171//162 153//145 99//98
f 171//162 168//161 169//163
f 154//147 153//145 171//162
f 172//164 169//163 170//165
f 155//149 154//147 172//164
f 174//167 158//150 155//149
f 175//168 159//152 158//150
f 176//169 177//170 175//168
f 161//153 159//152 175//168
f 162//155 161//153 177//170
f 179//172 180//173 177//170
f 180//173 181//174 178//171
f 164//156 162//155 178//171
f 182//175 183//176 180//173
f 183//176 184//177 181//174
f 165//157 164//156 181//174
f 166//158 165//157 184//177
f 186//179 167//159 166//158
f 191//180 190//186 188//181
f 3//183 189//182 188//181
f 3//183 4//40 1//43
f 193//185 192//184 188//181
f 194//1026 193//185 190//186
f 199//187 198//198 10//188
f 200//189 199//187 11//22
f 201//190 200//189 12//23
f 5//191 201//190 13//1
f 202//192 189//182 1//43
f 203//194 202//192 27//193
f 196//195 195//199 202//192
f 204//196 203//194 28//44
f 197//197 196//195 203//194
f 10//188 204//196 29//15
f 198//198 197//197 204//196
f 191//180 189//182 202//192
f 134//200 150//141 151//144
f 205//201 151//144 152//160
f 207//203 206//202 152//160
f 210//207 207//203 167//159
f 210//207 186//179 187//208
f 212//206 208//204 207//203
f 212//206 210//207 211//209
f 209//205 212//206 213//210
f 221//212 217//265 216//213
f 232//215 231//235 226//216
f 223//218 232//215 227//217
f 223//218 228//219 222//220
f 237//222 236//227 233//223
f 241//225 240//228 235//226
f 227//217 226//216 240//228
f 241//225 236//227 237//222
f 225//229 228//219 227//217
f 245//230 244//234 238//231
f 230//233 229//675 244//234
f 226//216 245//230 239//232
f 231//235 230//233 245//230
f 249//236 234//224 233//223
f 247//238 236//227 235//226
f 247//238 248//237 233//223
f 256//240 255//243 250//241
f 256//240 239//232 238//231
f 256//240 251//242 252//239
f 235//226 240//228 239//232
f 260//244 259//248 253//245
f 260//244 243//688 242//247
f 238//231 260//244 254//246
f 244//234 243//688 260//244
f 266//249 248//237 247//238
f 262//251 249//236 248//237
f 249//236 262//251 263//252
f 270//254 251//242 250//241
f 264//256 252//239 251//242
f 252//239 264//256 265//250
f 275//257 254//246 253//245
f 268//259 255//243 254//246
f 268//259 269//255 250//241
f 278//260 272//282 271//261
f 279//263 258//267 215//264
f 273//266 259//248 258//267
f 273//266 274//258 253//245
f 281//268 277//262 276//269
f 281//268 282//272 278//260
f 261//271 257//412 278//260
f 286//273 263//252 262//251
f 289//275 265//250 264//256
f 284//277 266//249 265//250
f 266//249 284//277 285//274
f 294//278 269//255 268//259
f 287//280 270//254 269//255
f 270//254 287//280 288//276
f 290//281 296//289 271//261
f 290//281 272//282 267//283
f 298//285 274//258 273//266
f 292//287 275//257 274//258
f 275//257 292//287 293//279
f 295//288 300//294 276//269
f 295//288 277//262 271//261
f 218//290 279//263 217//265
f 279//263 218//290 297//286
f 303//291 300//294 299//292
f 303//291 280//270 276//269
f 313//295 312//328 304//296
f 314//298 313//295 305//297
f 315//300 314//298 306//299
f 315//300 307//301 308//302
f 325//304 324//317 317//305
f 326//307 325//304 318//306
f 326//307 319//308 320//309
f 330//311 329//324 321//312
f 331//314 330//311 322//313
f 332//316 331//314 323//315
f 305//297 304//296 331//314
f 333//318 332//316 324//317
f 306//299 305//297 332//316
f 333//318 325//304 326//307
f 334//319 307//301 306//299
f 334//319 326//307 327//310
f 335//320 308//302 307//301
f 336//321 224//221 222//220
f 337//323 336//321 328//322
f 310//325 309//723 336//321
f 338//326 337//323 329//324
f 311//327 310//325 337//323
f 304//296 338//326 330//311
f 312//328 311//327 338//326
f 348//329 347//344 339//330
f 349//332 348//329 340//331
f 318//306 317//305 348//329
f 350//334 349//332 341//333
f 319//308 318//306 349//332
f 351//336 350//334 342//335
f 320//309 319//308 350//334
f 353//338 352//346 344//339
f 354//341 353//338 345//340
f 322//313 321//312 353//338
f 355//343 354//341 346//342
f 323//315 322//313 354//341
f 317//305 355//343 347//344
f 324//317 323//315 355//343
f 356//345 228//219 225//229
f 356//345 328//322 222//220
f 321//312 356//345 352//346
f 329//324 328//322 356//345
f 365//347 357//379 358//348
f 340//331 339//330 365//347
f 366//349 358//348 359//350
f 341//333 340//331 366//349
f 367//351 359//350 360//352
f 342//335 341//333 367//351
f 368//353 360//352 361//354
f 369//355 343//337 342//335
f 372//356 371//359 362//357
f 372//356 345//340 344//339
f 373//360 372//356 363//358
f 346//342 345//340 372//356
f 339//330 373//360 364//361
f 347//344 346//342 373//360
f 344//339 237//222 234//224
f 352//346 225//229 237//222
f 380//362 375//366 374//363
f 380//362 381//367 376//365
f 381//367 382//369 377//368
f 382//369 383//375 378//370
f 384//371 385//372 380//362
f 385//372 386//373 381//367
f 386//373 387//374 382//369
f 387//374 388//377 383//375
f 424//376 389//419 388//377
f 395//378 358//348 357//379
f 396//381 359//350 358//348
f 397//382 360//352 359//350
f 397//382 390//423 391//383
f 398//384 361//354 360//352
f 401//385 363//358 362//357
f 402//387 401//385 392//388
f 402//387 364//361 363//358
f 402//387 393//389 394//380
f 357//379 365//347 364//361
f 246//253 371//359 234//224
f 246//253 400//386 362//357
f 411//390 404//394 403//391
f 411//390 410//392 374//363
f 411//390 412//395 405//393
f 412//395 411//390 375//366
f 412//395 413//397 406//396
f 413//397 412//395 376//365
f 413//397 370//399 407//398
f 370//399 413//397 377//368
f 416//400 409//404 408//401
f 417//403 410//392 409//404
f 417//403 379//364 374//363
f 418//405 419//407 415//402
f 419//407 420//408 416//400
f 420//408 421//409 417//403
f 384//371 379//364 417//403
f 422//410 385//372 384//371
f 423//411 386//373 385//372
f 387//374 386//373 423//411
f 261//271 425//413 418//405
f 425//413 426//414 419//407
f 426//414 427//415 420//408
f 427//415 428//416 421//409
f 428//416 429//417 422//410
f 429//417 430//418 423//411
f 430//418 431//420 424//376
f 389//419 424//376 431//420
f 437//422 391//383 390//423
f 440//425 393//389 392//388
f 441//427 394//380 393//389
f 442//428 441//427 433//429
f 442//428 395//378 394//380
f 442//428 434//430 435//431
f 444//432 396//381 395//378
f 444//432 435//431 436//424
f 390//423 397//382 396//381
f 448//433 400//386 246//253
f 438//434 401//385 400//386
f 438//434 439//426 392//388
f 404//394 452//438 451//435
f 453//436 445//440 443//437
f 453//436 452//438 404//394
f 454//439 446//442 445//440
f 454//439 453//436 405//393
f 399//441 447//462 446//442
f 407//398 399//441 454//439
f 457//443 450//446 449//444
f 457//443 456//445 408//401
f 403//391 451//435 450//446
f 403//391 457//443 409//404
f 458//447 455//448 267//283
f 414//406 456//445 455//448
f 414//406 415//402 408//401
f 278//260 257//412 458//447
f 418//405 414//406 458//447
f 459//449 425//413 261//271
f 426//414 425//413 459//449
f 463//451 434//430 433//429
f 464//453 435//431 434//430
f 465//454 436//424 435//431
f 466//455 437//422 436//424
f 468//456 439//426 438//434
f 469//458 440//425 439//426
f 461//459 441//427 440//425
f 461//459 462//452 433//429
f 471//460 470//467 443//437
f 472//461 471//460 445//440
f 447//462 473//541 472//461
f 283//463 448//433 263//252
f 448//433 283//463 467//457
f 475//464 474//470 449//444
f 476//465 475//464 450//446
f 477//466 476//465 451//435
f 477//466 452//438 443//437
f 478//468 291//284 267//283
f 479//469 478//468 455//448
f 479//469 456//445 449//444
f 327//310 320//309 482//471
f 484//472 482//471 483//473
f 335//320 327//310 484//472
f 487//475 484//472 485//474
f 488//476 485//474 486//477
f 308//302 335//320 487//475
f 491//479 480//481 316//303
f 491//479 487//475 488//476
f 492//480 481//879 480//481
f 492//480 488//476 489//478
f 493//482 489//478 490//483
f 351//336 343//337 495//485
f 497//486 482//471 320//309
f 497//486 495//485 496//487
f 498//488 483//473 482//471
f 483//473 498//488 499//489
f 500//490 486//477 485//474
f 486//477 500//490 501//491
f 490//483 489//478 486//477
f 504//493 494//484 490//483
f 504//493 502//492 503//494
f 369//355 361//354 507//496
f 509//497 495//485 343//337
f 509//497 507//496 508//498
f 496//487 495//485 509//497
f 378//370 512//501 510//500
f 512//501 513//502 511//499
f 513//502 498//488 496//487
f 514//503 499//489 498//488
f 383//375 515//504 512//501
f 515//504 516//505 513//502
f 516//505 517//506 514//503
f 500//490 499//489 514//503
f 518//507 501//491 500//490
f 388//377 519//508 515//504
f 519//508 520//509 516//505
f 520//509 521//510 517//506
f 521//510 522//511 518//507
f 502//492 501//491 518//507
f 503//494 502//492 522//511
f 389//419 524//513 519//508
f 524//513 525//514 520//509
f 525//514 526//515 521//510
f 526//515 527//516 522//511
f 527//516 528//517 523//512
f 528//517 505//495 503//494
f 506//518 505//495 528//517
f 532//520 398//384 391//383
f 507//496 361//354 398//384
f 534//522 532//520 530//521
f 508//498 507//496 532//520
f 535//524 533//525 399//441
f 535//524 407//398 370//399
f 535//524 508//498 534//522
f 508//498 535//524 510//500
f 524//513 389//419 432//421
f 525//514 524//513 536//526
f 526//515 525//514 537//527
f 527//516 526//515 538//528
f 540//530 528//517 527//516
f 541//531 529//519 528//517
f 530//521 391//383 437//422
f 531//523 530//521 542//532
f 533//525 545//534 447//462
f 534//522 546//535 545//534
f 546//535 534//522 531//523
f 547//536 546//535 543//533
f 542//532 437//422 466//455
f 543//533 542//532 548//538
f 544//537 543//533 549//539
f 545//534 551//542 473//541
f 546//535 552//543 551//542
f 547//536 553//544 552//543
f 553//544 547//536 544//537
f 557//545 556//549 554//546
f 2//548 558//550 556//549
f 2//548 4//40 3//183
f 563//551 562//554 559//552
f 563//551 555//547 554//546
f 565//555 564//566 561//556
f 565//555 562//554 554//546
f 566//557 564//566 565//555
f 567//558 565//555 556//549
f 573//559 572//562 569//560
f 573//559 560//553 559//552
f 571//563 562//554 561//556
f 571//563 572//562 559//552
f 575//565 574//564 561//556
f 566//557 576//576 575//565
f 577//567 576//576 566//557
f 579//568 570//561 569//560
f 579//568 580//684 568//570
f 572//562 571//563 583//571
f 581//572 582//569 569//560
f 584//573 583//571 571//563
f 585//574 584//573 574//564
f 586//575 585//574 575//565
f 587//577 586//575 576//576
f 592//578 589//591 590//579
f 578//581 593//580 590//579
f 578//581 580//684 579//568
f 595//583 594//584 592//578
f 595//583 582//569 581//572
f 595//583 593//580 579//568
f 596//585 594//584 581//572
f 597//586 596//585 583//571
f 598//587 597//586 584//573
f 599//588 598//587 585//574
f 600//589 599//588 586//575
f 604//590 590//579 589//591
f 601//593 591//582 590//579
f 601//593 602//603 588//594
f 605//595 603//592 589//591
f 606//596 605//595 592//578
f 607//597 606//596 594//584
f 608//598 607//597 596//585
f 609//599 608//598 597//586
f 610//600 609//599 598//587
f 611//601 610//600 599//588
f 216//213 602//603 601//593
f 216//213 217//265 215//264
f 612//604 604//590 603//592
f 604//590 612//604 613//602
f 615//606 614//605 603//592
f 616//607 615//606 605//595
f 617//608 616//607 606//596
f 618//609 617//608 607//597
f 619//610 618//609 608//598
f 620//611 619//610 609//599
f 621//612 620//611 610//600
f 219//613 613//602 612//604
f 613//602 219//613 220//214
f 623//615 622//614 612//604
f 624//616 623//615 614//605
f 625//617 624//616 615//606
f 626//618 625//617 616//607
f 627//619 626//618 617//608
f 628//620 627//619 618//609
f 629//621 628//620 619//610
f 630//622 629//621 620//611
f 639//623 638//633 632//624
f 640//626 639//623 633//625
f 34//26 33//25 639//623
f 32//119 640//626 634//627
f 35//28 34//26 640//626
f 644//629 643//638 636//630
f 645//632 644//629 637//631
f 37//31 36//30 644//629
f 33//25 645//632 638//633
f 38//33 37//31 645//632
f 647//634 646//640 641//635
f 648//637 647//634 642//636
f 42//36 41//35 647//634
f 36//30 648//637 643//638
f 43//39 42//36 648//637
f 649//639 557//545 555//547
f 46//41 2//548 557//545
f 41//35 649//639 646//640
f 47//37 46//41 649//639
f 655//641 654//649 650//642
f 659//644 658//647 652//645
f 633//625 632//624 658//647
f 660//648 659//644 653//646
f 634//627 633//625 659//644
f 631//650 660//648 654//649
f 635//628 634//627 660//648
f 664//651 663//654 656//652
f 637//631 636//630 663//654
f 632//624 664//651 657//653
f 638//633 637//631 664//651
f 665//655 661//673 662//656
f 642//636 641//635 665//655
f 636//630 666//657 662//656
f 643//638 642//636 666//657
f 641//635 563//551 560//553
f 641//635 646//640 555//547
f 670//658 669//659 223//218
f 670//658 651//643 650//642
f 675//660 674//663 667//661
f 653//646 652//645 674//663
f 650//642 675//660 668//662
f 654//649 653//646 675//660
f 678//664 677//672 671//665
f 679//667 678//664 672//666
f 657//653 656//652 678//664
f 652//645 679//667 673//668
f 658//647 657//653 679//667
f 680//669 570//561 568//570
f 681//671 680//669 676//670
f 662//656 661//673 680//669
f 656//652 681//671 677//672
f 663//654 662//656 681//671
f 573//559 570//561 680//669
f 661//673 665//655 560//553
f 685//674 684//683 229//675
f 686//676 685//674 230//233
f 686//676 668//662 667//661
f 687//677 686//676 231//235
f 687//677 669//659 668//662
f 687//677 232//215 223//218
f 690//678 689//681 682//679
f 672//666 671//665 689//681
f 691//682 690//678 683//680
f 673//668 672//666 690//678
f 667//661 691//682 684//683
f 674//663 673//668 691//682
f 580//684 578//581 688//685
f 692//686 676//670 568//570
f 692//686 688//685 689//681
f 677//672 676//670 692//686
f 694//687 242//247 243//688
f 683//680 682//679 694//687
f 229//675 695//689 243//688
f 684//683 683//680 695//689
f 696//690 591//582 588//594
f 696//690 688//685 578//581
f 682//679 696//690 693//691
f 682//679 689//681 688//685
f 697//692 602//603 215//264
f 697//692 693//691 588//594
f 242//247 697//692 258//267
f 242//247 694//687 693//691
f 698//693 699//694 281//268
f 699//694 700//813 282//272
f 702//695 302//293 301//696
f 702//695 703//698 303//291
f 698//693 280//270 303//291
f 704//699 699//694 698//693
f 705//700 700//813 699//694
f 706//701 707//702 703//698
f 707//702 708//703 704//699
f 708//703 709//839 705//700
f 719//704 718//720 710//705
f 720//707 719//704 711//706
f 114//108 113//721 719//704
f 721//709 720//707 712//708
f 115//110 114//108 720//707
f 721//709 713//710 714//711
f 722//712 116//112 115//110
f 722//712 714//711 715//713
f 723//714 117//114 116//112
f 723//714 715//713 716//715
f 724//716 118//116 117//114
f 725//717 635//628 631//650
f 119//120 32//119 635//628
f 726//719 725//717 717//718
f 120//122 119//120 725//717
f 113//721 726//719 718//720
f 121//107 120//122 726//719
f 731//722 730//731 309//723
f 732//724 731//722 310//325
f 711//706 710//705 731//722
f 733//725 732//724 311//327
f 712//708 711//706 732//724
f 734//726 733//725 312//328
f 713//710 712//708 733//725
f 735//727 734//726 313//295
f 714//711 713//710 734//726
f 736//728 735//727 314//298
f 736//728 715//713 714//711
f 736//728 315//300 316//303
f 737//729 716//715 715//713
f 738//730 655//641 651//643
f 717//718 631//650 655//641
f 710//705 738//730 730//731
f 718//720 717//718 738//730
f 745//732 741//736 740//733
f 746//735 742//738 741//736
f 746//735 728//744 727//737
f 748//739 744//734 743//740
f 748//739 749//742 745//732
f 749//742 750//743 746//735
f 750//743 729//865 728//744
f 751//745 752//746 748//739
f 752//746 753//747 749//742
f 753//747 754//890 750//743
f 309//723 670//658 224//221
f 730//731 651//643 670//658
f 759//748 758//753 740//733
f 755//749 759//748 741//736
f 755//749 742//738 739//750
f 757//752 761//757 743//740
f 757//752 744//734 740//733
f 764//754 761//757 760//755
f 764//754 747//741 743//740
f 767//758 763//756 762//759
f 767//758 768//761 764//754
f 751//745 747//741 764//754
f 769//762 752//746 751//745
f 753//747 752//746 769//762
f 756//751 772//918 771//764
f 758//753 774//766 773//765
f 759//748 775//767 774//766
f 775//767 759//748 755//749
f 778//768 777//770 760//755
f 778//768 761//757 757//752
f 776//769 780//773 762//759
f 776//769 763//756 760//755
f 779//771 782//790 765//772
f 779//771 766//760 762//759
f 774//766 785//775 784//774
f 775//767 786//776 785//775
f 771//764 787//778 786//776
f 771//764 772//918 783//777
f 777//770 789//780 788//779
f 778//768 790//781 789//780
f 778//768 773//765 784//774
f 791//782 790//781 784//774
f 803//783 791//782 785//775
f 780//773 793//785 792//784
f 780//773 776//769 788//779
f 794//786 793//785 788//779
f 805//787 794//786 789//780
f 796//788 795//808 781//789
f 796//788 782//790 779//771
f 460//450 797//791 427//415
f 797//791 798//792 428//416
f 798//792 799//793 429//417
f 799//793 800//794 430//418
f 800//794 801//795 431//420
f 801//795 802//937 432//421
f 787//778 804//798 803//783
f 791//782 806//796 805//787
f 803//783 807//797 806//796
f 807//797 803//783 804//798
f 793//785 810//801 809//800
f 794//786 811//802 810//801
f 805//787 812//803 811//802
f 812//803 805//787 806//796
f 813//804 806//796 807//797
f 814//805 807//797 808//799
f 796//788 817//809 816//807
f 796//788 792//784 809//800
f 818//810 817//809 809//800
f 818//810 810//801 811//802
f 819//811 811//802 812//803
f 700//813 820//814 459//449
f 820//814 821//815 460//450
f 797//791 460//450 821//815
f 798//792 797//791 822//816
f 799//793 798//792 823//817
f 800//794 799//793 824//818
f 826//820 801//795 800//794
f 827//821 802//937 801//795
f 842//822 828//823 821//815
f 828//823 829//824 822//816
f 829//824 843//836 823//817
f 830//825 827//821 826//820
f 813//804 832//827 831//812
f 814//805 833//828 832//827
f 815//806 834//834 833//828
f 818//810 836//830 835//829
f 819//811 837//1136 836//830
f 838//831 837//1136 819//811
f 838//831 831//812 832//827
f 839//832 832//827 833//828
f 840//833 833//828 834//834
f 820//814 700//813 705//700
f 824//818 823//817 843//836
f 825//819 824//818 844//837
f 826//820 825//819 845//838
f 709//839 847//840 842//822
f 828//823 842//822 847//840
f 829//824 828//823 848//841
f 843//836 829//824 849//842
f 850//843 851//844 844//837
f 851//844 852//845 845//838
f 852//845 853//846 846//826
f 830//825 846//826 853//846
f 2111//848 855//1005 854//847
f 859//849 724//716 716//715
f 859//849 168//161 118//116
f 860//851 859//849 857//850
f 860//851 169//163 168//161
f 170//165 169//163 860//851
f 862//854 173//166 170//165
f 865//855 174//167 173//166
f 867//856 864//859 863//857
f 867//856 868//860 865//855
f 868//860 176//169 174//167
f 869//861 866//858 727//737
f 869//861 870//862 867//856
f 870//862 871//863 868//860
f 871//863 179//172 176//169
f 872//864 869//861 728//744
f 872//864 873//866 870//862
f 873//866 874//867 871//863
f 182//175 179//172 871//863
f 875//868 183//176 182//175
f 876//869 184//177 183//176
f 877//870 185//178 184//177
f 878//871 879//872 873//866
f 879//872 880//873 874//867
f 880//873 881//874 875//868
f 881//874 882//875 876//869
f 882//875 883//876 877//870
f 186//179 185//178 877//870
f 187//208 186//179 883//876
f 737//729 316//303 480//481
f 885//878 857//850 716//715
f 885//878 480//481 481//879
f 886//880 858//852 857//850
f 858//852 886//880 887//881
f 861//853 860//851 858//852
f 890//883 889//882 887//881
f 892//885 862//854 861//853
f 893//886 892//885 889//882
f 895//887 894//889 863//857
f 891//888 895//887 864//859
f 891//888 865//855 862//854
f 739//750 742//738 727//737
f 739//750 866//858 863//857
f 754//890 896//891 729//865
f 878//871 872//864 729//865
f 897//892 879//872 878//871
f 880//873 879//872 897//892
f 881//874 880//873 898//893
f 882//875 881//874 899//894
f 901//896 883//876 882//875
f 884//877 883//876 901//896
f 481//879 492//480 493//482
f 887//881 886//880 481//879
f 903//898 493//482 494//484
f 888//884 887//881 903//898
f 905//900 890//883 888//884
f 905//900 904//899 913//901
f 892//885 908//904 907//903
f 893//886 909//905 908//904
f 893//886 890//883 905//900
f 910//906 909//905 905//900
f 894//889 911//907 756//751
f 895//887 912//908 911//907
f 912//908 895//887 891//888
f 913//901 904//899 494//484
f 914//909 913//901 504//493
f 914//909 505//495 506//518
f 906//902 913//901 914//909
f 916//911 914//909 915//910
f 908//904 919//914 918//913
f 909//905 920//915 919//914
f 910//906 921//916 920//915
f 910//906 906//902 916//911
f 922//917 921//916 916//911
f 911//907 923//919 772//918
f 912//908 924//920 923//919
f 912//908 907//903 918//913
f 925//921 924//920 918//913
f 925//921 919//914 920//915
f 926//923 915//910 506//518
f 917//912 915//910 926//923
f 921//916 929//925 928//922
f 922//917 930//926 929//925
f 922//917 917//912 927//924
f 923//919 931//927 783//777
f 924//920 932//928 931//927
f 925//921 933//929 932//928
f 928//922 934//930 933//929
f 934//930 928//922 929//925
f 936//932 935//931 929//925
f 937//933 787//778 783//777
f 938//934 937//933 931//927
f 938//934 932//928 933//929
f 939//935 933//929 934//930
f 802//937 940//938 536//526
f 940//938 941//939 537//527
f 941//939 942//940 538//528
f 942//940 943//941 539//529
f 943//941 944//942 540//530
f 944//942 945//943 541//531
f 926//923 529//519 541//531
f 927//924 926//923 945//943
f 948//945 930//926 927//924
f 948//945 946//944 947//946
f 935//931 951//948 950//936
f 936//932 952//949 951//948
f 936//932 930//926 948//945
f 952//949 948//945 949//947
f 937//933 954//951 804//798
f 938//934 955//952 954//951
f 939//935 956//953 955//952
f 950//936 957//954 956//953
f 957//954 950//936 951//948
f 959//956 958//955 951//948
f 959//956 952//949 953//950
f 808//799 804//798 954//951
f 960//958 954//951 955//952
f 962//960 961//959 955//952
f 962//960 956//953 957//954
f 964//962 963//961 957//954
f 965//963 964//962 958//955
f 815//806 808//799 960//958
f 966//965 940//938 802//937
f 967//966 941//939 940//938
f 942//940 941//939 967//966
f 943//941 942//940 968//967
f 944//942 943//941 969//968
f 971//970 945//943 944//942
f 972//971 966//965 827//821
f 973//972 967//966 966//965
f 973//972 974//973 968//967
f 974//973 975//974 969//968
f 975//974 976//975 970//969
f 976//975 977//976 971//970
f 946//944 945//943 971//970
f 947//946 946//944 977//976
f 979//978 949//947 947//946
f 953//950 949//947 979//978
f 981//957 953//950 980//979
f 961//959 984//987 983//964
f 985//981 984//987 961//959
f 986//982 985//981 962//960
f 964//962 987//983 986//982
f 965//963 988//984 987//983
f 965//963 959//956 981//957
f 989//985 988//984 981//957
f 983//964 990//986 834//834
f 990//986 983//964 984//987
f 991//988 984//987 985//981
f 992//989 985//981 986//982
f 994//991 993//990 986//982
f 995//992 994//991 987//983
f 841//835 834//834 990//986
f 996//993 990//986 991//988
f 997//994 991//988 992//989
f 998//995 992//989 993//990
f 1000//997 999//996 993//990
f 1001//998 1000//997 994//991
f 972//971 830//825 854//847
f 973//972 972//971 1002//999
f 974//973 973//972 1003//1000
f 1005//1002 975//974 974//973
f 1006//1003 976//975 975//974
f 1007//1004 977//976 976//975
f 855//1005 1008//1006 1002//999
f 1008//1006 1009//1007 1003//1000
f 1009//1007 1010//1009 1004//1001
f 1011//1008 1005//1002 1004//1001
f 1011//1008 1012//1010 1006//1003
f 1012//1010 1013//1011 1007//1004
f 978//977 977//976 1007//1004
f 1014//1012 979//978 978//977
f 1015//1013 1016//1014 1014//1012
f 980//979 979//978 1014//1012
f 1018//1015 1016//1014 1015//1013
f 982//980 980//979 1016//1014
f 1020//1017 1018//1015 1017//1016
f 989//985 1020//1017 1019//1018
f 989//985 982//980 1018//1015
f 995//992 988//984 1019//1018
f 1022//1020 856//1140 841//835
f 1023//1021 1022//1020 996//993
f 1024//1022 1001//998 995//992
f 1025//1023 558//550 3//183
f 1026//1024 1025//1023 192//184
f 1027//1025 1026//1024 193//185
f 1028//1030 1027//1025 194//1026
f 1025//1023 1029//1031 567//558
f 1030//1027 1029//1031 1025//1023
f 1031//1028 1030//1027 1026//1024
f 1032//1029 1031//1028 1027//1025
f 1033//1035 1032//1029 1028//1030
f 1029//1031 1034//1032 577//567
f 1030//1027 1035//1036 1034//1032
f 1036//1033 1035//1036 1030//1027
f 1037//620 1036//1033 1031//1028
f 1038//1034 1037//620 1032//1029
f 1039//1035 1038//1034 1033//1035
f 1034//1032 1040//1037 587//577
f 1035//1036 1041//1041 1040//1037
f 1042//1038 1041//1041 1035//1036
f 1043//1039 1042//1038 1036//1033
f 1044//1040 1043//1039 1037//620
f 1045//619 1044//1040 1038//1034
f 1046//1045 1045//619 1039//1035
f 1040//1037 1047//1036 600//589
f 1041//1041 1048//1046 1047//1036
f 1049//1042 1048//1046 1041//1041
f 1050//1041 1049//1042 1042//1038
f 1051//1043 1050//1041 1043//1039
f 1045//619 1052//589 1051//1043
f 1053//1044 1052//589 1045//619
f 1054//1040 1053//1044 1046//1045
f 1055//610 611//601 600//589
f 1056//1037 1055//610 1047//1036
f 1057//1047 1056//1037 1048//1046
f 1050//1041 1058//1048 1057//1047
f 1051//1043 1059//1049 1058//1048
f 1052//589 1060//619 1059//1049
f 1053//1044 1061//1033 1060//619
f 1062//1050 1061//1033 1053//1044
f 1064//1051 621//612 611//601
f 1065//1052 1064//1051 1055//610
f 1066//1034 1065//1052 1056//1037
f 1067//1053 1066//1034 1057//1047
f 1068//1054 1067//1053 1058//1048
f 1069//1047 1068//1054 1059//1049
f 1070//1055 1069//1047 1060//619
f 1071//1056 1070//1055 1061//1033
f 1072//1044 1071//1056 1062//1050
f 1073//1057 630//622 621//612
f 1074//1058 1073//1057 1064//1051
f 1075//1059 1074//1058 1065//1052
f 1076//1060 1075//1059 1066//1034
f 1077//1061 1076//1060 1067//1053
f 1078//1036 1077//1061 1068//1054
f 1079//622 1078//1036 1069//1047
f 1080//1062 1079//622 1070//1055
f 1081//1063 1080//1062 1071//1056
f 1087//1064 1083//1068 1082//1065
f 1088//1067 1084//1070 1083//1068
f 1089//1069 1085//1112 1084//1070
f 770//763 1090//1076 754//890
f 1092//1071 766//760 765//772
f 1092//1071 1093//1073 767//758
f 1093//1073 1094//1074 768//761
f 1094//1074 1095//1075 769//762
f 1095//1075 1096//1077 770//763
f 1090//1076 770//763 1096//1077
f 1098//1079 1099//1080 1093//1073
f 1099//1080 1100//1081 1094//1074
f 1100//1081 1103//1084 1095//1075
f 1101//1082 1102//1083 782//790
f 1102//1083 1091//1072 765//772
f 1096//1077 1095//1075 1103//1084
f 1097//1078 1096//1077 1104//1085
f 1106//1087 1107//1088 1102//1083
f 1107//1088 1108//1089 1091//1072
f 1098//1079 1092//1071 1091//1072
f 1109//1090 1099//1080 1098//1079
f 1100//1081 1099//1080 1109//1090
f 1103//1084 1100//1081 1110//1091
f 1111//1092 1112//1093 1104//1085
f 1112//1093 1113//1103 1105//1086
f 1114//1094 1115//1095 1107//1088
f 1115//1095 1116//1096 1108//1089
f 1116//1096 1117//1097 1109//1090
f 1117//1097 1120//1100 1110//1091
f 1118//1098 1101//1082 781//789
f 1119//1099 1118//1098 1082//1065
f 1119//1099 1106//1087 1101//1082
f 1111//1092 1110//1091 1120//1100
f 1112//1093 1111//1092 1121//1101
f 1113//1103 1112//1093 1122//1102
f 1084//1070 1124//1105 1119//1099
f 1114//1094 1106//1087 1119//1099
f 1125//1106 1115//1095 1114//1094
f 1116//1096 1115//1095 1125//1106
f 1117//1097 1116//1096 1126//1107
f 1120//1100 1117//1097 1127//1108
f 1128//1109 1129//1110 1121//1101
f 1129//1110 1130//1111 1122//1102
f 1130//1111 1131//1123 1123//1104
f 1085//1112 1132//1113 1124//1105
f 1132//1113 1133//1114 1125//1106
f 1133//1114 1134//1115 1126//1107
f 1134//1115 1138//1119 1127//1108
f 1118//1098 1135//1116 1086//1066
f 1135//1116 1118//1098 795//808
f 1136//1117 1087//1064 1086//1066
f 1088//1067 1087//1064 1136//1117
f 1128//1109 1127//1108 1138//1119
f 1129//1110 1128//1109 1139//1120
f 1141//1122 1130//1111 1129//1110
f 1131//1123 1130//1111 1141//1122
f 1089//1069 1088//1067 1137//1118
f 1132//1113 1085//1112 1089//1069
f 1143//1125 1137//1118 1161//1126
f 1144//1127 1133//1114 1132//1113
f 1145//1128 1134//1115 1133//1114
f 1146//1129 1138//1119 1134//1115
f 1147//1130 1139//1120 1138//1119
f 1148//1131 1140//1121 1139//1120
f 816//807 1150//1133 1149//1132
f 816//807 817//809 835//829
f 1151//1134 1150//1133 835//829
f 1152//1135 1151//1134 836//830
f 1153//1137 1152//1135 837//1136
f 1154//1138 1153//1137 838//831
f 1155//1139 1154//1138 839//832
f 1155//1139 840//833 841//835
f 1136//1117 1135//1116 1149//1132
f 1157//1142 1156//1141 1149//1132
f 1158//1143 1157//1142 1150//1133
f 1174//1144 1158//1143 1151//1134
f 1137//1118 1136//1117 1156//1141
f 1162//1145 1161//1126 1156//1141
f 1167//1146 1141//1122 1140//1121
f 1168//1148 1167//1146 1159//1149
f 1142//1124 1141//1122 1167//1146
f 1169//1151 1144//1127 1161//1126
f 1169//1151 1162//1145 1163//1152
f 1145//1128 1144//1127 1169//1151
f 1170//1153 1163//1152 1164//1154
f 1171//1155 1146//1129 1145//1128
f 1172//1156 1171//1155 1164//1154
f 1172//1156 1147//1130 1146//1129
f 1173//1158 1172//1156 1165//1157
f 1173//1158 1148//1131 1147//1130
f 1173//1158 1166//1147 1140//1121
f 1175//1159 1174//1144 1152//1135
f 1176//1160 1175//1159 1153//1137
f 1177//1161 1176//1160 1154//1138
f 1178//1162 1177//1161 1155//1139
f 1158//1143 1180//1164 1179//1163
f 1174//1144 1181//1165 1180//1164
f 1181//1165 1174//1144 1175//1159
f 1182//1166 1175//1159 1176//1160
f 1184//1168 1183//1167 1176//1160
f 1185//1169 1184//1168 1177//1161
f 1185//1169 1160//1150 1159//1149
f 1186//1170 1162//1145 1157//1142
f 1186//1170 1179//1163 1180//1164
f 1163//1152 1162//1145 1186//1170
f 1187//1171 1180//1164 1181//1165
f 1164//1154 1163//1152 1187//1171
f 1188//1172 1181//1165 1182//1166
f 1189//1173 1165//1157 1164//1154
f 1189//1173 1182//1166 1183//1167
f 1190//1174 1166//1147 1165//1157
f 1159//1149 1190//1174 1183//1167
f 1167//1146 1166//1147 1190//1174
f 1197//1175 1193//1179 1192//1176
f 1198//1178 1194//1315 1193//1179
f 1199//1180 211//209 187//208
f 213//210 211//209 1199//1180
f 214//211 213//210 1200//1181
f 1090//1076 1203//1183 896//891
f 1203//1183 1204//1184 897//892
f 1204//1184 1205//1185 898//893
f 1205//1185 1206//1186 899//894
f 1206//1186 1207//1187 900//895
f 1207//1187 1208//1188 901//896
f 1208//1188 1209//1189 902//897
f 1199//1180 884//877 902//897
f 1200//1181 1199//1180 1209//1189
f 1201//1182 1200//1181 1210//1190
f 1202//1192 1201//1182 1211//1191
f 1203//1183 1090//1076 1097//1078
f 1204//1184 1203//1183 1214//1194
f 1205//1185 1204//1184 1215//1195
f 1206//1186 1205//1185 1216//1196
f 1207//1187 1206//1186 1217//1197
f 1219//1199 1208//1188 1207//1187
f 1220//1200 1209//1189 1208//1188
f 1210//1190 1209//1189 1220//1200
f 1211//1191 1210//1190 1221//1201
f 1212//1193 1211//1191 1222//1202
f 1213//1204 1212//1193 1223//1203
f 1214//1194 1097//1078 1105//1086
f 1215//1195 1214//1194 1225//1206
f 1216//1196 1215//1195 1226//1207
f 1217//1197 1216//1196 1227//1208
f 1218//1198 1217//1197 1228//1209
f 1230//1211 1219//1199 1218//1198
f 1231//1212 1220//1200 1219//1199
f 1113//1103 1232//1213 1225//1206
f 1232//1213 1233//1214 1226//1207
f 1233//1214 1234//1215 1227//1208
f 1234//1215 1235//1216 1228//1209
f 1235//1216 1236//1217 1229//1210
f 1236//1217 1237//1218 1230//1211
f 1237//1218 1238//1219 1231//1212
f 1221//1201 1220//1200 1231//1212
f 1239//1220 1222//1202 1221//1201
f 1223//1203 1222//1202 1239//1220
f 1224//1205 1223//1203 1240//1221
f 1232//1213 1113//1103 1123//1104
f 1233//1214 1232//1213 1243//1224
f 1234//1215 1233//1214 1244//1225
f 1235//1216 1234//1215 1245//1226
f 1247//1228 1236//1217 1235//1216
f 1248//1229 1237//1218 1236//1217
f 1249//1230 1238//1219 1237//1218
f 1131//1123 1260//1240 1243//1224
f 1239//1220 1238//1219 1249//1230
f 1240//1221 1239//1220 1250//1231
f 1253//1233 1241//1222 1240//1221
f 1254//1234 1255//1236 1253//1233
f 1255//1236 1242//1223 1241//1222
f 1256//1237 1257//1238 1255//1236
f 1244//1225 1243//1224 1260//1240
f 1245//1226 1244//1225 1261//1241
f 1246//1227 1245//1226 1262//1242
f 1264//1244 1247//1228 1246//1227
f 1264//1244 1258//1269 1259//1245
f 1265//1246 1248//1229 1247//1228
f 1266//1247 1249//1230 1248//1229
f 1260//1240 1131//1123 1142//1124
f 1268//1249 1261//1241 1260//1240
f 1270//1250 1250//1231 1249//1230
f 1271//1251 1272//1253 1270//1250
f 1272//1253 1251//1232 1250//1231
f 1274//1254 1252//1235 1272//1253
f 1252//1235 1253//1233 1251//1232
f 1275//1255 1276//1257 1274//1254
f 1276//1257 1254//1234 1252//1235
f 1278//1258 1279//1259 1276//1257
f 1279//1259 1256//1237 1254//1234
f 1282//1260 1278//1258 1277//1261
s 0
f 1202//3843 1212//3843 1213//3843
f 1279//3844 1278//3844 1282//3844
s 1
f 1283//1264 997//994 998//995
f 1284//1265 998//995 999//996
f 1285//1266 999//996 1000//997
f 1287//1268 1286//1267 1000//997
f 1287//1268 1259//1245 1258//1269
f 1290//1270 1289//1271 1283//1264
f 1262//1242 1261//1241 1289//1271
f 1291//1272 1290//1270 1284//1265
f 1291//1272 1263//1243 1262//1242
f 1291//1272 1285//1266 1286//1267
f 1258//1269 1264//1244 1263//1243
f 1292//1273 1265//1246 1259//1245
f 1293//1274 1266//1247 1265//1246
f 1294//1275 1168//1148 1160//1150
f 1267//1248 1142//1124 1168//1148
f 1295//1277 1294//1275 1288//1276
f 1268//1249 1267//1248 1294//1275
f 1295//1277 1289//1271 1261//1241
f 1297//1278 1269//1252 1293//1274
f 1270//1250 1266//1247 1293//1274
f 1298//1279 1299//1281 1297//1278
f 1299//1281 1271//1251 1269//1252
f 1301//1282 1273//1256 1299//1281
f 1273//1256 1274//1254 1271//1251
f 1304//1283 1301//1282 1300//1284
f 1304//1283 1275//1255 1273//1256
f 1307//1286 1303//1285 1302//1287
f 1277//1261 1304//1283 1303//1285
f 1278//1258 1275//1255 1304//1283
f 1310//1289 1306//1288 1305//1290
f 1280//1292 1307//1286 1306//1288
f 1281//1262 1277//1261 1307//1286
f 1178//1162 856//1140 1022//1020
f 1311//1293 1022//1020 1023//1021
f 1283//1264 1312//1294 1023//1021
f 1314//1295 1287//1268 1001//998
f 1185//1169 1178//1162 1311//1293
f 1315//1296 1288//1276 1160//1150
f 1315//1296 1311//1293 1312//1294
f 1316//1297 1289//1271 1288//1276
f 1316//1297 1312//1294 1283//1264
f 1317//1298 1318//1300 1314//1295
f 1318//1300 1292//1273 1287//1268
f 1320//1301 1296//1280 1318//1300
f 1296//1280 1297//1278 1292//1273
f 1322//1302 1323//1304 1320//1301
f 1323//1304 1298//1279 1296//1280
f 1327//1305 1322//1302 1321//1306
f 1300//1284 1323//1304 1322//1302
f 1300//1284 1301//1282 1298//1279
f 1329//1308 1325//1312 1324//1309
f 1330//1311 1326//1307 1325//1312
f 1302//1287 1327//1305 1326//1307
f 1303//1285 1300//1284 1327//1305
f 1331//1313 1328//1310 1191//1314
f 1332//1316 1329//1308 1328//1310
f 1305//1290 1330//1311 1329//1308
f 1306//1288 1302//1287 1330//1311
f 1333//1317 1331//1313 1194//1315
f 1308//1318 1332//1316 1331//1313
f 1309//1291 1305//1290 1332//1316
f 1334//1050 1072//1044 1063//1043
f 1335//1319 1081//1063 1072//1044
f 1336//2613 1335//1319 1334//1050
f 1342//1320 1196//1177 1195//1321
f 1343//1323 1197//1175 1196//1177
f 1344//1324 1198//1178 1197//1175
f 1338//1325 1344//1324 1343//1323
f 1348//1327 1340//1331 1339//1328
f 1349//1330 1341//1322 1340//1331
f 1350//1332 1342//1320 1341//1322
f 1337//1326 1343//1323 1342//1320
f 1352//1333 1333//1317 1198//1178
f 1352//1333 1344//1324 1338//1325
f 1352//1333 1351//1334 1308//1318
f 1361//1335 1354//1339 1353//1336
f 1362//1338 1355//1645 1354//1339
f 1362//1338 1357//1344 1358//1340
f 1356//1342 1355//1645 1362//1338
f 1367//1343 1358//1340 1357//1344
f 1360//1337 1359//1670 1369//1346
f 1371//1348 1370//1347 1364//1349
f 1371//1348 1361//1335 1360//1337
f 1371//1348 1365//1350 1366//1345
f 1357//1344 1362//1338 1361//1335
f 1373//1351 1365//1350 1364//1349
f 1374//1353 1366//1345 1365//1350
f 1375//1354 1367//1343 1366//1345
f 1377//1355 1369//1346 1368//1356
f 1378//1358 1370//1347 1369//1346
f 1378//1358 1372//1352 1364//1349
f 1380//1359 1373//1351 1372//1352
f 1381//1361 1374//1353 1373//1351
f 1382//1362 1375//1354 1374//1353
f 1385//1363 1377//1355 1376//1357
f 1386//1365 1378//1358 1377//1355
f 1378//1358 1386//1365 1379//1360
f 1392//1366 1363//1341 1358//1340
f 1387//1368 1356//1342 1363//1341
f 1393//1369 1392//1366 1390//1367
f 1388//1371 1387//1368 1392//1366
f 1394//1372 1389//1812 1388//1371
f 1396//1373 1390//1367 1358//1340
f 1397//1374 1391//1370 1390//1367
f 1391//1370 1397//1374 1398//1375
f 1394//1372 1393//1369 1391//1370
f 1400//1377 1395//1833 1394//1372
f 1401//1378 1396//1373 1367//1343
f 1397//1374 1396//1373 1401//1378
f 1403//1380 1398//1375 1397//1374
f 1405//1381 1399//1376 1398//1375
f 1401//1378 1375//1354 1382//1362
f 1402//1379 1401//1378 1406//1382
f 1403//1380 1402//1379 1407//1383
f 1405//1381 1411//1387 1410//1385
f 1411//1387 1405//1381 1403//1380
f 1411//1387 1408//1384 1409//1388
f 1415//1390 220//214 219//613
f 1412//1392 221//212 220//214
f 221//212 1412//1392 1413//1393
f 1417//1394 1413//1393 1412//1392
f 1420//1396 1415//1390 1414//1391
f 1415//1390 1420//1396 1416//1395
f 1423//1398 1417//1394 1416//1395
f 1419//1397 1418//1938 1424//1400
f 1421//1402 1420//1396 1419//1397
f 1420//1396 1421//1402 1422//1399
f 1428//1403 1422//1399 1421//1402
f 1429//1405 1423//1398 1422//1399
f 1425//1401 1424//1400 1430//1406
f 1425//1401 1431//1407 1427//1404
f 1434//1408 1428//1403 1427//1404
f 1435//1410 1429//1405 1428//1403
f 1429//1405 1435//1410 1432//1411
f 1431//1407 1430//1406 1436//1413
f 1437//1414 1433//1409 1427//1404
f 1441//1415 1434//1408 1433//1409
f 1438//1417 1435//1410 1434//1408
f 1435//1410 1438//1417 1439//1418
f 1437//1414 1436//1413 1442//1419
f 1443//1420 1440//1416 1433//1409
f 1445//1421 1439//1418 1438//1417
f 1448//1423 1441//1415 1440//1416
f 1441//1415 1448//1423 1444//1422
f 1443//1420 1442//1419 1449//1425
f 1446//1426 1447//1424 1440//1416
f 1453//1427 1445//1421 1444//1422
f 1447//1424 1446//1426 1454//1429
f 1448//1423 1447//1424 1455//1430
f 1448//1423 1451//1431 1452//1428
f 1456//1432 1454//1429 1446//1426
f 1460//1433 285//274 284//277
f 1461//1435 286//273 285//274
f 286//273 1461//1435 1457//1436
f 1464//1437 288//276 287//280
f 1458//1439 289//275 288//276
f 289//275 1458//1439 1459//1434
f 291//284 1466//1459 1465//1440
f 1469//1441 293//279 292//287
f 1462//1443 294//278 293//279
f 294//278 1462//1443 1463//1438
f 296//289 1472//1445 1471//1444
f 296//289 290//281 1465//1440
f 1473//1446 297//286 218//290
f 1467//1447 298//285 297//286
f 298//285 1467//1447 1468//1442
f 1470//1448 1475//1450 299//292
f 1470//1448 300//294 295//288
f 1474//1449 1476//1988 301//696
f 1474//1449 302//293 299//292
f 1480//1451 1459//1434 1458//1439
f 1481//1453 1460//1433 1459//1434
f 1477//1454 1461//1435 1460//1433
f 1461//1435 1477//1454 1478//1455
f 1483//1456 1463//1438 1462//1443
f 1484//1458 1464//1437 1463//1438
f 1464//1437 1484//1458 1479//1452
f 1466//1459 1486//1468 1485//1460
f 1488//1461 1468//1442 1467//1447
f 1489//1463 1469//1441 1468//1442
f 1469//1441 1489//1463 1482//1457
f 1471//1444 1491//1465 1490//1464
f 1472//1445 1492//1466 1491//1465
f 1472//1445 1465//1440 1485//1460
f 1493//1467 1492//1466 1485//1460
f 1494//1469 1473//1446 1413//1393
f 1473//1446 1494//1469 1487//1462
f 1475//1450 1496//1471 1495//1470
f 1475//1450 1470//1448 1490//1464
f 1498//1472 1476//1988 1474//1449
f 1500//1473 1478//1455 1477//1454
f 1502//1475 1480//1451 1479//1452
f 1503//1477 1481//1453 1480//1451
f 1481//1453 1503//1477 1499//1474
f 1505//1478 1483//1456 1482//1457
f 1506//1480 1484//1458 1483//1456
f 1484//1458 1506//1480 1501//1476
f 1508//1481 1488//1461 1487//1462
f 1509//1483 1489//1463 1488//1461
f 1489//1463 1509//1483 1504//1479
f 1491//1465 1511//1485 1510//1484
f 1492//1466 1512//1486 1511//1485
f 1493//1467 1513//1492 1512//1486
f 1514//1487 1494//1469 1417//1394
f 1494//1469 1514//1487 1507//1482
f 1496//1471 1516//1489 1515//1488
f 1496//1471 1490//1464 1510//1484
f 1517//1490 1516//1489 1510//1484
f 1518//1491 1517//1490 1511//1485
f 1518//1491 1512//1486 1513//1492
f 1520//1494 1519//2008 1497//1495
f 1520//1494 1498//1472 1495//1470
f 1524//1496 1500//1473 1499//1474
f 1527//1498 1502//1475 1501//1476
f 1522//1500 1503//1477 1502//1475
f 1503//1477 1522//1500 1523//1497
f 1530//1501 1505//1478 1504//1479
f 1525//1503 1506//1480 1505//1478
f 1506//1480 1525//1503 1526//1499
f 1532//1504 1508//1481 1507//1482
f 1528//1506 1509//1483 1508//1481
f 1509//1483 1528//1506 1529//1502
f 1426//1412 1514//1487 1423//1398
f 1514//1487 1426//1412 1531//1505
f 1517//1490 1535//1508 1534//1507
f 1518//1491 1536//1509 1535//1508
f 1533//1493 1537//1515 1536//1509
f 1515//1488 1539//1511 1538//1510
f 1515//1488 1516//1489 1534//1507
f 1540//1512 1539//1511 1534//1507
f 1541//1513 1540//1512 1535//1508
f 1554//1514 1541//1513 1536//1509
f 1544//1516 1523//1497 1522//1500
f 1545//1518 1524//1496 1523//1497
f 1524//1496 1545//1518 1542//1519
f 1547//1521 1526//1499 1525//1503
f 1548//1523 1527//1498 1526//1499
f 1527//1498 1548//1523 1543//1517
f 1550//1524 1529//1502 1528//1506
f 1551//1526 1530//1501 1529//1502
f 1530//1501 1551//1526 1546//1522
f 1552//1527 1531//1505 1426//1412
f 1553//1528 1532//1504 1531//1505
f 1532//1504 1553//1528 1549//1525
f 1556//1529 1555//2021 1540//1512
f 1557//1530 1556//1529 1541//1513
f 1562//1531 1544//1516 1543//1517
f 1558//1533 1545//1518 1544//1516
f 1545//1518 1558//1533 1559//1534
f 1565//1535 1547//1521 1546//1522
f 1560//1537 1548//1523 1547//1521
f 1548//1523 1560//1537 1561//1532
f 1568//1538 1550//1524 1549//1525
f 1563//1540 1551//1526 1550//1524
f 1551//1526 1563//1540 1564//1536
f 1569//1541 1552//1527 1432//1411
f 1566//1542 1553//1528 1552//1527
f 1553//1528 1566//1542 1567//1539
f 1572//1543 1559//1534 1558//1533
f 1574//1545 1561//1532 1560//1537
f 1570//1547 1562//1531 1561//1532
f 1562//1531 1570//1547 1571//1544
f 1576//1548 1564//1536 1563//1540
f 1577//1550 1565//1535 1564//1536
f 1565//1535 1577//1550 1573//1546
f 1579//1551 1567//1539 1566//1542
f 1580//1553 1568//1538 1567//1539
f 1568//1538 1580//1553 1575//1549
f 1581//1554 1569//1541 1439//1418
f 1569//1541 1581//1554 1578//1552
f 1584//1555 1571//1544 1570//1547
f 1585//1557 1572//1543 1571//1544
f 1588//1558 1574//1545 1573//1546
f 1574//1545 1588//1558 1583//1556
f 1591//1560 1576//1548 1575//1549
f 1586//1562 1577//1550 1576//1548
f 1577//1550 1586//1562 1587//1559
f 1593//1563 1579//1551 1578//1552
f 1589//1565 1580//1553 1579//1551
f 1580//1553 1589//1565 1590//1561
f 1450//1566 1581//1554 1445//1421
f 1581//1554 1450//1566 1592//1564
f 1597//1567 462//452 461//459
f 1598//1569 463//451 462//452
f 1599//1570 464//453 463//451
f 1600//1571 465//454 464//453
f 1601//1572 466//455 465//454
f 1602//1573 467//457 283//463
f 1603//1574 468//456 467//457
f 1595//1575 469//458 468//456
f 469//458 1595//1575 1596//1568
f 471//460 1605//1577 1604//1576
f 472//461 1606//1578 1605//1577
f 473//541 1607//1600 1606//1578
f 475//464 1609//1580 1608//1579
f 476//465 1610//1581 1609//1580
f 477//466 1611//1582 1610//1581
f 477//466 470//467 1604//1576
f 1612//1583 1611//1582 1604//1576
f 1627//1584 1612//1583 1605//1577
f 478//468 1613//1585 1466//1459
f 479//469 1614//1586 1613//1585
f 1614//1586 479//469 474//470
f 1620//1587 1596//1568 1595//1575
f 1621//1589 1597//1567 1596//1568
f 1622//1590 1598//1569 1597//1567
f 1623//1591 1622//1590 1615//1592
f 1623//1591 1599//1570 1598//1569
f 1623//1591 1616//1593 1617//1594
f 1624//1595 1600//1571 1599//1570
f 1624//1595 1617//1594 1618//1596
f 1594//1597 1601//1572 1600//1571
f 1625//1598 1602//1573 1457//1436
f 1626//1599 1603//1574 1602//1573
f 1603//1574 1626//1599 1619//1588
f 1607//1600 1628//1606 1627//1584
f 1610//1581 1630//1602 1629//1601
f 1611//1582 1631//1603 1630//1602
f 1612//1583 1632//1604 1631//1603
f 1627//1584 1633//1605 1632//1604
f 1633//1605 1627//1584 1628//1606
f 1613//1585 1635//1608 1486//1468
f 1614//1586 1636//1609 1635//1608
f 1608//1579 1637//1610 1636//1609
f 1608//1579 1609//1580 1629//1601
f 1638//1611 1637//1610 1629//1601
f 1639//1612 1638//1611 1630//1602
f 1639//1612 1631//1603 1632//1604
f 1493//1467 1486//1468 1635//1608
f 1642//1615 1616//1593 1615//1592
f 1643//1617 1617//1594 1616//1593
f 1644//1618 1618//1596 1617//1594
f 1647//1619 1620//1587 1619//1588
f 1648//1621 1621//1589 1620//1587
f 1640//1622 1622//1590 1621//1589
f 1640//1622 1641//1616 1615//1592
f 1649//1623 1625//1598 1478//1455
f 1645//1624 1626//1599 1625//1598
f 1626//1599 1645//1624 1646//1620
f 1633//1605 1651//1625 1650//1613
f 1634//1607 1652//1633 1651//1625
f 1636//1609 1654//1626 1653//1614
f 1637//1610 1655//1627 1654//1626
f 1638//1611 1656//1628 1655//1627
f 1639//1612 1657//1629 1656//1628
f 1650//1613 1658//1630 1657//1629
f 1658//1630 1650//1613 1651//1625
f 1660//1632 1659//1631 1651//1625
f 1653//1614 1661//1634 1513//1492
f 1661//1634 1653//1614 1654//1626
f 1662//1635 1654//1626 1655//1627
f 1663//1636 1655//1627 1656//1628
f 1664//1637 1656//1628 1657//1629
f 1665//1638 1657//1629 1658//1630
f 1676//1640 1666//1639 1658//1630
f 1641//1616 1640//1622 1668//1641
f 1670//1643 1669//1642 1353//1336
f 1670//1643 1642//1615 1641//1616
f 1671//1644 1670//1643 1354//1339
f 1671//1644 1643//1617 1642//1615
f 1672//1646 1671//1644 1355//1645
f 1672//1646 1644//1618 1643//1617
f 1674//1647 1646//1620 1645//1624
f 1675//1649 1647//1619 1646//1620
f 1667//1650 1648//1621 1647//1619
f 1648//1621 1667//1650 1668//1641
f 1521//1520 1649//1623 1500//1473
f 1649//1623 1521//1520 1673//1648
f 1677//1651 1676//1640 1659//1631
f 1661//1634 1678//1652 1533//1493
f 1662//1635 1679//1653 1678//1652
f 1663//1636 1680//1654 1679//1653
f 1664//1637 1681//1655 1680//1654
f 1665//1638 1682//1664 1681//1655
f 1683//1656 1682//1664 1665//1638
f 1684//1657 1683//1656 1666//1639
f 1685//1658 1684//1657 1676//1640
f 1537//1515 1533//1493 1678//1652
f 1686//1659 1678//1652 1679//1653
f 1687//1660 1679//1653 1680//1654
f 1688//1661 1680//1654 1681//1655
f 1690//1663 1689//1662 1681//1655
f 1691//1665 1690//1663 1682//1664
f 1692//1666 1691//1665 1683//1656
f 1692//1666 1684//1657 1685//1658
f 1695//1668 1668//1641 1667//1650
f 1359//1670 1669//1642 1668//1641
f 1359//1670 1360//1337 1353//1336
f 1696//1671 1673//1648 1521//1520
f 1697//1672 1674//1647 1673//1648
f 1693//1673 1675//1649 1674//1647
f 1675//1649 1693//1673 1694//1669
f 1699//1674 1554//1514 1537//1515
f 1700//1675 1699//1674 1686//1659
f 1701//1676 1700//1675 1687//1660
f 1702//1677 1701//1676 1688//1661
f 1703//1678 1702//1677 1689//1662
f 1704//1679 1703//1678 1690//1663
f 1705//1680 1704//1679 1691//1665
f 1698//1667 1706//1688 1705//1680
f 1707//1681 1557//1530 1554//1514
f 1708//1682 1707//1681 1699//1674
f 1709//1683 1708//1682 1700//1675
f 1710//1684 1709//1683 1701//1676
f 1711//1685 1710//1684 1702//1677
f 1712//1686 1711//1685 1703//1678
f 1713//1687 1712//1686 1704//1679
f 1713//1687 1705//1680 1706//1688
f 1717//1690 1694//1669 1693//1673
f 1368//1356 1695//1668 1694//1669
f 1695//1668 1368//1356 1369//1346
f 1718//1692 1696//1671 1542//1519
f 1715//1693 1697//1672 1696//1671
f 1697//1672 1715//1693 1716//1691
f 1722//1694 1721//2106 1710//1684
f 1723//1695 1722//1694 1711//1685
f 1724//1696 1723//1695 1712//1686
f 1714//1689 1725//1878 1724//1696
f 1727//1697 1716//1691 1715//1693
f 1728//1699 1717//1690 1716//1691
f 1717//1690 1728//1699 1376//1357
f 1731//1700 1718//1692 1559//1534
f 1718//1692 1731//1700 1726//1698
f 1734//1701 1730//1732 1729//1702
f 1737//1704 1733//1703 1732//1705
f 1737//1704 1738//1708 1734//1701
f 1720//1707 1719//1865 1734//1701
f 1741//1709 1736//1706 1735//1710
f 1741//1709 1742//1712 1737//1704
f 1742//1712 1743//1718 1738//1708
f 1746//1713 1747//1715 1740//1711
f 1747//1715 1748//1716 1741//1709
f 1748//1716 1749//1717 1742//1712
f 1749//1717 1750//1727 1743//1718
f 1751//1719 1752//1722 1745//1720
f 1752//1722 1753//1723 1746//1713
f 1753//1723 1754//1724 1747//1715
f 1754//1724 1755//1725 1748//1716
f 1755//1725 1756//1726 1749//1717
f 1756//1726 1757//1753 1750//1727
f 1759//1728 1727//1697 1726//1698
f 1383//1730 1728//1699 1727//1697
f 1728//1699 1383//1730 1384//1364
f 1761//1731 1760//1735 1729//1702
f 1582//1733 1731//1700 1572//1543
f 1731//1700 1582//1733 1758//1729
f 1763//1734 1762//1737 1732//1705
f 1763//1734 1733//1703 1729//1702
f 1766//1736 1765//1739 1735//1710
f 1766//1736 1736//1706 1732//1705
f 1764//1738 1769//1743 1739//1714
f 1764//1738 1740//1711 1735//1710
f 1772//1740 1768//1744 1767//1741
f 1772//1740 1771//1742 1744//1721
f 1772//1740 1739//1714 1769//1743
f 1739//1714 1772//1740 1745//1720
f 1773//1745 1774//1747 1771//1742
f 1774//1747 1751//1719 1744//1721
f 1775//1748 1752//1722 1751//1719
f 1776//1749 1753//1723 1752//1722
f 1754//1724 1753//1723 1776//1749
f 1755//1725 1754//1724 1777//1750
f 1756//1726 1755//1725 1778//1751
f 1757//1753 1756//1726 1779//1752
f 1781//1755 1782//1756 1774//1747
f 1782//1756 1783//1757 1775//1748
f 1783//1757 1784//1758 1776//1749
f 1784//1758 1785//1759 1777//1750
f 1785//1759 1786//1760 1778//1751
f 1786//1760 1787//1761 1779//1752
f 1787//1761 1788//1924 1780//1754
f 1789//1762 1790//1763 1782//1756
f 1790//1763 1791//1764 1783//1757
f 1791//1764 1792//1765 1784//1758
f 1792//1765 1793//1766 1785//1759
f 1793//1766 1794//1768 1786//1760
f 1795//1767 1787//1761 1786//1760
f 1601//1572 1594//1597 1796//1769
f 1798//1770 548//538 466//455
f 1799//1771 1798//1770 1796//1769
f 549//539 548//538 1798//1770
f 550//540 549//539 1799//1771
f 551//542 1802//1774 1607//1600
f 552//543 1803//1775 1802//1774
f 553//544 1804//1776 1803//1775
f 553//544 550//540 1800//1773
f 1804//1776 1800//1773 1801//1777
f 1796//1769 1594//1597 1618//1596
f 1797//1772 1796//1769 1806//1779
f 1809//1781 1797//1772 1807//1780
f 1800//1773 1799//1771 1797//1772
f 1801//1777 1800//1773 1809//1781
f 1802//1774 1812//1784 1628//1606
f 1803//1775 1813//1785 1812//1784
f 1804//1776 1814//1786 1813//1785
f 1805//1778 1815//1787 1814//1786
f 1805//1778 1801//1777 1810//1783
f 1815//1787 1810//1783 1811//1788
f 1634//1607 1628//1606 1812//1784
f 1816//1790 1812//1784 1813//1785
f 1817//1791 1813//1785 1814//1786
f 1819//1793 1818//1792 1814//1786
f 1806//1779 1618//1596 1644//1618
f 1807//1780 1806//1779 1820//1794
f 1808//1782 1807//1780 1821//1795
f 1824//1797 1808//1782 1822//1796
f 1810//1783 1809//1781 1808//1782
f 1811//1788 1810//1783 1824//1797
f 1827//1800 1826//1789 1811//1788
f 1816//1790 1828//1801 1652//1633
f 1817//1791 1829//1802 1828//1801
f 1818//1792 1830//1803 1829//1802
f 1819//1793 1831//1804 1830//1803
f 1819//1793 1815//1787 1826//1789
f 1832//1805 1831//1804 1826//1789
f 1833//1806 1660//1632 1652//1633
f 1834//1807 1833//1806 1828//1801
f 1834//1807 1829//1802 1830//1803
f 1835//1809 1672//1646 1356//1342
f 1820//1794 1644//1618 1672//1646
f 1836//1810 1835//1809 1387//1368
f 1821//1795 1820//1794 1835//1809
f 1837//1811 1836//1810 1388//1371
f 1822//1796 1821//1795 1836//1810
f 1823//1798 1822//1796 1837//1811
f 1823//1798 1838//1813 1839//1814
f 1825//1799 1824//1797 1823//1798
f 1842//1816 1827//1800 1825//1799
f 1842//1816 1840//1815 1841//1817
f 1845//1819 1844//1808 1830//1803
f 1832//1805 1846//1820 1845//1819
f 1832//1805 1827//1800 1842//1816
f 1847//1821 1846//1820 1842//1816
f 1848//1822 1677//1651 1660//1632
f 1849//1823 1848//1822 1833//1806
f 1844//1808 1850//1830 1849//1823
f 1851//1824 1850//1830 1844//1808
f 1852//1825 1851//1824 1845//1819
f 1852//1825 1846//1820 1847//1821
f 1853//1827 1685//1658 1677//1651
f 1854//1828 1853//1827 1848//1822
f 1855//1829 1854//1828 1849//1823
f 1856//1831 1855//1829 1850//1830
f 1857//1832 1856//1831 1851//1824
f 1389//1812 1394//1372 1395//1833
f 1838//1813 1837//1811 1389//1812
f 1859//1835 1839//1814 1838//1813
f 1860//1836 1840//1815 1839//1814
f 1841//1817 1840//1815 1860//1836
f 1862//1838 1843//1818 1841//1817
f 1847//1821 1843//1818 1862//1838
f 1864//1826 1847//1821 1863//1839
f 1866//1841 1698//1667 1685//1658
f 1867//1842 1866//1841 1853//1827
f 1868//1843 1867//1842 1854//1828
f 1856//1831 1869//1844 1868//1843
f 1857//1832 1870//1845 1869//1844
f 1857//1832 1852//1825 1864//1826
f 1871//1846 1870//1845 1864//1826
f 1706//1688 1698//1667 1866//1841
f 1873//1848 1872//1847 1866//1841
f 1874//1849 1873//1848 1867//1842
f 1875//1850 1874//1849 1868//1843
f 1876//1851 1875//1850 1869//1844
f 1877//1852 1876//1851 1870//1845
f 1714//1689 1706//1688 1872//1847
f 1880//1854 1881//1855 1400//1377
f 1881//1855 1858//1834 1395//1833
f 1882//1856 1859//1835 1858//1834
f 1883//1857 1884//1860 1879//1858
f 1884//1860 1885//1861 1880//1854
f 1885//1861 1886//1862 1881//1855
f 1886//1862 1887//1863 1882//1856
f 1860//1836 1859//1835 1882//1856
f 1888//1864 1861//1837 1860//1836
f 1720//1707 1889//1866 1883//1857
f 1889//1866 1890//1867 1884//1860
f 1890//1867 1891//1868 1885//1861
f 1891//1868 1892//1869 1886//1862
f 1892//1869 1893//1870 1887//1863
f 1893//1870 1894//1871 1888//1864
f 1862//1838 1861//1837 1888//1864
f 1895//1872 1863//1839 1862//1838
f 1865//1840 1863//1839 1895//1872
f 1871//1846 1865//1840 1896//1873
f 1873//1848 1899//1880 1898//1853
f 1900//1875 1899//1880 1873//1848
f 1901//1876 1900//1875 1874//1849
f 1876//1851 1902//1885 1901//1876
f 1903//1877 1902//1885 1876//1851
f 1877//1852 1871//1846 1897//1874
f 1898//1853 1904//1879 1725//1878
f 1904//1879 1898//1853 1899//1880
f 1906//1882 1905//1881 1899//1880
f 1907//1883 1906//1882 1900//1875
f 1908//1884 1907//1883 1901//1876
f 1910//1886 1909//1887 1878//1859
f 1404//1386 1910//1886 1879//1858
f 1404//1386 1880//1854 1399//1376
f 1719//1865 1909//1887 1730//1732
f 1719//1865 1883//1857 1878//1859
f 1911//1888 1889//1866 1720//1707
f 1912//1889 1890//1867 1889//1866
f 1891//1868 1890//1867 1912//1889
f 1892//1869 1891//1868 1913//1890
f 1893//1870 1892//1869 1914//1891
f 1916//1893 1894//1871 1893//1870
f 1743//1718 1917//1894 1911//1888
f 1917//1894 1918//1895 1912//1889
f 1918//1895 1919//1896 1913//1890
f 1919//1896 1920//1897 1914//1891
f 1920//1897 1921//1898 1915//1892
f 1921//1898 1922//1899 1916//1893
f 1895//1872 1894//1871 1916//1893
f 1750//1727 1923//1900 1917//1894
f 1923//1900 1924//1901 1918//1895
f 1924//1901 1925//1902 1919//1896
f 1925//1902 1926//1903 1920//1897
f 1926//1903 1927//1904 1921//1898
f 1927//1904 1928//1905 1922//1899
f 1896//1873 1895//1872 1922//1899
f 1757//1753 1929//1906 1923//1900
f 1929//1906 1930//1907 1924//1901
f 1930//1907 1937//1914 1925//1902
f 1897//1874 1896//1873 1928//1905
f 1903//1877 1933//1910 1932//1909
f 1903//1877 1897//1874 1931//1908
f 1908//1884 1902//1885 1932//1909
f 1935//1912 1761//1731 1730//1732
f 1910//1886 1936//1913 1935//1912
f 1936//1913 1910//1886 1404//1386
f 1926//1903 1925//1902 1937//1914
f 1939//1916 1927//1904 1926//1903
f 1940//1917 1928//1905 1927//1904
f 1929//1906 1757//1753 1780//1754
f 1930//1907 1929//1906 1941//1918
f 1937//1914 1930//1907 1942//1919
f 1944//1921 1938//1915 1937//1914
f 1945//1922 1939//1916 1938//1915
f 1946//1923 1940//1917 1939//1916
f 1931//1908 1928//1905 1940//1917
f 1788//1924 1947//1925 1941//1918
f 1947//1925 1948//1927 1942//1919
f 1949//1926 1943//1920 1942//1919
f 1933//1910 1951//1929 1950//1928
f 1933//1910 1931//1908 1946//1923
f 1934//1911 1932//1909 1950//1928
f 622//614 1955//1932 1414//1391
f 1956//1931 1954//1939 1955//1932
f 1957//1933 1955//1932 622//614
f 1958//1934 1957//1933 623//615
f 1959//1935 1958//1934 624//616
f 1960//1936 1959//1935 625//617
f 1961//600 1960//1936 626//618
f 1962//1049 1961//600 627//619
f 1963//1937 1962//1049 628//620
f 1964//1049 1963//1937 629//621
f 1418//1938 1955//1932 1954//1939
f 1418//1938 1419//1397 1414//1391
f 1966//1941 1965//1940 1954//1939
f 1967//1942 1966//1941 1956//1931
f 1958//1934 1968//1053 1967//1942
f 1959//1935 1969//1947 1968//1053
f 1970//601 1969//1947 1959//1935
f 1971//1061 1970//601 1960//1936
f 1972//1943 1971//1061 1961//600
f 1963//1937 1973//1952 1972//1943
f 1974//577 1973//1952 1963//1937
f 1975//1944 1424//1400 1418//1938
f 1976//1945 1975//1944 1965//1940
f 1977//1946 1976//1945 1966//1941
f 1968//1053 1978//1948 1977//1946
f 1969//1947 1979//1037 1978//1948
f 1980//1949 1979//1037 1969//1947
f 1981//1950 1980//1949 1970//601
f 1982//1951 1981//1950 1971//1061
f 1983//1947 1982//1951 1972//1943
f 1984//1953 1983//1947 1973//1952
f 1985//1954 1430//1406 1424//1400
f 1986//1955 1985//1954 1975//1944
f 1987//1956 1986//1955 1976//1945
f 1988//1957 1987//1956 1977//1946
f 1989//1958 1988//1957 1978//1948
f 1990//1959 1989//1958 1979//1037
f 1991//601 1990//1959 1980//1949
f 1992//1051 1991//601 1981//1950
f 1993//1960 1992//1051 1982//1951
f 1994//1047 1993//1960 1983//1947
f 1995//1961 1436//1413 1430//1406
f 1996//1962 1995//1961 1985//1954
f 1997//1033 1996//1962 1986//1955
f 1998//619 1997//1033 1987//1956
f 1989//1958 1999//1043 1998//619
f 1990//1959 2000//1963 1999//1043
f 1991//601 2001//588 2000//1963
f 2002//1964 2001//588 1991//601
f 2003//1049 2002//1964 1992//1051
f 2004//588 2003//1049 1993//1960
f 2005//1965 1442//1419 1436//1413
f 2006//1966 2005//1965 1995//1961
f 2007//1967 2006//1966 1996//1962
f 2008//1968 2007//1967 1997//1033
f 2009//1969 2008//1968 1998//619
f 2010//1047 2009//1969 1999//1043
f 2011//1970 2010//1047 2000//1963
f 2012//1971 2011//1970 2001//588
f 2013//1971 2012//1971 2002//1964
f 2014//1972 2013//1971 2003//1049
f 2015//1973 1449//1425 1442//1419
f 2016//1974 2015//1973 2005//1965
f 2017//1975 2016//1974 2006//1966
f 2018//1056 2017//1975 2007//1967
f 2009//1969 2019//1982 2018//1056
f 2020//1034 2019//1982 2009//1969
f 2021//1056 2020//1034 2010//1047
f 2022//1976 2021//1056 2011//1970
f 2023//1977 2022//1976 2012//1971
f 2024//1978 2023//1977 2013//1971
f 2025//1979 1456//1432 1449//1425
f 2026//1980 2025//1979 2015//1973
f 2027//1062 2026//1980 2016//1974
f 2028//1981 2027//1062 2017//1975
f 2019//1982 2029//1952 2028//1981
f 2030//1056 2029//1952 2019//1982
f 2031//1983 2030//1056 2020//1034
f 2032//1984 2031//1983 2021//1056
f 2033//1985 2032//1984 2022//1976
f 2034//1986 2033//1985 2023//1977
f 2035//1987 701//697 301//696
f 2036//1989 2037//1990 701//697
f 706//701 702//695 701//697
f 2038//1991 707//702 706//701
f 708//703 707//702 2038//1991
f 709//839 708//703 2039//1992
f 2041//1994 2042//1995 2038//1991
f 2042//1995 2043//1997 2039//1992
f 2044//1996 2040//1993 2039//1992
f 2045//1998 2046//1999 1498//1472
f 2046//1999 2035//1987 1476//1988
f 2047//2000 2048//2001 2046//1999
f 2036//1989 2035//1987 2046//1999
f 2049//2002 2050//2003 2036//1989
f 2041//1994 2037//1990 2036//1989
f 2051//2004 2042//1995 2041//1994
f 2052//2005 2043//1997 2042//1995
f 2053//2006 2044//1996 2043//1997
f 2054//2007 2045//1998 1497//1495
f 2047//2000 2045//1998 2054//2007
f 2056//2010 2048//2001 2047//2000
f 2049//2002 2048//2001 2056//2010
f 2058//2012 2050//2003 2049//2002
f 2051//2004 2050//2003 2058//2012
f 2060//2014 2052//2005 2051//2004
f 2061//2015 2053//2006 2052//2005
f 2062//2016 2063//2017 2060//2014
f 2063//2017 2064//2032 2061//2015
f 1519//2008 2066//2019 2065//2018
f 1519//2008 1520//1494 1538//1510
f 2067//2020 2066//2019 1538//1510
f 2067//2020 1539//1511 1540//1512
f 2068//2022 2055//2009 2054//2007
f 2069//2023 2068//2022 2065//2018
f 2056//2010 2055//2009 2068//2022
f 2070//2024 2057//2011 2056//2010
f 2071//2025 2058//2012 2057//2011
f 2072//2026 2059//2013 2058//2012
f 2075//2027 2062//2016 2059//2013
f 2075//2027 2072//2026 2073//2028
f 2076//2029 2063//2017 2062//2016
f 2076//2029 2073//2028 2074//2030
f 2064//2032 2063//2017 2076//2029
f 2067//2020 2079//2034 2078//2033
f 1555//2021 2080//2040 2079//2034
f 2081//2035 2080//2040 1555//2021
f 2082//2036 2081//2035 1556//1529
f 2069//2023 2066//2019 2078//2033
f 2083//2037 2078//2033 2079//2034
f 2070//2024 2069//2023 2083//2037
f 2085//2039 2084//2038 2079//2034
f 2086//2041 2085//2039 2080//2040
f 2087//2042 2086//2041 2081//2035
f 2088//2043 2071//2025 2070//2024
f 2088//2043 2084//2038 2085//2039
f 2072//2026 2071//2025 2088//2043
f 2089//2044 2085//2039 2086//2041
f 2073//2028 2072//2026 2089//2044
f 2090//2045 2086//2041 2087//2042
f 2074//2030 2073//2028 2090//2045
f 2102//2047 2103//2052 2096//2048
f 2093//2050 2103//2052 2102//2047
f 2103//2052 2104//2054 2097//2053
f 2104//2054 2103//2052 2093//2050
f 847//840 709//839 2040//1993
f 848//841 847//840 2105//2056
f 849//842 848//841 2106//2057
f 850//843 849//842 2107//2058
f 851//844 850//843 2108//2059
f 852//845 851//844 2109//2060
f 853//846 852//845 2110//2061
f 2112//2062 2105//2056 2040//1993
f 2113//2063 2106//2057 2105//2056
f 2114//2064 2107//2058 2106//2057
f 2115//2065 2108//2059 2107//2058
f 2116//2066 2109//2060 2108//2059
f 2117//2067 2110//2061 2109//2060
f 2118//2068 2111//848 2110//2061
f 855//1005 2111//848 2118//2068
f 2120//2070 2112//2062 2044//1996
f 2121//2071 2113//2063 2112//2062
f 2122//2072 2114//2064 2113//2063
f 2123//2073 2115//2065 2114//2064
f 2124//2074 2116//2066 2115//2065
f 2125//2075 2117//2067 2116//2066
f 2126//2076 2118//2068 2117//2067
f 2119//2069 2118//2068 2126//2076
f 2128//2078 2120//2070 2053//2006
f 2129//2079 2121//2071 2120//2070
f 2130//2080 2122//2072 2121//2071
f 2131//2081 2123//2073 2122//2072
f 2132//2082 2124//2074 2123//2073
f 2133//2083 2125//2075 2124//2074
f 2134//2084 2126//2076 2125//2075
f 2134//2084 2135//2092 2127//2077
f 2128//2078 2061//2015 2064//2032
f 2137//2086 2129//2079 2128//2078
f 2138//2087 2130//2080 2129//2079
f 2139//2088 2131//2081 2130//2080
f 2140//2089 2132//2082 2131//2081
f 2141//2090 2133//2083 2132//2082
f 2142//2091 2134//2084 2133//2083
f 2135//2092 2134//2084 2142//2091
f 2077//2031 2074//2030 2144//2094
f 2136//2085 2064//2032 2077//2031
f 2146//2096 2137//2086 2136//2085
f 2147//2097 2138//2087 2137//2086
f 2148//2098 2139//2088 2138//2087
f 2140//2089 2139//2088 2148//2098
f 2150//2100 2141//2090 2140//2089
f 2151//2101 2142//2091 2141//2090
f 2152//2102 2143//2093 2142//2091
f 2082//2036 1557//1530 1707//1681
f 2156//2104 2155//2103 1707//1681
f 2157//2105 2156//2104 1708//1682
f 1721//2106 2157//2105 1709//1683
f 2158//2107 2087//2042 2082//2036
f 2091//2046 2087//2042 2158//2107
f 2159//2108 2144//2094 2074//2030
f 2159//2108 2158//2107 2187//2109
f 2144//2094 2159//2108 2160//2110
f 2165//2111 2146//2096 2145//2095
f 2165//2111 2160//2110 2161//2112
f 2166//2113 2147//2097 2146//2096
f 2166//2113 2161//2112 2162//2114
f 2167//2115 2148//2098 2147//2097
f 2167//2115 2162//2114 2163//2116
f 2168//2117 2149//2099 2148//2098
f 2168//2117 2163//2116 2164//2118
f 2169//2119 2150//2100 2149//2099
f 2170//2120 2151//2101 2150//2100
f 2171//2121 2152//2102 2151//2101
f 2178//2122 2173//2156 2172//2123
f 2154//2125 2178//2122 2177//2124
f 2156//2104 2180//2135 2179//2127
f 2181//2128 2180//2135 2156//2104
f 2182//2129 2181//2128 2157//2105
f 2183//2130 2182//2129 1721//2106
f 2184//2131 2183//2130 1722//1694
f 2185//2132 2184//2131 1723//1695
f 2185//2132 1724//1696 1725//1878
f 2158//2107 2155//2103 2179//2127
f 2188//2134 2187//2109 2179//2127
f 2189//2136 2188//2134 2180//2135
f 2190//2137 2189//2136 2181//2128
f 2190//2137 2182//2129 2183//2130
f 2191//2138 2183//2130 2184//2131
f 2192//2139 2184//2131 2185//2132
f 2193//2140 2185//2132 2186//2133
f 2195//2142 2160//2110 2187//2109
f 2195//2142 2188//2134 2189//2136
f 2161//2112 2160//2110 2195//2142
f 2196//2143 2189//2136 2190//2137
f 2162//2114 2161//2112 2196//2143
f 2197//2144 2190//2137 2191//2138
f 2198//2145 2163//2116 2162//2114
f 2198//2145 2191//2138 2192//2139
f 2199//2146 2164//2118 2163//2116
f 2199//2146 2192//2139 2193//2140
f 2200//2147 2193//2140 2194//2141
f 2164//2118 2199//2146 2200//2147
f 2202//2149 2170//2120 2169//2119
f 2202//2149 2200//2147 2201//2148
f 2203//2150 2171//2121 2170//2120
f 2210//2151 2205//2155 2204//2152
f 2211//2154 2206//2170 2205//2155
f 2173//2156 2211//2154 2210//2151
f 2216//2157 2208//2163 2207//2158
f 2175//2160 2216//2157 2215//2159
f 2217//2162 2209//2153 2208//2163
f 2176//2164 2217//2162 2216//2157
f 2172//2123 2210//2151 2209//2153
f 2177//2124 2172//2123 2217//2162
f 2224//2165 2225//2169 2220//2166
f 2205//2155 2225//2169 2224//2165
f 2226//2168 2221//2191 2220//2166
f 2206//2170 2226//2168 2225//2169
f 2230//2171 2231//2174 2223//2172
f 2208//2163 2231//2174 2230//2171
f 2204//2152 2224//2165 2223//2172
f 2209//2153 2204//2152 2231//2174
f 2232//2175 2233//2178 2228//2176
f 2233//2178 2232//2175 2212//2179
f 2233//2178 2234//2183 2229//2181
f 2214//2182 2234//2183 2233//2178
f 2234//2183 2207//2158 2230//2171
f 2215//2159 2207//2158 2234//2183
f 2235//2184 3031//2981 1790//1763
f 2242//2185 2237//2189 2236//2186
f 2242//2185 2241//2187 2219//2167
f 2242//2185 2218//2190 2238//2188
f 2218//2190 2242//2185 2220//2166
f 2246//2192 2247//2195 2240//2193
f 2247//2195 2246//2192 2222//2173
f 2219//2167 2241//2187 2240//2193
f 2219//2167 2247//2195 2223//2172
f 2248//2196 2249//2199 2244//2197
f 2249//2199 2248//2196 2227//2177
f 2249//2199 2250//2201 2245//2200
f 2250//2201 2249//2199 2228//2176
f 2250//2201 2222//2173 2246//2192
f 2222//2173 2250//2201 2229//2181
f 2104//2054 2227//2177 2248//2196
f 2227//2177 2104//2054 2094//2055
f 1008//1006 855//1005 2119//2069
f 1009//1007 1008//1006 2251//2202
f 1010//1009 1009//1007 2252//2203
f 2254//2205 1011//1008 1010//1009
f 2255//2206 1012//1010 1011//1008
f 2256//2207 1013//1011 1012//1010
f 1015//1013 1013//1011 2256//2207
f 1017//1016 1015//1013 2257//2208
f 2260//2210 1019//1018 1017//1016
f 2261//2211 2262//2213 2260//2210
f 1021//1019 1019//1018 2260//2210
f 2264//2214 2265//2215 2262//2213
f 2265//2215 1024//1022 1021//1019
f 2251//2202 2119//2069 2127//2077
f 2252//2203 2251//2202 2266//2216
f 2253//2204 2252//2203 2267//2217
f 2269//2219 2254//2205 2253//2204
f 2270//2220 2255//2206 2254//2205
f 2271//2221 2256//2207 2255//2206
f 2135//2092 2272//2222 2266//2216
f 2272//2222 2273//2223 2267//2217
f 2273//2223 2274//2225 2268//2218
f 2275//2224 2269//2219 2268//2218
f 2275//2224 2276//2227 2270//2220
f 2277//2226 2271//2221 2270//2220
f 2257//2208 2256//2207 2271//2221
f 2278//2228 2279//2229 2277//2226
f 2258//2209 2257//2208 2277//2226
f 2280//2230 2259//2212 2279//2229
f 2259//2212 2260//2210 2258//2209
f 2282//2231 2261//2211 2259//2212
f 2281//2232 2284//2245 2263//2233
f 2281//2232 2264//2214 2261//2211
f 2272//2222 2135//2092 2143//2093
f 2273//2223 2272//2222 2285//2234
f 2287//2236 2274//2225 2273//2223
f 2288//2237 2275//2224 2274//2225
f 2289//2238 2276//2227 2275//2224
f 2290//2239 2278//2228 2276//2227
f 2292//2240 2280//2230 2278//2228
f 2282//2231 2291//2242 2294//2241
f 2291//2242 2282//2231 2280//2230
f 2293//2243 2297//2263 2283//2244
f 2293//2243 2284//2245 2281//2232
f 2285//2234 2143//2093 2152//2102
f 2299//2247 2286//2235 2285//2234
f 2300//2248 2287//2236 2286//2235
f 2301//2249 2288//2237 2287//2236
f 2302//2250 2289//2238 2288//2237
f 2304//2251 2290//2239 2289//2238
f 2292//2240 2303//2253 2306//2252
f 2303//2253 2292//2240 2290//2239
f 2294//2241 2305//2255 2309//2254
f 2305//2255 2294//2241 2291//2242
f 2311//2256 2308//2262 2307//2257
f 2311//2256 2310//2258 2295//2259
f 2312//2261 2309//2254 2308//2262
f 2312//2261 2311//2256 2296//2260
f 2312//2261 2297//2263 2293//2243
f 2316//2264 2298//2246 2152//2102
f 2317//2265 2299//2247 2298//2246
f 2317//2265 2313//2292 2314//2266
f 2318//2267 2300//2248 2299//2247
f 2318//2267 2314//2266 2315//2268
f 2301//2249 2300//2248 2318//2267
f 2320//2270 2302//2250 2301//2249
f 2322//2271 2323//2272 2320//2270
f 2323//2272 2322//2271 2303//2253
f 2323//2272 2304//2251 2302//2250
f 2306//2252 2321//2274 2326//2273
f 2321//2274 2306//2252 2303//2253
f 2328//2275 2325//2279 2324//2276
f 2328//2275 2327//2277 2307//2257
f 2329//2278 2326//2273 2325//2279
f 2329//2278 2328//2275 2308//2262
f 2329//2278 2309//2254 2305//2255
f 2178//2122 2307//2257 2327//2277
f 2310//2258 2307//2257 2178//2122
f 2186//2133 1725//1878 1904//1879
f 2330//2280 1904//1879 1905//1881
f 2332//2282 2331//2281 1905//1881
f 2332//2282 1906//1882 1907//1883
f 2334//2284 2333//2283 1907//1883
f 2194//2141 2186//2133 2330//2280
f 2336//2286 2335//2285 2330//2280
f 2337//2287 2336//2286 2331//2281
f 2338//2288 2337//2287 2332//2282
f 2201//2148 2194//2141 2335//2285
f 2340//2290 2339//2289 2335//2285
f 2341//2291 2340//2290 2336//2286
f 2341//2291 2314//2266 2313//2292
f 2342//2293 2341//2291 2337//2287
f 2315//2268 2314//2266 2341//2291
f 2203//2150 2201//2148 2339//2289
f 2343//2294 2316//2264 2171//2121
f 2343//2294 2339//2289 2340//2290
f 2313//2292 2317//2265 2316//2264
f 2345//2295 2319//2269 2315//2268
f 2344//2296 2348//2302 2321//2274
f 2344//2296 2322//2271 2319//2269
f 2350//2297 2347//2301 2346//2298
f 2350//2297 2349//2299 2324//2276
f 2351//2300 2348//2302 2347//2301
f 2351//2300 2350//2297 2325//2279
f 2351//2300 2326//2273 2321//2274
f 2324//2276 2349//2299 2206//2170
f 2327//2277 2324//2276 2211//2154
f 2334//2284 2353//2304 2352//2303
f 2334//2284 1908//1884 1934//1911
f 2338//2288 2333//2283 2352//2303
f 2357//2306 2342//2293 2338//2288
f 2360//2307 2356//2311 2355//2308
f 2361//2310 2357//2306 2356//2311
f 2361//2310 2360//2307 2344//2296
f 2361//2310 2345//2295 2342//2293
f 2362//2312 2358//2314 2218//2190
f 2363//2313 2359//2309 2358//2314
f 2363//2313 2362//2312 2346//2298
f 2363//2313 2364//2315 2360//2307
f 2364//2315 2363//2313 2347//2301
f 2364//2315 2348//2302 2344//2296
f 2346//2298 2362//2312 2221//2191
f 2349//2299 2346//2298 2226//2168
f 2353//2304 1952//2317 2365//2316
f 1952//2317 2353//2304 1934//1911
f 2368//2318 2354//2305 2352//2303
f 2371//2319 2367//2323 2366//2320
f 2371//2319 2370//2321 2355//2308
f 2372//2322 2368//2318 2367//2323
f 2372//2322 2371//2319 2356//2311
f 2372//2322 2357//2306 2354//2305
f 2373//2324 2238//2188 2218//2190
f 2369//2325 2373//2324 2358//2314
f 2369//2325 2359//2309 2355//2308
f 2374//2326 1964//1049 630//622
f 1074//1058 2375//2327 2374//2326
f 1075//1059 2376//1968 2375//2327
f 2377//1036 2376//1968 1075//1059
f 2378//619 2377//1036 1076//1060
f 2379//2328 2378//619 1077//1061
f 2380//589 2379//2328 1078//1036
f 2381//2329 2380//589 1079//622
f 2382//2330 2381//2329 1080//1062
f 2383//2331 1974//577 1964//1049
f 2384//1964 2383//2331 2374//2326
f 2385//2332 2384//1964 2375//2327
f 2386//601 2385//2332 2376//1968
f 2387//2333 2386//601 2377//1036
f 2388//2334 2387//2333 2378//619
f 2389//2335 2388//2334 2379//2328
f 2390//2336 2389//2335 2380//589
f 2391//2337 2390//2336 2381//2329
f 2392//2338 1984//1953 1974//577
f 2393//1034 2392//2338 2383//2331
f 2394//2339 2393//1034 2384//1964
f 2395//2340 2394//2339 2385//2332
f 2396//2341 2395//2340 2386//601
f 2397//2342 2396//2341 2387//2333
f 2398//2343 2397//2342 2388//2334
f 2399//2344 2398//2343 2389//2335
f 2400//2345 2399//2344 2390//2336
f 2401//2346 1994//1047 1984//1953
f 2402//2347 2401//2346 2392//2338
f 2403//2348 2402//2347 2393//1034
f 2404//2349 2403//2348 2394//2339
f 2405//2350 2404//2349 2395//2340
f 2406//2351 2405//2350 2396//2341
f 2407//2352 2406//2351 2397//2342
f 2408//2353 2407//2352 2398//2343
f 2409//2354 2004//588 1994//1047
f 2410//2355 2409//2354 2401//2346
f 2411//2356 2410//2355 2402//2347
f 2412//2357 2411//2356 2403//2348
f 2414//2358 2412//2357 2404//2349
f 2414//2358 2415//2438 2413//2359
f 2406//2351 2415//2438 2414//2358
f 2416//2360 2415//2438 2406//2351
f 2417//2361 2014//1972 2004//588
f 2418//2362 2417//2361 2409//2354
f 2419//2363 2418//2362 2410//2355
f 2421//2364 2419//2363 2411//2356
f 2421//2364 2422//2459 2420//2365
f 2413//2359 2422//2459 2421//2364
f 2423//2366 2024//1978 2014//1972
f 2424//2367 2423//2366 2417//2361
f 2426//2368 2424//2367 2418//2362
f 2426//2368 2427//2477 2425//2369
f 2420//2365 2427//2477 2426//2368
f 2428//2370 2034//1986 2024//1978
f 2430//2371 2428//2370 2423//2366
f 2430//2371 2431//2487 2429//2372
f 2425//2369 2431//2487 2430//2371
f 2442//2373 2435//2377 2434//2374
f 2443//2376 2436//2391 2435//2377
f 2451//2378 2445//2410 2444//2379
f 2455//2381 2447//2385 2446//2382
f 2456//2384 2448//2387 2447//2385
f 2457//2386 2449//2389 2448//2387
f 2458//2388 2450//2380 2449//2389
f 2435//2377 2458//2388 2457//2386
f 2433//2390 2451//2378 2450//2380
f 2436//2391 2433//2390 2458//2388
f 2400//2345 2459//2393 2452//2392
f 2459//2393 2460//2396 2453//2394
f 2461//2395 2454//2383 2453//2394
f 2438//2397 2461//2395 2460//2396
f 2462//2399 2455//2381 2454//2383
f 2439//2400 2462//2399 2461//2395
f 2463//2401 2456//2384 2455//2381
f 2440//2402 2463//2401 2462//2399
f 2434//2374 2457//2386 2456//2384
f 2441//2375 2434//2374 2463//2401
f 2474//2403 2466//2407 2465//2404
f 2475//2406 2467//2409 2466//2407
f 2476//2408 2468//2436 2467//2409
f 2445//2410 2476//2408 2475//2406
f 2478//2411 2470//2415 2469//2412
f 2479//2414 2471//2417 2470//2415
f 2480//2416 2472//2419 2471//2417
f 2447//2385 2480//2416 2479//2414
f 2481//2418 2473//2405 2472//2419
f 2448//2387 2481//2418 2480//2416
f 2482//2420 2474//2403 2473//2405
f 2449//2389 2482//2420 2481//2418
f 2444//2379 2475//2406 2474//2403
f 2450//2380 2444//2379 2482//2420
f 2408//2353 2483//2421 2477//2413
f 2452//2392 2483//2421 2408//2353
f 2483//2421 2484//2422 2478//2411
f 2453//2394 2484//2422 2483//2421
f 2446//2382 2479//2414 2478//2411
f 2454//2383 2446//2382 2484//2422
f 2492//2423 2486//2449 2485//2424
f 2496//2426 2488//2430 2487//2427
f 2497//2429 2489//2432 2488//2430
f 2498//2431 2490//2434 2489//2432
f 2466//2407 2498//2431 2497//2429
f 2499//2433 2491//2425 2490//2434
f 2467//2409 2499//2433 2498//2431
f 2464//2435 2492//2423 2491//2425
f 2468//2436 2464//2435 2499//2433
f 2500//2437 2493//2440 2413//2359
f 2501//2439 2494//2442 2493//2440
f 2470//2415 2501//2439 2500//2437
f 2502//2441 2495//2428 2494//2442
f 2471//2417 2502//2441 2501//2439
f 2503//2443 2496//2426 2495//2428
f 2472//2419 2503//2443 2502//2441
f 2465//2404 2497//2429 2496//2426
f 2473//2405 2465//2404 2503//2443
f 2416//2360 2469//2412 2500//2437
f 2477//2413 2469//2412 2416//2360
f 2512//2444 2505//2448 2504//2445
f 2513//2447 2506//2466 2505//2448
f 2486//2449 2513//2447 2512//2444
f 2515//2450 2516//2454 2508//2451
f 2517//2453 2509//2456 2508//2451
f 2488//2430 2517//2453 2516//2454
f 2518//2455 2510//2458 2509//2456
f 2489//2432 2518//2455 2517//2453
f 2519//2457 2511//2446 2510//2458
f 2490//2434 2519//2457 2518//2455
f 2485//2424 2512//2444 2511//2446
f 2491//2425 2485//2424 2519//2457
f 2422//2459 2520//2461 2514//2460
f 2493//2440 2520//2461 2422//2459
f 2520//2461 2521//2462 2515//2450
f 2494//2442 2521//2462 2520//2461
f 2521//2462 2487//2427 2516//2454
f 2495//2428 2487//2427 2521//2462
f 2527//2463 2528//2464 2093//2050
f 2528//2464 2527//2463 2504//2445
f 2529//2465 2094//2055 2093//2050
f 2506//2466 2529//2465 2528//2464
f 2530//2467 2531//2470 2523//2468
f 2531//2470 2532//2472 2524//2471
f 2532//2472 2531//2470 2507//2452
f 2533//2473 2525//2475 2524//2471
f 2509//2456 2533//2473 2532//2472
f 2534//2474 2526//2476 2525//2475
f 2510//2458 2534//2474 2533//2473
f 2504//2445 2527//2463 2526//2476
f 2511//2446 2504//2445 2534//2474
f 2427//2477 2535//2478 2530//2467
f 2514//2460 2535//2478 2427//2477
f 2535//2478 2507//2452 2531//2470
f 2507//2452 2535//2478 2514//2460
f 2537//2479 2536//2488 2522//2469
f 2537//2479 2538//2482 2099//2480
f 2538//2482 2537//2479 2523//2468
f 2538//2482 2539//2484 2100//2483
f 2539//2484 2538//2482 2524//2471
f 2539//2484 2540//2486 2101//2485
f 2540//2486 2539//2484 2525//2475
f 2540//2486 2092//2051 2102//2047
f 2092//2051 2540//2486 2526//2476
f 2431//2487 2522//2469 2536//2488
f 2530//2467 2522//2469 2431//2487
f 2548//2489 2543//2493 2542//2490
f 2549//2492 2544//2515 2543//2493
f 2553//2494 2546//2498 2545//2495
f 2554//2497 2547//2491 2546//2498
f 2555//2499 2548//2489 2547//2491
f 2555//2499 2554//2497 1192//1176
f 1191//1314 2549//2492 2548//2489
f 1194//1315 1191//1314 2555//2499
f 2558//2500 2551//2504 2550//2501
f 2559//2503 2552//2496 2551//2504
f 2560//2505 2553//2494 2552//2496
f 1195//1321 2554//2497 2553//2494
f 1195//1321 1196//1177 1192//1176
f 2566//2506 2562//2534 2561//2507
f 2570//2509 2564//2513 2563//2510
f 2571//2512 2565//2508 2564//2513
f 2543//2493 2571//2512 2570//2509
f 2541//2514 2566//2506 2565//2508
f 2544//2515 2541//2514 2571//2512
f 2575//2516 2568//2520 2567//2517
f 2576//2519 2569//2511 2568//2520
f 2546//2498 2576//2519 2575//2516
f 2542//2490 2570//2509 2569//2511
f 2547//2491 2542//2490 2576//2519
f 2577//2521 2572//2523 2433//2390
f 2578//2522 2573//2525 2572//2523
f 2579//2524 2574//2518 2573//2525
f 2551//2504 2579//2524 2578//2522
f 2545//2495 2575//2516 2574//2518
f 2552//2496 2545//2495 2579//2524
f 2580//2526 2577//2521 2436//2391
f 2556//2527 2580//2526 2443//2376
f 2550//2501 2578//2522 2577//2521
f 2557//2502 2550//2501 2580//2526
f 2588//2529 2583//2533 2582//2530
f 2589//2532 2584//2557 2583//2533
f 2589//2532 2588//2529 2561//2507
f 2594//2535 2586//2539 2585//2536
f 2595//2538 2587//2531 2586//2539
f 2564//2513 2595//2538 2594//2535
f 2561//2507 2588//2529 2587//2531
f 2565//2508 2561//2507 2595//2538
f 2597//2540 2591//2544 2590//2541
f 2598//2543 2592//2546 2591//2544
f 2599//2545 2593//2537 2592//2546
f 2568//2520 2599//2545 2598//2543
f 2563//2510 2594//2535 2593//2537
f 2569//2511 2563//2510 2599//2545
f 2600//2547 2596//2542 2445//2410
f 2572//2523 2600//2547 2451//2378
f 2601//2548 2597//2540 2596//2542
f 2573//2525 2601//2548 2600//2547
f 2567//2517 2598//2543 2597//2540
f 2574//2518 2567//2517 2601//2548
f 2605//2549 2154//2125 2153//2126
f 2609//2551 2603//2555 2602//2552
f 2610//2554 2604//2550 2603//2555
f 2583//2533 2610//2554 2609//2551
f 2581//2556 2605//2549 2604//2550
f 2584//2557 2581//2556 2610//2554
f 2614//2558 2607//2562 2606//2559
f 2615//2561 2608//2553 2607//2562
f 2586//2539 2615//2561 2614//2558
f 2582//2530 2609//2551 2608//2553
f 2587//2531 2582//2530 2615//2561
f 2616//2563 2611//2565 2464//2435
f 2617//2564 2612//2567 2611//2565
f 2591//2544 2617//2564 2616//2563
f 2618//2566 2613//2560 2612//2567
f 2592//2546 2618//2566 2617//2564
f 2585//2536 2614//2558 2613//2560
f 2593//2537 2585//2536 2618//2566
f 2590//2541 2616//2563 2468//2436
f 2596//2542 2590//2541 2476//2408
f 2622//2568 2175//2160 2174//2161
f 2623//2570 2176//2164 2175//2160
f 2603//2555 2623//2570 2622//2568
f 2153//2126 2177//2124 2176//2164
f 2604//2550 2153//2126 2623//2570
f 2626//2571 2620//2575 2619//2572
f 2627//2574 2621//2569 2620//2575
f 2607//2562 2627//2574 2626//2571
f 2602//2552 2622//2568 2621//2569
f 2608//2553 2602//2552 2627//2574
f 2628//2576 2624//2578 2486//2449
f 2611//2565 2628//2576 2492//2423
f 2629//2577 2625//2573 2624//2578
f 2612//2567 2629//2577 2628//2576
f 2606//2559 2626//2571 2625//2573
f 2613//2560 2606//2559 2629//2577
f 2631//2579 2213//2180 2212//2179
f 2632//2581 2214//2182 2213//2180
f 2620//2575 2632//2581 2631//2579
f 2174//2161 2215//2159 2214//2182
f 2621//2569 2174//2161 2632//2581
f 2633//2582 2630//2580 2506//2466
f 2624//2578 2633//2582 2513//2447
f 2619//2572 2631//2579 2630//2580
f 2625//2573 2619//2572 2633//2582
f 2212//2179 2232//2175 2094//2055
f 2630//2580 2212//2179 2529//2465
f 2635//2583 2264//2214 2263//2233
f 2635//2583 1313//1299 2265//2215
f 1313//1299 1314//1295 1024//1022
f 2638//2585 2635//2583 2634//2584
f 2638//2585 1317//1298 1313//1299
f 2642//2587 2637//2586 2636//2588
f 1319//1303 2638//2585 2637//2586
f 1319//1303 1320//1301 1317//1298
f 2644//2590 2640//2594 2639//2591
f 2645//2593 2641//2589 2640//2594
f 2645//2593 1321//1306 2642//2587
f 1322//1302 1319//1303 2642//2587
f 2646//2595 2643//2592 2541//2514
f 2647//2596 2644//2590 2643//2592
f 1325//1312 2647//2596 2646//2595
f 2648//2597 2645//2593 2644//2590
f 2648//2597 2647//2596 1325//1312
f 2648//2597 1326//1307 1321//1306
f 1324//1309 2646//2595 2544//2515
f 1328//1310 1324//1309 2549//2492
f 2651//2598 2284//2245 2283//2244
f 2651//2598 2634//2584 2263//2233
f 2654//2600 2650//2599 2649//2601
f 2636//2588 2651//2598 2650//2599
f 2636//2588 2637//2586 2634//2584
f 2656//2603 2653//2602 2652//2604
f 2656//2603 2655//2605 2639//2591
f 2657//2606 2654//2600 2653//2602
f 2657//2606 2656//2603 2640//2594
f 2657//2606 2641//2589 2636//2588
f 2639//2591 2655//2605 2562//2534
f 2643//2592 2639//2591 2566//2506
f 2659//2607 2296//2260 2295//2259
f 2649//2601 2297//2263 2296//2260
f 2649//2601 2650//2599 2283//2244
f 2660//2609 2658//2608 2581//2556
f 2652//2604 2659//2607 2658//2608
f 2653//2602 2649//2601 2659//2607
f 2661//2610 2660//2609 2584//2557
f 2661//2610 2589//2532 2562//2534
f 2661//2610 2655//2605 2652//2604
f 2295//2259 2310//2258 2154//2125
f 2658//2608 2295//2259 2605//2549
f 2662//2611 2382//2330 1081//1063
f 2663//2612 2662//2611 1335//1319
f 2664//2625 2663//2612 1336//2613
f 2665//2614 2391//2337 2382//2330
f 2666//2615 2665//2614 2662//2611
f 2667//2616 2400//2345 2391//2337
f 2676//2617 2669//2621 2668//2618
f 2677//2620 2670//2623 2669//2621
f 2678//2622 2671//2642 2670//2623
f 2679//2624 2666//2615 2663//2612
f 2681//2626 2673//2630 2672//2627
f 2682//2629 2674//2632 2673//2630
f 2683//2631 2675//2619 2674//2632
f 2684//2633 2676//2617 2675//2619
f 2685//2634 2677//2620 2676//2617
f 2686//2635 2678//2622 2677//2620
f 2689//2636 2438//2397 2437//2398
f 2690//2638 2439//2400 2438//2397
f 2691//2639 2440//2402 2439//2400
f 2692//2640 2441//2375 2440//2402
f 2669//2621 2692//2640 2691//2639
f 2693//2641 2442//2373 2441//2375
f 2670//2623 2693//2641 2692//2640
f 2432//2528 2443//2376 2442//2373
f 2671//2642 2432//2528 2693//2641
f 2666//2615 2694//2644 2687//2643
f 2694//2644 2695//2646 2688//2637
f 2696//2645 2689//2636 2688//2637
f 2673//2630 2696//2645 2695//2646
f 2697//2647 2690//2638 2689//2636
f 2674//2632 2697//2647 2696//2645
f 2668//2618 2691//2639 2690//2638
f 2675//2619 2668//2618 2697//2647
f 2698//2648 2694//2644 2666//2615
f 2698//2648 2672//2627 2695//2646
f 2680//2628 2672//2627 2698//2648
f 2667//2616 2699//2649 2459//2393
f 2687//2643 2699//2649 2667//2616
f 2699//2649 2437//2398 2460//2396
f 2688//2637 2437//2398 2699//2649
f 2700//2650 2556//2527 2432//2528
f 2701//2651 2557//2502 2556//2527
f 2702//2652 2558//2500 2557//2502
f 2703//2653 2559//2503 2558//2500
f 1340//1331 2703//2653 2702//2652
f 2704//2654 2560//2505 2559//2503
f 2704//2654 2703//2653 1340//1331
f 2704//2654 1341//1322 1195//1321
f 2705//2655 2700//2650 2671//2642
f 2706//2656 2701//2651 2700//2650
f 1346//2657 2706//2656 2705//2655
f 1339//1328 2702//2652 2701//2651
f 1347//1329 1339//1328 2706//2656
f 1345//2658 2705//2655 2678//2622
f 2712//2659 1380//1359 1379//1360
f 2713//2661 1381//1361 1380//1359
f 2714//2662 1382//1362 1381//1361
f 2716//2663 1384//1364 1383//1730
f 2717//2665 1385//1363 1384//1364
f 2718//2666 1386//1365 1385//1363
f 1386//1365 2718//2666 2711//2660
f 2721//2667 2712//2659 2711//2660
f 2722//2669 2713//2661 2712//2659
f 2723//2670 2714//2662 2713//2661
f 2725//2671 2716//2663 2715//2664
f 2726//2673 2717//2665 2716//2663
f 2719//2674 2718//2666 2717//2665
f 2718//2666 2719//2674 2720//2668
f 2728//2675 2720//2668 2719//2674
f 2721//2667 2720//2668 2728//2675
f 2730//2678 2722//2669 2721//2667
f 2731//2679 2723//2670 2722//2669
f 2734//2680 2725//2671 2724//2672
f 2735//2682 2726//2673 2725//2671
f 2726//2673 2735//2682 2727//2676
f 2741//2683 2728//2675 2727//2676
f 2729//2677 2728//2675 2741//2683
f 2743//2686 2742//2685 2736//2687
f 2743//2686 2730//2678 2729//2677
f 2743//2686 2737//2688 2738//2689
f 2744//2690 2731//2679 2730//2678
f 2746//2691 2733//2681 2732//2692
f 2747//2694 2734//2680 2733//2681
f 2739//2695 2735//2682 2734//2680
f 2735//2682 2739//2695 2740//2684
f 2750//2696 2737//2688 2736//2687
f 2751//2698 2738//2689 2737//2688
f 2754//2699 2740//2684 2739//2695
f 2755//2701 2741//2683 2740//2684
f 2748//2702 2742//2685 2741//2683
f 2748//2702 2749//2697 2736//2687
f 2757//2703 2746//2691 2745//2693
f 2752//2705 2747//2694 2746//2691
f 2747//2694 2752//2705 2753//2700
f 2759//2706 2749//2697 2748//2702
f 2760//2708 2750//2696 2749//2697
f 2761//2709 2751//2698 2750//2696
f 2763//2710 2753//2700 2752//2705
f 2764//2712 2754//2699 2753//2700
f 2765//2713 2755//2701 2754//2699
f 2755//2701 2765//2713 2758//2707
f 2766//2714 2756//2704 2707//2715
f 2767//2717 2757//2703 2756//2704
f 2757//2703 2767//2717 2762//2711
f 2771//2718 2759//2706 2758//2707
f 2772//2720 2760//2708 2759//2706
f 2761//2709 2760//2708 2772//2720
f 2775//2722 2763//2710 2762//2711
f 2776//2724 2764//2712 2763//2710
f 2777//2725 2765//2713 2764//2712
f 2765//2713 2777//2725 2770//2719
f 2778//2726 2766//2714 2708//2716
f 2779//2728 2767//2717 2766//2714
f 2767//2717 2779//2728 2774//2723
f 2781//2729 2780//3071 2768//2730
f 2771//2718 2770//2719 2782//2732
f 2772//2720 2771//2718 2783//2733
f 2773//2721 2772//2720 2784//2734
f 2775//2722 2774//2723 2786//2736
f 2776//2724 2775//2722 2787//2737
f 2777//2725 2776//2724 2788//2738
f 2777//2725 2789//2739 2782//2732
f 2778//2726 2709//2727 2710//2740
f 2779//2728 2778//2726 2790//2741
f 2791//2742 2786//2736 2774//2723
f 2793//2743 1406//1382 1382//1362
f 1407//1383 1406//1382 2793//2743
f 2795//2745 1408//1384 1407//1383
f 1409//1388 1408//1384 2795//2745
f 2797//1389 1409//1388 2796//2746
f 2800//2748 2793//2743 2714//2662
f 2801//2749 2794//2744 2793//2743
f 2795//2745 2794//2744 2801//2749
f 2796//2746 2795//2745 2802//2750
f 2798//2747 2796//2746 2803//2751
f 2799//2753 2798//2747 2804//2752
f 2807//2755 2800//2748 2723//2670
f 2808//2756 2801//2749 2800//2748
f 2809//2757 2802//2750 2801//2749
f 2803//2751 2802//2750 2809//2757
f 2811//2759 2804//2752 2803//2751
f 2812//2760 2805//2754 2804//2752
f 2806//2761 2805//2754 2812//2760
f 2744//2690 2738//2689 2814//2763
f 2807//2755 2731//2679 2744//2690
f 2816//2765 2808//2756 2807//2755
f 2817//2766 2809//2757 2808//2756
f 2818//2767 2810//2758 2809//2757
f 2819//2768 2811//2759 2810//2758
f 2812//2760 2811//2759 2819//2768
f 2814//2763 2738//2689 2751//2698
f 2822//2771 2815//2764 2814//2763
f 2823//2772 2816//2765 2815//2764
f 2824//2773 2817//2766 2816//2765
f 2826//2774 2827//2775 2824//2773
f 2818//2767 2817//2766 2824//2773
f 2828//2776 2819//2768 2818//2767
f 2829//2777 2821//2770 2751//2698
f 2830//2778 2822//2771 2821//2770
f 2831//2779 2823//2772 2822//2771
f 2832//2780 2825//2781 2831//2779
f 2826//2774 2823//2772 2831//2779
f 2829//2777 2761//2709 2773//2721
f 2830//2778 2829//2777 2833//2782
f 2832//2780 2836//2784 2781//2729
f 2836//2784 2832//2780 2830//2778
f 2837//2785 2836//2784 2834//2783
f 2833//2782 2773//2721 2785//2735
f 2834//2783 2833//2782 2838//2787
f 2835//2786 2834//2783 2839//2788
f 2836//2784 2842//2791 2792//2790
f 2837//2785 2843//2792 2842//2791
f 2843//2792 2837//2785 2835//2786
f 2843//2792 2840//2789 2841//2793
f 2848//2795 1452//1428 1451//1431
f 2849//2797 1453//1427 1452//1428
f 1453//1427 2849//2797 2846//2798
f 1455//1430 1454//1429 2850//2799
f 1455//1430 2851//2800 2847//2796
f 2852//2801 2850//2799 1454//1429
f 2855//2802 2848//2795 2847//2796
f 2856//2804 2849//2797 2848//2795
f 2849//2797 2856//2804 2853//2805
f 2851//2800 2850//2799 2857//2806
f 2858//2807 2854//2803 2847//2796
f 2859//2808 2857//2806 2850//2799
f 2855//2802 2854//2803 2862//2809
f 2860//2811 2856//2804 2855//2802
f 2856//2804 2860//2811 2861//2812
f 2858//2807 2857//2806 2864//2813
f 2865//2814 2862//2809 2854//2803
f 2866//2815 2864//2813 2857//2806
f 2868//2816 2861//2812 2860//2811
f 2870//2818 2863//2810 2862//2809
f 2863//2810 2870//2818 2867//2817
f 2865//2814 2864//2813 2871//2820
f 2872//2821 2869//2819 2862//2809
f 2873//2822 2871//2820 2864//2813
f 2875//2823 2868//2816 2867//2817
f 2870//2818 2869//2819 2877//2825
f 2870//2818 2878//2826 2874//2824
f 2872//2821 2871//2820 2879//2827
f 2876//2828 2877//2825 2869//2819
f 2880//2829 2879//2827 2871//2820
f 2883//2830 2875//2823 2874//2824
f 2877//2825 2876//2828 2884//2832
f 2878//2826 2877//2825 2885//2833
f 2878//2826 2886//2834 2882//2831
f 2887//2835 2884//2832 2876//2828
f 2888//2836 2887//2835 2879//2827
f 2892//2837 2883//2830 2882//2831
f 2883//2830 2892//2837 2889//2839
f 2885//2833 2884//2832 2893//2841
f 2886//2834 2885//2833 2894//2842
f 2886//2834 2890//2843 2891//2838
f 2895//2844 2893//2841 2884//2832
f 2896//2845 2895//2844 2887//2835
f 2899//2846 2891//2838 2890//2843
f 2900//2848 2892//2837 2891//2838
f 2892//2837 2900//2848 2897//2849
f 2894//2842 2893//2841 2901//2850
f 2894//2842 2902//2851 2898//2847
f 2903//2852 2901//2850 2893//2841
f 2904//2853 2903//2852 2895//2844
f 2907//2854 1584//1555 1583//1556
f 2908//2856 1585//1557 1584//1555
f 1585//1557 2908//2856 2905//2857
f 2910//2858 1587//1559 1586//1562
f 2911//2860 1588//1558 1587//1559
f 1588//1558 2911//2860 2906//2855
f 2913//2861 1590//1561 1589//1565
f 2914//2863 1591//1560 1590//1561
f 1591//1560 2914//2863 2909//2859
f 2915//2864 1592//1564 1450//1566
f 2916//2865 1593//1563 1592//1564
f 1593//1563 2916//2865 2912//2862
f 2921//2866 2907//2854 2906//2855
f 2922//2868 2908//2856 2907//2854
f 2908//2856 2922//2868 2919//2869
f 2924//2870 2910//2858 2909//2859
f 2925//2872 2911//2860 2910//2858
f 2911//2860 2925//2872 2920//2867
f 2927//2873 2913//2861 2912//2862
f 2928//2875 2914//2863 2913//2861
f 2914//2863 2928//2875 2923//2871
f 2929//2876 2915//2864 2846//2798
f 2930//2877 2916//2865 2915//2864
f 2916//2865 2930//2877 2926//2874
f 2932//2878 2918//2978 2917//2879
f 2937//2881 2921//2866 2920//2867
f 2933//2883 2922//2868 2921//2866
f 2922//2868 2933//2883 2934//2884
f 2940//2885 2924//2870 2923//2871
f 2935//2887 2925//2872 2924//2870
f 2925//2872 2935//2887 2936//2882
f 2943//2888 2927//2873 2926//2874
f 2938//2890 2928//2875 2927//2873
f 2928//2875 2938//2890 2939//2886
f 2944//2891 2929//2876 2853//2805
f 2941//2892 2930//2877 2929//2876
f 2930//2877 2941//2892 2942//2889
f 2946//2893 2934//2884 2933//2883
f 2948//2895 2936//2882 2935//2887
f 2949//2897 2937//2881 2936//2882
f 2937//2881 2949//2897 2945//2894
f 2951//2898 2939//2886 2938//2890
f 2952//2900 2940//2885 2939//2886
f 2940//2885 2952//2900 2947//2896
f 2954//2901 2942//2889 2941//2892
f 2955//2903 2943//2888 2942//2889
f 2943//2888 2955//2903 2950//2899
f 2956//2904 2944//2891 2861//2812
f 2944//2891 2956//2904 2953//2902
f 2959//2905 2946//2893 2945//2894
f 2962//2907 2948//2895 2947//2896
f 2957//2909 2949//2897 2948//2895
f 2949//2897 2957//2909 2958//2906
f 2965//2910 2951//2898 2950//2899
f 2960//2912 2952//2900 2951//2898
f 2952//2900 2960//2912 2961//2908
f 2967//2913 2954//2901 2953//2902
f 2963//2915 2955//2903 2954//2901
f 2955//2903 2963//2915 2964//2911
f 2968//2916 2956//2904 2868//2816
f 2956//2904 2968//2916 2966//2914
f 2970//2917 2958//2906 2957//2909
f 2971//2919 2959//2905 2958//2906
f 2959//2905 2971//2919 2708//2716
f 2973//2920 2961//2908 2960//2912
f 2974//2922 2962//2907 2961//2908
f 2962//2907 2974//2922 2969//2918
f 2976//2923 2964//2911 2963//2915
f 2977//2925 2965//2910 2964//2911
f 2965//2910 2977//2925 2972//2921
f 2979//2926 2967//2913 2966//2914
f 2967//2913 2979//2926 2975//2924
f 2881//2840 2968//2916 2875//2823
f 2968//2916 2881//2840 2978//2927
f 2981//2928 2970//2917 2969//2918
f 2982//2930 2971//2919 2970//2917
f 2971//2919 2982//2930 2709//2727
f 2984//2931 2973//2920 2972//2921
f 2985//2933 2974//2922 2973//2920
f 2974//2922 2985//2933 2980//2929
f 2987//2934 2976//2923 2975//2924
f 2988//2936 2977//2925 2976//2923
f 2977//2925 2988//2936 2983//2932
f 2989//2937 2978//2927 2881//2840
f 2990//2938 2979//2926 2978//2927
f 2979//2926 2990//2938 2986//2935
f 2995//2939 2981//2928 2980//2929
f 2982//2930 2981//2928 2995//2939
f 2996//2941 2710//2740 2709//2727
f 2998//2942 2984//2931 2983//2932
f 2999//2944 2985//2933 2984//2931
f 2985//2933 2999//2944 2994//2940
f 3001//2945 2987//2934 2986//2935
f 3002//2947 2988//2936 2987//2934
f 2988//2936 3002//2947 2997//2943
f 3003//2948 2989//2937 2889//2839
f 3004//2949 2990//2938 2989//2937
f 2990//2938 3004//2949 3000//2946
f 3006//2950 2992//2954 2991//2951
f 3007//2953 2993//3086 2992//2954
f 3008//2955 1758//1729 1582//1733
f 3009//2956 1759//1728 1758//1729
f 1759//1728 3009//2956 2715//2664
f 1763//1734 3012//2958 3011//2957
f 1760//1735 3013//2960 3012//2958
f 1760//1735 1761//1731 3010//2959
f 1765//1739 3015//2962 3014//2961
f 1766//1736 3016//2963 3015//2962
f 1766//1736 1762//1737 3011//2957
f 3017//2964 3016//2963 3011//2957
f 3018//2965 3017//2964 3012//2958
f 1768//1744 3020//2967 3019//2966
f 1769//1743 3021//2968 3020//2967
f 1769//1743 1764//1738 3014//2961
f 3022//2969 3021//2968 3014//2961
f 3022//2969 3015//2962 3016//2963
f 3024//2971 3023//2975 1770//1746
f 3024//2971 1771//1742 1767//1741
f 3025//2972 3024//2971 3019//2966
f 3042//2973 3025//2972 3020//2967
f 3026//2974 1773//1745 1770//1746
f 1788//1924 1787//1761 3028//2976
f 2918//2978 3030//2980 3027//2979
f 3030//2980 1789//1762 1781//1755
f 1791//1764 1790//1763 3031//2981
f 1792//1765 1791//1764 3032//2982
f 1793//1766 1792//1765 3033//2983
f 1794//1768 1793//1766 3034//2984
f 1795//1767 1794//1768 3035//2985
f 1795//1767 3036//2986 3028//2976
f 3037//2987 3008//2955 2905//2857
f 3038//2988 3009//2956 3008//2955
f 3009//2956 3038//2988 2724//2672
f 3017//2964 3040//2989 3039//2970
f 3018//2965 3041//2993 3040//2989
f 3022//2969 3043//2990 3042//2973
f 3039//2970 3044//2991 3043//2990
f 3044//2991 3039//2970 3040//2989
f 3045//2992 3040//2989 3041//2993
f 3025//2972 3048//2996 3047//2995
f 3042//2973 3049//2997 3048//2996
f 3049//2997 3042//2973 3043//2990
f 3050//2998 3043//2990 3044//2991
f 3051//2999 3044//2991 3045//2992
f 3052//3000 3045//2992 3046//2994
f 3023//2975 3055//3003 3054//3002
f 3023//2975 3024//2971 3047//2995
f 3056//3004 3055//3003 3047//2995
f 3057//3005 3056//3004 3048//2996
f 3057//3005 3049//2997 3050//2998
f 3058//3006 3050//2998 3051//2999
f 3059//3007 3051//2999 3052//3000
f 3060//3008 3052//3000 3053//3001
f 3027//2979 3062//3010 2931//2880
f 3062//3010 3027//2979 3026//2974
f 3063//3011 3062//3010 3054//3002
f 3063//3011 3055//3003 3056//3004
f 3064//3012 3056//3004 3057//3005
f 3065//3013 3057//3005 3058//3006
f 3066//3014 3058//3006 3059//3007
f 3067//3015 3059//3007 3060//3008
f 3068//3016 3060//3008 3061//3009
f 3069//3017 3029//2977 3028//2976
f 3070//3018 2932//2878 2931//2880
f 3070//3018 3062//3010 3063//3011
f 3071//3019 3063//3011 3064//3012
f 3072//3020 3064//3012 3065//3013
f 3073//3021 3065//3013 3066//3014
f 3074//3022 3066//3014 3067//3015
f 3035//2985 3034//2984 3074//3022
f 3076//3024 3075//3023 3067//3015
f 3076//3024 3036//2986 3035//2985
f 3076//3024 3068//3016 3028//2976
f 3077//3025 3037//2987 2919//2869
f 2732//2692 3038//2988 3037//2987
f 3038//2988 2732//2692 2733//2681
f 3078//3026 3077//3025 2934//2884
f 3077//3025 3078//3026 2745//2693
f 2707//2715 3078//3026 2946//2893
f 3078//3026 2707//2715 2756//2704
f 3081//3027 3082//3031 3080//3028
f 3083//3030 3084//3051 3082//3031
f 3089//3032 2769//2731 2768//2730
f 3089//3032 3088//3033 3079//3029
f 3092//3034 3087//3038 3086//3035
f 3093//3037 3088//3033 3087//3038
f 3093//3037 3081//3027 3079//3029
f 3096//3039 3091//3036 3090//3040
f 3096//3039 3097//3042 3092//3034
f 3097//3042 3098//3043 3093//3037
f 3098//3043 3083//3030 3081//3027
f 3100//3044 3095//3041 3094//3045
f 3100//3044 3101//3047 3096//3039
f 3101//3047 3102//3048 3097//3042
f 3102//3048 3103//3049 3098//3043
f 3103//3049 3104//3050 3083//3030
f 3104//3050 3085//3245 3084//3051
f 3105//3052 3106//3053 3100//3044
f 3106//3053 3107//3054 3101//3047
f 3107//3054 3108//3055 3102//3048
f 3108//3055 3109//3056 3103//3049
f 3109//3056 3110//3061 3104//3050
f 3111//3057 3112//3058 3107//3054
f 3112//3058 3113//3059 3108//3055
f 3113//3059 3114//3060 3109//3056
f 3114//3060 3115//3066 3110//3061
f 3116//3062 3117//3064 3112//3058
f 3118//3063 3113//3059 3112//3058
f 3118//3063 3119//3065 3114//3060
f 3119//3065 3120//3271 3115//3066
f 3121//3067 3122//3068 3118//3063
f 3122//3068 3123//3098 3119//3065
f 3125//3069 3124//3073 3086//3035
f 3126//3070 3125//3069 3087//3038
f 3126//3070 3088//3033 2768//2730
f 3128//3072 3127//3075 3090//3040
f 3128//3072 3091//3036 3086//3035
f 3130//3074 3129//3077 3094//3045
f 3130//3074 3095//3041 3090//3040
f 3132//3076 3099//3046 3094//3045
f 3134//3078 3135//3080 3132//3076
f 3135//3080 3105//3052 3099//3046
f 3136//3081 3133//3082 2991//2951
f 3136//3081 3137//3083 3134//3078
f 3137//3083 3138//3084 3135//3080
f 3138//3084 3139//3085 3105//3052
f 3139//3085 3111//3057 3106//3053
f 2993//3086 3140//3087 3136//3081
f 3140//3087 3141//3088 3137//3083
f 3141//3088 3142//3090 3138//3084
f 3143//3089 3139//3085 3138//3084
f 3116//3062 3111//3057 3139//3085
f 3117//3064 3116//3062 3143//3089
f 3147//3092 3120//3271 3119//3065
f 3121//3067 3117//3064 3144//3091
f 3149//3095 3148//3094 3144//3091
f 3149//3095 3122//3068 3121//3067
f 3150//3097 3149//3095 3145//3096
f 3150//3097 3123//3098 3122//3068
f 3150//3097 3146//3093 3119//3065
f 3126//3070 3152//3100 3151//3099
f 2780//3071 3153//3101 3152//3100
f 2780//3071 2781//2729 2792//2790
f 3128//3072 3155//3103 3154//3102
f 3124//3073 3156//3104 3155//3103
f 3124//3073 3125//3069 3151//3099
f 3157//3105 3156//3104 3151//3099
f 3157//3105 3152//3100 3153//3101
f 3130//3074 3160//3108 3159//3107
f 3130//3074 3127//3075 3154//3102
f 3161//3109 3160//3108 3154//3102
f 3162//3110 3161//3109 3155//3103
f 3162//3110 3156//3104 3157//3105
f 3163//3111 3157//3105 3158//3106
f 3166//3113 3165//3121 3131//3079
f 3166//3113 3132//3076 3129//3077
f 3167//3114 3166//3113 3159//3107
f 3167//3114 3160//3108 3161//3109
f 3168//3115 3161//3109 3162//3110
f 3169//3116 3162//3110 3163//3111
f 3170//3117 3163//3111 3164//3112
f 3172//3119 3005//2952 2991//2951
f 3134//3078 3173//3120 3172//3119
f 3173//3120 3134//3078 3131//3079
f 3173//3120 3165//3121 3166//3113
f 3174//3122 3166//3113 3167//3114
f 3175//3123 3167//3114 3168//3115
f 3176//3124 3168//3115 3169//3116
f 3177//3125 3169//3116 3170//3117
f 3178//3126 3170//3117 3171//3118
f 3180//3128 3006//2950 3005//2952
f 3180//3128 3172//3119 3173//3120
f 3181//3129 3173//3120 3174//3122
f 3182//3130 3174//3122 3175//3123
f 3183//3131 3175//3123 3176//3124
f 3184//3132 3176//3124 3177//3125
f 3185//3133 3177//3125 3178//3126
f 3186//3134 3178//3126 3179//3127
f 3007//2953 3006//2950 3180//3128
f 3188//3136 3140//3087 2993//3086
f 3188//3136 3180//3128 3181//3129
f 3189//3137 3141//3088 3140//3087
f 3189//3137 3181//3129 3182//3130
f 3142//3090 3141//3088 3189//3137
f 3191//3139 3190//3138 3182//3130
f 3143//3089 3142//3090 3190//3138
f 3191//3139 3183//3131 3184//3132
f 3144//3091 3143//3089 3191//3139
f 3193//3141 3192//3140 3184//3132
f 3145//3096 3144//3091 3192//3140
f 3193//3141 3185//3133 3186//3134
f 3194//3142 3146//3093 3145//3096
f 3195//3143 3194//3142 3186//3134
f 3195//3143 3147//3092 3146//3093
f 1935//1912 3196//3144 3010//2959
f 1936//1913 3197//3145 3196//3144
f 1410//1385 3198//3146 3197//3145
f 1410//1385 1411//1387 2797//1389
f 3199//3147 3198//3146 2797//1389
f 3199//3147 2798//2747 2799//2753
f 3200//3149 3013//2960 3010//2959
f 3200//3149 3196//3144 3197//3145
f 3201//3150 3197//3145 3198//3146
f 3202//3151 3198//3146 3199//3147
f 3018//2965 3013//2960 3200//3149
f 3209//3154 3204//3191 3205//3155
f 1944//1921 1943//1920 3209//3154
f 3211//3157 3210//3156 3205//3155
f 1945//1922 1944//1921 3210//3156
f 3211//3157 3206//3158 3207//3159
f 3212//3160 1946//1923 1945//1922
f 1947//1925 1788//1924 3029//2977
f 1948//1927 1947//1925 3213//3161
f 1949//1926 1948//1927 3214//3162
f 1949//1926 3208//3163 3209//3154
f 1951//1929 3216//3165 3215//3164
f 3216//3165 1951//1929 1946//1923
f 1953//1930 3218//3167 3217//3166
f 3218//3167 1953//1930 1950//1928
f 3220//3168 3219//3148 2799//2753
f 3220//3168 2805//2754 2806//2761
f 3201//3150 3223//3170 3222//3153
f 3202//3151 3224//3171 3223//3170
f 3203//3152 3225//3172 3224//3171
f 3203//3152 3199//3147 3219//3148
f 3226//3173 3225//3172 3219//3148
f 3227//3174 3226//3173 3220//3168
f 3222//3153 3228//3175 3041//2993
f 3228//3175 3222//3153 3223//3170
f 3230//3177 3229//3176 3223//3170
f 3231//3178 3230//3177 3224//3171
f 3231//3178 3225//3172 3226//3173
f 3233//3180 3232//3179 3226//3173
f 3046//2994 3041//2993 3228//3175
f 3234//3181 3228//3175 3229//3176
f 3235//3182 3229//3176 3230//3177
f 3237//3184 3236//3183 3230//3177
f 3237//3184 3231//3178 3232//3179
f 3239//3186 3238//3185 3232//3179
f 3053//3001 3046//2994 3234//3181
f 3240//3187 3234//3181 3235//3182
f 3241//3188 3235//3182 3236//3183
f 3243//3190 3242//3189 3236//3183
f 3243//3190 3205//3155 3204//3191
f 3244//3192 3243//3190 3237//3184
f 3244//3192 3206//3158 3205//3155
f 3245//3193 3244//3192 3238//3185
f 3207//3159 3206//3158 3244//3192
f 3061//3009 3053//3001 3240//3187
f 3246//3194 3240//3187 3241//3188
f 3204//3191 3247//3195 3241//3188
f 3204//3191 3209//3154 3208//3163
f 3249//3196 3212//3160 3207//3159
f 3069//3017 3061//3009 3246//3194
f 3213//3161 3029//2977 3069//3017
f 3251//3198 3250//3197 3246//3194
f 3214//3162 3213//3161 3250//3197
f 3251//3198 3247//3195 3208//3163
f 3216//3165 3248//3200 3253//3199
f 3248//3200 3216//3165 3212//3160
f 3218//3167 3252//3202 3255//3201
f 3252//3202 3218//3167 3215//3164
f 3256//3203 3221//3169 2806//2761
f 3227//3174 3221//3169 3256//3203
f 3233//3180 3227//3174 3257//3204
f 3260//3206 3239//3186 3233//3180
f 3261//3207 3262//3209 3260//3206
f 3262//3209 3245//3193 3239//3186
f 3264//3210 3262//3209 3261//3207
f 3264//3210 3263//3211 3248//3200
f 3264//3210 3249//3196 3245//3193
f 3253//3199 3266//3213 3265//3212
f 3266//3213 3253//3199 3248//3200
f 3255//3201 3268//3216 3267//3214
f 3268//3216 3255//3201 3252//3202
f 2813//2762 2812//2760 2820//2769
f 3270//3218 3256//3203 2813//2762
f 3271//3219 3272//3220 3270//3218
f 3257//3204 3256//3203 3270//3218
f 3273//3221 3274//3222 3272//3220
f 3258//3205 3257//3204 3272//3220
f 3275//3223 3259//3208 3274//3222
f 3259//3208 3260//3206 3258//3205
f 3276//3224 3261//3207 3259//3208
f 3278//3225 3263//3211 3261//3207
f 3277//3226 3280//3228 3265//3212
f 3266//3213 3263//3211 3278//3225
f 3268//3216 3279//3229 3282//3227
f 3268//3216 3265//3212 3280//3228
f 3283//3230 3284//3232 2826//2774
f 3285//3231 2827//2775 2826//2774
f 3285//3231 3286//3233 2828//2776
f 2820//2769 2819//2768 2828//2776
f 3287//3234 3269//3217 2820//2769
f 3288//3235 3283//3230 3080//3028
f 3288//3235 3289//3236 3284//3232
f 3289//3236 3290//3238 3285//3231
f 3291//3237 3286//3233 3285//3231
f 3291//3237 3292//3239 3287//3234
f 3271//3219 3269//3217 3287//3234
f 3084//3051 3293//3240 3288//3235
f 3293//3240 3294//3241 3289//3236
f 3294//3241 3295//3243 3290//3238
f 3296//3242 3291//3237 3290//3238
f 3296//3242 3297//3244 3292//3239
f 3273//3221 3271//3219 3292//3239
f 3085//3245 3298//3246 3293//3240
f 3298//3246 3299//3247 3294//3241
f 3299//3247 3300//3248 3295//3243
f 3300//3248 3301//3250 3296//3242
f 3302//3249 3297//3244 3296//3242
f 3275//3223 3273//3221 3297//3244
f 3303//3251 3304//3252 3299//3247
f 3304//3252 3305//3253 3300//3248
f 3305//3253 3306//3255 3301//3250
f 3307//3254 3302//3249 3301//3250
f 3307//3254 3276//3224 3275//3223
f 3309//3256 3307//3254 3306//3255
f 3309//3256 3308//3257 3277//3226
f 3309//3256 3278//3225 3276//3224
f 3311//3258 3310//3261 3279//3229
f 3311//3258 3280//3228 3277//3226
f 3313//3259 3312//3275 3281//3260
f 3282//3227 3279//3229 3310//3261
f 3089//3032 3314//3262 2832//2780
f 3314//3262 3089//3032 3080//3028
f 3314//3262 3283//3230 2825//2781
f 3110//3061 3315//3263 3085//3245
f 3303//3251 3298//3246 3085//3245
f 3316//3264 3304//3252 3303//3251
f 3317//3265 3305//3253 3304//3252
f 3318//3266 3306//3255 3305//3253
f 3115//3066 3319//3267 3315//3263
f 3319//3267 3320//3269 3316//3264
f 3321//3268 3317//3265 3316//3264
f 3322//3270 3318//3266 3317//3265
f 3308//3257 3306//3255 3318//3266
f 3120//3271 3323//3272 3319//3267
f 3323//3272 3324//3284 3320//3269
f 3326//3273 3325//3276 3310//3261
f 3311//3258 3308//3257 3322//3270
f 3328//3274 3327//3289 3312//3275
f 3313//3259 3310//3261 3325//3276
f 3334//3277 3333//3280 3329//3278
f 3321//3268 3320//3269 3333//3280
f 3335//3281 3334//3277 3330//3279
f 3335//3281 3322//3270 3321//3268
f 3323//3272 3120//3271 3147//3092
f 3324//3284 3323//3272 3336//3283
f 3324//3284 3332//3285 3333//3280
f 3326//3273 3338//3287 3337//3286
f 3338//3287 3326//3273 3322//3270
f 3341//3288 3340//3320 3327//3289
f 3341//3288 3328//3274 3325//3276
f 3342//3290 3153//3101 2792//2790
f 3342//3290 2842//2791 2843//2792
f 3343//3291 2843//2792 2844//2794
f 3344//3292 2844//2794 2845//3293
f 3158//3106 3153//3101 3342//3290
f 3347//3295 3342//3290 3343//3291
f 3348//3296 3343//3291 3344//3292
f 3349//3297 3344//3292 3345//3294
f 3350//3298 3345//3294 3346//3299
f 3164//3112 3158//3106 3347//3295
f 3352//3301 3347//3295 3348//3296
f 3353//3302 3348//3296 3349//3297
f 3354//3303 3349//3297 3350//3298
f 3356//3305 3355//3304 3350//3298
f 3171//3118 3164//3112 3352//3301
f 3357//3306 3352//3301 3353//3302
f 3359//3308 3358//3307 3353//3302
f 3359//3308 3354//3303 3355//3304
f 3361//3310 3360//3309 3355//3304
f 3179//3127 3171//3118 3357//3306
f 3363//3312 3362//3311 3357//3306
f 3364//3313 3363//3312 3358//3307
f 3330//3279 3329//3278 3363//3312
f 3365//3314 3364//3313 3359//3308
f 3331//3282 3330//3279 3364//3313
f 3187//3135 3179//3127 3362//3311
f 3329//3278 3366//3315 3362//3311
f 3329//3278 3333//3280 3332//3285
f 3367//3316 3335//3281 3331//3282
f 3368//3317 3195//3143 3187//3135
f 3336//3283 3147//3092 3195//3143
f 3368//3317 3366//3315 3332//3285
f 3338//3287 3370//3319 3369//3318
f 3370//3319 3338//3287 3335//3281
f 3340//3320 3372//3323 3371//3321
f 3341//3288 3373//3324 3372//3323
f 3373//3324 3341//3288 3337//3286
f 3374//3325 2852//2801 1456//1432
f 3375//1039 3374//3325 2025//1979
f 3376//2339 3375//1039 2026//1980
f 3377//3326 3376//2339 2027//1062
f 3378//619 3377//3326 2028//1981
f 3379//3327 3378//619 2029//1952
f 3380//3328 3379//3327 2030//1056
f 3381//3329 3380//3328 2031//1983
f 3382//3330 3381//3329 2032//1984
f 3383//3331 3382//3330 2033//1985
f 3385//3332 2859//2808 2852//2801
f 3386//618 3385//3332 3374//3325
f 3387//1045 3386//618 3375//1039
f 3388//3333 3387//1045 3376//2339
f 3389//3334 3388//3333 3377//3326
f 3390//3335 3389//3334 3378//619
f 3391//3336 3390//3335 3379//3327
f 3392//3337 3391//3336 3380//3328
f 3393//3338 3392//3337 3381//3329
f 3395//3339 3393//3338 3382//3330
f 3395//3339 3396//3404 3394//3340
f 3384//3341 3396//3404 3395//3339
f 3397//3342 2866//2815 2859//2808
f 3398//3343 3397//3342 3385//3332
f 3399//3344 3398//3343 3386//618
f 3400//1935 3399//3344 3387//1045
f 3401//1042 3400//1935 3388//3333
f 3402//3345 3401//1042 3389//3334
f 3403//3346 3402//3345 3390//3335
f 3404//3347 3403//3346 3391//3336
f 3405//3348 3404//3347 3392//3337
f 3394//3340 3406//3357 3405//3348
f 3407//3349 2873//2822 2866//2815
f 3408//3350 3407//3349 3397//3342
f 3409//1040 3408//3350 3398//3343
f 3410//1949 3409//1040 3399//3344
f 3411//1042 3410//1949 3400//1935
f 3412//3351 3411//1042 3401//1042
f 3403//3346 3413//3354 3412//3351
f 3416//3352 3413//3354 3403//3346
f 3416//3352 3417//3355 3414//3353
f 3405//3348 3417//3355 3416//3352
f 3417//3355 3418//3431 3415//3356
f 3406//3357 3418//3431 3417//3355
f 3419//3358 2880//2829 2873//2822
f 3420//3359 3419//3358 3407//3349
f 3421//1960 3420//3359 3408//3350
f 3422//3360 3421//1960 3409//1040
f 3423//601 3422//3360 3410//1949
f 3424//3361 3423//601 3411//1042
f 3425//3362 3424//3361 3412//3351
f 3414//3353 3426//3363 3425//3362
f 3415//3356 3427//3371 3426//3363
f 3428//3364 2888//2836 2880//2829
f 3429//3365 3428//3364 3419//3358
f 3430//1033 3429//3365 3420//3359
f 3431//1970 3430//1033 3421//1960
f 3432//3366 3431//1970 3422//3360
f 3433//3367 3432//3366 3423//601
f 3434//3368 3433//3367 3424//3361
f 3435//3369 3434//3368 3425//3362
f 3436//3370 3435//3369 3426//3363
f 3437//3372 2896//2845 2888//2836
f 3438//1947 3437//3372 3428//3364
f 3439//1033 3438//1947 3429//3365
f 3440//619 3439//1033 3430//1033
f 3441//3373 3440//619 3431//1970
f 3442//3374 3441//3373 3432//3366
f 3443//3375 3442//3374 3433//3367
f 3444//3376 3443//3375 3434//3368
f 3445//3377 3444//3376 3435//3369
f 3446//1056 2904//2853 2896//2845
f 3447//2326 3446//1056 3437//3372
f 3448//1033 3447//2326 3438//1947
f 3449//3378 3448//1033 3439//1033
f 3450//3379 3449//3378 3440//619
f 3451//3380 3450//3379 3441//3373
f 3452//3381 3451//3380 3442//3374
f 3453//3382 3452//3381 3443//3375
f 3445//3377 3454//3767 3453//3382
f 3462//3383 3461//3393 2095//2049
f 3462//3383 3463//3386 3457//3384
f 3463//3386 3462//3383 2096//2048
f 3466//3387 3465//3409 2098//2481
f 3466//3387 3467//3390 3459//3388
f 3467//3390 3466//3387 2099//2480
f 3467//3390 3468//3392 3460//3391
f 3468//3392 3467//3390 2100//2483
f 3468//3392 2095//2049 3461//3393
f 2095//2049 3468//3392 2101//2485
f 3455//3394 2918//2978 2932//2878
f 3475//3396 3474//3403 3456//3385
f 3479//3397 3478//3411 3458//3389
f 3479//3397 3480//3400 3472//3398
f 3480//3400 3479//3397 3459//3388
f 3480//3400 3481//3402 3473//3401
f 3481//3402 3480//3400 3460//3391
f 3481//3402 3456//3385 3474//3403
f 3456//3385 3481//3402 3461//3393
f 3396//3404 3482//3407 3476//3405
f 3464//3406 3482//3407 3396//3404
f 3482//3407 3483//3410 3477//3408
f 3465//3409 3483//3410 3482//3407
f 3483//3410 3458//3389 3478//3411
f 3458//3389 3483//3410 3465//3409
f 3490//3412 3489//3423 3471//3399
f 3491//3413 3490//3412 3472//3398
f 3492//3414 3485//3417 3484//3415
f 3492//3414 3491//3413 3473//3401
f 3492//3414 3470//3418 3486//3416
f 3470//3418 3492//3414 3474//3403
f 3476//3405 3493//3434 3406//3357
f 3494//3419 3493//3434 3476//3405
f 3494//3419 3495//3422 3488//3420
f 3495//3422 3494//3419 3477//3408
f 3495//3422 3471//3399 3489//3423
f 3471//3399 3495//3422 3478//3411
f 3499//3424 3498//3430 3484//3415
f 3500//3425 3499//3424 3485//3417
f 3503//3426 3502//3435 3487//3421
f 3504//3427 3503//3426 3488//3420
f 3505//3428 3504//3427 3489//3423
f 3497//3429 3505//3428 3490//3412
f 3497//3429 3491//3413 3484//3415
f 3418//3431 3506//3433 3501//3432
f 3506//3433 3418//3431 3406//3357
f 3506//3433 3487//3421 3502//3435
f 3487//3421 3506//3433 3493//3434
f 3512//3436 3511//3448 3497//3429
f 3513//3437 3512//3436 3498//3430
f 3507//3438 3513//3437 3499//3424
f 3507//3438 3500//3425 3496//3439
f 3514//3441 3427//3371 3415//3356
f 3515//3442 3514//3441 3501//3432
f 3503//3426 3516//3445 3515//3442
f 3517//3443 3510//3447 3509//3444
f 3517//3443 3516//3445 3503//3426
f 3518//3446 3511//3448 3510//3447
f 3518//3446 3517//3443 3504//3427
f 3518//3446 3505//3428 3497//3429
f 3520//3449 3519//3453 3507//3438
f 3523//3450 3522//3457 3509//3444
f 3524//3451 3523//3450 3510//3447
f 3512//3436 3525//3463 3524//3451
f 3526//3452 3525//3463 3512//3436
f 3513//3437 3507//3438 3519//3453
f 3527//3454 3436//3370 3427//3371
f 3528//3455 3527//3454 3514//3441
f 3521//3456 3528//3455 3515//3442
f 3521//3456 3516//3445 3509//3444
f 3531//3458 3530//3465 3519//3453
f 3533//3459 3532//3468 3521//3456
f 3534//3460 3533//3459 3522//3457
f 3535//3461 3534//3460 3523//3450
f 3536//3462 3535//3461 3524//3451
f 3529//3464 3536//3462 3525//3463
f 3526//3452 3519//3453 3530//3465
f 3537//3466 3445//3377 3436//3370
f 3538//3467 3537//3466 3527//3454
f 3528//3455 3521//3456 3532//3468
f 3540//3469 3539//3475 3529//3464
f 3541//3470 3540//3469 3530//3465
f 3543//3471 3542//3478 3532//3468
f 3544//3472 3543//3471 3533//3459
f 3545//3473 3544//3472 3534//3460
f 3546//3474 3545//3473 3535//3461
f 3536//3462 3529//3464 3539//3475
f 3547//3476 3454//3767 3445//3377
f 3548//3477 3547//3476 3537//3466
f 3538//3467 3532//3468 3542//3478
f 3455//3394 3549//3479 3030//2980
f 2235//2184 1789//1762 3030//2980
f 3031//2981 2235//2184 3549//3479
f 3551//3481 3032//2982 3031//2981
f 3552//3482 3033//2983 3032//2982
f 3553//3483 3034//2984 3033//2983
f 3558//3484 3557//3490 2236//2186
f 3558//3484 3559//3487 3555//3485
f 3559//3487 3558//3484 2237//2189
f 3563//3488 3562//3495 2239//2194
f 3556//3489 3563//3488 2240//2193
f 3556//3489 2241//2187 2236//2186
f 3565//3491 3564//3496 2243//2198
f 3565//3491 3566//3494 3561//3492
f 3566//3494 3565//3491 2244//2197
f 3566//3494 2239//2194 3562//3495
f 2239//2194 3566//3494 2245//2200
f 3463//3386 2243//2198 3564//3496
f 2243//2198 3463//3386 2097//2053
f 3469//3395 2932//2878 3070//3018
f 3549//3479 3455//3394 3469//3395
f 3568//3498 3567//3497 3070//3018
f 3550//3480 3549//3479 3567//3497
f 3569//3499 3568//3498 3071//3019
f 3551//3481 3550//3480 3568//3498
f 3570//3500 3569//3499 3072//3020
f 3552//3482 3551//3481 3569//3499
f 3571//3501 3570//3500 3073//3021
f 3553//3483 3552//3482 3570//3500
f 3571//3501 3074//3022 3034//2984
f 3576//3502 3575//3506 3554//3486
f 3580//3503 3574//3507 3573//3504
f 3580//3503 3579//3505 3556//3489
f 3580//3503 3554//3486 3575//3506
f 3554//3486 3580//3503 3557//3490
f 3583//3508 3582//3515 3560//3493
f 3584//3509 3578//3512 3577//3510
f 3584//3509 3583//3508 3561//3492
f 3585//3511 3579//3505 3578//3512
f 3585//3511 3584//3509 3562//3495
f 3585//3511 3563//3488 3556//3489
f 3475//3396 3586//3514 3581//3513
f 3586//3514 3475//3396 3457//3384
f 3586//3514 3560//3493 3582//3515
f 3560//3493 3586//3514 3564//3496
f 3591//3516 3590//3522 3573//3504
f 3592//3517 3591//3516 3574//3507
f 3587//3518 3592//3517 3575//3506
f 3576//3502 3572//3593 3588//3519
f 3595//3520 3594//3526 3577//3510
f 3589//3521 3595//3520 3578//3512
f 3589//3521 3579//3505 3573//3504
f 3596//3523 3486//3416 3470//3418
f 3597//3524 3596//3523 3581//3513
f 3593//3525 3597//3524 3582//3515
f 3593//3525 3583//3508 3577//3510
f 3601//3527 3600//3531 3587//3518
f 3604//3528 3603//3534 3589//3521
f 3605//3529 3604//3528 3590//3522
f 3599//3530 3605//3529 3591//3516
f 3592//3517 3587//3518 3600//3531
f 3608//3532 3607//3538 3593//3525
f 3602//3533 3608//3532 3594//3526
f 3595//3520 3589//3521 3603//3534
f 3609//3535 3606//3537 3496//3439
f 3609//3535 3500//3425 3486//3416
f 3610//3536 3607//3538 3606//3537
f 3610//3536 3609//3535 3596//3523
f 3610//3536 3597//3524 3593//3525
f 3613//3539 3612//3545 3599//3530
f 3614//3540 3613//3539 3600//3531
f 3601//3527 3598//3600 3611//3541
f 3616//3542 3615//3548 3602//3533
f 3617//3543 3616//3542 3603//3534
f 3618//3544 3617//3543 3604//3528
f 3605//3529 3599//3530 3612//3545
f 3619//3546 3508//3440 3496//3439
f 3620//3547 3619//3546 3606//3537
f 3608//3532 3621//3549 3620//3547
f 3608//3532 3602//3533 3615//3548
f 3625//3550 3624//3556 3612//3545
f 3626//3551 3625//3550 3613//3539
f 3614//3540 3611//3541 3622//3552
f 3629//3553 3628//3560 3615//3548
f 3630//3554 3629//3553 3616//3542
f 3623//3555 3630//3554 3617//3543
f 3618//3544 3612//3545 3624//3556
f 3631//3557 3520//3449 3508//3440
f 3632//3558 3631//3557 3619//3546
f 3627//3559 3632//3558 3620//3547
f 3621//3549 3615//3548 3628//3560
f 3635//3561 3634//3568 3623//3555
f 3636//3562 3635//3561 3624//3556
f 3637//3563 3636//3562 3625//3550
f 3626//3551 3622//3552 3633//3564
f 3639//3565 3638//3571 3627//3559
f 3640//3566 3639//3565 3628//3560
f 3641//3567 3640//3566 3629//3553
f 3630//3554 3623//3555 3634//3568
f 3642//3569 3531//3458 3520//3449
f 3643//3570 3642//3569 3631//3557
f 3632//3558 3627//3559 3638//3571
f 3647//3572 3646//3579 3634//3568
f 3648//3573 3647//3572 3635//3561
f 3644//3574 3648//3573 3636//3562
f 3637//3563 3633//3564 3645//3575
f 3650//3576 3649//3582 3638//3571
f 3651//3577 3650//3576 3639//3565
f 3652//3578 3651//3577 3640//3566
f 3641//3567 3634//3568 3646//3579
f 3653//3580 3541//3470 3531//3458
f 3654//3581 3653//3580 3642//3569
f 3643//3570 3638//3571 3649//3582
f 3656//3583 2365//2316 1952//2317
f 3659//3584 3658//3587 2366//2320
f 3655//3585 3659//3584 2367//2323
f 3655//3585 2368//2318 2365//2316
f 3657//3586 3660//3589 2369//2325
f 3657//3586 2370//2321 2366//2320
f 3661//3588 3660//3589 3555//3485
f 3661//3588 3559//3487 2238//2188
f 3661//3588 2373//2324 2369//2325
f 3656//3583 3254//3215 3663//3590
f 3254//3215 3656//3583 3217//3166
f 3665//3591 3664//3594 3657//3586
f 3662//3592 3665//3591 3658//3587
f 3659//3584 3655//3585 3663//3590
f 3572//3593 3576//3502 3555//3485
f 3660//3589 3657//3586 3664//3594
f 3668//3595 3667//3598 3662//3592
f 3668//3595 3663//3590 3254//3215
f 3669//3596 3588//3519 3572//3593
f 3666//3597 3669//3596 3664//3594
f 3665//3591 3662//3592 3667//3598
f 3671//3599 3670//3601 3666//3597
f 3281//3260 3671//3599 3667//3598
f 3281//3260 3668//3595 3267//3214
f 3598//3600 3601//3527 3588//3519
f 3669//3596 3666//3597 3670//3601
f 3672//3602 3611//3541 3598//3600
f 3673//3603 3672//3602 3670//3601
f 3671//3599 3281//3260 3312//3275
f 3674//3604 3622//3552 3611//3541
f 3675//3605 3674//3604 3672//3602
f 3673//3603 3312//3275 3327//3289
f 3676//3606 3633//3564 3622//3552
f 3339//3322 3676//3606 3674//3604
f 3675//3605 3327//3289 3340//3320
f 3677//3607 3645//3575 3633//3564
f 3676//3606 3339//3322 3371//3321
f 3678//3608 3383//3331 2034//1986
f 3678//3608 3679//3609 3384//3341
f 2429//2372 3679//3609 3678//3608
f 3679//3609 3680//3610 3464//3406
f 2536//2488 3680//3610 3679//3609
f 3680//3610 2098//2481 3465//3409
f 2098//2481 3680//3610 2536//2488
f 2783//2733 2782//2732 3683//3611
f 2784//2734 2783//2733 3684//3612
f 3686//3614 2785//2735 2784//2734
f 2787//2737 2786//2736 3687//3615
f 2788//2738 2787//2737 3688//3616
f 2789//2739 2788//2738 3689//3617
f 2789//2739 3690//3618 3683//3611
f 3691//3619 3684//3612 3683//3611
f 3692//3620 3685//3613 3684//3612
f 2790//2741 2710//2740 3681//3621
f 2791//2742 2790//2741 3693//3622
f 3694//3623 3687//3615 2786//2736
f 3686//3614 3685//3613 3695//3624
f 3689//3617 3688//3616 3697//3626
f 3699//3628 3690//3618 3689//3617
f 3691//3619 3690//3618 3699//3628
f 3692//3620 3691//3619 3700//3629
f 3692//3620 3701//3630 3695//3624
f 3693//3622 3681//3621 3682//3631
f 3694//3623 3693//3622 3702//3632
f 3687//3615 3694//3623 3703//3633
f 3704//3634 3697//3626 3688//3616
f 3707//3635 3696//3625 3695//3624
f 3698//3627 3697//3626 3708//3637
f 3699//3628 3698//3627 3709//3638
f 3700//3629 3699//3628 3710//3639
f 3705//3641 3701//3630 3700//3629
f 3701//3630 3705//3641 3706//3636
f 3703//3633 3702//3632 3712//3642
f 3704//3634 3703//3633 3713//3643
f 3714//3644 3708//3637 3697//3626
f 2838//2787 2785//2735 3686//3614
f 2839//2788 2838//2787 3715//3645
f 2840//2789 2839//2788 3716//3646
f 2841//2793 2840//2789 3717//3647
f 2841//2793 3718//3648 3719//3649
f 3720//3650 2845//3293 2844//2794
f 3715//3645 3686//3614 3696//3625
f 3716//3646 3715//3645 3722//3651
f 3717//3647 3716//3646 3723//3652
f 3718//3648 3717//3647 3724//3653
f 3719//3649 3718//3648 3725//3654
f 3727//3656 3720//3650 3719//3649
f 3721//3657 3720//3650 3727//3656
f 3729//3659 3722//3651 3696//3625
f 3730//3660 3723//3652 3722//3651
f 3731//3661 3724//3653 3723//3652
f 3725//3654 3724//3653 3731//3661
f 3726//3655 3725//3654 3732//3662
f 3727//3656 3726//3655 3733//3663
f 3735//3665 3728//3658 3727//3656
f 3738//3666 2899//2846 2898//2847
f 3739//3668 2900//2848 2899//2846
f 2900//2848 3739//3668 3736//3669
f 2902//2851 2901//2850 3740//3670
f 2902//2851 3741//3671 3737//3667
f 3742//3672 3740//3670 2901//2850
f 3743//3673 3742//3672 2903//2852
f 3746//3674 3738//3666 3737//3667
f 3747//3676 3739//3668 3738//3666
f 3739//3668 3747//3676 3744//3677
f 3741//3671 3740//3670 3748//3678
f 3749//3679 3745//3675 3737//3667
f 3750//3680 3748//3678 3740//3670
f 3751//3681 3750//3680 3742//3672
f 3754//3682 3746//3674 3745//3675
f 3755//3684 3747//3676 3746//3674
f 3747//3676 3755//3684 3752//3685
f 3749//3679 3748//3678 3756//3686
f 3749//3679 3757//3687 3753//3683
f 3758//3688 3756//3686 3748//3678
f 3759//3689 3758//3688 3750//3680
f 2995//2939 2994//2940 3760//3690
f 2996//2941 2995//2939 3761//3691
f 3762//3692 3681//3621 2710//2740
f 2998//2942 2997//2943 3763//3693
f 2999//2944 2998//2942 3764//3694
f 3765//3695 3760//3690 2994//2940
f 3001//2945 3000//2946 3766//3696
f 3002//2947 3001//2945 3767//3697
f 3768//3698 3763//3693 2997//2943
f 3769//3699 3003//2948 2897//2849
f 3770//3700 3004//2949 3003//2948
f 3770//3700 3766//3696 3000//2946
f 3761//3691 3760//3690 3771//3701
f 3762//3692 3761//3691 3772//3702
f 3773//3703 3682//3631 3681//3621
f 3764//3694 3763//3693 3774//3704
f 3765//3695 3764//3694 3775//3705
f 3776//3706 3771//3701 3760//3690
f 3767//3697 3766//3696 3777//3707
f 3768//3698 3767//3697 3778//3708
f 3779//3709 3774//3704 3763//3693
f 3780//3710 3769//3699 3736//3669
f 3770//3700 3769//3699 3780//3710
f 3781//3711 3777//3707 3766//3696
f 3772//3702 3771//3701 3782//3712
f 3773//3703 3772//3702 3783//3713
f 3775//3705 3774//3704 3785//3715
f 3776//3706 3775//3705 3786//3716
f 3787//3717 3782//3712 3771//3701
f 3789//3718 3778//3708 3777//3707
f 3779//3709 3778//3708 3789//3718
f 3790//3720 3785//3715 3774//3704
f 3791//3721 3780//3710 3744//3677
f 3792//3722 3781//3711 3780//3710
f 3781//3711 3792//3722 3788//3719
f 3682//3631 3773//3703 3784//3714
f 3793//3723 3712//3642 3702//3632
f 2845//3293 3720//3650 3721//3657
f 3346//3299 3345//3294 2845//3293
f 3795//3725 3351//3300 3346//3299
f 3796//3726 3356//3305 3351//3300
f 3361//3310 3798//3728 3797//3727
f 3361//3310 3356//3305 3796//3726
f 3799//3729 3365//3314 3360//3309
f 3800//3730 3367//3316 3365//3314
f 3370//3319 3802//3732 3801//3731
f 3802//3732 3370//3319 3367//3316
f 3372//3323 3804//3734 3803//3733
f 3373//3324 3805//3735 3804//3734
f 3805//3735 3373//3324 3369//3318
f 3806//3736 3794//3724 3721//3657
f 3795//3725 3794//3724 3806//3736
f 3808//3738 3796//3726 3795//3725
f 3798//3728 3810//3740 3809//3739
f 3810//3740 3798//3728 3796//3726
f 3811//3741 3799//3729 3797//3727
f 3813//3742 3800//3730 3799//3729
f 3802//3732 3812//3744 3814//3743
f 3812//3744 3802//3732 3800//3730
f 3816//3745 3815//3760 3803//3733
f 3817//3746 3816//3745 3804//3734
f 3805//3735 3801//3731 3814//3743
f 3818//3747 3819//3748 3735//3665
f 3806//3736 3728//3658 3735//3665
f 3820//3749 3821//3750 3819//3748
f 3807//3737 3806//3736 3819//3748
f 3823//3751 3821//3750 3820//3749
f 3823//3751 3808//3738 3807//3737
f 3825//3753 3823//3751 3822//3752
f 3825//3753 3824//3754 3809//3739
f 3825//3753 3810//3740 3808//3738
f 3826//3755 3811//3741 3809//3739
f 3828//3756 3827//3757 3812//3744
f 3828//3756 3813//3742 3811//3741
f 3814//3743 3812//3744 3827//3757
f 3831//3759 3830//3842 3815//3760
f 3832//3761 3831//3759 3816//3745
f 3817//3746 3814//3743 3829//3758
f 3833//1035 3743//3673 2904//2853
f 3834//1055 3833//1035 3446//1056
f 3835//577 3834//1055 3447//2326
f 3836//1033 3835//577 3448//1033
f 3837//3762 3836//1033 3449//3378
f 3838//3763 3837//3762 3450//3379
f 3839//3764 3838//3763 3451//3380
f 3840//3765 3839//3764 3452//3381
f 3841//3766 3840//3765 3453//3382
f 3842//3768 3751//3681 3743//3673
f 3834//1055 3843//1045 3842//3768
f 3844//1048 3843//1045 3834//1055
f 3845//1049 3844//1048 3835//577
f 3846//3769 3845//1049 3836//1033
f 3847//3770 3846//3769 3837//3762
f 3848//3771 3847//3770 3838//3763
f 3849//3772 3848//3771 3839//3764
f 3850//3773 3849//3772 3840//3765
f 3851//3774 3759//3689 3751//3681
f 3843//1045 3852//3845 3851//3774
f 3853//1045 3852//3845 3843//1045
f 3845//1049 3854//1045 3853//1045
f 3846//3769 3855//3775 3854//1045
f 3847//3770 3856//3846 3855//3775
f 3857//3776 3856//3846 3847//3770
f 3849//3772 3858//3777 3857//3776
f 3850//3773 3859//3805 3858//3777
f 3861//3778 3860//3784 3539//3475
f 3862//3779 3861//3778 3540//3469
f 3865//3780 3864//3787 3542//3478
f 3866//3781 3865//3780 3543//3471
f 3867//3782 3866//3781 3544//3472
f 3868//3783 3867//3782 3545//3473
f 3546//3474 3539//3475 3860//3784
f 3869//3785 3841//3766 3454//3767
f 3863//3786 3869//3785 3547//3476
f 3548//3477 3542//3478 3864//3787
f 3871//3788 3870//3794 3860//3784
f 3862//3779 3872//3799 3871//3788
f 3874//3789 3873//3796 3863//3786
f 3875//3790 3874//3789 3864//3787
f 3876//3791 3875//3790 3865//3780
f 3877//3792 3876//3791 3866//3781
f 3878//3793 3877//3792 3867//3782
f 3868//3783 3860//3784 3870//3794
f 3879//3795 3850//3773 3841//3766
f 3869//3785 3863//3786 3873//3796
f 3871//3788 3881//3847 3880//3797
f 3882//3798 3881//3847 3871//3788
f 3874//3789 3884//3801 3883//3800
f 3875//3790 3885//3848 3884//3801
f 3886//3802 3885//3848 3875//3790
f 3887//3803 3886//3802 3876//3791
f 3878//3793 3888//3804 3887//3803
f 3888//3804 3878//3793 3870//3794
f 3879//3795 3889//3806 3859//3805
f 3889//3806 3879//3795 3873//3796
f 3891//3807 3890//3810 3644//3574
f 3893//3808 3892//3814 3646//3579
f 3894//3809 3893//3808 3647//3572
f 3648//3573 3644//3574 3890//3810
f 3896//3811 3895//3817 3649//3582
f 3897//3812 3896//3811 3650//3576
f 3898//3813 3897//3812 3651//3577
f 3652//3578 3646//3579 3892//3814
f 3899//3815 3862//3779 3541//3470
f 3900//3816 3899//3815 3653//3580
f 3654//3581 3649//3582 3895//3817
f 3902//3818 3901//3821 3890//3810
f 3904//3819 3903//3825 3892//3814
f 3905//3820 3904//3819 3893//3808
f 3894//3809 3890//3810 3901//3821
f 3908//3822 3907//3827 3895//3817
f 3909//3823 3908//3822 3896//3811
f 3910//3824 3909//3823 3897//3812
f 3898//3813 3892//3814 3903//3825
f 3899//3815 3911//3837 3872//3799
f 3906//3826 3911//3837 3899//3815
f 3900//3816 3895//3817 3907//3827
f 3902//3818 3913//3849 3912//3828
f 3904//3819 3915//3830 3914//3829
f 3905//3820 3916//3831 3915//3830
f 3916//3831 3905//3820 3901//3821
f 3918//3832 3917//3838 3906//3826
f 3919//3833 3918//3832 3907//3827
f 3920//3834 3919//3833 3908//3822
f 3921//3835 3920//3834 3909//3823
f 3910//3824 3903//3825 3914//3829
f 3922//3836 3882//3798 3872//3799
f 3911//3837 3906//3826 3917//3838
f 3923//3839 3891//3807 3645//3575
f 3677//3607 3371//3321 3803//3733
f 3924//3840 3902//3818 3891//3807
f 3923//3839 3803//3733 3815//3760
f 3925//3841 3913//3849 3902//3818
f 3925//3841 3924//3840 3815//3760
f 1773//1745 3026//2974 3027//2979
s 0
f 1308//3850 1351//3850 1309//3850
f 1062//3851 1054//3851 1063//3851
